09-07-2016 08:30:00,1635.0,3.67,3.67,3.67,3.67
09-07-2016 08:34:00,150.0,3.7146,3.7146,3.7146,3.7146
09-07-2016 08:37:00,100.0,3.7,3.7,3.7,3.7
09-07-2016 08:38:00,884.0,3.7,3.7,3.7,3.7
09-07-2016 08:46:00,1200.0,3.7,3.75,3.7,3.75
09-07-2016 08:53:00,220.0,3.732,3.732,3.732,3.732
09-07-2016 08:54:00,300.0,3.73,3.73,3.72,3.72
09-07-2016 08:55:00,200.0,3.71,3.71,3.71,3.71
09-07-2016 09:01:00,1198.0,3.71,3.71,3.71,3.71
09-07-2016 09:13:00,100.0,3.71,3.71,3.71,3.71
09-07-2016 09:21:00,100.0,3.74,3.74,3.74,3.74
09-07-2016 09:22:00,200.0,3.74,3.74,3.74,3.74
09-07-2016 09:26:00,100.0,3.75,3.75,3.75,3.75
09-07-2016 09:31:00,200.0,3.75,3.75,3.75,3.75
09-07-2016 09:47:00,100.0,3.77,3.77,3.77,3.77
09-07-2016 10:23:00,100.0,3.75,3.75,3.75,3.75
09-07-2016 10:42:00,200.0,3.73,3.73,3.73,3.73
09-07-2016 10:43:00,400.0,3.75,3.75,3.75,3.75
09-07-2016 10:44:00,100.0,3.73,3.73,3.73,3.73
09-07-2016 11:05:00,100.0,3.76,3.76,3.76,3.76
09-07-2016 11:11:00,200.0,3.77,3.77,3.77,3.77
09-07-2016 11:14:00,100.0,3.77,3.77,3.77,3.77
09-07-2016 11:52:00,100.0,3.73,3.73,3.73,3.73
09-07-2016 12:03:00,200.0,3.745,3.745,3.73,3.73
09-07-2016 12:22:00,800.0,3.735,3.735,3.72,3.72
09-07-2016 12:27:00,500.0,3.7204,3.7204,3.72,3.72
09-07-2016 12:28:00,312.0,3.72,3.72,3.71,3.71
09-07-2016 13:00:00,100.0,3.71,3.71,3.71,3.71
09-07-2016 13:13:00,100.0,3.71,3.71,3.71,3.71
09-07-2016 13:19:00,2500.0,3.71,3.71,3.7,3.7
09-07-2016 13:26:00,300.0,3.705,3.705,3.68,3.68
09-07-2016 13:29:00,200.0,3.67,3.67,3.67,3.67
09-07-2016 13:36:00,2700.0,3.65,3.66,3.63,3.63
09-07-2016 13:44:00,200.0,3.63,3.63,3.63,3.63
09-07-2016 13:45:00,100.0,3.64,3.64,3.64,3.64
09-07-2016 13:51:00,900.0,3.64,3.66,3.64,3.66
09-07-2016 13:52:00,300.0,3.67,3.67,3.67,3.67
09-07-2016 14:04:00,100.0,3.67,3.67,3.67,3.67
09-07-2016 14:08:00,100.0,3.66,3.66,3.66,3.66
09-07-2016 14:22:00,100.0,3.65,3.65,3.65,3.65
09-07-2016 14:27:00,2400.0,3.69,3.71,3.69,3.71
09-07-2016 14:28:00,700.0,3.71,3.72,3.71,3.72
09-07-2016 14:29:00,1084.0,3.74,3.74,3.67,3.72
09-07-2016 14:32:00,200.0,3.69,3.71,3.69,3.71
09-07-2016 14:33:00,200.0,3.7,3.7,3.7,3.7
09-07-2016 14:34:00,200.0,3.7,3.7,3.7,3.7
09-07-2016 14:37:00,100.0,3.71,3.71,3.71,3.71
09-07-2016 14:39:00,3700.0,3.7,3.7,3.67,3.67
09-07-2016 14:40:00,430.0,3.69,3.699,3.68,3.68
09-07-2016 14:46:00,100.0,3.69,3.69,3.69,3.69
09-07-2016 14:47:00,200.0,3.681,3.681,3.68,3.68
09-07-2016 14:51:00,500.0,3.69,3.7,3.68,3.7
09-07-2016 14:52:00,100.0,3.68,3.68,3.68,3.68
09-07-2016 14:54:00,100.0,3.68,3.68,3.68,3.68
09-07-2016 14:55:00,100.0,3.68,3.68,3.68,3.68
09-07-2016 14:57:00,406.0,3.69,3.69,3.685,3.69
09-07-2016 14:58:00,267.0,3.7,3.7,3.7,3.7
09-07-2016 14:59:00,300.0,3.7,3.7,3.69,3.69
09-07-2016 15:00:00,400.0,3.71,3.715,3.71,3.715
09-08-2016 08:30:00,302.0,3.72,3.72,3.72,3.72
09-08-2016 08:33:00,100.0,3.79,3.79,3.79,3.79
09-08-2016 08:36:00,100.0,3.73,3.73,3.73,3.73
09-08-2016 08:46:00,100.0,3.67,3.67,3.67,3.67
09-08-2016 08:50:00,4000.0,3.7,3.76,3.7,3.76
09-08-2016 08:53:00,100.0,3.74,3.74,3.74,3.74
09-08-2016 09:06:00,300.0,3.73,3.73,3.73,3.73
09-08-2016 09:31:00,100.0,3.7,3.7,3.7,3.7
09-08-2016 09:41:00,100.0,3.72,3.72,3.72,3.72
09-08-2016 09:49:00,100.0,3.72,3.72,3.72,3.72
09-08-2016 09:59:00,3500.0,3.72,3.73,3.71,3.71
09-08-2016 10:11:00,100.0,3.76,3.76,3.76,3.76
09-08-2016 10:14:00,13000.0,3.76,3.76,3.7,3.71
09-08-2016 10:16:00,400.0,3.71,3.71,3.71,3.71
09-08-2016 10:25:00,300.0,3.71,3.71,3.71,3.71
09-08-2016 10:31:00,200.0,3.7,3.7,3.7,3.7
09-08-2016 10:39:00,100.0,3.7,3.7,3.7,3.7
09-08-2016 10:42:00,100.0,3.7,3.7,3.7,3.7
09-08-2016 10:46:00,100.0,3.72,3.72,3.72,3.72
09-08-2016 10:51:00,200.0,3.71,3.72,3.71,3.72
09-08-2016 11:28:00,100.0,3.71,3.71,3.71,3.71
09-08-2016 11:54:00,100.0,3.74,3.74,3.74,3.74
09-08-2016 11:56:00,200.0,3.74,3.74,3.74,3.74
09-08-2016 12:01:00,400.0,3.74,3.75,3.74,3.75
09-08-2016 12:17:00,340.0,3.7245,3.7245,3.72,3.72
09-08-2016 12:19:00,600.0,3.74,3.74,3.73,3.73
09-08-2016 12:32:00,100.0,3.75,3.75,3.75,3.75
09-08-2016 12:48:00,300.0,3.73,3.73,3.73,3.73
09-08-2016 12:56:00,1400.0,3.72,3.72,3.72,3.72
09-08-2016 13:12:00,300.0,3.73,3.73,3.73,3.73
09-08-2016 13:24:00,4300.0,3.75,3.76,3.72,3.72
09-08-2016 13:26:00,300.0,3.74,3.74,3.73,3.73
09-08-2016 13:27:00,100.0,3.74,3.74,3.74,3.74
09-08-2016 13:41:00,200.0,3.75,3.75,3.75,3.75
09-08-2016 13:42:00,1075.0,3.75,3.76,3.75,3.76
09-08-2016 13:43:00,430.0,3.754,3.754,3.754,3.754
09-08-2016 13:50:00,700.0,3.76,3.76,3.76,3.76
09-08-2016 14:03:00,2100.0,3.75,3.75,3.75,3.75
09-08-2016 14:05:00,900.0,3.77,3.77,3.77,3.77
09-08-2016 14:10:00,4400.0,3.7601,3.7785,3.7601,3.77
09-08-2016 14:12:00,200.0,3.77,3.77,3.765,3.765
09-08-2016 14:16:00,100.0,3.76,3.76,3.76,3.76
09-08-2016 14:19:00,1400.0,3.75,3.76,3.75,3.75
09-08-2016 14:20:00,500.0,3.75,3.75,3.75,3.75
09-08-2016 14:29:00,200.0,3.74,3.74,3.74,3.74
09-08-2016 14:31:00,100.0,3.73,3.73,3.73,3.73
09-08-2016 14:37:00,100.0,3.73,3.73,3.73,3.73
09-08-2016 14:38:00,100.0,3.71,3.71,3.71,3.71
09-08-2016 14:39:00,300.0,3.7101,3.7101,3.71,3.71
09-08-2016 14:45:00,100.0,3.71,3.71,3.71,3.71
09-08-2016 14:51:00,100.0,3.71,3.71,3.71,3.71
09-08-2016 14:54:00,400.0,3.73,3.74,3.73,3.73
09-08-2016 14:57:00,100.0,3.74,3.74,3.74,3.74
09-08-2016 14:59:00,300.0,3.72,3.74,3.72,3.74
09-08-2016 15:00:00,400.0,3.73,3.745,3.73,3.745
09-09-2016 08:30:00,615.0,3.7,3.7,3.7,3.7
09-09-2016 08:37:00,500.0,3.7207,3.7207,3.7207,3.7207
09-09-2016 08:39:00,1100.0,3.73,3.76,3.73,3.76
09-09-2016 08:41:00,400.0,3.77,3.77,3.77,3.77
09-09-2016 08:51:00,2700.0,3.78,3.81,3.77,3.78
09-09-2016 08:52:00,200.0,3.77,3.77,3.77,3.77
09-09-2016 08:56:00,200.0,3.78,3.78,3.78,3.78
09-09-2016 08:57:00,1900.0,3.7712,3.7712,3.77,3.7702
09-09-2016 08:58:00,600.0,3.77,3.77,3.77,3.77
09-09-2016 08:59:00,200.0,3.77,3.78,3.77,3.78
09-09-2016 09:08:00,1000.0,3.79,3.79,3.79,3.79
09-09-2016 09:11:00,2000.0,3.782,3.782,3.78,3.78
09-09-2016 09:25:00,100.0,3.77,3.77,3.77,3.77
09-09-2016 09:33:00,200.0,3.8,3.8,3.8,3.8
09-09-2016 09:56:00,100.0,3.72,3.72,3.72,3.72
09-09-2016 10:08:00,100.0,3.72,3.72,3.72,3.72
09-09-2016 10:19:00,100.0,3.725,3.725,3.725,3.725
09-09-2016 10:30:00,700.0,3.71,3.71,3.71,3.71
09-09-2016 10:34:00,2233.0,3.7,3.7,3.7,3.7
09-09-2016 10:43:00,2991.0,3.7,3.7,3.7,3.7
09-09-2016 10:45:00,400.0,3.69,3.69,3.69,3.69
09-09-2016 10:50:00,400.0,3.6737,3.6737,3.6737,3.6737
09-09-2016 11:12:00,100.0,3.65,3.65,3.65,3.65
09-09-2016 11:18:00,200.0,3.65,3.65,3.65,3.65
09-09-2016 11:22:00,100.0,3.651,3.651,3.651,3.651
09-09-2016 11:48:00,200.0,3.67,3.67,3.67,3.67
09-09-2016 12:10:00,200.0,3.68,3.68,3.68,3.68
09-09-2016 12:28:00,2200.0,3.6574,3.68,3.65,3.68
09-09-2016 12:53:00,100.0,3.65,3.65,3.65,3.65
09-09-2016 13:04:00,200.0,3.68,3.68,3.68,3.68
09-09-2016 13:07:00,300.0,3.665,3.665,3.66,3.66
09-09-2016 13:09:00,1200.0,3.6528,3.66,3.65,3.65
09-09-2016 13:12:00,400.0,3.6572,3.67,3.65,3.65
09-09-2016 13:26:00,400.0,3.67,3.67,3.67,3.67
09-09-2016 13:32:00,100.0,3.68,3.68,3.68,3.68
09-09-2016 13:42:00,100.0,3.7,3.7,3.7,3.7
09-09-2016 13:55:00,100.0,3.67,3.67,3.67,3.67
09-09-2016 14:00:00,200.0,3.7,3.7,3.7,3.7
09-09-2016 14:09:00,8581.0,3.7,3.75,3.68,3.68
09-09-2016 14:11:00,1000.0,3.71,3.71,3.71,3.71
09-09-2016 14:13:00,100.0,3.71,3.71,3.71,3.71
09-09-2016 14:14:00,200.0,3.71,3.71,3.71,3.71
09-09-2016 14:16:00,100.0,3.71,3.71,3.71,3.71
09-09-2016 14:21:00,300.0,3.7077,3.7077,3.7,3.7
09-09-2016 14:30:00,100.0,3.7,3.7,3.7,3.7
09-09-2016 14:32:00,100.0,3.72,3.72,3.72,3.72
09-09-2016 14:38:00,168.0,3.73,3.73,3.73,3.73
09-09-2016 14:45:00,1500.0,3.72,3.76,3.72,3.74
09-09-2016 14:46:00,500.0,3.74,3.75,3.74,3.74
09-09-2016 14:54:00,500.0,3.6942,3.6942,3.6942,3.6942
09-09-2016 14:58:00,100.0,3.72,3.72,3.72,3.72
09-09-2016 14:59:00,1100.0,3.7,3.7,3.7,3.7
09-09-2016 15:00:00,284.0,3.66,3.66,3.66,3.66
09-12-2016 08:30:00,527.0,3.61,3.66,3.61,3.66
09-12-2016 08:31:00,4850.0,3.62,3.63,3.6,3.601
09-12-2016 08:33:00,2880.0,3.6198,3.6198,3.6,3.6
09-12-2016 08:34:00,2500.0,3.657,3.659,3.657,3.659
09-12-2016 08:35:00,100.0,3.64,3.64,3.64,3.64
09-12-2016 08:36:00,824.0,3.6599,3.6599,3.6599,3.6599
09-12-2016 08:37:00,100.0,3.65,3.65,3.65,3.65
09-12-2016 08:38:00,1000.0,3.66,3.72,3.66,3.66
09-12-2016 08:39:00,386.0,3.66,3.66,3.66,3.66
09-12-2016 08:40:00,200.0,3.64,3.64,3.64,3.64
09-12-2016 08:43:00,765.0,3.6397,3.6567,3.6397,3.6567
09-12-2016 08:48:00,400.0,3.65,3.65,3.64,3.64
09-12-2016 08:50:00,100.0,3.64,3.64,3.64,3.64
09-12-2016 08:55:00,600.0,3.6299,3.6299,3.6299,3.6299
09-12-2016 09:04:00,1100.0,3.6296,3.6296,3.6296,3.6296
09-12-2016 09:21:00,500.0,3.64,3.65,3.64,3.65
09-12-2016 09:22:00,463.0,3.66,3.66,3.66,3.66
09-12-2016 09:38:00,1400.0,3.66,3.66,3.6462,3.65
09-12-2016 09:39:00,100.0,3.65,3.65,3.65,3.65
09-12-2016 09:46:00,600.0,3.66,3.66,3.66,3.66
09-12-2016 09:57:00,400.0,3.657,3.657,3.657,3.657
09-12-2016 09:58:00,400.0,3.6537,3.6537,3.6537,3.6537
09-12-2016 10:01:00,100.0,3.66,3.66,3.66,3.66
09-12-2016 10:04:00,100.0,3.66,3.66,3.66,3.66
09-12-2016 10:05:00,100.0,3.66,3.66,3.66,3.66
09-12-2016 10:10:00,1983.0,3.66,3.69,3.66,3.66
09-12-2016 10:20:00,300.0,3.66,3.67,3.66,3.67
09-12-2016 10:21:00,100.0,3.67,3.67,3.67,3.67
09-12-2016 10:22:00,100.0,3.67,3.67,3.67,3.67
09-12-2016 10:24:00,100.0,3.67,3.67,3.67,3.67
09-12-2016 10:25:00,400.0,3.67,3.67,3.67,3.67
09-12-2016 10:44:00,4040.0,3.68,3.71,3.68,3.71
09-12-2016 10:54:00,200.0,3.72,3.72,3.72,3.72
09-12-2016 10:55:00,100.0,3.71,3.71,3.71,3.71
09-12-2016 11:04:00,200.0,3.75,3.75,3.75,3.75
09-12-2016 11:12:00,200.0,3.75,3.76,3.75,3.76
09-12-2016 11:27:00,300.0,3.735,3.735,3.735,3.735
09-12-2016 11:28:00,200.0,3.74,3.74,3.74,3.74
09-12-2016 11:33:00,200.0,3.74,3.74,3.74,3.74
09-12-2016 11:38:00,100.0,3.74,3.74,3.74,3.74
09-12-2016 11:51:00,5262.0,3.73,3.73,3.71,3.73
09-12-2016 12:00:00,100.0,3.72,3.72,3.72,3.72
09-12-2016 12:06:00,100.0,3.72,3.72,3.72,3.72
09-12-2016 12:08:00,100.0,3.72,3.72,3.72,3.72
09-12-2016 12:09:00,200.0,3.72,3.72,3.72,3.72
09-12-2016 12:10:00,2002.0,3.71,3.71,3.71,3.71
09-12-2016 12:22:00,200.0,3.74,3.74,3.7,3.7
09-12-2016 12:48:00,100.0,3.7,3.7,3.7,3.7
09-12-2016 13:06:00,400.0,3.7001,3.7001,3.7001,3.7001
09-12-2016 13:07:00,1600.0,3.7263,3.7263,3.72,3.72
09-12-2016 13:18:00,3000.0,3.74,3.74,3.74,3.74
09-12-2016 13:19:00,100.0,3.74,3.74,3.74,3.74
09-12-2016 13:29:00,1400.0,3.7454,3.7454,3.7454,3.7454
09-12-2016 13:30:00,200.0,3.75,3.75,3.75,3.75
09-12-2016 13:37:00,200.0,3.74,3.74,3.74,3.74
09-12-2016 13:50:00,4500.0,3.74,3.74,3.73,3.73
09-12-2016 13:58:00,100.0,3.72,3.72,3.72,3.72
09-12-2016 14:07:00,350.0,3.72,3.72,3.7128,3.7128
09-12-2016 14:08:00,4620.0,3.73,3.73,3.72,3.73
09-12-2016 14:12:00,100.0,3.72,3.72,3.72,3.72
09-12-2016 14:17:00,400.0,3.7101,3.73,3.7101,3.73
09-12-2016 14:18:00,100.0,3.72,3.72,3.72,3.72
09-12-2016 14:24:00,100.0,3.72,3.72,3.72,3.72
09-12-2016 14:25:00,100.0,3.73,3.73,3.73,3.73
09-12-2016 14:30:00,300.0,3.71,3.715,3.71,3.715
09-12-2016 14:31:00,700.0,3.71,3.73,3.71,3.73
09-12-2016 14:32:00,100.0,3.7171,3.7171,3.7171,3.7171
09-12-2016 14:35:00,900.0,3.71,3.71,3.7,3.7
09-12-2016 14:36:00,300.0,3.72,3.72,3.7178,3.7178
09-12-2016 14:43:00,100.0,3.7218,3.7218,3.7218,3.7218
09-12-2016 14:50:00,1300.0,3.72,3.73,3.72,3.7201
09-12-2016 14:51:00,100.0,3.74,3.74,3.74,3.74
09-12-2016 14:52:00,1000.0,3.74,3.74,3.7228,3.74
09-12-2016 14:54:00,300.0,3.7268,3.7268,3.7268,3.7268
09-12-2016 14:55:00,480.0,3.74,3.74,3.74,3.74
09-12-2016 14:56:00,100.0,3.73,3.73,3.73,3.73
09-12-2016 14:57:00,300.0,3.74,3.74,3.74,3.74
09-12-2016 15:00:00,2140.0,3.72,3.74,3.72,3.74
09-13-2016 08:30:00,705.0,3.7,3.7,3.7,3.7
09-13-2016 08:38:00,200.0,3.74,3.74,3.74,3.74
09-13-2016 08:46:00,200.0,3.71,3.71,3.71,3.71
09-13-2016 08:50:00,100.0,3.71,3.71,3.71,3.71
09-13-2016 08:53:00,200.0,3.71,3.72,3.71,3.72
09-13-2016 08:54:00,200.0,3.71,3.71,3.71,3.71
09-13-2016 08:56:00,1800.0,3.7,3.715,3.7,3.7
09-13-2016 08:58:00,200.0,3.69,3.6925,3.69,3.6925
09-13-2016 09:00:00,165.0,3.695,3.695,3.695,3.695
09-13-2016 09:01:00,121.0,3.695,3.695,3.695,3.695
09-13-2016 09:02:00,300.0,3.68,3.685,3.68,3.685
09-13-2016 09:03:00,100.0,3.6679,3.6679,3.6679,3.6679
09-13-2016 09:06:00,100.0,3.664,3.664,3.664,3.664
09-13-2016 09:30:00,100.0,3.64,3.64,3.64,3.64
09-13-2016 09:38:00,500.0,3.65,3.66,3.65,3.66
09-13-2016 09:44:00,1300.0,3.6699,3.6899,3.6699,3.6899
09-13-2016 09:51:00,100.0,3.68,3.68,3.68,3.68
09-13-2016 09:58:00,4820.0,3.6736,3.68,3.66,3.68
09-13-2016 09:59:00,200.0,3.67,3.67,3.67,3.67
09-13-2016 10:04:00,108.0,3.67,3.67,3.67,3.67
09-13-2016 10:13:00,100.0,3.66,3.66,3.66,3.66
09-13-2016 10:15:00,100.0,3.67,3.67,3.67,3.67
09-13-2016 10:29:00,600.0,3.66,3.66,3.66,3.66
09-13-2016 10:30:00,100.0,3.66,3.66,3.66,3.66
09-13-2016 10:47:00,3000.0,3.6303,3.6303,3.6303,3.6303
09-13-2016 10:48:00,10875.0,3.63,3.63,3.58,3.5999
09-13-2016 10:50:00,100.0,3.5736,3.5736,3.5736,3.5736
09-13-2016 10:52:00,600.0,3.59,3.6,3.59,3.6
09-13-2016 10:54:00,100.0,3.56,3.56,3.56,3.56
09-13-2016 10:58:00,100.0,3.58,3.58,3.58,3.58
09-13-2016 11:00:00,1300.0,3.5915,3.6,3.5915,3.6
09-13-2016 11:07:00,300.0,3.59,3.59,3.59,3.59
09-13-2016 11:08:00,700.0,3.619,3.619,3.619,3.619
09-13-2016 11:43:00,100.0,3.58,3.58,3.58,3.58
09-13-2016 11:44:00,200.0,3.58,3.59,3.58,3.59
09-13-2016 11:47:00,4400.0,3.6,3.61,3.58,3.58
09-13-2016 11:48:00,200.0,3.609,3.609,3.609,3.609
09-13-2016 11:53:00,700.0,3.6,3.61,3.6,3.61
09-13-2016 12:01:00,100.0,3.615,3.615,3.615,3.615
09-13-2016 12:17:00,200.0,3.62,3.62,3.62,3.62
09-13-2016 12:20:00,100.0,3.63,3.63,3.63,3.63
09-13-2016 12:22:00,200.0,3.63,3.63,3.63,3.63
09-13-2016 12:36:00,500.0,3.63,3.6399,3.63,3.6399
09-13-2016 12:37:00,100.0,3.63,3.63,3.63,3.63
09-13-2016 12:38:00,100.0,3.64,3.64,3.64,3.64
09-13-2016 12:49:00,100.0,3.62,3.62,3.62,3.62
09-13-2016 12:51:00,1105.0,3.6249,3.6249,3.6249,3.6249
09-13-2016 13:03:00,895.0,3.63,3.65,3.63,3.65
09-13-2016 13:30:00,200.0,3.65,3.65,3.63,3.63
09-13-2016 13:40:00,200.0,3.65,3.65,3.65,3.65
09-13-2016 13:50:00,400.0,3.65,3.65,3.65,3.65
09-13-2016 13:52:00,1038.0,3.6699,3.7,3.655,3.7
09-13-2016 13:55:00,1100.0,3.68,3.68,3.68,3.68
09-13-2016 14:00:00,1698.0,3.68,3.69,3.68,3.69
09-13-2016 14:01:00,3302.0,3.7,3.74,3.69,3.74
09-13-2016 14:03:00,2300.0,3.74,3.74,3.73,3.73
09-13-2016 14:04:00,200.0,3.74,3.74,3.74,3.74
09-13-2016 14:14:00,1100.0,3.722,3.74,3.722,3.74
09-13-2016 14:17:00,635.0,3.74,3.74,3.74,3.74
09-13-2016 14:22:00,4400.0,3.73,3.74,3.71,3.71
09-13-2016 14:32:00,500.0,3.72,3.72,3.71,3.71
09-13-2016 14:33:00,300.0,3.73,3.73,3.73,3.73
09-13-2016 14:34:00,600.0,3.71,3.7101,3.71,3.7101
09-13-2016 14:49:00,1700.0,3.72,3.72,3.71,3.71
09-13-2016 14:56:00,100.0,3.695,3.695,3.695,3.695
09-13-2016 14:57:00,200.0,3.71,3.71,3.695,3.695
09-13-2016 14:58:00,100.0,3.69,3.69,3.69,3.69
09-13-2016 15:00:00,594.0,3.69,3.7,3.68,3.7
09-14-2016 08:31:00,331.0,3.6,3.65,3.6,3.65
09-14-2016 08:36:00,1000.0,3.67,3.67,3.67,3.67
09-14-2016 08:37:00,4000.0,3.68,3.73,3.68,3.73
09-14-2016 08:54:00,3300.0,3.7235,3.7235,3.6904,3.6904
09-14-2016 08:57:00,200.0,3.73,3.73,3.73,3.73
09-14-2016 08:58:00,300.0,3.685,3.685,3.685,3.685
09-14-2016 09:08:00,240.0,3.73,3.73,3.73,3.73
09-14-2016 09:14:00,960.0,3.75,3.75,3.75,3.75
09-14-2016 09:15:00,3400.0,3.75,3.75,3.75,3.75
09-14-2016 09:16:00,110.0,3.75,3.75,3.75,3.75
09-14-2016 09:26:00,100.0,3.75,3.75,3.75,3.75
09-14-2016 09:28:00,400.0,3.75,3.75,3.7227,3.75
09-14-2016 09:29:00,500.0,3.7243,3.7243,3.7243,3.7243
09-14-2016 09:34:00,300.0,3.75,3.75,3.72,3.72
09-14-2016 09:37:00,300.0,3.75,3.75,3.75,3.75
09-14-2016 09:40:00,700.0,3.73,3.73,3.7,3.7
09-14-2016 09:41:00,4540.0,3.7,3.7,3.67,3.7
09-14-2016 09:42:00,100.0,3.71,3.71,3.71,3.71
09-14-2016 09:50:00,10080.0,3.72,3.73,3.61,3.73
09-14-2016 09:52:00,100.0,3.69,3.69,3.69,3.69
09-14-2016 09:53:00,100.0,3.68,3.68,3.68,3.68
09-14-2016 09:55:00,200.0,3.68,3.69,3.68,3.69
09-14-2016 09:56:00,100.0,3.69,3.69,3.69,3.69
09-14-2016 10:13:00,100.0,3.65,3.65,3.65,3.65
09-14-2016 10:16:00,100.0,3.67,3.67,3.67,3.67
09-14-2016 10:26:00,100.0,3.66,3.66,3.66,3.66
09-14-2016 10:29:00,100.0,3.67,3.67,3.67,3.67
09-14-2016 10:30:00,100.0,3.66,3.66,3.66,3.66
09-14-2016 10:35:00,100.0,3.68,3.68,3.68,3.68
09-14-2016 10:44:00,100.0,3.66,3.66,3.66,3.66
09-14-2016 10:53:00,200.0,3.67,3.7,3.67,3.7
09-14-2016 10:57:00,300.0,3.67,3.67,3.67,3.67
09-14-2016 10:58:00,200.0,3.6601,3.6601,3.6601,3.6601
09-14-2016 11:07:00,100.0,3.68,3.68,3.68,3.68
09-14-2016 11:15:00,1020.0,3.6848,3.6848,3.67,3.67
09-14-2016 11:21:00,200.0,3.699,3.699,3.699,3.699
09-14-2016 11:26:00,100.0,3.6729,3.6729,3.6729,3.6729
09-14-2016 11:29:00,100.0,3.67,3.67,3.67,3.67
09-14-2016 12:02:00,8800.0,3.7,3.71,3.69,3.71
09-14-2016 12:21:00,2150.0,3.73,3.73,3.73,3.73
09-14-2016 12:27:00,500.0,3.7101,3.7101,3.71,3.71
09-14-2016 12:38:00,100.0,3.72,3.72,3.72,3.72
09-14-2016 12:49:00,100.0,3.72,3.72,3.72,3.72
09-14-2016 12:51:00,400.0,3.73,3.73,3.73,3.73
09-14-2016 13:01:00,1000.0,3.7336,3.7336,3.7336,3.7336
09-14-2016 13:17:00,200.0,3.73,3.73,3.725,3.725
09-14-2016 13:20:00,1100.0,3.735,3.735,3.725,3.73
09-14-2016 13:21:00,1900.0,3.73,3.74,3.73,3.74
09-14-2016 13:43:00,10300.0,3.7424,3.75,3.73,3.73
09-14-2016 13:49:00,400.0,3.75,3.75,3.74,3.74
09-14-2016 13:52:00,500.0,3.75,3.75,3.735,3.735
09-14-2016 13:56:00,100.0,3.74,3.74,3.74,3.74
09-14-2016 14:01:00,100.0,3.74,3.74,3.74,3.74
09-14-2016 14:12:00,100.0,3.74,3.74,3.74,3.74
09-14-2016 14:18:00,600.0,3.7301,3.74,3.7301,3.74
09-14-2016 14:20:00,100.0,3.73,3.73,3.73,3.73
09-14-2016 14:22:00,100.0,3.74,3.74,3.74,3.74
09-14-2016 14:23:00,100.0,3.73,3.73,3.73,3.73
09-14-2016 14:34:00,100.0,3.71,3.71,3.71,3.71
09-14-2016 14:40:00,100.0,3.7001,3.7001,3.7001,3.7001
09-14-2016 14:42:00,100.0,3.72,3.72,3.72,3.72
09-14-2016 14:50:00,100.0,3.7,3.7,3.7,3.7
09-14-2016 14:51:00,13227.0,3.74,3.79,3.7,3.78
09-14-2016 14:54:00,1290.0,3.76,3.8,3.76,3.8
09-14-2016 14:57:00,200.0,3.76,3.78,3.76,3.78
09-14-2016 14:59:00,100.0,3.77,3.77,3.77,3.77
09-14-2016 15:00:00,200.0,3.76,3.76,3.75,3.75
09-15-2016 08:30:00,500.0,3.76,3.76,3.76,3.76
09-15-2016 08:31:00,200.0,3.76,3.77,3.76,3.77
09-15-2016 08:32:00,500.0,3.761,3.761,3.761,3.761
09-15-2016 08:38:00,2600.0,3.76,3.76,3.75,3.75
09-15-2016 08:42:00,200.0,3.75,3.75,3.75,3.75
09-15-2016 08:46:00,100.0,3.72,3.72,3.72,3.72
09-15-2016 08:49:00,100.0,3.74,3.74,3.74,3.74
09-15-2016 09:06:00,4300.0,3.75,3.78,3.74,3.74
09-15-2016 09:14:00,500.0,3.767,3.767,3.767,3.767
09-15-2016 09:17:00,300.0,3.79,3.79,3.76,3.79
09-15-2016 09:29:00,100.0,3.76,3.76,3.76,3.76
09-15-2016 09:31:00,1149.0,3.79,3.79,3.78,3.79
09-15-2016 09:36:00,849.0,3.79,3.79,3.79,3.79
09-15-2016 09:41:00,900.0,3.79,3.79,3.78,3.78
09-15-2016 09:46:00,849.0,3.79,3.79,3.79,3.79
09-15-2016 09:50:00,100.0,3.77,3.77,3.77,3.77
09-15-2016 09:51:00,3500.0,3.79,3.8,3.76,3.78
09-15-2016 10:01:00,1249.0,3.8,3.8,3.8,3.8
09-15-2016 10:04:00,300.0,3.8,3.8,3.8,3.8
09-15-2016 10:05:00,100.0,3.8,3.8,3.8,3.8
09-15-2016 10:06:00,1049.0,3.8,3.8,3.79,3.79
09-15-2016 10:24:00,100.0,3.785,3.785,3.785,3.785
09-15-2016 10:25:00,4300.0,3.8,3.8,3.77,3.77
09-15-2016 10:27:00,100.0,3.8,3.8,3.8,3.8
09-15-2016 10:28:00,400.0,3.8,3.8,3.8,3.8
09-15-2016 10:29:00,200.0,3.8,3.8,3.8,3.8
09-15-2016 10:34:00,2800.0,3.8,3.8,3.7999,3.7999
09-15-2016 10:35:00,600.0,3.79,3.8,3.79,3.8
09-15-2016 10:39:00,1500.0,3.7938,3.7938,3.7938,3.7938
09-15-2016 10:41:00,200.0,3.7941,3.7941,3.79,3.79
09-15-2016 10:44:00,400.0,3.79,3.79,3.79,3.79
09-15-2016 10:52:00,100.0,3.77,3.77,3.77,3.77
09-15-2016 10:58:00,1700.0,3.7703,3.7703,3.77,3.7701
09-15-2016 11:03:00,100.0,3.74,3.74,3.74,3.74
09-15-2016 11:44:00,100.0,3.74,3.74,3.74,3.74
09-15-2016 11:45:00,300.0,3.7544,3.7544,3.74,3.74
09-15-2016 11:46:00,100.0,3.74,3.74,3.74,3.74
09-15-2016 11:50:00,200.0,3.74,3.74,3.74,3.74
09-15-2016 11:59:00,100.0,3.75,3.75,3.75,3.75
09-15-2016 12:15:00,2300.0,3.755,3.77,3.752,3.76
09-15-2016 12:19:00,500.0,3.77,3.77,3.77,3.77
09-15-2016 12:32:00,200.0,3.8,3.8,3.8,3.8
09-15-2016 12:34:00,100.0,3.8,3.8,3.8,3.8
09-15-2016 12:35:00,200.0,3.8,3.8,3.8,3.8
09-15-2016 12:36:00,400.0,3.8,3.8,3.8,3.8
09-15-2016 12:43:00,700.0,3.8,3.8,3.8,3.8
09-15-2016 12:49:00,200.0,3.8,3.8,3.79,3.79
09-15-2016 12:51:00,300.0,3.8,3.8,3.8,3.8
09-15-2016 12:57:00,100.0,3.8,3.8,3.8,3.8
09-15-2016 13:12:00,100.0,3.78,3.78,3.78,3.78
09-15-2016 13:43:00,200.0,3.8,3.8,3.8,3.8
09-15-2016 13:49:00,2145.0,3.7824,3.7916,3.781,3.781
09-15-2016 13:50:00,1620.0,3.799,3.8,3.79,3.8
09-15-2016 13:51:00,500.0,3.8,3.8,3.8,3.8
09-15-2016 13:52:00,100.0,3.8,3.8,3.8,3.8
09-15-2016 14:09:00,100.0,3.78,3.78,3.78,3.78
09-15-2016 14:10:00,100.0,3.79,3.79,3.79,3.79
09-15-2016 14:17:00,792.0,3.782,3.782,3.782,3.782
09-15-2016 14:18:00,200.0,3.8,3.8,3.8,3.8
09-15-2016 14:19:00,100.0,3.78,3.78,3.78,3.78
09-15-2016 14:21:00,1800.0,3.79,3.79,3.7601,3.78
09-15-2016 14:22:00,100.0,3.7601,3.7601,3.7601,3.7601
09-15-2016 14:24:00,300.0,3.78,3.78,3.78,3.78
09-15-2016 14:34:00,100.0,3.77,3.77,3.77,3.77
09-15-2016 14:35:00,100.0,3.77,3.77,3.77,3.77
09-15-2016 14:36:00,300.0,3.77,3.78,3.77,3.78
09-15-2016 14:39:00,100.0,3.77,3.77,3.77,3.77
09-15-2016 14:46:00,695.0,3.77,3.77,3.77,3.77
09-15-2016 14:48:00,100.0,3.77,3.77,3.77,3.77
09-15-2016 14:49:00,100.0,3.76,3.76,3.76,3.76
09-15-2016 14:50:00,300.0,3.775,3.79,3.77,3.79
09-15-2016 14:57:00,100.0,3.775,3.775,3.775,3.775
09-15-2016 14:59:00,342.0,3.78,3.79,3.78,3.79
09-15-2016 15:00:00,200.0,3.775,3.79,3.775,3.79
09-16-2016 08:30:00,635.0,3.76,3.76,3.76,3.76
09-16-2016 08:36:00,100.0,3.76,3.76,3.76,3.76
09-16-2016 08:37:00,100.0,3.77,3.77,3.77,3.77
09-16-2016 08:46:00,2828.0,3.83,3.83,3.77,3.77
09-16-2016 08:47:00,100.0,3.75,3.75,3.75,3.75
09-16-2016 08:58:00,200.0,3.75,3.75,3.73,3.73
09-16-2016 09:00:00,200.0,3.7459,3.7459,3.73,3.73
09-16-2016 09:05:00,2600.0,3.72,3.72,3.71,3.71
09-16-2016 09:06:00,500.0,3.71,3.71,3.69,3.69
09-16-2016 09:10:00,200.0,3.66,3.67,3.66,3.67
09-16-2016 09:11:00,5000.0,3.67,3.75,3.67,3.67
09-16-2016 09:19:00,1100.0,3.723,3.723,3.66,3.66
09-16-2016 09:23:00,750.0,3.729,3.729,3.66,3.66
09-16-2016 09:24:00,700.0,3.7299,3.7299,3.67,3.67
09-16-2016 09:26:00,200.0,3.65,3.66,3.65,3.66
09-16-2016 09:28:00,2100.0,3.6919,3.6919,3.66,3.66
09-16-2016 09:35:00,500.0,3.72,3.73,3.72,3.73
09-16-2016 09:48:00,500.0,3.74,3.74,3.74,3.74
09-16-2016 09:52:00,4400.0,3.73,3.7311,3.711,3.7305
09-16-2016 09:57:00,1500.0,3.7201,3.7201,3.7201,3.7201
09-16-2016 10:07:00,200.0,3.742,3.742,3.742,3.742
09-16-2016 10:08:00,100.0,3.73,3.73,3.73,3.73
09-16-2016 10:09:00,200.0,3.75,3.76,3.75,3.76
09-16-2016 10:11:00,400.0,3.73,3.7448,3.73,3.7448
09-16-2016 10:14:00,1000.0,3.7201,3.7201,3.7201,3.7201
09-16-2016 10:15:00,102.0,3.756,3.756,3.756,3.756
09-16-2016 10:19:00,100.0,3.73,3.73,3.73,3.73
09-16-2016 10:28:00,100.0,3.73,3.73,3.73,3.73
09-16-2016 10:39:00,400.0,3.73,3.7301,3.73,3.7301
09-16-2016 10:45:00,100.0,3.73,3.73,3.73,3.73
09-16-2016 11:17:00,1000.0,3.73,3.7405,3.73,3.7405
09-16-2016 11:21:00,200.0,3.75,3.75,3.74,3.74
09-16-2016 11:49:00,100.0,3.73,3.73,3.73,3.73
09-16-2016 11:56:00,200.0,3.76,3.76,3.76,3.76
09-16-2016 12:11:00,100.0,3.77,3.77,3.77,3.77
09-16-2016 12:13:00,200.0,3.77,3.77,3.77,3.77
09-16-2016 12:25:00,1900.0,3.731,3.758,3.731,3.758
09-16-2016 12:42:00,100.0,3.72,3.72,3.72,3.72
09-16-2016 12:52:00,200.0,3.75,3.75,3.72,3.72
09-16-2016 13:06:00,200.0,3.75,3.75,3.75,3.75
09-16-2016 13:07:00,100.0,3.76,3.76,3.76,3.76
09-16-2016 13:21:00,200.0,3.77,3.77,3.77,3.77
09-16-2016 13:26:00,236.0,3.77,3.77,3.77,3.77
09-16-2016 13:43:00,600.0,3.77,3.77,3.77,3.77
09-16-2016 13:52:00,700.0,3.77,3.77,3.77,3.77
09-16-2016 13:54:00,2243.0,3.77,3.78,3.77,3.78
09-16-2016 14:03:00,100.0,3.77,3.77,3.77,3.77
09-16-2016 14:12:00,100.0,3.77,3.77,3.77,3.77
09-16-2016 14:15:00,100.0,3.78,3.78,3.78,3.78
09-16-2016 14:16:00,200.0,3.79,3.79,3.79,3.79
09-16-2016 14:20:00,200.0,3.79,3.79,3.79,3.79
09-16-2016 14:21:00,100.0,3.79,3.79,3.79,3.79
09-16-2016 14:23:00,300.0,3.79,3.79,3.79,3.79
09-16-2016 14:29:00,4100.0,3.7825,3.79,3.7825,3.7899
09-16-2016 14:31:00,6500.0,3.7833,3.8,3.7833,3.79
09-16-2016 14:42:00,100.0,3.79,3.79,3.79,3.79
09-16-2016 14:44:00,100.0,3.79,3.79,3.79,3.79
09-16-2016 14:46:00,400.0,3.79,3.79,3.781,3.781
09-16-2016 14:50:00,300.0,3.8,3.8,3.8,3.8
09-16-2016 14:51:00,700.0,3.78,3.79,3.78,3.79
09-16-2016 14:53:00,300.0,3.78,3.79,3.78,3.79
09-16-2016 14:54:00,100.0,3.7898,3.7898,3.7898,3.7898
09-16-2016 14:56:00,100.0,3.78,3.78,3.78,3.78
09-16-2016 14:57:00,300.0,3.79,3.79,3.79,3.79
09-16-2016 14:58:00,200.0,3.7899,3.7899,3.7899,3.7899
09-16-2016 15:00:00,1767.0,3.78,3.8,3.78,3.78
09-19-2016 08:30:00,405.0,3.78,3.78,3.78,3.78
09-19-2016 08:40:00,1000.0,3.7772,3.7772,3.7772,3.7772
09-19-2016 08:44:00,17300.0,3.77,3.78,3.77,3.78
09-19-2016 08:46:00,100.0,3.77,3.77,3.77,3.77
09-19-2016 08:51:00,600.0,3.77,3.78,3.77,3.77
09-19-2016 08:52:00,500.0,3.8,3.8,3.8,3.8
09-19-2016 08:53:00,100.0,3.79,3.79,3.79,3.79
09-19-2016 08:56:00,100.0,3.8,3.8,3.8,3.8
09-19-2016 08:57:00,1900.0,3.8,3.8,3.79,3.8
09-19-2016 09:10:00,100.0,3.76,3.76,3.76,3.76
09-19-2016 09:12:00,100.0,3.76,3.76,3.76,3.76
09-19-2016 09:17:00,200.0,3.8,3.8,3.79,3.79
09-19-2016 09:18:00,700.0,3.8,3.8,3.8,3.8
09-19-2016 09:21:00,300.0,3.8,3.8,3.79,3.79
09-19-2016 09:34:00,300.0,3.8,3.8,3.79,3.79
09-19-2016 09:35:00,4300.0,3.8,3.8,3.8,3.8
09-19-2016 09:36:00,100.0,3.79,3.79,3.79,3.79
09-19-2016 09:38:00,100.0,3.8,3.8,3.8,3.8
09-19-2016 09:39:00,400.0,3.8,3.8,3.8,3.8
09-19-2016 09:40:00,700.0,3.8,3.8,3.795,3.795
09-19-2016 09:41:00,200.0,3.8,3.8,3.8,3.8
09-19-2016 09:43:00,100.0,3.8,3.8,3.8,3.8
09-19-2016 09:57:00,1000.0,3.7972,3.7972,3.7972,3.7972
09-19-2016 10:03:00,100.0,3.78,3.78,3.78,3.78
09-19-2016 10:04:00,100.0,3.79,3.79,3.79,3.79
09-19-2016 10:09:00,502.0,3.8,3.8,3.7901,3.7901
09-19-2016 10:11:00,100.0,3.8,3.8,3.8,3.8
09-19-2016 10:15:00,2600.0,3.8,3.8,3.8,3.8
09-19-2016 10:17:00,400.0,3.8,3.8,3.8,3.8
09-19-2016 10:18:00,2400.0,3.7971,3.7971,3.7971,3.7971
09-19-2016 10:21:00,400.0,3.8,3.8,3.8,3.8
09-19-2016 10:22:00,300.0,3.8,3.8,3.8,3.8
09-19-2016 10:23:00,400.0,3.8,3.8,3.8,3.8
09-19-2016 10:24:00,500.0,3.8,3.8,3.8,3.8
09-19-2016 10:35:00,400.0,3.8,3.8,3.8,3.8
09-19-2016 10:40:00,300.0,3.79,3.79,3.79,3.79
09-19-2016 10:42:00,100.0,3.8,3.8,3.8,3.8
09-19-2016 10:44:00,500.0,3.792,3.792,3.792,3.792
09-19-2016 10:51:00,500.0,3.7801,3.7801,3.7801,3.7801
09-19-2016 10:53:00,100.0,3.78,3.78,3.78,3.78
09-19-2016 11:11:00,100.0,3.78,3.78,3.78,3.78
09-19-2016 11:17:00,200.0,3.78,3.78,3.78,3.78
09-19-2016 11:25:00,100.0,3.78,3.78,3.78,3.78
09-19-2016 11:27:00,100.0,3.78,3.78,3.78,3.78
09-19-2016 11:32:00,100.0,3.78,3.78,3.78,3.78
09-19-2016 11:42:00,562.0,3.78,3.78,3.78,3.78
09-19-2016 11:43:00,500.0,3.77,3.78,3.77,3.7701
09-19-2016 11:53:00,100.0,3.78,3.78,3.78,3.78
09-19-2016 12:04:00,8000.0,3.7686,3.7755,3.7686,3.7755
09-19-2016 12:05:00,300.0,3.78,3.79,3.78,3.79
09-19-2016 12:21:00,300.0,3.78,3.78,3.76,3.76
09-19-2016 12:35:00,100.0,3.77,3.77,3.77,3.77
09-19-2016 12:36:00,100.0,3.77,3.77,3.77,3.77
09-19-2016 12:38:00,100.0,3.75,3.75,3.75,3.75
09-19-2016 12:49:00,100.0,3.74,3.74,3.74,3.74
09-19-2016 12:55:00,100.0,3.75,3.75,3.75,3.75
09-19-2016 13:03:00,100.0,3.78,3.78,3.78,3.78
09-19-2016 13:04:00,100.0,3.7601,3.7601,3.7601,3.7601
09-19-2016 13:13:00,200.0,3.7753,3.7753,3.7753,3.7753
09-19-2016 13:15:00,2971.0,3.76,3.76,3.74,3.74
09-19-2016 13:33:00,200.0,3.74,3.74,3.74,3.74
09-19-2016 13:35:00,100.0,3.77,3.77,3.77,3.77
09-19-2016 13:48:00,200.0,3.76,3.76,3.76,3.76
09-19-2016 13:51:00,100.0,3.75,3.75,3.75,3.75
09-19-2016 14:07:00,100.0,3.74,3.74,3.74,3.74
09-19-2016 14:19:00,100.0,3.74,3.74,3.74,3.74
09-19-2016 14:34:00,1252.0,3.74,3.74,3.74,3.74
09-19-2016 14:36:00,200.0,3.75,3.75,3.75,3.75
09-19-2016 14:37:00,1100.0,3.74,3.74,3.73,3.73
09-19-2016 14:40:00,100.0,3.74,3.74,3.74,3.74
09-19-2016 14:44:00,100.0,3.73,3.73,3.73,3.73
09-19-2016 14:50:00,200.0,3.74,3.74,3.74,3.74
09-19-2016 14:51:00,100.0,3.73,3.73,3.73,3.73
09-19-2016 14:54:00,100.0,3.73,3.73,3.73,3.73
09-19-2016 14:55:00,1000.0,3.74,3.74,3.74,3.74
09-19-2016 14:56:00,500.0,3.7499,3.7499,3.7499,3.7499
09-19-2016 14:57:00,100.0,3.73,3.73,3.73,3.73
09-19-2016 14:59:00,100.0,3.73,3.73,3.73,3.73
09-19-2016 15:00:00,2761.0,3.73,3.75,3.73,3.73
09-20-2016 08:30:00,5297.0,3.72,3.73,3.72,3.73
09-20-2016 08:37:00,400.0,3.71,3.72,3.7,3.72
09-20-2016 08:41:00,300.0,3.72,3.72,3.72,3.72
09-20-2016 09:14:00,4600.0,3.7748,3.7748,3.77,3.77
09-20-2016 09:15:00,10900.0,3.78,3.78,3.77,3.7748
09-20-2016 09:19:00,4851.0,3.78,3.78,3.7799,3.78
09-20-2016 09:42:00,3300.0,3.76,3.77,3.745,3.75
09-20-2016 09:53:00,100.0,3.75,3.75,3.75,3.75
09-20-2016 09:59:00,212.0,3.76,3.76,3.75,3.75
09-20-2016 10:01:00,100.0,3.75,3.75,3.75,3.75
09-20-2016 10:02:00,100.0,3.7531,3.7531,3.7531,3.7531
09-20-2016 10:12:00,250.0,3.76,3.76,3.75,3.75
09-20-2016 10:14:00,100.0,3.76,3.76,3.76,3.76
09-20-2016 10:15:00,600.0,3.76,3.76,3.76,3.76
09-20-2016 10:21:00,400.0,3.7597,3.78,3.7597,3.78
09-20-2016 10:22:00,100.0,3.78,3.78,3.78,3.78
09-20-2016 10:34:00,650.0,3.762,3.762,3.762,3.762
09-20-2016 10:35:00,5324.0,3.78,3.8,3.7665,3.8
09-20-2016 10:38:00,100.0,3.8,3.8,3.8,3.8
09-20-2016 10:46:00,100.0,3.8,3.8,3.8,3.8
09-20-2016 10:51:00,400.0,3.8,3.8,3.8,3.8
09-20-2016 10:52:00,100.0,3.8,3.8,3.8,3.8
09-20-2016 11:07:00,200.0,3.8,3.8,3.8,3.8
09-20-2016 11:09:00,100.0,3.8,3.8,3.8,3.8
09-20-2016 11:10:00,100.0,3.8,3.8,3.8,3.8
09-20-2016 11:11:00,2200.0,3.7801,3.79,3.7801,3.79
09-20-2016 11:12:00,1000.0,3.79,3.79,3.79,3.79
09-20-2016 11:15:00,1000.0,3.8,3.8,3.7999,3.7999
09-20-2016 11:17:00,300.0,3.79,3.8,3.79,3.8
09-20-2016 11:22:00,100.0,3.8,3.8,3.8,3.8
09-20-2016 11:23:00,100.0,3.8,3.8,3.8,3.8
09-20-2016 11:37:00,100.0,3.79,3.79,3.79,3.79
09-20-2016 12:01:00,100.0,3.79,3.79,3.79,3.79
09-20-2016 12:02:00,100.0,3.8,3.8,3.8,3.8
09-20-2016 12:24:00,17465.0,3.8,3.8,3.79,3.8
09-20-2016 12:25:00,100.0,3.8,3.8,3.8,3.8
09-20-2016 12:37:00,100.0,3.8,3.8,3.8,3.8
09-20-2016 12:41:00,5500.0,3.8,3.8,3.7999,3.8
09-20-2016 12:43:00,6143.0,3.8,3.81,3.7999,3.8
09-20-2016 12:58:00,100.0,3.805,3.805,3.805,3.805
09-20-2016 13:06:00,100.0,3.8,3.8,3.8,3.8
09-20-2016 13:14:00,100.0,3.8,3.8,3.8,3.8
09-20-2016 13:35:00,300.0,3.7921,3.7921,3.7921,3.7921
09-20-2016 13:38:00,6250.0,3.8015,3.8185,3.8,3.8185
09-20-2016 13:44:00,800.0,3.82,3.82,3.82,3.82
09-20-2016 14:12:00,700.0,3.83,3.83,3.8201,3.8201
09-20-2016 14:33:00,2600.0,3.8396,3.8396,3.8396,3.8396
09-20-2016 14:40:00,1000.0,3.82,3.82,3.82,3.82
09-20-2016 14:42:00,100.0,3.83,3.83,3.83,3.83
09-20-2016 14:43:00,100.0,3.82,3.82,3.82,3.82
09-20-2016 14:47:00,6061.0,3.82,3.8299,3.813,3.813
09-20-2016 14:48:00,600.0,3.8299,3.83,3.8299,3.83
09-20-2016 14:50:00,100.0,3.81,3.81,3.81,3.81
09-20-2016 14:53:00,100.0,3.81,3.81,3.81,3.81
09-20-2016 14:55:00,1110.0,3.8101,3.8101,3.8101,3.8101
09-20-2016 14:56:00,100.0,3.83,3.83,3.83,3.83
09-20-2016 14:59:00,100.0,3.84,3.84,3.84,3.84
09-20-2016 15:00:00,300.0,3.83,3.84,3.8105,3.84
09-21-2016 08:30:00,1562.0,3.85,3.85,3.85,3.85
09-21-2016 08:31:00,100.0,3.83,3.83,3.83,3.83
09-21-2016 08:38:00,900.0,3.83,3.84,3.8201,3.8201
09-21-2016 08:39:00,900.0,3.84,3.85,3.84,3.85
09-21-2016 08:48:00,500.0,3.87,3.87,3.85,3.85
09-21-2016 08:52:00,400.0,3.86,3.87,3.86,3.87
09-21-2016 08:53:00,100.0,3.87,3.87,3.87,3.87
09-21-2016 08:59:00,200.0,3.87,3.87,3.87,3.87
09-21-2016 09:00:00,300.0,3.87,3.87,3.87,3.87
09-21-2016 09:01:00,200.0,3.87,3.87,3.87,3.87
09-21-2016 09:03:00,200.0,3.87,3.88,3.87,3.88
09-21-2016 09:09:00,1000.0,3.873,3.873,3.873,3.873
09-21-2016 09:24:00,640.0,3.87,3.87,3.86,3.8605
09-21-2016 09:28:00,100.0,3.87,3.87,3.87,3.87
09-21-2016 09:31:00,100.0,3.86,3.86,3.86,3.86
09-21-2016 09:34:00,910.0,3.86,3.8601,3.86,3.8601
09-21-2016 09:38:00,200.0,3.86,3.862,3.86,3.862
09-21-2016 09:42:00,7515.0,3.87,3.88,3.87,3.88
09-21-2016 09:51:00,200.0,3.88,3.88,3.88,3.88
09-21-2016 09:54:00,200.0,3.86,3.862,3.86,3.862
09-21-2016 10:05:00,400.0,3.86,3.86,3.86,3.86
09-21-2016 10:17:00,200.0,3.86,3.86,3.86,3.86
09-21-2016 10:19:00,100.0,3.86,3.86,3.86,3.86
09-21-2016 10:24:00,600.0,3.85,3.86,3.85,3.86
09-21-2016 10:27:00,200.0,3.8578,3.8578,3.8578,3.8578
09-21-2016 10:42:00,200.0,3.86,3.86,3.855,3.855
09-21-2016 10:49:00,100.0,3.86,3.86,3.86,3.86
09-21-2016 10:52:00,300.0,3.85,3.85,3.85,3.85
09-21-2016 10:53:00,100.0,3.855,3.855,3.855,3.855
09-21-2016 11:01:00,100.0,3.85,3.85,3.85,3.85
09-21-2016 11:08:00,200.0,3.865,3.865,3.865,3.865
09-21-2016 11:13:00,200.0,3.87,3.87,3.87,3.87
09-21-2016 11:14:00,200.0,3.87,3.87,3.87,3.87
09-21-2016 11:17:00,700.0,3.88,3.88,3.88,3.88
09-21-2016 11:18:00,200.0,3.885,3.885,3.885,3.885
09-21-2016 11:26:00,1300.0,3.88,3.88,3.88,3.88
09-21-2016 11:33:00,100.0,3.8799,3.8799,3.8799,3.8799
09-21-2016 11:40:00,123.0,3.8695,3.8695,3.8695,3.8695
09-21-2016 11:50:00,200.0,3.87,3.88,3.87,3.88
09-21-2016 12:00:00,100.0,3.87,3.87,3.87,3.87
09-21-2016 12:05:00,100.0,3.88,3.88,3.88,3.88
09-21-2016 12:16:00,100.0,3.8799,3.8799,3.8799,3.8799
09-21-2016 12:22:00,100.0,3.88,3.88,3.88,3.88
09-21-2016 12:27:00,500.0,3.8674,3.8674,3.8674,3.8674
09-21-2016 12:28:00,1300.0,3.87,3.875,3.86,3.875
09-21-2016 12:29:00,1200.0,3.86,3.875,3.86,3.875
09-21-2016 12:40:00,100.0,3.8701,3.8701,3.8701,3.8701
09-21-2016 12:51:00,100.0,3.88,3.88,3.88,3.88
09-21-2016 12:56:00,100.0,3.88,3.88,3.88,3.88
09-21-2016 13:07:00,600.0,3.88,3.88,3.88,3.88
09-21-2016 13:08:00,200.0,3.88,3.88,3.88,3.88
09-21-2016 13:15:00,100.0,3.88,3.88,3.88,3.88
09-21-2016 13:22:00,100.0,3.88,3.88,3.88,3.88
09-21-2016 13:29:00,100.0,3.8799,3.8799,3.8799,3.8799
09-21-2016 13:32:00,200.0,3.88,3.88,3.88,3.88
09-21-2016 13:37:00,200.0,3.88,3.88,3.87,3.87
09-21-2016 13:45:00,100.0,3.88,3.88,3.88,3.88
09-21-2016 13:48:00,100.0,3.87,3.87,3.87,3.87
09-21-2016 13:55:00,100.0,3.8673,3.8673,3.8673,3.8673
09-21-2016 13:59:00,100.0,3.88,3.88,3.88,3.88
09-21-2016 14:02:00,5700.0,3.861,3.88,3.86,3.88
09-21-2016 14:03:00,400.0,3.8772,3.8772,3.8772,3.8772
09-21-2016 14:04:00,100.0,3.87,3.87,3.87,3.87
09-21-2016 14:14:00,300.0,3.87,3.87,3.87,3.87
09-21-2016 14:15:00,800.0,3.87,3.87,3.87,3.87
09-21-2016 14:18:00,100.0,3.88,3.88,3.88,3.88
09-21-2016 14:21:00,100.0,3.88,3.88,3.88,3.88
09-21-2016 14:22:00,200.0,3.88,3.88,3.88,3.88
09-21-2016 14:32:00,100.0,3.88,3.88,3.88,3.88
09-21-2016 14:33:00,100.0,3.88,3.88,3.88,3.88
09-21-2016 14:36:00,500.0,3.88,3.88,3.88,3.88
09-21-2016 14:45:00,100.0,3.88,3.88,3.88,3.88
09-21-2016 14:48:00,500.0,3.8701,3.88,3.8701,3.88
09-21-2016 14:51:00,100.0,3.8799,3.8799,3.8799,3.8799
09-21-2016 14:53:00,100.0,3.88,3.88,3.88,3.88
09-21-2016 14:54:00,200.0,3.87,3.87,3.87,3.87
09-21-2016 14:58:00,100.0,3.86,3.86,3.86,3.86
09-21-2016 14:59:00,1430.0,3.8799,3.89,3.87,3.89
09-21-2016 15:00:00,200.0,3.89,3.89,3.89,3.89
09-22-2016 06:13:00,130.0,3.83,3.83,3.83,3.83
09-22-2016 08:30:00,2137.0,3.89,3.89,3.89,3.89
09-22-2016 08:35:00,1132.0,3.89,3.89,3.89,3.89
09-22-2016 08:58:00,330.0,3.8801,3.8801,3.8801,3.8801
09-22-2016 09:07:00,2000.0,3.8899,3.89,3.8899,3.89
09-22-2016 09:08:00,100.0,3.89,3.89,3.89,3.89
09-22-2016 09:09:00,1100.0,3.88,3.89,3.87,3.88
09-22-2016 09:12:00,700.0,3.871,3.8922,3.871,3.8922
09-22-2016 09:19:00,700.0,3.891,3.9,3.89,3.9
09-22-2016 09:26:00,200.0,3.89,3.89,3.89,3.89
09-22-2016 09:29:00,300.0,3.8972,3.8972,3.8972,3.8972
09-22-2016 09:39:00,250.0,3.88,3.88,3.88,3.88
09-22-2016 10:08:00,500.0,3.89,3.9,3.89,3.9
09-22-2016 10:18:00,1275.0,3.8969,3.8969,3.8969,3.8969
09-22-2016 10:32:00,200.0,3.89,3.89,3.89,3.89
09-22-2016 10:37:00,500.0,3.89,3.9,3.89,3.895
09-22-2016 10:53:00,5400.0,3.899,3.9,3.89,3.89
09-22-2016 10:54:00,100.0,3.89,3.89,3.89,3.89
09-22-2016 10:55:00,7841.0,3.89,3.9,3.88,3.89
09-22-2016 11:04:00,500.0,3.915,3.93,3.915,3.915
09-22-2016 11:07:00,1100.0,3.9001,3.901,3.9001,3.901
09-22-2016 11:08:00,550.0,3.93,3.93,3.915,3.92
09-22-2016 11:16:00,900.0,3.92,3.92,3.92,3.92
09-22-2016 11:17:00,200.0,3.92,3.92,3.92,3.92
09-22-2016 11:18:00,100.0,3.91,3.91,3.91,3.91
09-22-2016 11:23:00,200.0,3.91,3.91,3.91,3.91
09-22-2016 11:27:00,300.0,3.94,3.94,3.92,3.92
09-22-2016 11:32:00,650.0,3.93,3.93,3.93,3.93
09-22-2016 11:33:00,2050.0,3.93,3.93,3.92,3.92
09-22-2016 11:34:00,100.0,3.92,3.92,3.92,3.92
09-22-2016 11:42:00,300.0,3.91,3.91,3.91,3.91
09-22-2016 11:48:00,1200.0,3.92,3.92,3.92,3.92
09-22-2016 11:50:00,100.0,3.92,3.92,3.92,3.92
09-22-2016 11:51:00,200.0,3.9368,3.9368,3.9368,3.9368
09-22-2016 11:56:00,1200.0,3.9488,3.9488,3.94,3.94
09-22-2016 12:03:00,5204.0,3.93,3.93,3.92,3.92
09-22-2016 12:06:00,200.0,3.935,3.935,3.935,3.935
09-22-2016 12:07:00,200.0,3.935,3.935,3.92,3.92
09-22-2016 12:13:00,100.0,3.92,3.92,3.92,3.92
09-22-2016 12:17:00,100.0,3.92,3.92,3.92,3.92
09-22-2016 12:21:00,10400.0,3.92,3.95,3.89,3.925
09-22-2016 12:22:00,100.0,3.91,3.91,3.91,3.91
09-22-2016 12:23:00,1430.0,3.9101,3.9101,3.91,3.91
09-22-2016 12:24:00,300.0,3.93,3.93,3.92,3.93
09-22-2016 12:29:00,200.0,3.94,3.94,3.94,3.94
09-22-2016 12:34:00,100.0,3.93,3.93,3.93,3.93
09-22-2016 12:36:00,1435.0,3.9244,3.9244,3.92,3.92
09-22-2016 12:40:00,1746.0,3.94,3.94,3.92,3.92
09-22-2016 12:41:00,4600.0,3.92,3.94,3.92,3.94
09-22-2016 12:46:00,100.0,3.94,3.94,3.94,3.94
09-22-2016 12:49:00,4000.0,3.95,3.95,3.945,3.945
09-22-2016 12:50:00,200.0,3.945,3.9498,3.945,3.9498
09-22-2016 12:51:00,700.0,3.95,3.95,3.95,3.95
09-22-2016 12:54:00,100.0,3.95,3.95,3.95,3.95
09-22-2016 12:55:00,600.0,3.95,3.95,3.95,3.95
09-22-2016 12:56:00,100.0,3.95,3.95,3.95,3.95
09-22-2016 13:00:00,100.0,3.95,3.95,3.95,3.95
09-22-2016 13:04:00,100.0,3.95,3.95,3.95,3.95
09-22-2016 13:05:00,300.0,3.95,3.95,3.95,3.95
09-22-2016 13:06:00,2862.0,3.945,3.95,3.945,3.95
09-22-2016 13:12:00,15750.0,3.9444,3.97,3.9444,3.97
09-22-2016 13:15:00,640.0,3.957,3.97,3.957,3.97
09-22-2016 13:19:00,881.0,3.97,3.97,3.97,3.97
09-22-2016 13:20:00,100.0,3.97,3.97,3.97,3.97
09-22-2016 13:21:00,300.0,3.968,3.968,3.968,3.968
09-22-2016 13:26:00,1100.0,3.9679,3.97,3.9679,3.97
09-22-2016 13:27:00,100.0,3.97,3.97,3.97,3.97
09-22-2016 13:28:00,100.0,3.97,3.97,3.97,3.97
09-22-2016 13:29:00,600.0,3.9699,3.97,3.9699,3.97
09-22-2016 13:31:00,2500.0,3.969,3.97,3.969,3.97
09-22-2016 13:34:00,200.0,3.9584,3.9584,3.9584,3.9584
09-22-2016 13:39:00,300.0,3.97,3.97,3.97,3.97
09-22-2016 13:40:00,100.0,3.97,3.97,3.97,3.97
09-22-2016 13:41:00,100.0,3.97,3.97,3.97,3.97
09-22-2016 13:44:00,700.0,3.9736,3.98,3.9736,3.98
09-22-2016 13:50:00,1100.0,3.9799,3.9799,3.97,3.97
09-22-2016 13:54:00,100.0,3.97,3.97,3.97,3.97
09-22-2016 13:55:00,300.0,3.9714,3.9714,3.9714,3.9714
09-22-2016 13:56:00,10276.0,3.975,4.0,3.975,4.0
09-22-2016 13:57:00,500.0,3.99,3.99,3.99,3.99
09-22-2016 13:58:00,2109.0,3.9999,3.9999,3.98,3.98
09-22-2016 13:59:00,500.0,3.98,3.98,3.98,3.98
09-22-2016 14:00:00,500.0,3.97,3.97,3.97,3.97
09-22-2016 14:05:00,1300.0,3.95,3.95,3.93,3.93
09-22-2016 14:06:00,2700.0,3.92,3.92,3.92,3.92
09-22-2016 14:09:00,2000.0,3.92,3.92,3.92,3.92
09-22-2016 14:10:00,575.0,3.959,3.959,3.95,3.95
09-22-2016 14:11:00,2200.0,3.94,3.94,3.93,3.93
09-22-2016 14:13:00,100.0,3.93,3.93,3.93,3.93
09-22-2016 14:15:00,150.0,3.9486,3.9486,3.9486,3.9486
09-22-2016 14:18:00,100.0,3.93,3.93,3.93,3.93
09-22-2016 14:20:00,100.0,3.945,3.945,3.945,3.945
09-22-2016 14:23:00,100.0,3.93,3.93,3.93,3.93
09-22-2016 14:27:00,2200.0,3.95,3.95,3.94,3.94
09-22-2016 14:31:00,100.0,3.959,3.959,3.959,3.959
09-22-2016 14:32:00,100.0,3.94,3.94,3.94,3.94
09-22-2016 14:34:00,300.0,3.945,3.945,3.9401,3.9414
09-22-2016 14:36:00,100.0,3.93,3.93,3.93,3.93
09-22-2016 14:38:00,100.0,3.95,3.95,3.95,3.95
09-22-2016 14:40:00,100.0,3.95,3.95,3.95,3.95
09-22-2016 14:43:00,1900.0,3.95,3.95,3.95,3.95
09-22-2016 14:46:00,100.0,3.9511,3.9511,3.9511,3.9511
09-22-2016 14:50:00,200.0,3.965,3.965,3.96,3.96
09-22-2016 14:52:00,100.0,3.95,3.95,3.95,3.95
09-22-2016 14:54:00,100.0,3.95,3.95,3.95,3.95
09-22-2016 14:58:00,4077.0,3.95,3.955,3.95,3.9501
09-22-2016 14:59:00,200.0,3.96,3.96,3.96,3.96
09-22-2016 15:00:00,990.0,3.965,3.97,3.95,3.95
09-23-2016 08:30:00,143.0,3.92,3.92,3.92,3.92
09-23-2016 08:31:00,500.0,3.87,3.9405,3.87,3.93
09-23-2016 08:36:00,100.0,3.93,3.93,3.93,3.93
09-23-2016 08:37:00,200.0,3.95,3.95,3.95,3.95
09-23-2016 08:41:00,200.0,3.96,3.97,3.96,3.97
09-23-2016 08:46:00,3296.0,3.96,3.97,3.96,3.9699
09-23-2016 08:48:00,200.0,3.94,3.94,3.93,3.93
09-23-2016 08:56:00,100.0,3.92,3.92,3.92,3.92
09-23-2016 09:02:00,6800.0,3.93,3.9372,3.93,3.93
09-23-2016 09:04:00,100.0,3.92,3.92,3.92,3.92
09-23-2016 09:08:00,100.0,3.93,3.93,3.93,3.93
09-23-2016 09:10:00,1000.0,3.93,3.9307,3.9,3.9
09-23-2016 09:12:00,100.0,3.91,3.91,3.91,3.91
09-23-2016 09:17:00,10900.0,3.9,3.9,3.81,3.87
09-23-2016 09:21:00,100.0,3.87,3.87,3.87,3.87
09-23-2016 09:29:00,600.0,3.87,3.87,3.87,3.87
09-23-2016 09:36:00,200.0,3.87,3.87,3.87,3.87
09-23-2016 09:46:00,300.0,3.87,3.875,3.87,3.875
09-23-2016 09:47:00,5700.0,3.879,3.88,3.879,3.88
09-23-2016 09:53:00,1300.0,3.88,3.9,3.88,3.9
09-23-2016 09:54:00,100.0,3.91,3.91,3.91,3.91
09-23-2016 10:01:00,1300.0,3.928,3.93,3.9221,3.9221
09-23-2016 10:03:00,500.0,3.95,3.96,3.95,3.96
09-23-2016 10:07:00,1100.0,3.96,3.96,3.96,3.96
09-23-2016 10:08:00,1800.0,3.955,3.955,3.945,3.945
09-23-2016 10:17:00,100.0,3.92,3.92,3.92,3.92
09-23-2016 10:25:00,2600.0,3.94,3.95,3.94,3.95
09-23-2016 10:30:00,300.0,3.96,3.96,3.96,3.96
09-23-2016 10:31:00,100.0,3.96,3.96,3.96,3.96
09-23-2016 10:37:00,8700.0,3.96,3.98,3.96,3.98
09-23-2016 10:38:00,300.0,3.975,3.975,3.975,3.975
09-23-2016 10:40:00,1200.0,3.975,3.975,3.97,3.97
09-23-2016 10:44:00,700.0,3.965,3.965,3.965,3.965
09-23-2016 10:49:00,100.0,3.96,3.96,3.96,3.96
09-23-2016 10:50:00,1100.0,3.96,3.965,3.96,3.965
09-23-2016 10:52:00,100.0,3.965,3.965,3.965,3.965
09-23-2016 10:54:00,524.0,3.96,3.96,3.96,3.96
09-23-2016 10:55:00,500.0,3.95,3.96,3.95,3.95
09-23-2016 10:57:00,5598.0,3.955,3.96,3.955,3.96
09-23-2016 10:58:00,100.0,3.96,3.96,3.96,3.96
09-23-2016 11:00:00,7463.0,3.955,3.96,3.95,3.954
09-23-2016 11:01:00,400.0,3.955,3.955,3.955,3.955
09-23-2016 11:05:00,100.0,3.955,3.955,3.955,3.955
09-23-2016 11:14:00,100.0,3.95,3.95,3.95,3.95
09-23-2016 11:15:00,4658.0,3.9599,3.9699,3.955,3.9699
09-23-2016 11:16:00,200.0,3.965,3.965,3.96,3.96
09-23-2016 11:23:00,100.0,3.97,3.97,3.97,3.97
09-23-2016 11:24:00,1500.0,3.97,3.97,3.97,3.97
09-23-2016 11:40:00,400.0,3.97,3.9713,3.97,3.9713
09-23-2016 11:41:00,200.0,3.9701,3.9701,3.97,3.97
09-23-2016 11:42:00,200.0,3.98,3.98,3.97,3.97
09-23-2016 11:47:00,8000.0,3.98,3.99,3.975,3.98
09-23-2016 11:49:00,16200.0,3.975,3.98,3.96,3.97
09-23-2016 11:55:00,100.0,3.975,3.975,3.975,3.975
09-23-2016 12:01:00,575.0,3.9773,3.9773,3.9773,3.9773
09-23-2016 12:04:00,1000.0,3.9799,3.9799,3.9799,3.9799
09-23-2016 12:06:00,1000.0,3.9799,3.9799,3.9799,3.9799
09-23-2016 12:10:00,100.0,3.97,3.97,3.97,3.97
09-23-2016 12:14:00,2000.0,3.9799,3.9799,3.9799,3.9799
09-23-2016 12:17:00,1000.0,3.975,3.9764,3.975,3.9764
09-23-2016 12:18:00,200.0,3.97,3.98,3.97,3.98
09-23-2016 12:22:00,13372.0,3.975,4.0,3.975,3.9999
09-23-2016 12:23:00,5100.0,3.99,4.0,3.99,3.99
09-23-2016 12:24:00,1550.0,3.995,4.0,3.994,3.994
09-23-2016 12:25:00,200.0,4.0,4.0,4.0,4.0
09-23-2016 12:27:00,1800.0,4.0,4.0,3.99,3.99
09-23-2016 12:30:00,3015.0,4.0,4.0,3.99,3.99
09-23-2016 12:31:00,100.0,3.99,3.99,3.99,3.99
09-23-2016 12:34:00,800.0,3.97,3.97,3.97,3.97
09-23-2016 12:35:00,7000.0,3.97,3.99,3.97,3.99
09-23-2016 12:43:00,7870.0,3.99,3.99,3.97,3.98
09-23-2016 12:47:00,100.0,3.97,3.97,3.97,3.97
09-23-2016 12:51:00,100.0,3.97,3.97,3.97,3.97
09-23-2016 12:52:00,100.0,3.97,3.97,3.97,3.97
09-23-2016 12:53:00,7229.0,3.97,3.97,3.97,3.97
09-23-2016 12:58:00,100.0,3.965,3.965,3.965,3.965
09-23-2016 12:59:00,6700.0,3.9697,3.97,3.965,3.965
09-23-2016 13:01:00,350.0,3.97,3.97,3.97,3.97
09-23-2016 13:03:00,100.0,3.97,3.97,3.97,3.97
09-23-2016 13:04:00,100.0,3.97,3.97,3.97,3.97
09-23-2016 13:05:00,100.0,3.98,3.98,3.98,3.98
09-23-2016 13:08:00,100.0,3.97,3.97,3.97,3.97
09-23-2016 13:13:00,3100.0,3.9754,3.98,3.9754,3.98
09-23-2016 13:14:00,100.0,3.97,3.97,3.97,3.97
09-23-2016 13:16:00,1900.0,3.96,3.98,3.96,3.98
09-23-2016 13:17:00,100.0,3.97,3.97,3.97,3.97
09-23-2016 13:19:00,200.0,3.98,3.98,3.97,3.97
09-23-2016 13:26:00,100.0,3.97,3.97,3.97,3.97
09-23-2016 13:29:00,100.0,3.97,3.97,3.97,3.97
09-23-2016 13:31:00,100.0,3.975,3.975,3.975,3.975
09-23-2016 13:34:00,100.0,3.97,3.97,3.97,3.97
09-23-2016 13:35:00,300.0,3.98,3.98,3.98,3.98
09-23-2016 13:42:00,100.0,3.97,3.97,3.97,3.97
09-23-2016 13:50:00,100.0,3.98,3.98,3.98,3.98
09-23-2016 13:53:00,100.0,3.97,3.97,3.97,3.97
09-23-2016 13:59:00,100.0,3.97,3.97,3.97,3.97
09-23-2016 14:04:00,200.0,3.97,3.98,3.97,3.98
09-23-2016 14:06:00,200.0,3.98,3.98,3.98,3.98
09-23-2016 14:08:00,900.0,3.97,3.97,3.97,3.97
09-23-2016 14:17:00,100.0,3.97,3.97,3.97,3.97
09-23-2016 14:18:00,5500.0,3.975,3.98,3.975,3.98
09-23-2016 14:22:00,1400.0,3.98,3.98,3.9799,3.98
09-23-2016 14:24:00,1050.0,3.97,3.975,3.97,3.97
09-23-2016 14:25:00,14100.0,3.965,3.98,3.96,3.98
09-23-2016 14:26:00,14400.0,3.96,3.97,3.845,3.845
09-23-2016 14:27:00,54326.0,3.86,3.91,3.84,3.91
09-23-2016 14:28:00,3000.0,3.91,3.93,3.91,3.93
09-23-2016 14:29:00,9500.0,3.92,3.96,3.9,3.95
09-23-2016 14:30:00,6034.0,3.95,3.98,3.94,3.965
09-23-2016 14:31:00,300.0,3.97,3.97,3.97,3.97
09-23-2016 14:33:00,1200.0,3.95,3.98,3.95,3.97
09-23-2016 14:35:00,3600.0,3.97,3.98,3.97,3.98
09-23-2016 14:36:00,100.0,3.95,3.95,3.95,3.95
09-23-2016 14:37:00,100.0,3.97,3.97,3.97,3.97
09-23-2016 14:39:00,100.0,3.97,3.97,3.97,3.97
09-23-2016 14:40:00,100.0,3.97,3.97,3.97,3.97
09-23-2016 14:42:00,100.0,3.97,3.97,3.97,3.97
09-23-2016 14:43:00,200.0,3.97,3.97,3.97,3.97
09-23-2016 14:44:00,200.0,3.97,3.97,3.97,3.97
09-23-2016 14:46:00,300.0,3.97,3.97,3.97,3.97
09-23-2016 14:47:00,100.0,3.97,3.97,3.97,3.97
09-23-2016 14:48:00,2400.0,3.97,3.97,3.96,3.97
09-23-2016 14:49:00,26600.0,3.97,3.97,3.96,3.96
09-23-2016 14:50:00,1100.0,3.97,3.97,3.97,3.97
09-23-2016 14:52:00,200.0,3.96,3.96,3.96,3.96
09-23-2016 14:53:00,2000.0,3.96,3.96,3.96,3.96
09-23-2016 14:54:00,100.0,3.96,3.96,3.96,3.96
09-23-2016 14:55:00,3630.0,3.96,3.97,3.935,3.97
09-23-2016 14:56:00,800.0,3.96,3.97,3.96,3.97
09-23-2016 14:59:00,200.0,3.96,3.96,3.96,3.96
09-23-2016 15:00:00,11185.0,3.97,3.99,3.94,3.96
09-26-2016 08:30:00,593.0,3.96,3.96,3.96,3.96
09-26-2016 08:33:00,100.0,3.95,3.95,3.95,3.95
09-26-2016 08:34:00,2300.0,3.96,3.9732,3.9,3.9
09-26-2016 08:35:00,200.0,3.9,3.9,3.9,3.9
09-26-2016 08:44:00,100.0,3.99,3.99,3.99,3.99
09-26-2016 08:46:00,100.0,3.98,3.98,3.98,3.98
09-26-2016 08:56:00,100.0,3.95,3.95,3.95,3.95
09-26-2016 09:08:00,1579.0,3.942,3.945,3.942,3.945
09-26-2016 09:14:00,100.0,3.94,3.94,3.94,3.94
09-26-2016 09:16:00,100.0,3.935,3.935,3.935,3.935
09-26-2016 09:18:00,10400.0,3.935,3.935,3.92,3.92
09-26-2016 09:34:00,106.0,3.9314,3.9314,3.9314,3.9314
09-26-2016 09:38:00,200.0,3.95,3.95,3.95,3.95
09-26-2016 09:40:00,700.0,3.9419,3.9419,3.9419,3.9419
09-26-2016 09:46:00,100.0,3.935,3.935,3.935,3.935
09-26-2016 09:52:00,4690.0,3.9499,3.9799,3.9499,3.9799
09-26-2016 09:53:00,3300.0,3.9799,4.0,3.97,4.0
09-26-2016 09:54:00,100.0,3.985,3.985,3.985,3.985
09-26-2016 09:55:00,700.0,4.0,4.0,3.985,3.985
09-26-2016 10:03:00,200.0,4.0,4.0,3.985,3.985
09-26-2016 10:09:00,100.0,3.985,3.985,3.985,3.985
09-26-2016 10:18:00,200.0,4.0,4.0,4.0,4.0
09-26-2016 10:19:00,2000.0,3.985,3.985,3.97,3.97
09-26-2016 10:34:00,100.0,3.99,3.99,3.99,3.99
09-26-2016 10:35:00,1000.0,3.9972,3.9972,3.9972,3.9972
09-26-2016 10:38:00,100.0,4.0,4.0,4.0,4.0
09-26-2016 10:46:00,100.0,3.98,3.98,3.98,3.98
09-26-2016 10:53:00,100.0,3.99,3.99,3.99,3.99
09-26-2016 10:54:00,400.0,3.9927,3.9927,3.9927,3.9927
09-26-2016 11:04:00,100.0,3.99,3.99,3.99,3.99
09-26-2016 11:10:00,170.0,4.0,4.0,4.0,4.0
09-26-2016 11:15:00,2070.0,3.9989,3.9989,3.98,3.98
09-26-2016 11:18:00,100.0,3.99,3.99,3.99,3.99
09-26-2016 11:19:00,200.0,4.0,4.0,3.99,3.99
09-26-2016 11:32:00,100.0,3.985,3.985,3.985,3.985
09-26-2016 11:34:00,100.0,3.985,3.985,3.985,3.985
09-26-2016 11:37:00,300.0,3.99,3.99,3.99,3.99
09-26-2016 11:42:00,500.0,3.99,3.99,3.974,3.974
09-26-2016 11:43:00,100.0,3.97,3.97,3.97,3.97
09-26-2016 11:49:00,11200.0,3.97,3.975,3.97,3.975
09-26-2016 12:00:00,100.0,3.98,3.98,3.98,3.98
09-26-2016 12:04:00,100.0,3.975,3.975,3.975,3.975
09-26-2016 12:06:00,10700.0,3.97,3.975,3.97,3.975
09-26-2016 12:11:00,11200.0,3.97,3.975,3.97,3.97
09-26-2016 12:12:00,100.0,3.97,3.97,3.97,3.97
09-26-2016 12:16:00,100.0,3.97,3.97,3.97,3.97
09-26-2016 12:19:00,1000.0,3.975,3.98,3.975,3.975
09-26-2016 12:31:00,100.0,3.97,3.97,3.97,3.97
09-26-2016 12:32:00,400.0,3.975,3.975,3.975,3.975
09-26-2016 12:34:00,450.0,3.975,3.975,3.975,3.975
09-26-2016 12:42:00,100.0,3.98,3.98,3.98,3.98
09-26-2016 12:49:00,100.0,3.975,3.975,3.975,3.975
09-26-2016 12:55:00,200.0,3.98,3.98,3.975,3.975
09-26-2016 13:02:00,100.0,3.9775,3.9775,3.9775,3.9775
09-26-2016 13:03:00,100.0,3.975,3.975,3.975,3.975
09-26-2016 13:04:00,9935.0,3.975,3.99,3.97,3.97
09-26-2016 13:06:00,2650.0,3.98,3.98,3.98,3.98
09-26-2016 13:18:00,100.0,3.98,3.98,3.98,3.98
09-26-2016 13:22:00,2500.0,3.973,3.973,3.973,3.973
09-26-2016 13:23:00,23789.0,3.971,3.971,3.9,3.97
09-26-2016 13:24:00,100.0,3.9799,3.9799,3.9799,3.9799
09-26-2016 13:31:00,100.0,3.99,3.99,3.99,3.99
09-26-2016 13:33:00,100.0,3.98,3.98,3.98,3.98
09-26-2016 13:38:00,1250.0,3.9871,3.9871,3.9871,3.9871
09-26-2016 13:40:00,2000.0,3.98,3.98,3.97,3.97
09-26-2016 13:41:00,7400.0,3.97,3.979,3.97,3.97
09-26-2016 13:42:00,14230.0,3.98,4.01,3.97,3.97
09-26-2016 13:43:00,500.0,3.985,3.99,3.97,3.99
09-26-2016 13:45:00,100.0,3.99,3.99,3.99,3.99
09-26-2016 13:48:00,100.0,3.99,3.99,3.99,3.99
09-26-2016 13:51:00,100.0,3.98,3.98,3.98,3.98
09-26-2016 13:53:00,200.0,4.0,4.0,3.99,3.99
09-26-2016 13:55:00,100.0,3.99,3.99,3.99,3.99
09-26-2016 13:57:00,100.0,3.98,3.98,3.98,3.98
09-26-2016 14:03:00,100.0,3.98,3.98,3.98,3.98
09-26-2016 14:04:00,100.0,3.99,3.99,3.99,3.99
09-26-2016 14:05:00,400.0,3.99,3.99,3.98,3.98
09-26-2016 14:16:00,100.0,3.98,3.98,3.98,3.98
09-26-2016 14:18:00,600.0,3.98,3.98,3.97,3.97
09-26-2016 14:20:00,400.0,3.98,3.98,3.98,3.98
09-26-2016 14:27:00,17100.0,3.98,3.9875,3.95,3.97
09-26-2016 14:34:00,488.0,3.98,3.98,3.9732,3.9732
09-26-2016 14:35:00,200.0,3.9732,3.9732,3.97,3.97
09-26-2016 14:46:00,17756.0,3.97,3.9733,3.94,3.97
09-26-2016 14:49:00,300.0,3.98,3.98,3.98,3.98
09-26-2016 14:50:00,681.0,3.9889,3.9889,3.988,3.988
09-26-2016 14:51:00,100.0,3.97,3.97,3.97,3.97
09-26-2016 14:52:00,100.0,3.97,3.97,3.97,3.97
09-26-2016 14:53:00,2680.0,3.97,3.9892,3.97,3.97
09-26-2016 14:55:00,200.0,3.97,3.98,3.97,3.98
09-26-2016 14:56:00,1355.0,3.97,3.988,3.97,3.97
09-26-2016 14:58:00,200.0,3.9899,3.9899,3.9899,3.9899
09-26-2016 15:00:00,2196.0,3.99,3.99,3.97,3.99
09-27-2016 08:30:00,1501.0,3.98,3.98,3.98,3.98
09-27-2016 08:31:00,3320.0,3.97,3.98,3.97,3.98
09-27-2016 08:33:00,488.0,3.98,3.98,3.971,3.971
09-27-2016 08:37:00,1400.0,3.97,3.97,3.97,3.97
09-27-2016 08:39:00,100.0,3.99,3.99,3.99,3.99
09-27-2016 08:40:00,4000.0,3.9999,4.0,3.9999,3.9999
09-27-2016 08:43:00,300.0,4.0,4.0,4.0,4.0
09-27-2016 08:45:00,100.0,3.9999,3.9999,3.9999,3.9999
09-27-2016 08:46:00,100.0,3.98,3.98,3.98,3.98
09-27-2016 09:01:00,5000.0,3.985,4.0,3.985,3.99
09-27-2016 09:02:00,1100.0,3.99,4.0,3.98,3.98
09-27-2016 09:03:00,200.0,3.98,3.98,3.98,3.98
09-27-2016 09:17:00,100.0,3.97,3.97,3.97,3.97
09-27-2016 09:20:00,1474.0,3.97,3.97,3.96,3.97
09-27-2016 09:21:00,100.0,3.97,3.97,3.97,3.97
09-27-2016 09:22:00,100.0,3.97,3.97,3.97,3.97
09-27-2016 09:26:00,100.0,3.98,3.98,3.98,3.98
09-27-2016 09:27:00,100.0,3.98,3.98,3.98,3.98
09-27-2016 09:35:00,1349.0,3.97,3.97,3.97,3.97
09-27-2016 09:42:00,1100.0,3.9446,3.9446,3.94,3.94
09-27-2016 09:43:00,200.0,3.96,3.96,3.96,3.96
09-27-2016 09:48:00,100.0,3.96,3.96,3.96,3.96
09-27-2016 09:51:00,100.0,3.96,3.96,3.96,3.96
09-27-2016 09:52:00,1000.0,3.9589,3.9589,3.9589,3.9589
09-27-2016 09:53:00,900.0,3.945,3.95,3.945,3.95
09-27-2016 09:54:00,3281.0,3.96,3.98,3.96,3.98
09-27-2016 09:55:00,6200.0,3.98,3.98,3.961,3.961
09-27-2016 09:57:00,600.0,3.96,3.9601,3.95,3.95
09-27-2016 10:15:00,1100.0,3.93,3.932,3.93,3.932
09-27-2016 10:22:00,100.0,3.95,3.95,3.95,3.95
09-27-2016 10:25:00,100.0,3.93,3.93,3.93,3.93
09-27-2016 10:34:00,100.0,3.93,3.93,3.93,3.93
09-27-2016 10:37:00,100.0,3.93,3.93,3.93,3.93
09-27-2016 10:45:00,100.0,3.92,3.92,3.92,3.92
09-27-2016 10:53:00,800.0,3.92,3.92,3.91,3.92
09-27-2016 10:55:00,700.0,3.915,3.9237,3.901,3.9237
09-27-2016 10:57:00,1025.0,3.911,3.911,3.91,3.9101
09-27-2016 11:02:00,2500.0,3.9,3.9,3.86,3.86
09-27-2016 11:06:00,680.0,3.8799,3.8799,3.8799,3.8799
09-27-2016 11:07:00,2327.0,3.855,3.86,3.855,3.86
09-27-2016 11:08:00,1000.0,3.87,3.88,3.85,3.88
09-27-2016 11:09:00,1500.0,3.89,3.9,3.89,3.9
09-27-2016 11:12:00,900.0,3.9,3.91,3.9,3.91
09-27-2016 11:17:00,500.0,3.89,3.89,3.89,3.89
09-27-2016 11:18:00,100.0,3.89,3.89,3.89,3.89
09-27-2016 11:19:00,1600.0,3.89,3.89,3.8701,3.885
09-27-2016 11:21:00,5786.0,3.8752,3.9,3.8752,3.9
09-27-2016 11:22:00,800.0,3.9,3.9,3.9,3.9
09-27-2016 11:28:00,100.0,3.9,3.9,3.9,3.9
09-27-2016 11:30:00,700.0,3.9,3.9,3.9,3.9
09-27-2016 11:31:00,1700.0,3.9,3.9,3.9,3.9
09-27-2016 11:32:00,100.0,3.88,3.88,3.88,3.88
09-27-2016 11:35:00,100.0,3.9,3.9,3.9,3.9
09-27-2016 11:44:00,100.0,3.87,3.87,3.87,3.87
09-27-2016 11:54:00,100.0,3.88,3.88,3.88,3.88
09-27-2016 11:55:00,700.0,3.88,3.8835,3.87,3.87
09-27-2016 12:05:00,100.0,3.86,3.86,3.86,3.86
09-27-2016 12:15:00,555.0,3.8633,3.8633,3.8633,3.8633
09-27-2016 12:18:00,200.0,3.86,3.86,3.86,3.86
09-27-2016 12:22:00,100.0,3.87,3.87,3.87,3.87
09-27-2016 12:24:00,1200.0,3.8899,3.8899,3.86,3.86
09-27-2016 12:25:00,3000.0,3.889,3.889,3.889,3.889
09-27-2016 12:38:00,400.0,3.85,3.85,3.85,3.85
09-27-2016 12:39:00,125.0,3.8688,3.8688,3.8688,3.8688
09-27-2016 12:40:00,100.0,3.8501,3.8501,3.8501,3.8501
09-27-2016 12:43:00,100.0,3.88,3.88,3.88,3.88
09-27-2016 12:44:00,3300.0,3.86,3.91,3.86,3.91
09-27-2016 12:52:00,100.0,3.87,3.87,3.87,3.87
09-27-2016 12:54:00,200.0,3.871,3.889,3.871,3.889
09-27-2016 13:00:00,100.0,3.89,3.89,3.89,3.89
09-27-2016 13:03:00,415.0,3.89,3.89,3.87,3.8883
09-27-2016 13:04:00,165.0,3.8899,3.8899,3.8899,3.8899
09-27-2016 13:06:00,100.0,3.88,3.88,3.88,3.88
09-27-2016 13:07:00,169.0,3.8884,3.8884,3.8884,3.8884
09-27-2016 13:12:00,150.0,3.883,3.883,3.883,3.883
09-27-2016 13:19:00,100.0,3.89,3.89,3.89,3.89
09-27-2016 13:23:00,100.0,3.8862,3.8862,3.8862,3.8862
09-27-2016 13:24:00,100.0,3.91,3.91,3.91,3.91
09-27-2016 13:28:00,100.0,3.91,3.91,3.91,3.91
09-27-2016 13:35:00,100.0,3.91,3.91,3.91,3.91
09-27-2016 13:42:00,100.0,3.91,3.91,3.91,3.91
09-27-2016 13:44:00,6900.0,3.9,3.9,3.88,3.89
09-27-2016 13:45:00,600.0,3.88,3.888,3.88,3.888
09-27-2016 13:57:00,600.0,3.89,3.9,3.89,3.9
09-27-2016 14:08:00,1800.0,3.881,3.9,3.881,3.9
09-27-2016 14:11:00,100.0,3.9,3.9,3.9,3.9
09-27-2016 14:25:00,1100.0,3.89,3.89,3.89,3.89
09-27-2016 14:26:00,100.0,3.9,3.9,3.9,3.9
09-27-2016 14:28:00,200.0,3.9,3.9,3.9,3.9
09-27-2016 14:33:00,100.0,3.91,3.91,3.91,3.91
09-27-2016 14:35:00,1600.0,3.91,3.91,3.9,3.9
09-27-2016 14:40:00,100.0,3.91,3.91,3.91,3.91
09-27-2016 14:43:00,100.0,3.91,3.91,3.91,3.91
09-27-2016 14:47:00,100.0,3.91,3.91,3.91,3.91
09-27-2016 14:50:00,3667.0,3.91,3.91,3.9,3.9
09-27-2016 14:51:00,300.0,3.9,3.94,3.9,3.94
09-27-2016 14:53:00,100.0,3.92,3.92,3.92,3.92
09-27-2016 14:54:00,450.0,3.94,3.94,3.92,3.9201
09-27-2016 14:56:00,3300.0,3.94,3.94,3.92,3.92
09-27-2016 14:57:00,100.0,3.93,3.93,3.93,3.93
09-27-2016 15:00:00,5382.0,3.94,3.94,3.91,3.93
09-27-2016 17:52:00,1000.0,3.92,3.92,3.92,3.92
