09-07-2016 08:28:00,1000.0,1.17,1.17,1.17,1.17
09-07-2016 08:30:00,20180.0,1.2,1.2,1.2,1.2
09-07-2016 08:31:00,2000.0,1.19,1.19,1.19,1.19
09-07-2016 08:32:00,12637.0,1.12,1.13,1.07,1.07
09-07-2016 08:36:00,600.0,1.15,1.15,1.15,1.15
09-07-2016 08:38:00,100.0,1.12,1.12,1.12,1.12
09-07-2016 08:54:00,100.0,1.15,1.15,1.15,1.15
09-07-2016 08:55:00,200.0,1.14,1.14,1.14,1.14
09-07-2016 09:13:00,100.0,1.17,1.17,1.17,1.17
09-07-2016 09:20:00,400.0,1.16,1.16,1.16,1.16
09-07-2016 09:21:00,1500.0,1.15,1.15,1.14,1.14
09-07-2016 09:22:00,149.0,1.14,1.14,1.14,1.14
09-07-2016 09:23:00,1500.0,1.14,1.14,1.14,1.14
09-07-2016 09:24:00,100.0,1.14,1.14,1.14,1.14
09-07-2016 09:27:00,400.0,1.145,1.1498,1.145,1.1498
09-07-2016 09:28:00,4630.0,1.14,1.14,1.135,1.135
09-07-2016 09:47:00,200.0,1.14,1.14,1.14,1.14
09-07-2016 09:56:00,2492.0,1.14,1.15,1.14,1.15
09-07-2016 09:57:00,200.0,1.15,1.15,1.15,1.15
09-07-2016 09:58:00,4750.0,1.145,1.149,1.145,1.1487
09-07-2016 10:04:00,870.0,1.14,1.14,1.14,1.14
09-07-2016 10:08:00,250.0,1.1376,1.1376,1.1376,1.1376
09-07-2016 10:16:00,100.0,1.13,1.13,1.13,1.13
09-07-2016 10:22:00,400.0,1.145,1.145,1.145,1.145
09-07-2016 10:23:00,1000.0,1.14,1.14,1.14,1.14
09-07-2016 10:25:00,159.0,1.13,1.13,1.13,1.13
09-07-2016 10:46:00,2397.0,1.14,1.14,1.13,1.13
09-07-2016 10:51:00,1476.0,1.13,1.145,1.125,1.125
09-07-2016 11:03:00,9300.0,1.125,1.125,1.1,1.1
09-07-2016 11:04:00,300.0,1.1,1.1,1.1,1.1
09-07-2016 11:13:00,200.0,1.11,1.11,1.11,1.11
09-07-2016 11:34:00,800.0,1.11,1.11,1.11,1.11
09-07-2016 11:58:00,100.0,1.09,1.09,1.09,1.09
09-07-2016 12:11:00,1200.0,1.1,1.1001,1.1,1.1
09-07-2016 12:14:00,400.0,1.115,1.115,1.115,1.115
09-07-2016 12:15:00,200.0,1.1,1.1,1.1,1.1
09-07-2016 12:23:00,3289.0,1.11,1.11,1.1,1.1
09-07-2016 12:34:00,100.0,1.104,1.104,1.104,1.104
09-07-2016 12:38:00,8486.0,1.1,1.1,1.09,1.09
09-07-2016 12:39:00,1373.0,1.09,1.09,1.09,1.09
09-07-2016 12:46:00,200.0,1.11,1.1195,1.11,1.1195
09-07-2016 12:47:00,800.0,1.1,1.1,1.1,1.1
09-07-2016 12:56:00,1300.0,1.09,1.09,1.09,1.09
09-07-2016 12:57:00,19250.0,1.08,1.08,1.08,1.08
09-07-2016 13:13:00,2000.0,1.0875,1.0875,1.0875,1.0875
09-07-2016 13:17:00,100.0,1.08,1.08,1.08,1.08
09-07-2016 13:22:00,200.0,1.08,1.08,1.08,1.08
09-07-2016 13:34:00,932.0,1.08,1.08,1.08,1.08
09-07-2016 13:36:00,100.0,1.08,1.08,1.08,1.08
09-07-2016 13:37:00,1080.0,1.08,1.08,1.08,1.08
09-07-2016 13:38:00,31590.0,1.07,1.07,1.03,1.0408
09-07-2016 13:43:00,600.0,1.05,1.05,1.05,1.05
09-07-2016 13:49:00,5200.0,1.06,1.06,1.0592,1.0592
09-07-2016 13:51:00,2000.0,1.055,1.055,1.055,1.055
09-07-2016 14:02:00,1000.0,1.055,1.055,1.055,1.055
09-07-2016 14:06:00,400.0,1.055,1.055,1.055,1.055
09-07-2016 14:07:00,250.0,1.0599,1.0599,1.0599,1.0599
09-07-2016 14:17:00,1000.0,1.055,1.06,1.055,1.06
09-07-2016 14:26:00,100.0,1.05,1.05,1.05,1.05
09-07-2016 14:27:00,10250.0,1.05,1.05,1.04,1.04
09-07-2016 14:28:00,1800.0,1.04,1.04,1.04,1.04
09-07-2016 14:29:00,100.0,1.04,1.04,1.04,1.04
09-07-2016 14:30:00,1168.0,1.031,1.0499,1.03,1.0499
09-07-2016 14:32:00,9998.0,1.041,1.041,1.03,1.041
09-07-2016 14:36:00,1454.0,1.04,1.05,1.04,1.05
09-07-2016 14:38:00,11300.0,1.045,1.045,1.0221,1.0221
09-07-2016 14:39:00,5000.0,1.0206,1.0206,1.0206,1.0206
09-07-2016 14:42:00,2500.0,1.0497,1.0497,1.0497,1.0497
09-07-2016 14:47:00,100.0,1.0301,1.0301,1.0301,1.0301
09-07-2016 14:51:00,3400.0,1.03,1.045,1.03,1.04
09-07-2016 14:52:00,1100.0,1.04,1.05,1.0301,1.0301
09-07-2016 14:53:00,761.0,1.03,1.04,1.03,1.03
09-07-2016 14:56:00,3150.0,1.0201,1.03,1.0201,1.03
09-07-2016 14:57:00,3696.0,1.02,1.0328,1.02,1.0328
09-07-2016 14:58:00,300.0,1.03,1.03,1.03,1.03
09-07-2016 15:00:00,5993.0,1.02,1.02,1.02,1.02
09-08-2016 08:30:00,320.0,1.03,1.03,1.03,1.03
09-08-2016 08:31:00,1000.0,1.02,1.02,1.02,1.02
09-08-2016 08:45:00,100.0,1.07,1.07,1.07,1.07
09-08-2016 08:49:00,2800.0,1.05,1.05,1.05,1.05
09-08-2016 08:50:00,100.0,1.02,1.02,1.02,1.02
09-08-2016 08:53:00,100.0,1.02,1.02,1.02,1.02
09-08-2016 09:04:00,10100.0,1.02,1.02,1.02,1.02
09-08-2016 09:05:00,7200.0,1.02,1.02,1.01,1.02
09-08-2016 09:07:00,3300.0,1.01,1.0269,1.01,1.0269
09-08-2016 09:08:00,6000.0,1.03,1.03,1.03,1.03
09-08-2016 09:13:00,2000.0,1.0101,1.0101,1.0101,1.0101
09-08-2016 09:15:00,7700.0,1.01,1.0299,1.01,1.0299
09-08-2016 09:16:00,900.0,1.0299,1.0299,1.0299,1.0299
09-08-2016 09:21:00,800.0,1.02,1.02,1.02,1.02
09-08-2016 09:22:00,200.0,1.01,1.01,1.01,1.01
09-08-2016 09:23:00,400.0,1.02,1.02,1.02,1.02
09-08-2016 09:24:00,1200.0,1.0108,1.02,1.0108,1.02
09-08-2016 09:29:00,100.0,1.0,1.0,1.0,1.0
09-08-2016 09:39:00,4400.0,1.015,1.02,1.015,1.02
09-08-2016 09:42:00,400.0,1.02,1.02,1.02,1.02
09-08-2016 09:47:00,100.0,1.01,1.01,1.01,1.01
09-08-2016 10:04:00,3900.0,1.0201,1.0201,1.01,1.0201
09-08-2016 10:06:00,2550.0,1.025,1.04,1.025,1.0399
09-08-2016 10:12:00,137.0,1.01,1.01,1.01,1.01
09-08-2016 10:17:00,4916.0,1.02,1.03,1.02,1.02
09-08-2016 10:18:00,200.0,1.02,1.02,1.02,1.02
09-08-2016 10:19:00,100.0,1.02,1.02,1.02,1.02
09-08-2016 10:20:00,100.0,1.02,1.02,1.02,1.02
09-08-2016 10:27:00,100.0,1.025,1.025,1.025,1.025
09-08-2016 10:33:00,500.0,1.03,1.03,1.025,1.025
09-08-2016 10:39:00,1000.0,1.0254,1.0254,1.0254,1.0254
09-08-2016 11:18:00,8800.0,1.02,1.02,1.02,1.02
09-08-2016 11:22:00,135.0,1.014,1.014,1.014,1.014
09-08-2016 11:26:00,100.0,1.01,1.01,1.01,1.01
09-08-2016 11:30:00,200.0,1.0193,1.0193,1.0193,1.0193
09-08-2016 11:32:00,2400.0,1.015,1.0198,1.015,1.015
09-08-2016 11:35:00,850.0,1.02,1.02,1.0199,1.0199
09-08-2016 11:41:00,800.0,1.015,1.02,1.015,1.015
09-08-2016 11:44:00,2180.0,1.02,1.02,1.02,1.02
09-08-2016 11:58:00,100.0,1.0299,1.0299,1.0299,1.0299
09-08-2016 12:01:00,782.0,1.0299,1.0299,1.0299,1.0299
09-08-2016 12:22:00,3800.0,1.025,1.03,1.025,1.025
09-08-2016 12:31:00,900.0,1.04,1.05,1.04,1.04
09-08-2016 12:37:00,3520.0,1.04,1.04,1.04,1.04
09-08-2016 13:18:00,100.0,1.02,1.02,1.02,1.02
09-08-2016 13:31:00,600.0,1.03,1.03,1.03,1.03
09-08-2016 13:33:00,200.0,1.03,1.03,1.02,1.02
09-08-2016 14:03:00,100.0,1.02,1.02,1.02,1.02
09-08-2016 14:24:00,1000.0,1.0299,1.0299,1.0299,1.0299
09-08-2016 14:25:00,2922.0,1.03,1.03,1.029,1.029
09-08-2016 14:29:00,999.0,1.0299,1.0299,1.02,1.02
09-08-2016 14:36:00,700.0,1.03,1.03,1.03,1.03
09-08-2016 14:38:00,200.0,1.02,1.03,1.02,1.03
09-08-2016 14:41:00,4431.0,1.02,1.02,1.02,1.02
09-08-2016 14:46:00,1000.0,1.03,1.03,1.03,1.03
09-08-2016 14:51:00,100.0,1.02,1.02,1.02,1.02
09-08-2016 14:58:00,2304.0,1.0301,1.05,1.0301,1.05
09-08-2016 15:00:00,2634.0,1.05,1.06,1.05,1.05
09-09-2016 08:30:00,335.0,1.04,1.04,1.04,1.04
09-09-2016 08:39:00,100.0,1.04,1.04,1.04,1.04
09-09-2016 08:46:00,100.0,1.04,1.04,1.04,1.04
09-09-2016 09:07:00,2000.0,1.0425,1.0425,1.0425,1.0425
09-09-2016 09:12:00,100.0,1.01,1.01,1.01,1.01
09-09-2016 09:18:00,1000.0,1.0491,1.0491,1.0491,1.0491
09-09-2016 09:27:00,500.0,1.0399,1.0399,1.0399,1.0399
09-09-2016 09:34:00,1200.0,1.0329,1.0329,1.0329,1.0329
09-09-2016 09:35:00,100.0,1.02,1.02,1.02,1.02
09-09-2016 09:37:00,100.0,1.02,1.02,1.02,1.02
09-09-2016 09:55:00,100.0,1.02,1.02,1.02,1.02
09-09-2016 09:59:00,100.0,1.02,1.02,1.02,1.02
09-09-2016 10:11:00,100.0,1.02,1.02,1.02,1.02
09-09-2016 10:27:00,100.0,1.02,1.02,1.02,1.02
09-09-2016 10:31:00,200.0,1.01,1.01,1.01,1.01
09-09-2016 10:32:00,3180.0,1.029,1.029,1.029,1.029
09-09-2016 10:38:00,37700.0,1.02,1.0264,1.0,1.0007
09-09-2016 10:39:00,600.0,1.0,1.0,1.0,1.0
09-09-2016 10:45:00,15026.0,1.0,1.0,0.99,0.99
09-09-2016 10:48:00,3505.0,0.9918,0.9918,0.9918,0.9918
09-09-2016 10:49:00,22791.0,0.99,0.99,0.98,0.98
09-09-2016 11:08:00,1100.0,1.0099,1.0099,0.98,0.98
09-09-2016 11:09:00,33500.0,0.98,0.98,0.95,0.95
09-09-2016 11:17:00,2500.0,0.98,0.98,0.9792,0.9792
09-09-2016 11:20:00,400.0,0.9701,0.9701,0.9701,0.9701
09-09-2016 11:21:00,119.0,0.9788,0.9788,0.9788,0.9788
09-09-2016 11:27:00,2200.0,0.9789,0.9799,0.9726,0.9799
09-09-2016 11:28:00,100.0,0.98,0.98,0.98,0.98
09-09-2016 11:30:00,2500.0,0.9897,0.99,0.9897,0.99
09-09-2016 11:32:00,1200.0,0.9899,0.99,0.9899,0.99
09-09-2016 11:38:00,100.0,0.9806,0.9806,0.9806,0.9806
09-09-2016 11:48:00,748.0,0.9804,0.9804,0.9804,0.9804
09-09-2016 11:49:00,2226.0,0.9803,0.9803,0.98,0.98
09-09-2016 11:50:00,21388.0,0.9801,0.9801,0.9801,0.9801
09-09-2016 11:52:00,2200.0,0.9801,0.9801,0.9801,0.9801
09-09-2016 11:54:00,1450.0,0.98,0.98,0.98,0.98
09-09-2016 11:57:00,100.0,0.9801,0.9801,0.9801,0.9801
09-09-2016 12:18:00,1800.0,0.9801,0.9801,0.9801,0.9801
09-09-2016 12:23:00,1000.0,0.9801,0.9801,0.9801,0.9801
09-09-2016 12:32:00,1651.0,0.9801,0.9801,0.9801,0.9801
09-09-2016 12:33:00,12500.0,0.9801,0.9801,0.9801,0.9801
09-09-2016 12:34:00,2000.0,0.9801,0.9801,0.9801,0.9801
09-09-2016 12:35:00,100.0,0.9801,0.9801,0.9801,0.9801
09-09-2016 12:46:00,1100.0,0.98,0.9801,0.98,0.9801
09-09-2016 12:58:00,700.0,0.9801,0.9801,0.9801,0.9801
09-09-2016 13:17:00,10000.0,0.9801,0.9801,0.9801,0.9801
09-09-2016 13:22:00,100.0,0.9801,0.9801,0.9801,0.9801
09-09-2016 13:23:00,300.0,0.9801,0.9801,0.9801,0.9801
09-09-2016 13:25:00,27025.0,0.9801,0.9801,0.9801,0.9801
09-09-2016 13:26:00,1000.0,0.9801,0.9801,0.9801,0.9801
09-09-2016 13:27:00,1000.0,0.9801,0.9801,0.9801,0.9801
09-09-2016 13:29:00,300.0,0.9801,0.9801,0.9801,0.9801
09-09-2016 13:44:00,200.0,0.9801,0.9801,0.9801,0.9801
09-09-2016 14:07:00,7500.0,0.9801,0.9801,0.9801,0.9801
09-09-2016 14:14:00,300.0,0.9801,0.9801,0.9801,0.9801
09-09-2016 14:16:00,1850.0,0.98,0.98,0.98,0.98
09-09-2016 14:23:00,1000.0,0.9801,0.9801,0.9801,0.9801
09-09-2016 14:27:00,250.0,0.9801,0.9801,0.9801,0.9801
09-09-2016 14:28:00,950.0,0.9801,0.9801,0.9801,0.9801
09-09-2016 14:35:00,7000.0,0.9801,0.9801,0.9801,0.9801
09-09-2016 14:48:00,5000.0,0.9801,0.9801,0.9801,0.9801
09-09-2016 14:53:00,18979.0,0.98,0.98,0.98,0.98
09-09-2016 14:58:00,1135.0,0.98,0.9801,0.98,0.9801
09-09-2016 14:59:00,21199.0,0.9801,0.9801,0.98,0.9801
09-09-2016 15:00:00,1000.0,0.98,0.98,0.98,0.98
09-12-2016 05:18:00,100.0,1.12,1.12,1.12,1.12
09-12-2016 06:29:00,1200.0,1.09,1.09,1.09,1.09
09-12-2016 08:30:00,2500.0,1.05,1.05,1.05,1.05
09-12-2016 08:31:00,6000.0,1.0492,1.0492,1.0492,1.0492
09-12-2016 08:32:00,13100.0,1.04,1.05,1.0242,1.0242
09-12-2016 08:33:00,2000.0,1.0359,1.0359,1.0239,1.0239
09-12-2016 08:34:00,6000.0,1.0341,1.0341,1.0341,1.0341
09-12-2016 08:35:00,2500.0,1.03,1.03,1.03,1.03
09-12-2016 08:36:00,190.0,1.0284,1.0284,1.0284,1.0284
09-12-2016 08:37:00,1400.0,1.0293,1.03,1.0293,1.03
09-12-2016 08:38:00,100.0,1.02,1.02,1.02,1.02
09-12-2016 08:40:00,420.0,1.0215,1.0215,1.0215,1.0215
09-12-2016 08:44:00,100.0,1.0293,1.0293,1.0293,1.0293
09-12-2016 08:46:00,500.0,1.0286,1.0286,1.0286,1.0286
09-12-2016 08:47:00,200.0,1.03,1.03,1.03,1.03
09-12-2016 08:50:00,4050.0,1.0299,1.0299,1.0299,1.0299
09-12-2016 08:53:00,3500.0,1.03,1.03,1.03,1.03
09-12-2016 08:54:00,500.0,1.0376,1.0376,1.0376,1.0376
09-12-2016 08:55:00,100.0,1.0499,1.0499,1.0499,1.0499
09-12-2016 08:56:00,6200.0,1.04,1.05,1.04,1.05
09-12-2016 08:57:00,2844.0,1.05,1.05,1.05,1.05
09-12-2016 08:58:00,1000.0,1.065,1.075,1.065,1.075
09-12-2016 09:00:00,100.0,1.09,1.09,1.09,1.09
09-12-2016 09:01:00,1590.0,1.09,1.09,1.0871,1.0871
09-12-2016 09:02:00,555.0,1.077,1.077,1.077,1.077
09-12-2016 09:04:00,7030.0,1.0759,1.08,1.0759,1.08
09-12-2016 09:05:00,100.0,1.07,1.07,1.07,1.07
09-12-2016 09:06:00,2400.0,1.07,1.075,1.07,1.07
09-12-2016 09:07:00,2000.0,1.0675,1.0675,1.0675,1.0675
09-12-2016 09:08:00,2700.0,1.06,1.065,1.06,1.065
09-12-2016 09:09:00,850.0,1.07,1.07,1.0501,1.0501
09-12-2016 09:10:00,300.0,1.05,1.05,1.05,1.05
09-12-2016 09:13:00,2000.0,1.0376,1.0376,1.0376,1.0376
09-12-2016 09:15:00,5800.0,1.03,1.035,1.03,1.035
09-12-2016 09:16:00,5200.0,1.03,1.04,1.03,1.03
09-12-2016 09:19:00,800.0,1.035,1.035,1.03,1.03
09-12-2016 09:21:00,4572.0,1.03,1.03,1.02,1.02
09-12-2016 09:24:00,300.0,1.035,1.035,1.03,1.03
09-12-2016 09:25:00,1000.0,1.0218,1.0218,1.0218,1.0218
09-12-2016 09:26:00,1130.0,1.02,1.03,1.02,1.03
09-12-2016 09:29:00,500.0,1.03,1.03,1.03,1.03
09-12-2016 09:31:00,200.0,1.03,1.03,1.03,1.03
09-12-2016 09:33:00,100.0,1.03,1.03,1.03,1.03
09-12-2016 09:34:00,100.0,1.03,1.03,1.03,1.03
09-12-2016 09:43:00,2800.0,1.02,1.02,1.02,1.02
09-12-2016 09:44:00,3570.0,1.03,1.03,1.02,1.02
09-12-2016 10:06:00,5973.0,1.02,1.02,1.02,1.02
09-12-2016 10:09:00,2053.0,1.02,1.03,1.02,1.03
09-12-2016 10:13:00,300.0,1.04,1.04,1.04,1.04
09-12-2016 10:16:00,5400.0,1.04,1.04,1.0399,1.0399
09-12-2016 10:20:00,100.0,1.0338,1.0338,1.0338,1.0338
09-12-2016 10:25:00,600.0,1.0301,1.0301,1.0301,1.0301
09-12-2016 10:27:00,100.0,1.0301,1.0301,1.0301,1.0301
09-12-2016 10:36:00,1000.0,1.03,1.03,1.03,1.03
09-12-2016 10:39:00,1000.0,1.03,1.035,1.03,1.03
09-12-2016 10:42:00,1100.0,1.03,1.03,1.03,1.03
09-12-2016 10:47:00,400.0,1.03,1.03,1.03,1.03
09-12-2016 10:51:00,1200.0,1.02,1.02,1.02,1.02
09-12-2016 11:17:00,400.0,1.01,1.01,1.01,1.01
09-12-2016 11:22:00,5000.0,1.014,1.014,1.014,1.014
09-12-2016 11:23:00,21828.0,1.015,1.02,1.015,1.0199
09-12-2016 11:36:00,300.0,1.0295,1.0295,1.0295,1.0295
09-12-2016 13:41:00,100.0,1.03,1.03,1.03,1.03
09-12-2016 13:55:00,100.0,1.04,1.04,1.04,1.04
09-12-2016 14:01:00,1000.0,1.0399,1.0399,1.0399,1.0399
09-12-2016 14:04:00,3100.0,1.04,1.04,1.04,1.04
09-12-2016 14:05:00,100.0,1.04,1.04,1.04,1.04
09-12-2016 14:06:00,100.0,1.04,1.04,1.04,1.04
09-12-2016 14:07:00,100.0,1.04,1.04,1.04,1.04
09-12-2016 14:08:00,100.0,1.04,1.04,1.04,1.04
09-12-2016 14:09:00,100.0,1.04,1.04,1.04,1.04
09-12-2016 14:10:00,100.0,1.04,1.04,1.04,1.04
09-12-2016 14:11:00,100.0,1.04,1.04,1.04,1.04
09-12-2016 14:12:00,600.0,1.03,1.03,1.03,1.03
09-12-2016 14:13:00,100.0,1.04,1.04,1.04,1.04
09-12-2016 14:14:00,100.0,1.04,1.04,1.04,1.04
09-12-2016 14:15:00,100.0,1.04,1.04,1.04,1.04
09-12-2016 14:16:00,1300.0,1.04,1.05,1.04,1.05
09-12-2016 14:17:00,21072.0,1.04,1.05,1.0,1.05
09-12-2016 14:25:00,200.0,1.0301,1.0301,1.0301,1.0301
09-12-2016 14:27:00,394.0,1.035,1.035,1.035,1.035
09-12-2016 14:30:00,5000.0,1.0399,1.0399,1.0399,1.0399
09-12-2016 14:37:00,576.0,1.04,1.04,1.04,1.04
09-12-2016 14:39:00,1000.0,1.04,1.04,1.04,1.04
09-12-2016 14:41:00,328.0,1.05,1.05,1.05,1.05
09-12-2016 14:54:00,2300.0,1.0401,1.0401,1.0401,1.0401
09-12-2016 14:58:00,100.0,1.06,1.06,1.06,1.06
09-12-2016 15:00:00,200.0,1.06,1.06,1.06,1.06
09-12-2016 15:01:00,100.0,1.07,1.07,1.07,1.07
09-13-2016 08:30:00,2751.0,1.07,1.07,1.07,1.07
09-13-2016 08:40:00,3000.0,1.0634,1.0634,1.0634,1.0634
09-13-2016 08:48:00,700.0,1.06,1.06,1.06,1.06
09-13-2016 09:00:00,500.0,1.06,1.06,1.06,1.06
09-13-2016 09:01:00,500.0,1.06,1.07,1.06,1.07
09-13-2016 09:14:00,700.0,1.0772,1.0772,1.0772,1.0772
09-13-2016 09:15:00,1909.0,1.06,1.06,1.06,1.06
09-13-2016 09:25:00,200.0,1.0601,1.0601,1.0601,1.0601
09-13-2016 09:36:00,1000.0,1.0554,1.0554,1.0554,1.0554
09-13-2016 09:47:00,200.0,1.05,1.06,1.05,1.06
09-13-2016 10:04:00,1000.0,1.0554,1.0554,1.0554,1.0554
09-13-2016 10:07:00,8020.0,1.0699,1.0699,1.0501,1.065
09-13-2016 10:08:00,100.0,1.06,1.06,1.06,1.06
09-13-2016 10:17:00,13530.0,1.05,1.0599,1.05,1.0599
09-13-2016 10:39:00,1000.0,1.0601,1.0601,1.0601,1.0601
09-13-2016 10:46:00,100.0,1.07,1.07,1.07,1.07
09-13-2016 10:53:00,800.0,1.07,1.075,1.07,1.07
09-13-2016 10:55:00,951.0,1.0601,1.0601,1.0601,1.0601
09-13-2016 11:13:00,100.0,1.07,1.07,1.07,1.07
09-13-2016 11:21:00,100.0,1.07,1.07,1.07,1.07
09-13-2016 11:40:00,100.0,1.06,1.06,1.06,1.06
09-13-2016 11:51:00,9888.0,1.07,1.08,1.07,1.08
09-13-2016 11:52:00,500.0,1.08,1.08,1.08,1.08
09-13-2016 12:04:00,200.0,1.0799,1.0799,1.0799,1.0799
09-13-2016 12:05:00,6000.0,1.074,1.074,1.074,1.074
09-13-2016 12:06:00,6100.0,1.07,1.0759,1.07,1.0759
09-13-2016 12:07:00,9100.0,1.07,1.075,1.05,1.075
09-13-2016 12:53:00,1200.0,1.065,1.07,1.065,1.07
09-13-2016 12:55:00,500.0,1.0668,1.0668,1.0668,1.0668
09-13-2016 12:57:00,100.0,1.06,1.06,1.06,1.06
09-13-2016 13:10:00,2000.0,1.0675,1.0675,1.0675,1.0675
09-13-2016 13:32:00,100.0,1.06,1.06,1.06,1.06
09-13-2016 13:40:00,197.0,1.06,1.06,1.06,1.06
09-13-2016 13:52:00,1400.0,1.0686,1.0686,1.0686,1.0686
09-13-2016 14:06:00,600.0,1.0693,1.0693,1.0693,1.0693
09-13-2016 14:12:00,200.0,1.065,1.065,1.065,1.065
09-13-2016 14:17:00,100.0,1.07,1.07,1.07,1.07
09-13-2016 14:18:00,600.0,1.0693,1.0693,1.0693,1.0693
09-13-2016 14:25:00,100.0,1.08,1.08,1.08,1.08
09-13-2016 14:26:00,300.0,1.07,1.07,1.07,1.07
09-13-2016 14:27:00,600.0,1.0793,1.0793,1.0793,1.0793
09-13-2016 14:32:00,6548.0,1.0788,1.08,1.0788,1.0797
09-13-2016 14:35:00,100.0,1.07,1.07,1.07,1.07
09-13-2016 14:48:00,1600.0,1.07,1.07,1.07,1.07
09-13-2016 14:49:00,100.0,1.06,1.06,1.06,1.06
09-13-2016 14:53:00,4516.0,1.08,1.08,1.08,1.08
09-13-2016 14:54:00,1482.0,1.08,1.08,1.08,1.08
09-13-2016 14:55:00,5800.0,1.08,1.09,1.08,1.09
09-13-2016 14:57:00,300.0,1.0848,1.0848,1.0848,1.0848
09-13-2016 14:58:00,300.0,1.08,1.08,1.08,1.08
09-13-2016 14:59:00,556.0,1.08,1.09,1.08,1.09
09-13-2016 15:00:00,167.0,1.06,1.06,1.06,1.06
09-14-2016 08:30:00,1000.0,1.08,1.08,1.08,1.08
09-14-2016 08:45:00,1000.0,1.05,1.05,1.05,1.05
09-14-2016 08:47:00,6675.0,1.07,1.08,1.0551,1.08
09-14-2016 08:57:00,100.0,1.06,1.06,1.06,1.06
09-14-2016 09:01:00,250.0,1.06,1.06,1.06,1.06
09-14-2016 09:07:00,2300.0,1.0711,1.0711,1.0711,1.0711
09-14-2016 09:08:00,2500.0,1.0601,1.0601,1.0601,1.0601
09-14-2016 09:16:00,100.0,1.07,1.07,1.07,1.07
09-14-2016 09:36:00,300.0,1.09,1.09,1.09,1.09
09-14-2016 09:38:00,100.0,1.08,1.08,1.08,1.08
09-14-2016 09:39:00,1150.0,1.09,1.09,1.09,1.09
09-14-2016 09:46:00,2301.0,1.095,1.095,1.09,1.09
09-14-2016 09:48:00,5000.0,1.09,1.0901,1.09,1.0901
09-14-2016 09:52:00,500.0,1.095,1.095,1.09,1.09
09-14-2016 09:58:00,520.0,1.0913,1.0913,1.0913,1.0913
09-14-2016 10:14:00,1600.0,1.0926,1.095,1.09,1.09
09-14-2016 10:16:00,2034.0,1.095,1.1,1.095,1.1
09-14-2016 10:18:00,300.0,1.1,1.11,1.1,1.11
09-14-2016 10:23:00,10000.0,1.11,1.11,1.11,1.11
09-14-2016 10:24:00,1000.0,1.105,1.105,1.105,1.105
09-14-2016 10:27:00,2500.0,1.11,1.11,1.11,1.11
09-14-2016 10:34:00,100.0,1.1,1.1,1.1,1.1
09-14-2016 10:37:00,1000.0,1.1,1.1,1.1,1.1
09-14-2016 10:39:00,5000.0,1.11,1.11,1.1099,1.1099
09-14-2016 10:40:00,2000.0,1.101,1.101,1.101,1.101
09-14-2016 10:42:00,200.0,1.11,1.11,1.11,1.11
09-14-2016 10:44:00,2163.0,1.11,1.11,1.11,1.11
09-14-2016 10:45:00,1100.0,1.12,1.13,1.12,1.12
09-14-2016 10:47:00,600.0,1.14,1.14,1.14,1.14
09-14-2016 10:49:00,10300.0,1.14,1.14,1.14,1.14
09-14-2016 10:50:00,600.0,1.14,1.14,1.14,1.14
09-14-2016 10:51:00,1000.0,1.1314,1.1314,1.1301,1.1301
09-14-2016 10:52:00,400.0,1.132,1.132,1.132,1.132
09-14-2016 10:53:00,100.0,1.14,1.14,1.14,1.14
09-14-2016 10:55:00,108.0,1.1317,1.1317,1.1317,1.1317
09-14-2016 10:58:00,100.0,1.1301,1.1301,1.1301,1.1301
09-14-2016 11:04:00,100.0,1.13,1.13,1.13,1.13
09-14-2016 11:08:00,2200.0,1.14,1.14,1.14,1.14
09-14-2016 11:16:00,100.0,1.13,1.13,1.13,1.13
09-14-2016 11:17:00,500.0,1.1307,1.1307,1.1307,1.1307
09-14-2016 11:19:00,500.0,1.14,1.14,1.14,1.14
09-14-2016 11:20:00,100.0,1.14,1.14,1.14,1.14
09-14-2016 11:22:00,2500.0,1.14,1.14,1.14,1.14
09-14-2016 11:23:00,19100.0,1.135,1.14,1.1,1.12
09-14-2016 11:24:00,100.0,1.13,1.13,1.13,1.13
09-14-2016 11:47:00,444.0,1.13,1.13,1.13,1.13
09-14-2016 11:52:00,200.0,1.135,1.1398,1.135,1.1398
09-14-2016 11:54:00,100.0,1.14,1.14,1.14,1.14
09-14-2016 11:55:00,100.0,1.14,1.14,1.14,1.14
09-14-2016 11:59:00,100.0,1.1399,1.1399,1.1399,1.1399
09-14-2016 12:10:00,200.0,1.14,1.14,1.1393,1.1393
09-14-2016 12:12:00,5320.0,1.14,1.14,1.1389,1.14
09-14-2016 12:15:00,315.0,1.1352,1.1352,1.1352,1.1352
09-14-2016 12:17:00,250.0,1.1364,1.1364,1.1364,1.1364
09-14-2016 12:19:00,100.0,1.14,1.14,1.14,1.14
09-14-2016 12:26:00,16296.0,1.14,1.16,1.13,1.16
09-14-2016 12:29:00,200.0,1.17,1.17,1.17,1.17
09-14-2016 12:33:00,2199.0,1.1601,1.1601,1.1601,1.1601
09-14-2016 12:34:00,1000.0,1.1627,1.1627,1.1627,1.1627
09-14-2016 12:42:00,3000.0,1.16,1.16,1.16,1.16
09-14-2016 12:44:00,1200.0,1.16,1.16,1.16,1.16
09-14-2016 12:50:00,100.0,1.1699,1.1699,1.1699,1.1699
09-14-2016 12:51:00,100.0,1.1601,1.1601,1.1601,1.1601
09-14-2016 12:58:00,5300.0,1.1636,1.1636,1.1636,1.1636
09-14-2016 13:05:00,5000.0,1.165,1.165,1.16,1.1612
09-14-2016 13:13:00,110.0,1.1684,1.1684,1.1684,1.1684
09-14-2016 13:14:00,700.0,1.165,1.165,1.16,1.16
09-14-2016 13:19:00,8300.0,1.165,1.165,1.16,1.1649
09-14-2016 13:20:00,856.0,1.16,1.1635,1.16,1.1635
09-14-2016 13:25:00,110.0,1.1664,1.1664,1.1664,1.1664
09-14-2016 13:28:00,1600.0,1.16,1.16,1.16,1.16
09-14-2016 13:39:00,300.0,1.15,1.16,1.15,1.16
09-14-2016 13:48:00,2000.0,1.15,1.15,1.12,1.13
09-14-2016 13:52:00,1327.0,1.1429,1.1429,1.1429,1.1429
09-14-2016 13:59:00,100.0,1.14,1.14,1.14,1.14
09-14-2016 14:02:00,300.0,1.14,1.14,1.14,1.14
09-14-2016 14:03:00,200.0,1.14,1.14,1.14,1.14
09-14-2016 14:06:00,200.0,1.14,1.14,1.14,1.14
09-14-2016 14:10:00,475.0,1.1483,1.1483,1.1483,1.1483
09-14-2016 14:11:00,200.0,1.15,1.15,1.14,1.14
09-14-2016 14:17:00,7400.0,1.15,1.15,1.14,1.14
09-14-2016 14:21:00,200.0,1.14,1.14,1.14,1.14
09-14-2016 14:29:00,100.0,1.14,1.14,1.14,1.14
09-14-2016 14:31:00,100.0,1.14,1.14,1.14,1.14
09-14-2016 14:32:00,100.0,1.14,1.14,1.14,1.14
09-14-2016 14:37:00,100.0,1.14,1.14,1.14,1.14
09-14-2016 14:41:00,5000.0,1.1401,1.1401,1.1401,1.1401
09-14-2016 14:47:00,2099.0,1.14,1.14,1.12,1.12
09-14-2016 14:48:00,100.0,1.12,1.12,1.12,1.12
09-14-2016 14:58:00,700.0,1.13,1.13,1.1201,1.1201
09-14-2016 14:59:00,100.0,1.14,1.14,1.14,1.14
09-14-2016 15:00:00,836.0,1.14,1.14,1.12,1.12
09-15-2016 08:30:00,527.0,1.13,1.13,1.13,1.13
09-15-2016 08:36:00,500.0,1.1699,1.1699,1.1699,1.1699
09-15-2016 08:53:00,4163.0,1.1699,1.1699,1.15,1.15
09-15-2016 08:55:00,1652.0,1.17,1.17,1.17,1.17
09-15-2016 08:56:00,500.0,1.1699,1.1699,1.1699,1.1699
09-15-2016 08:57:00,100.0,1.17,1.17,1.17,1.17
09-15-2016 09:00:00,200.0,1.14,1.17,1.14,1.17
09-15-2016 09:10:00,1000.0,1.155,1.155,1.155,1.155
09-15-2016 09:14:00,2500.0,1.1501,1.1501,1.1501,1.1501
09-15-2016 09:19:00,100.0,1.16,1.16,1.16,1.16
09-15-2016 09:24:00,200.0,1.16,1.16,1.16,1.16
09-15-2016 09:28:00,200.0,1.15,1.16,1.15,1.16
09-15-2016 09:29:00,600.0,1.1501,1.1501,1.1501,1.1501
09-15-2016 09:31:00,5300.0,1.1501,1.1501,1.1501,1.1501
09-15-2016 09:32:00,122.0,1.16,1.16,1.16,1.16
09-15-2016 09:35:00,21900.0,1.15,1.15,1.14,1.14
09-15-2016 09:39:00,1000.0,1.14,1.14,1.13,1.13
09-15-2016 09:47:00,500.0,1.1426,1.1426,1.1426,1.1426
09-15-2016 09:54:00,459.0,1.15,1.15,1.15,1.15
09-15-2016 09:58:00,858.0,1.1459,1.1459,1.144,1.144
09-15-2016 10:03:00,800.0,1.1499,1.1499,1.1499,1.1499
09-15-2016 10:13:00,3000.0,1.15,1.16,1.15,1.16
09-15-2016 10:18:00,3920.0,1.1401,1.15,1.1401,1.15
09-15-2016 10:21:00,2990.0,1.155,1.155,1.15,1.15
09-15-2016 10:25:00,4700.0,1.1499,1.15,1.1499,1.15
09-15-2016 10:35:00,200.0,1.14,1.145,1.14,1.145
09-15-2016 10:41:00,1500.0,1.1416,1.1416,1.1416,1.1416
09-15-2016 10:43:00,100.0,1.15,1.15,1.15,1.15
09-15-2016 10:47:00,3580.0,1.1401,1.1401,1.14,1.14
09-15-2016 10:55:00,9560.0,1.15,1.15,1.149,1.149
09-15-2016 11:05:00,100.0,1.14,1.14,1.14,1.14
09-15-2016 11:16:00,400.0,1.15,1.15,1.1405,1.1405
09-15-2016 11:21:00,100.0,1.159,1.159,1.159,1.159
09-15-2016 11:22:00,1465.0,1.16,1.16,1.16,1.16
09-15-2016 11:23:00,100.0,1.15,1.15,1.15,1.15
09-15-2016 11:35:00,100.0,1.14,1.14,1.14,1.14
09-15-2016 11:45:00,4420.0,1.15,1.15,1.14,1.14
09-15-2016 11:54:00,100.0,1.145,1.145,1.145,1.145
09-15-2016 11:59:00,100.0,1.16,1.16,1.16,1.16
09-15-2016 12:16:00,100.0,1.16,1.16,1.16,1.16
09-15-2016 12:18:00,100.0,1.15,1.15,1.15,1.15
09-15-2016 12:20:00,49060.0,1.16,1.24,1.16,1.23
09-15-2016 12:21:00,2250.0,1.2151,1.2395,1.2151,1.2395
09-15-2016 12:22:00,6490.0,1.235,1.245,1.23,1.24
09-15-2016 12:23:00,2500.0,1.24,1.24,1.22,1.22
09-15-2016 12:24:00,16132.0,1.23,1.25,1.09,1.1699
09-15-2016 12:25:00,900.0,1.18,1.2,1.18,1.2
09-15-2016 12:26:00,100.0,1.2,1.2,1.2,1.2
09-15-2016 12:32:00,1300.0,1.1701,1.1701,1.1701,1.1701
09-15-2016 12:37:00,655.0,1.1742,1.1742,1.1742,1.1742
09-15-2016 12:50:00,500.0,1.2,1.2,1.19,1.2
09-15-2016 12:59:00,2191.0,1.18,1.1914,1.18,1.1914
09-15-2016 13:01:00,500.0,1.18,1.18,1.18,1.18
09-15-2016 13:14:00,100.0,1.18,1.18,1.18,1.18
09-15-2016 13:15:00,100.0,1.18,1.18,1.18,1.18
09-15-2016 13:17:00,1000.0,1.179,1.179,1.179,1.179
09-15-2016 13:29:00,2300.0,1.18,1.18,1.175,1.175
09-15-2016 13:31:00,1909.0,1.18,1.18,1.18,1.18
09-15-2016 13:37:00,100.0,1.16,1.16,1.16,1.16
09-15-2016 13:41:00,200.0,1.175,1.175,1.17,1.17
09-15-2016 13:42:00,1357.0,1.18,1.18,1.17,1.18
09-15-2016 13:52:00,300.0,1.18,1.18,1.18,1.18
09-15-2016 13:59:00,300.0,1.17,1.17,1.17,1.17
09-15-2016 14:03:00,2000.0,1.18,1.18,1.1752,1.1752
09-15-2016 14:08:00,100.0,1.17,1.17,1.17,1.17
09-15-2016 14:15:00,100.0,1.18,1.18,1.18,1.18
09-15-2016 14:30:00,889.0,1.171,1.171,1.171,1.171
09-15-2016 14:38:00,6700.0,1.18,1.19,1.18,1.19
09-15-2016 14:39:00,100.0,1.19,1.19,1.19,1.19
09-15-2016 14:40:00,200.0,1.195,1.195,1.19,1.19
09-15-2016 14:41:00,100.0,1.2,1.2,1.2,1.2
09-15-2016 14:42:00,7700.0,1.199,1.2,1.1937,1.2
09-15-2016 14:44:00,3000.0,1.2,1.2,1.2,1.2
09-15-2016 14:46:00,2500.0,1.2,1.2,1.2,1.2
09-15-2016 14:47:00,100.0,1.2,1.2,1.2,1.2
09-15-2016 14:48:00,5000.0,1.2,1.2,1.2,1.2
09-15-2016 14:49:00,1500.0,1.1901,1.1901,1.1901,1.1901
09-15-2016 14:50:00,700.0,1.19,1.19,1.19,1.19
09-15-2016 14:51:00,600.0,1.19,1.19,1.19,1.19
09-15-2016 14:52:00,1400.0,1.18,1.18,1.18,1.18
09-15-2016 14:56:00,100.0,1.2,1.2,1.2,1.2
09-15-2016 14:58:00,700.0,1.195,1.195,1.19,1.19
09-15-2016 14:59:00,9916.0,1.18,1.18,1.18,1.18
09-15-2016 15:00:00,200.0,1.2,1.2,1.2,1.2
09-16-2016 08:30:00,100.0,1.21,1.21,1.21,1.21
09-16-2016 08:31:00,1000.0,1.2,1.2,1.2,1.2
09-16-2016 08:34:00,650.0,1.2199,1.2199,1.2199,1.2199
09-16-2016 08:37:00,800.0,1.1937,1.22,1.1937,1.22
09-16-2016 08:42:00,200.0,1.2,1.2,1.2,1.2
09-16-2016 08:48:00,200.0,1.19,1.19,1.19,1.19
09-16-2016 08:51:00,100.0,1.19,1.19,1.19,1.19
09-16-2016 08:56:00,100.0,1.19,1.19,1.19,1.19
09-16-2016 08:57:00,600.0,1.19,1.19,1.19,1.19
09-16-2016 09:00:00,9906.0,1.18,1.18,1.17,1.17
09-16-2016 09:01:00,508.0,1.181,1.181,1.181,1.181
09-16-2016 09:03:00,100.0,1.18,1.18,1.18,1.18
09-16-2016 09:05:00,499.0,1.1851,1.1851,1.1851,1.1851
09-16-2016 09:12:00,500.0,1.1601,1.1601,1.1601,1.1601
09-16-2016 09:15:00,200.0,1.16,1.16,1.16,1.16
09-16-2016 09:17:00,100.0,1.2,1.2,1.2,1.2
09-16-2016 09:19:00,110.0,1.1848,1.1848,1.1848,1.1848
09-16-2016 09:29:00,560.0,1.182,1.182,1.182,1.182
09-16-2016 09:31:00,100.0,1.18,1.18,1.18,1.18
09-16-2016 09:42:00,100.0,1.17,1.17,1.17,1.17
09-16-2016 09:52:00,100.0,1.19,1.19,1.19,1.19
09-16-2016 10:06:00,2000.0,1.1741,1.1741,1.1741,1.1741
09-16-2016 10:07:00,100.0,1.17,1.17,1.17,1.17
09-16-2016 10:23:00,20000.0,1.16,1.16,1.13,1.13
09-16-2016 10:24:00,300.0,1.17,1.17,1.17,1.17
09-16-2016 10:58:00,12900.0,1.15,1.15,1.13,1.13
09-16-2016 10:59:00,100.0,1.15,1.15,1.15,1.15
09-16-2016 11:00:00,100.0,1.15,1.15,1.15,1.15
09-16-2016 11:01:00,100.0,1.14,1.14,1.14,1.14
09-16-2016 11:04:00,100.0,1.15,1.15,1.15,1.15
09-16-2016 11:07:00,100.0,1.17,1.17,1.17,1.17
09-16-2016 11:11:00,100.0,1.13,1.13,1.13,1.13
09-16-2016 11:17:00,10400.0,1.17,1.17,1.14,1.14
09-16-2016 11:18:00,300.0,1.17,1.19,1.17,1.19
09-16-2016 11:33:00,100.0,1.17,1.17,1.17,1.17
09-16-2016 11:52:00,200.0,1.16,1.16,1.16,1.16
09-16-2016 12:01:00,100.0,1.15,1.15,1.15,1.15
09-16-2016 12:04:00,2400.0,1.1401,1.1401,1.1401,1.1401
09-16-2016 12:08:00,3000.0,1.14,1.14,1.14,1.14
09-16-2016 12:18:00,5200.0,1.1595,1.1595,1.15,1.15
09-16-2016 12:21:00,100.0,1.17,1.17,1.17,1.17
09-16-2016 12:23:00,200.0,1.15,1.15,1.14,1.14
09-16-2016 12:30:00,1000.0,1.1501,1.1501,1.1501,1.1501
09-16-2016 12:32:00,600.0,1.16,1.16,1.16,1.16
09-16-2016 12:39:00,1300.0,1.17,1.17,1.1613,1.1613
09-16-2016 12:42:00,100.0,1.16,1.16,1.16,1.16
09-16-2016 12:50:00,2000.0,1.169,1.17,1.165,1.168
09-16-2016 12:51:00,2000.0,1.165,1.165,1.165,1.165
09-16-2016 13:08:00,475.0,1.16,1.16,1.16,1.16
09-16-2016 13:11:00,200.0,1.15,1.15,1.15,1.15
09-16-2016 13:22:00,100.0,1.17,1.17,1.17,1.17
09-16-2016 13:27:00,900.0,1.17,1.17,1.17,1.17
09-16-2016 13:30:00,300.0,1.17,1.17,1.16,1.16
09-16-2016 13:38:00,31288.0,1.161,1.161,1.121,1.121
09-16-2016 13:42:00,100.0,1.15,1.15,1.15,1.15
09-16-2016 13:51:00,2400.0,1.1301,1.1301,1.1301,1.1301
09-16-2016 13:59:00,100.0,1.17,1.17,1.17,1.17
09-16-2016 14:09:00,200.0,1.16,1.16,1.16,1.16
09-16-2016 14:31:00,100.0,1.1601,1.1601,1.1601,1.1601
09-16-2016 14:37:00,200.0,1.15,1.15,1.15,1.15
09-16-2016 14:46:00,800.0,1.16,1.17,1.16,1.17
09-16-2016 14:50:00,2900.0,1.15,1.17,1.15,1.17
09-16-2016 14:51:00,3558.0,1.17,1.17,1.16,1.17
09-16-2016 14:52:00,200.0,1.18,1.19,1.18,1.19
09-16-2016 14:55:00,2300.0,1.18,1.18,1.16,1.169
09-16-2016 14:56:00,100.0,1.17,1.17,1.17,1.17
09-16-2016 14:57:00,4790.0,1.17,1.17,1.165,1.17
09-16-2016 14:58:00,110.0,1.1601,1.1601,1.1601,1.1601
09-16-2016 14:59:00,100.0,1.18,1.18,1.18,1.18
09-16-2016 15:00:00,31880.0,1.16,1.18,1.16,1.18
09-19-2016 08:30:00,5080.0,1.17,1.17,1.17,1.17
09-19-2016 08:32:00,4812.0,1.18,1.1865,1.14,1.14
09-19-2016 08:33:00,6949.0,1.15,1.16,1.15,1.15
09-19-2016 08:35:00,10000.0,1.17,1.22,1.17,1.22
09-19-2016 08:37:00,1679.0,1.2,1.2,1.2,1.2
09-19-2016 08:38:00,200.0,1.2,1.2,1.2,1.2
09-19-2016 08:39:00,1300.0,1.205,1.205,1.17,1.17
09-19-2016 08:40:00,300.0,1.1716,1.1716,1.1716,1.1716
09-19-2016 08:44:00,1500.0,1.17,1.17,1.17,1.17
09-19-2016 08:50:00,100.0,1.17,1.17,1.17,1.17
09-19-2016 08:52:00,100.0,1.17,1.17,1.17,1.17
09-19-2016 08:53:00,100.0,1.19,1.19,1.19,1.19
09-19-2016 08:55:00,2800.0,1.18,1.18,1.18,1.18
09-19-2016 08:56:00,100.0,1.18,1.18,1.18,1.18
09-19-2016 08:59:00,600.0,1.18,1.18,1.18,1.18
09-19-2016 09:32:00,2550.0,1.15,1.15,1.15,1.15
09-19-2016 09:34:00,6300.0,1.1501,1.179,1.1501,1.179
09-19-2016 09:40:00,1000.0,1.18,1.18,1.18,1.18
09-19-2016 09:54:00,1000.0,1.17,1.17,1.15,1.15
09-19-2016 10:09:00,100.0,1.15,1.15,1.15,1.15
09-19-2016 10:13:00,1000.0,1.17,1.17,1.1695,1.1695
09-19-2016 10:33:00,100.0,1.17,1.17,1.17,1.17
09-19-2016 10:40:00,100.0,1.16,1.16,1.16,1.16
09-19-2016 10:41:00,150.0,1.1501,1.1501,1.1501,1.1501
09-19-2016 10:57:00,3000.0,1.16,1.16,1.16,1.16
09-19-2016 11:01:00,800.0,1.16,1.16,1.16,1.16
09-19-2016 11:03:00,100.0,1.16,1.16,1.16,1.16
09-19-2016 11:19:00,6000.0,1.15,1.15,1.14,1.14
09-19-2016 11:21:00,200.0,1.15,1.15,1.15,1.15
09-19-2016 11:25:00,300.0,1.15,1.1595,1.15,1.1595
09-19-2016 11:33:00,500.0,1.15,1.15,1.14,1.15
09-19-2016 11:38:00,1100.0,1.1527,1.1527,1.1527,1.1527
09-19-2016 11:48:00,4220.0,1.1541,1.1541,1.1541,1.1541
09-19-2016 12:02:00,100.0,1.14,1.14,1.14,1.14
09-19-2016 12:03:00,2000.0,1.145,1.16,1.145,1.16
09-19-2016 12:22:00,1000.0,1.15,1.15,1.15,1.15
09-19-2016 12:23:00,100.0,1.15,1.15,1.15,1.15
09-19-2016 12:27:00,100.0,1.15,1.15,1.15,1.15
09-19-2016 12:33:00,200.0,1.15,1.15,1.15,1.15
09-19-2016 12:48:00,10860.0,1.16,1.17,1.16,1.17
09-19-2016 13:05:00,250.0,1.1501,1.1501,1.1501,1.1501
09-19-2016 13:06:00,5942.0,1.17,1.18,1.1583,1.18
09-19-2016 13:07:00,850.0,1.1678,1.1678,1.1678,1.1678
09-19-2016 13:11:00,400.0,1.17,1.17,1.17,1.17
09-19-2016 13:14:00,6000.0,1.17,1.17,1.1651,1.1651
09-19-2016 13:20:00,200.0,1.15,1.15,1.15,1.15
09-19-2016 13:30:00,12500.0,1.15,1.15,1.15,1.15
09-19-2016 13:49:00,100.0,1.15,1.15,1.15,1.15
09-19-2016 14:08:00,100.0,1.16,1.16,1.16,1.16
09-19-2016 14:10:00,100.0,1.17,1.17,1.17,1.17
09-19-2016 14:12:00,1000.0,1.17,1.17,1.17,1.17
09-19-2016 14:13:00,100.0,1.15,1.15,1.15,1.15
09-19-2016 14:21:00,5900.0,1.16,1.1601,1.15,1.15
09-19-2016 14:25:00,100.0,1.15,1.15,1.15,1.15
09-19-2016 14:26:00,175.0,1.16,1.16,1.16,1.16
09-19-2016 14:27:00,4525.0,1.16,1.16,1.15,1.15
09-19-2016 14:34:00,2000.0,1.141,1.141,1.141,1.141
09-19-2016 14:37:00,10950.0,1.14,1.14,1.14,1.14
09-19-2016 14:40:00,100.0,1.12,1.12,1.12,1.12
09-19-2016 14:41:00,400.0,1.123,1.123,1.123,1.123
09-19-2016 14:52:00,900.0,1.1363,1.1363,1.12,1.12
09-19-2016 14:57:00,100.0,1.13,1.13,1.13,1.13
09-19-2016 15:00:00,286.0,1.12,1.12,1.12,1.12
09-20-2016 08:36:00,100.0,1.14,1.14,1.14,1.14
09-20-2016 08:44:00,3570.0,1.1101,1.1115,1.1101,1.1115
09-20-2016 08:49:00,800.0,1.12,1.12,1.12,1.12
09-20-2016 08:55:00,1000.0,1.1406,1.1406,1.1406,1.1406
09-20-2016 09:05:00,6000.0,1.1341,1.1341,1.1341,1.1341
09-20-2016 09:13:00,4600.0,1.1301,1.1301,1.1301,1.1301
09-20-2016 09:14:00,25338.0,1.13,1.13,1.09,1.09
09-20-2016 09:18:00,5100.0,1.13,1.1357,1.13,1.1357
09-20-2016 09:22:00,500.0,1.1312,1.1312,1.1312,1.1312
09-20-2016 09:29:00,100.0,1.13,1.13,1.13,1.13
09-20-2016 09:32:00,11400.0,1.13,1.16,1.13,1.13
09-20-2016 09:50:00,500.0,1.125,1.125,1.125,1.125
09-20-2016 09:54:00,100.0,1.12,1.12,1.12,1.12
09-20-2016 09:59:00,100.0,1.15,1.15,1.15,1.15
09-20-2016 10:00:00,100.0,1.13,1.13,1.13,1.13
09-20-2016 10:02:00,100.0,1.13,1.13,1.13,1.13
09-20-2016 10:05:00,500.0,1.1301,1.1301,1.1301,1.1301
09-20-2016 10:09:00,1000.0,1.13,1.13,1.13,1.13
09-20-2016 10:12:00,100.0,1.13,1.13,1.13,1.13
09-20-2016 10:16:00,100.0,1.15,1.15,1.15,1.15
09-20-2016 10:24:00,1000.0,1.1472,1.1472,1.1472,1.1472
09-20-2016 10:25:00,100.0,1.15,1.15,1.15,1.15
09-20-2016 10:39:00,100.0,1.14,1.14,1.14,1.14
09-20-2016 10:46:00,1675.0,1.15,1.15,1.1401,1.1401
09-20-2016 11:19:00,5200.0,1.14,1.14,1.13,1.13
09-20-2016 11:26:00,8400.0,1.128,1.128,1.128,1.128
09-20-2016 11:51:00,100.0,1.12,1.12,1.12,1.12
09-20-2016 11:54:00,1816.0,1.12,1.1201,1.12,1.12
09-20-2016 12:49:00,450.0,1.12,1.127,1.12,1.127
09-20-2016 12:59:00,300.0,1.12,1.12,1.11,1.12
09-20-2016 13:16:00,200.0,1.11,1.12,1.11,1.12
09-20-2016 13:30:00,1900.0,1.13,1.13,1.12,1.12
09-20-2016 13:44:00,7867.0,1.11,1.13,1.1,1.12
09-20-2016 13:57:00,100.0,1.13,1.13,1.13,1.13
09-20-2016 14:08:00,5200.0,1.1205,1.13,1.1205,1.13
09-20-2016 14:09:00,200.0,1.11,1.11,1.11,1.11
09-20-2016 14:24:00,100.0,1.11,1.11,1.11,1.11
09-20-2016 14:36:00,100.0,1.11,1.11,1.11,1.11
09-20-2016 14:46:00,800.0,1.12,1.12,1.12,1.12
09-20-2016 14:51:00,100.0,1.11,1.11,1.11,1.11
09-20-2016 14:56:00,100.0,1.12,1.12,1.12,1.12
09-20-2016 15:00:00,1927.0,1.12,1.12,1.11,1.11
09-21-2016 08:30:00,506.0,1.1,1.1,1.1,1.1
09-21-2016 08:37:00,400.0,1.13,1.13,1.13,1.13
09-21-2016 08:38:00,200.0,1.14,1.14,1.14,1.14
09-21-2016 09:07:00,1100.0,1.13,1.1599,1.13,1.1599
09-21-2016 09:12:00,1100.0,1.16,1.16,1.16,1.16
09-21-2016 09:16:00,5000.0,1.146,1.146,1.146,1.146
09-21-2016 09:25:00,1000.0,1.16,1.16,1.16,1.16
09-21-2016 09:26:00,100.0,1.15,1.15,1.15,1.15
09-21-2016 09:41:00,16600.0,1.15,1.15,1.13,1.13
09-21-2016 09:46:00,400.0,1.15,1.15,1.15,1.15
09-21-2016 09:58:00,435.0,1.1499,1.1499,1.1499,1.1499
09-21-2016 10:17:00,200.0,1.1405,1.1405,1.1405,1.1405
09-21-2016 10:29:00,700.0,1.13,1.14,1.13,1.14
09-21-2016 10:48:00,100.0,1.12,1.12,1.12,1.12
09-21-2016 11:23:00,800.0,1.12,1.12,1.12,1.12
09-21-2016 11:24:00,100.0,1.11,1.11,1.11,1.11
09-21-2016 11:25:00,14200.0,1.11,1.12,1.1,1.1
09-21-2016 11:26:00,500.0,1.1099,1.1099,1.1,1.1
09-21-2016 11:28:00,500.0,1.1058,1.1058,1.1058,1.1058
09-21-2016 11:48:00,445.0,1.1034,1.1034,1.1034,1.1034
09-21-2016 11:52:00,2854.0,1.1035,1.1035,1.1,1.1
09-21-2016 12:05:00,100.0,1.1,1.1,1.1,1.1
09-21-2016 12:09:00,866.0,1.1033,1.11,1.1,1.1
09-21-2016 12:23:00,2000.0,1.1033,1.1033,1.1,1.1
09-21-2016 12:28:00,100.0,1.11,1.11,1.11,1.11
09-21-2016 12:33:00,100.0,1.1,1.1,1.1,1.1
09-21-2016 12:52:00,100.0,1.1,1.1,1.1,1.1
09-21-2016 13:04:00,119.0,1.11,1.11,1.11,1.11
09-21-2016 13:07:00,900.0,1.11,1.11,1.11,1.11
09-21-2016 13:08:00,100.0,1.11,1.11,1.11,1.11
09-21-2016 13:16:00,2900.0,1.1101,1.1101,1.1101,1.1101
09-21-2016 13:51:00,11900.0,1.12,1.12,1.12,1.12
09-21-2016 13:52:00,100.0,1.14,1.14,1.14,1.14
09-21-2016 13:54:00,200.0,1.13,1.13,1.13,1.13
09-21-2016 13:59:00,1100.0,1.14,1.1446,1.14,1.1446
09-21-2016 14:05:00,1000.0,1.1457,1.1457,1.1457,1.1457
09-21-2016 14:07:00,500.0,1.15,1.15,1.15,1.15
09-21-2016 14:09:00,300.0,1.15,1.15,1.15,1.15
09-21-2016 14:15:00,2355.0,1.15,1.15,1.14,1.15
09-21-2016 14:19:00,12000.0,1.159,1.16,1.1401,1.15
09-21-2016 14:22:00,10795.0,1.16,1.16,1.155,1.16
09-21-2016 14:27:00,2885.0,1.16,1.16,1.1538,1.1538
09-21-2016 14:30:00,10300.0,1.16,1.16,1.16,1.16
09-21-2016 14:35:00,1400.0,1.15,1.16,1.15,1.16
09-21-2016 14:36:00,200.0,1.16,1.16,1.16,1.16
09-21-2016 14:37:00,400.0,1.16,1.16,1.1551,1.1551
09-21-2016 14:39:00,100.0,1.16,1.16,1.16,1.16
09-21-2016 14:46:00,300.0,1.16,1.16,1.16,1.16
09-21-2016 14:47:00,2000.0,1.17,1.17,1.1601,1.1601
09-21-2016 14:49:00,1200.0,1.1699,1.17,1.1699,1.17
09-21-2016 14:50:00,681.0,1.17,1.17,1.17,1.17
09-21-2016 14:53:00,1263.0,1.17,1.17,1.17,1.17
09-21-2016 14:56:00,100.0,1.16,1.16,1.16,1.16
09-21-2016 14:58:00,200.0,1.17,1.17,1.17,1.17
09-21-2016 14:59:00,2145.0,1.16,1.16,1.15,1.15
09-21-2016 15:00:00,2456.0,1.14,1.14,1.13,1.13
09-22-2016 08:30:00,1000.0,1.17,1.17,1.17,1.17
09-22-2016 08:46:00,2660.0,1.17,1.17,1.17,1.17
09-22-2016 08:50:00,100.0,1.1421,1.1421,1.1421,1.1421
09-22-2016 08:51:00,100.0,1.17,1.17,1.17,1.17
09-22-2016 08:52:00,400.0,1.17,1.17,1.17,1.17
09-22-2016 08:58:00,4784.0,1.17,1.19,1.17,1.19
09-22-2016 08:59:00,150.0,1.186,1.186,1.186,1.186
09-22-2016 09:00:00,850.0,1.189,1.189,1.185,1.185
09-22-2016 09:01:00,300.0,1.1839,1.1839,1.1839,1.1839
09-22-2016 09:03:00,300.0,1.18,1.18,1.18,1.18
09-22-2016 09:05:00,1000.0,1.1859,1.1859,1.1859,1.1859
09-22-2016 09:07:00,500.0,1.1887,1.1887,1.1887,1.1887
09-22-2016 09:10:00,100.0,1.185,1.185,1.185,1.185
09-22-2016 09:12:00,746.0,1.181,1.181,1.181,1.181
09-22-2016 09:15:00,200.0,1.1899,1.1899,1.1899,1.1899
09-22-2016 09:18:00,1000.0,1.1899,1.1899,1.1899,1.1899
09-22-2016 09:20:00,14044.0,1.186,1.186,1.18,1.18
09-22-2016 09:21:00,7300.0,1.18,1.18,1.17,1.1742
09-22-2016 09:22:00,200.0,1.17,1.17,1.13,1.13
09-22-2016 09:29:00,160.0,1.13,1.13,1.13,1.13
09-22-2016 09:34:00,2700.0,1.15,1.1682,1.15,1.1682
09-22-2016 09:40:00,1200.0,1.1799,1.1799,1.1799,1.1799
09-22-2016 09:41:00,6000.0,1.1655,1.1655,1.1655,1.1655
09-22-2016 09:42:00,2300.0,1.18,1.18,1.17,1.17
09-22-2016 09:48:00,3000.0,1.1701,1.1701,1.17,1.17
09-22-2016 09:53:00,6200.0,1.17,1.1799,1.17,1.1799
09-22-2016 10:16:00,1700.0,1.18,1.18,1.18,1.18
09-22-2016 10:17:00,300.0,1.18,1.18,1.18,1.18
09-22-2016 10:18:00,100.0,1.18,1.18,1.18,1.18
09-22-2016 10:19:00,300.0,1.18,1.18,1.18,1.18
09-22-2016 10:20:00,300.0,1.18,1.18,1.18,1.18
09-22-2016 10:32:00,100.0,1.18,1.18,1.18,1.18
09-22-2016 10:33:00,100.0,1.17,1.17,1.17,1.17
09-22-2016 10:36:00,900.0,1.18,1.18,1.18,1.18
09-22-2016 10:37:00,100.0,1.18,1.18,1.18,1.18
09-22-2016 11:02:00,500.0,1.18,1.18,1.18,1.18
09-22-2016 11:07:00,1100.0,1.17,1.17,1.17,1.17
09-22-2016 11:15:00,400.0,1.1752,1.1752,1.1752,1.1752
09-22-2016 11:24:00,100.0,1.16,1.16,1.16,1.16
09-22-2016 11:52:00,100.0,1.17,1.17,1.17,1.17
09-22-2016 12:16:00,248.0,1.175,1.175,1.175,1.175
09-22-2016 12:22:00,200.0,1.18,1.18,1.1765,1.1765
09-22-2016 12:25:00,7900.0,1.18,1.18,1.179,1.179
09-22-2016 12:35:00,800.0,1.18,1.18,1.18,1.18
09-22-2016 12:36:00,400.0,1.18,1.18,1.18,1.18
09-22-2016 12:41:00,300.0,1.18,1.18,1.18,1.18
09-22-2016 12:48:00,200.0,1.17,1.17,1.17,1.17
09-22-2016 12:52:00,100.0,1.18,1.18,1.18,1.18
09-22-2016 13:25:00,700.0,1.17,1.17,1.17,1.17
09-22-2016 13:41:00,300.0,1.1699,1.1699,1.1699,1.1699
09-22-2016 13:50:00,100.0,1.16,1.16,1.16,1.16
09-22-2016 14:22:00,100.0,1.18,1.18,1.18,1.18
09-22-2016 14:23:00,100.0,1.18,1.18,1.18,1.18
09-22-2016 14:25:00,2100.0,1.18,1.18,1.175,1.18
09-22-2016 14:27:00,100.0,1.19,1.19,1.19,1.19
09-22-2016 14:30:00,2280.0,1.1822,1.1822,1.1822,1.1822
09-22-2016 14:31:00,1250.0,1.1701,1.1701,1.1701,1.1701
09-22-2016 14:35:00,1200.0,1.1782,1.1782,1.1782,1.1782
09-22-2016 14:36:00,1400.0,1.18,1.18,1.18,1.18
09-22-2016 14:38:00,300.0,1.18,1.18,1.18,1.18
09-22-2016 14:39:00,100.0,1.18,1.18,1.18,1.18
09-22-2016 14:41:00,700.0,1.17,1.18,1.17,1.18
09-22-2016 14:44:00,100.0,1.17,1.17,1.17,1.17
09-22-2016 14:50:00,2000.0,1.1775,1.1775,1.1775,1.1775
09-22-2016 14:51:00,1000.0,1.18,1.18,1.18,1.18
09-22-2016 14:53:00,100.0,1.18,1.18,1.18,1.18
09-22-2016 14:54:00,4800.0,1.17,1.17,1.17,1.17
09-22-2016 14:55:00,1900.0,1.16,1.1614,1.16,1.1614
09-22-2016 14:57:00,2100.0,1.15,1.15,1.15,1.15
09-22-2016 14:58:00,110.0,1.16,1.16,1.16,1.16
09-22-2016 15:00:00,1664.0,1.15,1.15,1.15,1.15
09-23-2016 08:36:00,1400.0,1.15,1.15,1.15,1.15
09-23-2016 08:37:00,500.0,1.15,1.15,1.15,1.15
09-23-2016 08:39:00,2204.0,1.1472,1.15,1.1472,1.15
09-23-2016 08:44:00,3000.0,1.16,1.164,1.15,1.164
09-23-2016 08:45:00,200.0,1.18,1.1895,1.18,1.1895
09-23-2016 09:07:00,4000.0,1.184,1.184,1.184,1.184
09-23-2016 09:12:00,1000.0,1.18,1.18,1.18,1.18
09-23-2016 09:16:00,100.0,1.18,1.18,1.18,1.18
09-23-2016 09:26:00,100.0,1.17,1.17,1.17,1.17
09-23-2016 09:35:00,600.0,1.17,1.1735,1.17,1.1735
09-23-2016 09:37:00,13158.0,1.17,1.17,1.16,1.17
09-23-2016 09:45:00,200.0,1.16,1.16,1.16,1.16
09-23-2016 09:54:00,3000.0,1.1683,1.1683,1.1683,1.1683
09-23-2016 10:08:00,100.0,1.17,1.17,1.17,1.17
09-23-2016 10:14:00,1000.0,1.1799,1.1799,1.1799,1.1799
09-23-2016 10:29:00,100.0,1.16,1.16,1.16,1.16
09-23-2016 10:39:00,5000.0,1.1701,1.1701,1.1701,1.1701
09-23-2016 10:44:00,100.0,1.17,1.17,1.17,1.17
09-23-2016 11:06:00,200.0,1.16,1.16,1.16,1.16
09-23-2016 11:12:00,4500.0,1.17,1.17,1.16,1.16
09-23-2016 11:25:00,100.0,1.15,1.15,1.15,1.15
09-23-2016 11:32:00,1200.0,1.155,1.159,1.155,1.159
09-23-2016 11:35:00,200.0,1.15,1.15,1.15,1.15
09-23-2016 11:41:00,13800.0,1.15,1.16,1.15,1.1549
09-23-2016 11:51:00,100.0,1.14,1.14,1.14,1.14
09-23-2016 11:52:00,500.0,1.15,1.15,1.15,1.15
09-23-2016 12:30:00,100.0,1.14,1.14,1.14,1.14
09-23-2016 12:47:00,100.0,1.14,1.14,1.14,1.14
09-23-2016 13:04:00,100.0,1.14,1.14,1.14,1.14
09-23-2016 13:18:00,100.0,1.13,1.13,1.13,1.13
09-23-2016 13:24:00,100.0,1.14,1.14,1.14,1.14
09-23-2016 13:36:00,2354.0,1.1464,1.1464,1.1464,1.1464
09-23-2016 13:38:00,100.0,1.1491,1.1491,1.1491,1.1491
09-23-2016 13:52:00,100.0,1.14,1.14,1.14,1.14
09-23-2016 13:57:00,3200.0,1.15,1.15,1.145,1.145
09-23-2016 13:58:00,100.0,1.14,1.14,1.14,1.14
09-23-2016 13:59:00,5000.0,1.1452,1.1452,1.1452,1.1452
09-23-2016 14:00:00,100.0,1.13,1.13,1.13,1.13
09-23-2016 14:01:00,200.0,1.14,1.14,1.14,1.14
09-23-2016 14:05:00,400.0,1.15,1.15,1.15,1.15
09-23-2016 14:06:00,100.0,1.15,1.15,1.15,1.15
09-23-2016 14:16:00,100.0,1.14,1.14,1.14,1.14
09-23-2016 14:21:00,2000.0,1.15,1.15,1.15,1.15
09-23-2016 14:33:00,100.0,1.15,1.15,1.15,1.15
09-23-2016 14:36:00,600.0,1.16,1.16,1.16,1.16
09-23-2016 14:39:00,100.0,1.15,1.15,1.15,1.15
09-23-2016 14:49:00,590.0,1.1542,1.1542,1.1542,1.1542
09-23-2016 14:50:00,100.0,1.15,1.15,1.15,1.15
09-23-2016 14:52:00,500.0,1.16,1.16,1.16,1.16
09-23-2016 14:54:00,100.0,1.16,1.16,1.16,1.16
09-23-2016 14:55:00,100.0,1.16,1.16,1.16,1.16
09-23-2016 14:56:00,100.0,1.16,1.16,1.16,1.16
09-23-2016 14:59:00,1800.0,1.15,1.15,1.15,1.15
09-23-2016 15:00:00,1302.0,1.17,1.17,1.17,1.17
09-26-2016 08:30:00,20180.0,1.1,1.1,1.1,1.1
09-26-2016 08:31:00,600.0,1.14,1.14,1.13,1.13
09-26-2016 08:34:00,100.0,1.16,1.16,1.16,1.16
09-26-2016 08:38:00,200.0,1.16,1.17,1.16,1.17
09-26-2016 08:41:00,2400.0,1.173,1.173,1.17,1.17
09-26-2016 08:55:00,100.0,1.17,1.17,1.17,1.17
09-26-2016 08:58:00,200.0,1.17,1.17,1.17,1.17
09-26-2016 08:59:00,450.0,1.17,1.17,1.17,1.17
09-26-2016 09:10:00,300.0,1.1549,1.1549,1.1549,1.1549
09-26-2016 09:14:00,500.0,1.13,1.13,1.13,1.13
09-26-2016 09:16:00,1305.0,1.1599,1.1599,1.1599,1.1599
09-26-2016 09:35:00,1000.0,1.1599,1.1599,1.1599,1.1599
09-26-2016 09:36:00,100.0,1.13,1.13,1.13,1.13
09-26-2016 09:47:00,100.0,1.14,1.14,1.14,1.14
09-26-2016 10:10:00,100.0,1.13,1.13,1.13,1.13
09-26-2016 10:20:00,3300.0,1.12,1.12,1.12,1.12
09-26-2016 11:02:00,300.0,1.12,1.12,1.12,1.12
09-26-2016 11:11:00,6300.0,1.12,1.1291,1.12,1.1291
09-26-2016 11:12:00,6200.0,1.1282,1.14,1.1282,1.1282
09-26-2016 11:13:00,6500.0,1.1291,1.14,1.1291,1.14
09-26-2016 11:23:00,600.0,1.1345,1.1345,1.1345,1.1345
09-26-2016 11:24:00,3300.0,1.13,1.1301,1.13,1.1301
09-26-2016 11:26:00,100.0,1.13,1.13,1.13,1.13
09-26-2016 11:27:00,100.0,1.13,1.13,1.13,1.13
09-26-2016 11:28:00,100.0,1.12,1.12,1.12,1.12
09-26-2016 11:42:00,100.0,1.13,1.13,1.13,1.13
09-26-2016 12:05:00,300.0,1.13,1.13,1.13,1.13
09-26-2016 12:27:00,600.0,1.1301,1.1301,1.13,1.13
09-26-2016 12:57:00,3200.0,1.1399,1.14,1.1399,1.14
09-26-2016 13:01:00,165.0,1.135,1.135,1.135,1.135
09-26-2016 13:03:00,100.0,1.13,1.13,1.13,1.13
09-26-2016 13:04:00,200.0,1.1348,1.1348,1.1348,1.1348
09-26-2016 13:09:00,100.0,1.13,1.13,1.13,1.13
09-26-2016 13:10:00,1010.0,1.1365,1.1365,1.1365,1.1365
09-26-2016 13:20:00,100.0,1.13,1.13,1.13,1.13
09-26-2016 13:29:00,100.0,1.13,1.13,1.13,1.13
09-26-2016 13:37:00,100.0,1.13,1.13,1.13,1.13
09-26-2016 13:44:00,100.0,1.13,1.13,1.13,1.13
09-26-2016 13:49:00,300.0,1.1336,1.1336,1.1336,1.1336
09-26-2016 13:51:00,100.0,1.13,1.13,1.13,1.13
09-26-2016 13:52:00,100.0,1.13,1.13,1.13,1.13
09-26-2016 13:58:00,100.0,1.13,1.13,1.13,1.13
09-26-2016 14:03:00,100.0,1.13,1.13,1.13,1.13
09-26-2016 14:05:00,100.0,1.13,1.13,1.13,1.13
09-26-2016 14:13:00,100.0,1.13,1.13,1.13,1.13
09-26-2016 14:26:00,100.0,1.13,1.13,1.13,1.13
09-26-2016 14:46:00,200.0,1.13,1.13,1.13,1.13
09-26-2016 14:54:00,12200.0,1.1359,1.14,1.13,1.13
09-26-2016 14:55:00,10300.0,1.14,1.14,1.13,1.135
09-26-2016 14:56:00,15783.0,1.13,1.1349,1.11,1.12
09-26-2016 14:58:00,600.0,1.11,1.11,1.11,1.11
09-26-2016 14:59:00,700.0,1.12,1.12,1.12,1.12
09-26-2016 15:00:00,400.0,1.11,1.11,1.11,1.11
09-26-2016 15:01:00,400.0,1.11,1.11,1.11,1.11
09-27-2016 08:30:00,1057.0,1.1,1.1,1.1,1.1
09-27-2016 08:34:00,200.0,1.127,1.127,1.127,1.127
09-27-2016 08:37:00,300.0,1.15,1.15,1.15,1.15
09-27-2016 08:55:00,100.0,1.15,1.15,1.15,1.15
09-27-2016 08:57:00,400.0,1.12,1.12,1.12,1.12
09-27-2016 08:58:00,100.0,1.11,1.11,1.11,1.11
09-27-2016 09:02:00,750.0,1.1317,1.1317,1.1317,1.1317
09-27-2016 09:04:00,700.0,1.125,1.125,1.125,1.125
09-27-2016 09:11:00,100.0,1.12,1.12,1.12,1.12
09-27-2016 09:35:00,900.0,1.12,1.12,1.12,1.12
09-27-2016 09:39:00,100.0,1.11,1.11,1.11,1.11
09-27-2016 09:44:00,100.0,1.11,1.11,1.11,1.11
09-27-2016 09:57:00,165.0,1.111,1.111,1.111,1.111
09-27-2016 10:13:00,100.0,1.11,1.11,1.11,1.11
09-27-2016 10:16:00,5000.0,1.111,1.12,1.1102,1.1102
09-27-2016 10:18:00,5000.0,1.1101,1.1101,1.1101,1.1101
09-27-2016 10:19:00,200.0,1.11,1.11,1.11,1.11
09-27-2016 10:22:00,13100.0,1.11,1.11,1.1,1.1
09-27-2016 10:25:00,200.0,1.1,1.1,1.1,1.1
09-27-2016 10:29:00,400.0,1.1,1.1,1.1,1.1
09-27-2016 10:39:00,2009.0,1.1,1.1,1.1,1.1
09-27-2016 10:45:00,200.0,1.1,1.1,1.1,1.1
09-27-2016 10:50:00,100.0,1.1,1.1,1.1,1.1
09-27-2016 10:51:00,100.0,1.1,1.1,1.1,1.1
09-27-2016 10:53:00,500.0,1.12,1.12,1.12,1.12
09-27-2016 10:56:00,100.0,1.1,1.1,1.1,1.1
09-27-2016 10:57:00,100.0,1.1,1.1,1.1,1.1
09-27-2016 10:58:00,100.0,1.1,1.1,1.1,1.1
09-27-2016 11:11:00,1420.0,1.1,1.105,1.1,1.105
09-27-2016 11:30:00,100.0,1.1,1.1,1.1,1.1
09-27-2016 11:35:00,600.0,1.1,1.1,1.1,1.1
09-27-2016 11:36:00,200.0,1.1,1.1,1.1,1.1
09-27-2016 11:37:00,1900.0,1.11,1.11,1.11,1.11
09-27-2016 11:53:00,1400.0,1.11,1.11,1.11,1.11
09-27-2016 11:57:00,100.0,1.1,1.1,1.1,1.1
09-27-2016 11:58:00,2000.0,1.1001,1.1001,1.1001,1.1001
09-27-2016 12:01:00,100.0,1.1,1.1,1.1,1.1
09-27-2016 12:22:00,100.0,1.1,1.1,1.1,1.1
09-27-2016 12:31:00,14845.0,1.1004,1.11,1.1004,1.11
09-27-2016 12:33:00,7300.0,1.1001,1.1001,1.1001,1.1001
09-27-2016 12:36:00,11500.0,1.105,1.11,1.1,1.1
09-27-2016 12:40:00,6000.0,1.1,1.1,1.1,1.1
09-27-2016 12:53:00,6000.0,1.105,1.105,1.105,1.105
09-27-2016 12:54:00,6000.0,1.1099,1.1099,1.1099,1.1099
09-27-2016 12:56:00,100.0,1.1099,1.1099,1.1099,1.1099
09-27-2016 12:59:00,100.0,1.1032,1.1032,1.1032,1.1032
09-27-2016 13:09:00,100.0,1.1,1.1,1.1,1.1
09-27-2016 13:17:00,1800.0,1.1069,1.1069,1.1069,1.1069
09-27-2016 13:25:00,1000.0,1.1099,1.1099,1.1099,1.1099
09-27-2016 13:29:00,100.0,1.1,1.1,1.1,1.1
09-27-2016 13:32:00,100.0,1.1,1.1,1.1,1.1
09-27-2016 13:33:00,6032.0,1.11,1.11,1.107,1.11
09-27-2016 13:40:00,9900.0,1.1,1.1,1.1,1.1
09-27-2016 13:45:00,250.0,1.1,1.1,1.1,1.1
09-27-2016 13:52:00,27742.0,1.1001,1.1001,1.1,1.1
09-27-2016 13:56:00,300.0,1.0938,1.0938,1.0938,1.0938
09-27-2016 13:58:00,6206.0,1.0934,1.0934,1.09,1.09
09-27-2016 14:17:00,2000.0,1.0901,1.0901,1.0901,1.0901
09-27-2016 14:30:00,6300.0,1.1,1.1,1.094,1.094
09-27-2016 14:48:00,300.0,1.095,1.095,1.095,1.095
09-27-2016 14:51:00,190.0,1.09,1.09,1.09,1.09
09-27-2016 15:00:00,351.0,1.09,1.09,1.09,1.09
