09-07-2016 08:30:00,105.0,3.67,3.67,3.67,3.67
09-07-2016 08:35:00,100.0,3.67,3.67,3.67,3.67
09-07-2016 08:36:00,200.0,3.7,3.7,3.7,3.7
09-07-2016 08:37:00,100.0,3.7,3.7,3.7,3.7
09-07-2016 08:39:00,2000.0,3.718,3.718,3.718,3.718
09-07-2016 08:47:00,100.0,3.7,3.7,3.7,3.7
09-07-2016 08:48:00,100.0,3.71,3.71,3.71,3.71
09-07-2016 08:49:00,100.0,3.71,3.71,3.71,3.71
09-07-2016 08:50:00,300.0,3.71,3.71,3.71,3.71
09-07-2016 08:51:00,200.0,3.7,3.7,3.7,3.7
09-07-2016 08:52:00,1653.0,3.67,3.68,3.67,3.68
09-07-2016 08:53:00,200.0,3.69,3.69,3.68,3.68
09-07-2016 08:54:00,100.0,3.68,3.68,3.68,3.68
09-07-2016 08:55:00,400.0,3.69,3.69,3.66,3.66
09-07-2016 08:56:00,1300.0,3.69,3.69,3.63,3.63
09-07-2016 08:58:00,100.0,3.64,3.64,3.64,3.64
09-07-2016 08:59:00,430.0,3.64,3.6799,3.64,3.6799
09-07-2016 09:04:00,200.0,3.64,3.64,3.64,3.64
09-07-2016 09:06:00,200.0,3.64,3.64,3.63,3.63
09-07-2016 09:09:00,300.0,3.63,3.63,3.63,3.63
09-07-2016 09:11:00,100.0,3.63,3.63,3.63,3.63
09-07-2016 09:13:00,100.0,3.63,3.63,3.63,3.63
09-07-2016 09:16:00,200.0,3.63,3.63,3.63,3.63
09-07-2016 09:18:00,300.0,3.63,3.63,3.63,3.63
09-07-2016 09:21:00,300.0,3.65,3.65,3.64,3.65
09-07-2016 09:24:00,200.0,3.62,3.62,3.62,3.62
09-07-2016 09:25:00,300.0,3.62,3.63,3.62,3.63
09-07-2016 09:28:00,300.0,3.64,3.64,3.63,3.63
09-07-2016 09:31:00,500.0,3.63,3.63,3.6299,3.63
09-07-2016 09:37:00,100.0,3.63,3.63,3.63,3.63
09-07-2016 09:38:00,100.0,3.63,3.63,3.63,3.63
09-07-2016 09:40:00,100.0,3.63,3.63,3.63,3.63
09-07-2016 09:41:00,8000.0,3.6498,3.65,3.6498,3.6499
09-07-2016 09:48:00,100.0,3.63,3.63,3.63,3.63
09-07-2016 09:51:00,100.0,3.65,3.65,3.65,3.65
09-07-2016 09:52:00,100.0,3.65,3.65,3.65,3.65
09-07-2016 09:53:00,500.0,3.66,3.66,3.6599,3.6599
09-07-2016 09:57:00,1000.0,3.65,3.66,3.65,3.65
09-07-2016 09:58:00,100.0,3.65,3.65,3.65,3.65
09-07-2016 10:05:00,300.0,3.64,3.64,3.64,3.64
09-07-2016 10:06:00,100.0,3.65,3.65,3.65,3.65
09-07-2016 10:07:00,300.0,3.65,3.66,3.65,3.66
09-07-2016 10:15:00,200.0,3.66,3.66,3.66,3.66
09-07-2016 10:22:00,100.0,3.64,3.64,3.64,3.64
09-07-2016 10:26:00,300.0,3.63,3.63,3.63,3.63
09-07-2016 10:29:00,3900.0,3.6599,3.6599,3.6599,3.6599
09-07-2016 10:30:00,100.0,3.66,3.66,3.66,3.66
09-07-2016 10:32:00,200.0,3.63,3.63,3.63,3.63
09-07-2016 10:36:00,2433.0,3.66,3.67,3.645,3.67
09-07-2016 10:37:00,500.0,3.68,3.68,3.68,3.68
09-07-2016 10:42:00,1147.0,3.67,3.6798,3.67,3.6798
09-07-2016 10:46:00,500.0,3.67,3.67,3.67,3.67
09-07-2016 10:51:00,1100.0,3.68,3.68,3.675,3.675
09-07-2016 10:56:00,286.0,3.6724,3.6724,3.6724,3.6724
09-07-2016 11:28:00,3900.0,3.6712,3.6712,3.6712,3.6712
09-07-2016 11:30:00,514.0,3.67,3.67,3.67,3.67
09-07-2016 11:39:00,200.0,3.7,3.7,3.7,3.7
09-07-2016 11:40:00,1600.0,3.7,3.7,3.68,3.7
09-07-2016 12:05:00,100.0,3.68,3.68,3.68,3.68
09-07-2016 12:26:00,100.0,3.68,3.68,3.68,3.68
09-07-2016 12:42:00,100.0,3.68,3.68,3.68,3.68
09-07-2016 12:47:00,4300.0,3.68,3.6896,3.68,3.6801
09-07-2016 12:50:00,100.0,3.7,3.7,3.7,3.7
09-07-2016 12:53:00,100.0,3.7,3.7,3.7,3.7
09-07-2016 13:07:00,400.0,3.7,3.7,3.7,3.7
09-07-2016 13:09:00,2000.0,3.6996,3.6996,3.6996,3.6996
09-07-2016 13:14:00,520.0,3.7,3.7,3.7,3.7
09-07-2016 13:15:00,100.0,3.7,3.7,3.7,3.7
09-07-2016 13:19:00,1200.0,3.69,3.7,3.68,3.68
09-07-2016 13:29:00,200.0,3.68,3.68,3.68,3.68
09-07-2016 13:35:00,600.0,3.6999,3.7,3.6999,3.7
09-07-2016 13:37:00,4458.0,3.7,3.71,3.7,3.7005
09-07-2016 13:52:00,100.0,3.69,3.69,3.69,3.69
09-07-2016 13:53:00,425.0,3.702,3.71,3.7,3.71
09-07-2016 13:54:00,100.0,3.7001,3.7001,3.7001,3.7001
09-07-2016 13:56:00,2000.0,3.7125,3.7125,3.7125,3.7125
09-07-2016 13:57:00,100.0,3.72,3.72,3.72,3.72
09-07-2016 14:05:00,200.0,3.71,3.71,3.71,3.71
09-07-2016 14:06:00,4300.0,3.73,3.73,3.726,3.726
09-07-2016 14:23:00,400.0,3.73,3.73,3.73,3.73
09-07-2016 14:26:00,346.0,3.725,3.725,3.725,3.725
09-07-2016 14:27:00,100.0,3.73,3.73,3.73,3.73
09-07-2016 14:28:00,100.0,3.73,3.73,3.73,3.73
09-07-2016 14:31:00,100.0,3.725,3.725,3.725,3.725
09-07-2016 14:37:00,8964.0,3.7299,3.74,3.71,3.73
09-07-2016 14:39:00,1590.0,3.72,3.7276,3.7199,3.7199
09-07-2016 14:40:00,2000.0,3.737,3.737,3.737,3.737
09-07-2016 14:44:00,100.0,3.735,3.735,3.735,3.735
09-07-2016 14:47:00,1500.0,3.7399,3.7399,3.7399,3.7399
09-07-2016 14:55:00,1009.0,3.7399,3.74,3.7399,3.74
09-07-2016 14:56:00,300.0,3.74,3.74,3.735,3.735
09-07-2016 14:58:00,3900.0,3.73,3.73,3.6921,3.72
09-07-2016 14:59:00,500.0,3.71,3.71,3.71,3.71
09-07-2016 15:00:00,2000.0,3.71,3.73,3.708,3.73
09-08-2016 07:01:00,100.0,3.73,3.73,3.73,3.73
09-08-2016 08:30:00,470.0,3.74,3.74,3.73,3.73
09-08-2016 08:32:00,1000.0,3.73,3.7301,3.73,3.7301
09-08-2016 08:33:00,1598.0,3.73,3.73,3.725,3.725
09-08-2016 08:37:00,1911.0,3.7,3.7,3.63,3.63
09-08-2016 08:41:00,145.0,3.685,3.685,3.685,3.685
09-08-2016 08:46:00,5300.0,3.63,3.64,3.63,3.63
09-08-2016 09:06:00,300.0,3.69,3.71,3.68,3.71
09-08-2016 09:13:00,100.0,3.7,3.7,3.7,3.7
09-08-2016 09:15:00,200.0,3.7099,3.7099,3.7099,3.7099
09-08-2016 09:19:00,300.0,3.7099,3.7099,3.7099,3.7099
09-08-2016 09:29:00,200.0,3.69,3.6901,3.69,3.6901
09-08-2016 09:30:00,100.0,3.68,3.68,3.68,3.68
09-08-2016 09:32:00,100.0,3.68,3.68,3.68,3.68
09-08-2016 09:34:00,1440.0,3.68,3.68,3.67,3.67
09-08-2016 09:37:00,3500.0,3.67,3.67,3.66,3.66
09-08-2016 09:39:00,1000.0,3.684,3.684,3.684,3.684
09-08-2016 09:40:00,300.0,3.68,3.68,3.68,3.68
09-08-2016 09:52:00,100.0,3.69,3.69,3.69,3.69
09-08-2016 09:53:00,100.0,3.69,3.69,3.69,3.69
09-08-2016 10:01:00,400.0,3.72,3.72,3.72,3.72
09-08-2016 10:09:00,100.0,3.7,3.7,3.7,3.7
09-08-2016 10:21:00,500.0,3.69,3.7,3.68,3.68
09-08-2016 10:25:00,100.0,3.69,3.69,3.69,3.69
09-08-2016 10:33:00,500.0,3.69,3.69,3.69,3.69
09-08-2016 10:39:00,300.0,3.69,3.69,3.69,3.69
09-08-2016 11:00:00,100.0,3.68,3.68,3.68,3.68
09-08-2016 11:11:00,3600.0,3.69,3.69,3.68,3.68
09-08-2016 11:16:00,296.0,3.6899,3.6899,3.6899,3.6899
09-08-2016 11:17:00,100.0,3.69,3.69,3.69,3.69
09-08-2016 11:18:00,200.0,3.67,3.68,3.67,3.68
09-08-2016 11:27:00,100.0,3.7,3.7,3.7,3.7
09-08-2016 11:29:00,1010.0,3.69,3.7,3.69,3.7
09-08-2016 11:32:00,200.0,3.69,3.7,3.69,3.7
09-08-2016 11:50:00,100.0,3.68,3.68,3.68,3.68
09-08-2016 11:56:00,4500.0,3.68,3.68,3.65,3.65
09-08-2016 12:02:00,600.0,3.69,3.69,3.69,3.69
09-08-2016 12:11:00,100.0,3.69,3.69,3.69,3.69
09-08-2016 12:21:00,100.0,3.69,3.69,3.69,3.69
09-08-2016 12:23:00,7600.0,3.7,3.72,3.69,3.72
09-08-2016 12:32:00,500.0,3.71,3.71,3.71,3.71
09-08-2016 12:34:00,100.0,3.72,3.72,3.72,3.72
09-08-2016 12:42:00,100.0,3.72,3.72,3.72,3.72
09-08-2016 12:43:00,400.0,3.69,3.71,3.69,3.71
09-08-2016 12:54:00,100.0,3.72,3.72,3.72,3.72
09-08-2016 12:55:00,500.0,3.72,3.72,3.72,3.72
09-08-2016 12:56:00,100.0,3.72,3.72,3.72,3.72
09-08-2016 13:05:00,100.0,3.7,3.7,3.7,3.7
09-08-2016 13:22:00,200.0,3.708,3.708,3.708,3.708
09-08-2016 13:23:00,1700.0,3.7199,3.7199,3.7,3.7199
09-08-2016 13:27:00,200.0,3.7,3.7,3.7,3.7
09-08-2016 13:34:00,100.0,3.7,3.7,3.7,3.7
09-08-2016 13:36:00,500.0,3.714,3.714,3.714,3.714
09-08-2016 13:58:00,100.0,3.72,3.72,3.72,3.72
09-08-2016 14:16:00,200.0,3.72,3.72,3.72,3.72
09-08-2016 14:19:00,2500.0,3.72,3.73,3.72,3.73
09-08-2016 14:21:00,100.0,3.72,3.72,3.72,3.72
09-08-2016 14:22:00,100.0,3.7,3.7,3.7,3.7
09-08-2016 14:23:00,200.0,3.72,3.72,3.72,3.72
09-08-2016 14:26:00,100.0,3.73,3.73,3.73,3.73
09-08-2016 14:30:00,191.0,3.7184,3.7184,3.7184,3.7184
09-08-2016 14:43:00,2993.0,3.73,3.73,3.71,3.73
09-08-2016 14:46:00,3894.0,3.74,3.74,3.73,3.73
09-08-2016 14:50:00,1500.0,3.7299,3.7299,3.7299,3.7299
09-08-2016 14:56:00,1000.0,3.7286,3.73,3.7286,3.73
09-08-2016 14:57:00,100.0,3.73,3.73,3.73,3.73
09-08-2016 14:59:00,100.0,3.73,3.73,3.73,3.73
09-08-2016 15:00:00,100.0,3.73,3.73,3.73,3.73
09-09-2016 08:30:00,700.0,3.74,3.74,3.73,3.73
09-09-2016 08:31:00,300.0,3.73,3.73,3.73,3.73
09-09-2016 08:35:00,3500.0,3.6401,3.6401,3.6401,3.6401
09-09-2016 08:36:00,250.0,3.6804,3.6804,3.6804,3.6804
09-09-2016 08:41:00,1500.0,3.6401,3.6401,3.6401,3.6401
09-09-2016 08:51:00,1200.0,3.68,3.68,3.67,3.67
09-09-2016 08:52:00,150.0,3.68,3.68,3.68,3.68
09-09-2016 08:54:00,800.0,3.65,3.65,3.65,3.65
09-09-2016 09:00:00,200.0,3.64,3.64,3.64,3.64
09-09-2016 09:01:00,1000.0,3.66,3.66,3.66,3.66
09-09-2016 09:02:00,100.0,3.62,3.62,3.62,3.62
09-09-2016 09:05:00,500.0,3.652,3.652,3.652,3.652
09-09-2016 09:06:00,4200.0,3.63,3.65,3.62,3.65
09-09-2016 09:08:00,1000.0,3.65,3.65,3.65,3.65
09-09-2016 09:13:00,400.0,3.65,3.65,3.65,3.65
09-09-2016 09:19:00,900.0,3.63,3.63,3.61,3.61
09-09-2016 09:23:00,2200.0,3.6418,3.6418,3.63,3.63
09-09-2016 09:29:00,1200.0,3.65,3.65,3.65,3.65
09-09-2016 09:33:00,10198.0,3.641,3.65,3.64,3.64
09-09-2016 09:35:00,200.0,3.65,3.65,3.65,3.65
09-09-2016 09:37:00,400.0,3.65,3.66,3.65,3.65
09-09-2016 09:46:00,3875.0,3.631,3.631,3.61,3.61
09-09-2016 09:49:00,1000.0,3.62,3.62,3.62,3.62
09-09-2016 09:52:00,3000.0,3.625,3.63,3.625,3.63
09-09-2016 09:55:00,7100.0,3.63,3.63,3.6297,3.63
09-09-2016 09:56:00,1000.0,3.63,3.63,3.625,3.625
09-09-2016 09:57:00,400.0,3.621,3.621,3.621,3.621
09-09-2016 09:58:00,10410.0,3.63,3.642,3.6299,3.63
09-09-2016 10:00:00,2670.0,3.6299,3.6299,3.6297,3.6297
09-09-2016 10:02:00,400.0,3.62,3.62,3.62,3.62
09-09-2016 10:05:00,8600.0,3.62,3.64,3.62,3.63
09-09-2016 10:06:00,2400.0,3.61,3.612,3.61,3.612
09-09-2016 10:10:00,500.0,3.62,3.62,3.6199,3.6199
09-09-2016 10:11:00,300.0,3.6198,3.6198,3.6198,3.6198
09-09-2016 10:13:00,5817.0,3.6,3.61,3.6,3.61
09-09-2016 10:18:00,500.0,3.61,3.61,3.61,3.61
09-09-2016 10:21:00,800.0,3.614,3.614,3.614,3.614
09-09-2016 10:23:00,200.0,3.61,3.61,3.61,3.61
09-09-2016 10:32:00,1100.0,3.622,3.622,3.61,3.61
09-09-2016 10:37:00,2211.0,3.61,3.61,3.6,3.61
09-09-2016 10:58:00,200.0,3.6,3.61,3.6,3.61
09-09-2016 10:59:00,265.0,3.6001,3.6001,3.6001,3.6001
09-09-2016 11:08:00,700.0,3.6199,3.6199,3.6,3.6
09-09-2016 11:10:00,300.0,3.6,3.6,3.6,3.6
09-09-2016 11:22:00,100.0,3.6,3.6,3.6,3.6
09-09-2016 11:24:00,2550.0,3.607,3.607,3.6,3.607
09-09-2016 11:25:00,3901.0,3.6,3.6,3.6,3.6
09-09-2016 11:41:00,100.0,3.58,3.58,3.58,3.58
09-09-2016 11:47:00,600.0,3.59,3.59,3.5899,3.5899
09-09-2016 12:01:00,5400.0,3.58,3.59,3.58,3.58
09-09-2016 12:02:00,100.0,3.58,3.58,3.58,3.58
09-09-2016 12:05:00,100.0,3.58,3.58,3.58,3.58
09-09-2016 12:06:00,100.0,3.585,3.585,3.585,3.585
09-09-2016 12:09:00,100.0,3.58,3.58,3.58,3.58
09-09-2016 12:10:00,300.0,3.57,3.58,3.57,3.58
09-09-2016 12:13:00,100.0,3.59,3.59,3.59,3.59
09-09-2016 12:17:00,300.0,3.5899,3.5899,3.5899,3.5899
09-09-2016 12:29:00,3600.0,3.59,3.59,3.58,3.587
09-09-2016 12:32:00,2900.0,3.5999,3.6,3.59,3.59
09-09-2016 12:41:00,1000.0,3.59,3.59,3.59,3.59
09-09-2016 12:46:00,1000.0,3.581,3.594,3.58,3.594
09-09-2016 12:50:00,400.0,3.586,3.595,3.58,3.595
09-09-2016 12:56:00,1550.0,3.6,3.6,3.5999,3.5999
09-09-2016 13:01:00,100.0,3.596,3.596,3.596,3.596
09-09-2016 13:05:00,100.0,3.59,3.59,3.59,3.59
09-09-2016 13:06:00,1600.0,3.591,3.598,3.59,3.59
09-09-2016 13:12:00,300.0,3.595,3.595,3.59,3.595
09-09-2016 13:37:00,1300.0,3.596,3.596,3.59,3.59
09-09-2016 13:39:00,100.0,3.595,3.595,3.595,3.595
09-09-2016 13:40:00,913.0,3.5999,3.5999,3.5999,3.5999
09-09-2016 13:43:00,10605.0,3.6,3.62,3.5911,3.605
09-09-2016 13:52:00,1000.0,3.606,3.606,3.606,3.606
09-09-2016 14:06:00,1300.0,3.6,3.61,3.6,3.6
09-09-2016 14:07:00,100.0,3.61,3.61,3.61,3.61
09-09-2016 14:20:00,100.0,3.605,3.605,3.605,3.605
09-09-2016 14:29:00,1700.0,3.6,3.62,3.6,3.62
09-09-2016 14:30:00,100.0,3.62,3.62,3.62,3.62
09-09-2016 14:31:00,1785.0,3.61,3.62,3.6,3.62
09-09-2016 14:33:00,100.0,3.61,3.61,3.61,3.61
09-09-2016 14:34:00,200.0,3.61,3.61,3.61,3.61
09-09-2016 14:35:00,500.0,3.61,3.6135,3.61,3.6135
09-09-2016 14:39:00,100.0,3.62,3.62,3.62,3.62
09-09-2016 14:40:00,100.0,3.62,3.62,3.62,3.62
09-09-2016 14:41:00,100.0,3.61,3.61,3.61,3.61
09-09-2016 14:47:00,100.0,3.615,3.615,3.615,3.615
09-09-2016 14:49:00,2300.0,3.62,3.62,3.62,3.62
09-09-2016 14:51:00,300.0,3.61,3.61,3.61,3.61
09-09-2016 14:53:00,1200.0,3.6164,3.62,3.6164,3.62
09-09-2016 14:55:00,800.0,3.62,3.62,3.62,3.62
09-09-2016 14:57:00,1600.0,3.62,3.63,3.62,3.62
09-09-2016 14:58:00,2300.0,3.62,3.62,3.6,3.61
09-09-2016 15:00:00,1300.0,3.6,3.61,3.6,3.6
09-12-2016 08:31:00,1500.0,3.6129,3.6129,3.6129,3.6129
09-12-2016 08:33:00,1000.0,3.608,3.608,3.608,3.608
09-12-2016 08:35:00,400.0,3.59,3.59,3.58,3.59
09-12-2016 08:36:00,810.0,3.636,3.636,3.636,3.636
09-12-2016 08:40:00,250.0,3.61,3.61,3.61,3.61
09-12-2016 08:43:00,1600.0,3.58,3.58,3.58,3.58
09-12-2016 08:50:00,100.0,3.56,3.56,3.56,3.56
09-12-2016 08:51:00,285.0,3.5501,3.5501,3.5501,3.5501
09-12-2016 08:52:00,300.0,3.55,3.55,3.55,3.55
09-12-2016 08:54:00,300.0,3.55,3.55,3.55,3.55
09-12-2016 08:56:00,200.0,3.59,3.59,3.59,3.59
09-12-2016 08:58:00,1700.0,3.59,3.61,3.59,3.61
09-12-2016 08:59:00,500.0,3.59,3.6,3.59,3.6
09-12-2016 09:04:00,2500.0,3.561,3.561,3.561,3.561
09-12-2016 09:14:00,200.0,3.58,3.58,3.58,3.58
09-12-2016 09:15:00,1000.0,3.5601,3.5601,3.5601,3.5601
09-12-2016 09:25:00,300.0,3.58,3.59,3.58,3.59
09-12-2016 09:27:00,200.0,3.6034,3.6034,3.6034,3.6034
09-12-2016 09:30:00,2100.0,3.61,3.61,3.5905,3.5905
09-12-2016 09:37:00,1150.0,3.59,3.6,3.59,3.5965
09-12-2016 09:40:00,5000.0,3.5999,3.5999,3.5999,3.5999
09-12-2016 09:43:00,200.0,3.6,3.6,3.6,3.6
09-12-2016 09:47:00,11494.0,3.5901,3.5901,3.55,3.59
09-12-2016 09:52:00,2802.0,3.59,3.5958,3.59,3.5958
09-12-2016 10:14:00,100.0,3.56,3.56,3.56,3.56
09-12-2016 10:19:00,125.0,3.5722,3.5722,3.5722,3.5722
09-12-2016 10:31:00,1000.0,3.584,3.584,3.584,3.584
09-12-2016 10:33:00,654.0,3.58,3.58,3.58,3.58
09-12-2016 10:52:00,200.0,3.5601,3.5601,3.5601,3.5601
09-12-2016 11:03:00,100.0,3.57,3.57,3.57,3.57
09-12-2016 11:05:00,1500.0,3.57,3.57,3.57,3.57
09-12-2016 11:07:00,200.0,3.59,3.59,3.59,3.59
09-12-2016 11:10:00,5800.0,3.59,3.5935,3.59,3.59
09-12-2016 11:25:00,100.0,3.5899,3.5899,3.5899,3.5899
09-12-2016 11:36:00,2700.0,3.58,3.59,3.56,3.5601
09-12-2016 12:13:00,1000.0,3.6,3.6,3.6,3.6
09-12-2016 12:36:00,1500.0,3.58,3.596,3.58,3.588
09-12-2016 12:40:00,15436.0,3.6089,3.61,3.6089,3.61
09-12-2016 12:41:00,2600.0,3.61,3.6287,3.61,3.6287
09-12-2016 12:43:00,100.0,3.61,3.61,3.61,3.61
09-12-2016 12:48:00,500.0,3.618,3.618,3.618,3.618
09-12-2016 12:58:00,750.0,3.6384,3.6384,3.6101,3.6101
09-12-2016 12:59:00,100.0,3.62,3.62,3.62,3.62
09-12-2016 13:07:00,100.0,3.64,3.64,3.64,3.64
09-12-2016 13:08:00,250.0,3.635,3.635,3.635,3.635
09-12-2016 13:18:00,3600.0,3.65,3.65,3.647,3.65
09-12-2016 13:20:00,500.0,3.67,3.67,3.67,3.67
09-12-2016 13:23:00,354.0,3.6954,3.6954,3.6954,3.6954
09-12-2016 13:25:00,400.0,3.6989,3.7,3.69,3.69
09-12-2016 13:30:00,1976.0,3.68,3.69,3.65,3.65
09-12-2016 13:34:00,14998.0,3.66,3.67,3.63,3.6301
09-12-2016 13:35:00,700.0,3.6401,3.6401,3.6401,3.6401
09-12-2016 13:41:00,200.0,3.66,3.66,3.66,3.66
09-12-2016 13:47:00,1460.0,3.6599,3.6599,3.65,3.65
09-12-2016 13:55:00,100.0,3.63,3.63,3.63,3.63
09-12-2016 14:03:00,100.0,3.63,3.63,3.63,3.63
09-12-2016 14:30:00,300.0,3.63,3.63,3.63,3.63
09-12-2016 14:31:00,200.0,3.62,3.62,3.62,3.62
09-12-2016 14:35:00,800.0,3.61,3.6101,3.6,3.6
09-12-2016 14:42:00,500.0,3.6,3.6,3.6,3.6
09-12-2016 14:43:00,200.0,3.6,3.6,3.6,3.6
09-12-2016 14:46:00,3800.0,3.59,3.59,3.55,3.56
09-12-2016 14:48:00,175.0,3.56,3.56,3.56,3.56
09-12-2016 14:49:00,100.0,3.58,3.58,3.58,3.58
09-12-2016 14:52:00,12622.0,3.56,3.5763,3.54,3.55
09-12-2016 14:53:00,800.0,3.54,3.54,3.54,3.54
09-12-2016 14:54:00,3470.0,3.54,3.54,3.5,3.5
09-12-2016 14:55:00,300.0,3.53,3.53,3.53,3.53
09-12-2016 14:57:00,2000.0,3.51,3.51,3.5,3.5
09-12-2016 14:58:00,200.0,3.52,3.52,3.52,3.52
09-12-2016 14:59:00,700.0,3.52,3.52,3.5199,3.52
09-12-2016 15:00:00,458.0,3.52,3.6,3.52,3.6
09-13-2016 08:30:00,550.0,3.58,3.58,3.58,3.58
09-13-2016 08:31:00,5828.0,3.454,3.5,3.43,3.43
09-13-2016 08:33:00,2100.0,3.48,3.5189,3.4701,3.4701
09-13-2016 08:37:00,7500.0,3.53,3.53,3.53,3.53
09-13-2016 08:41:00,1000.0,3.53,3.57,3.53,3.57
09-13-2016 08:50:00,3500.0,3.52,3.52,3.5101,3.5101
09-13-2016 08:52:00,100.0,3.51,3.51,3.51,3.51
09-13-2016 08:53:00,4000.0,3.49,3.5,3.48,3.48
09-13-2016 08:56:00,133.0,3.5078,3.5078,3.5078,3.5078
09-13-2016 08:59:00,100.0,3.5,3.5,3.5,3.5
09-13-2016 09:00:00,200.0,3.49,3.49,3.49,3.49
09-13-2016 09:08:00,2096.0,3.49,3.5,3.49,3.5
09-13-2016 09:33:00,500.0,3.49,3.49,3.49,3.49
09-13-2016 09:34:00,100.0,3.49,3.49,3.49,3.49
09-13-2016 09:36:00,600.0,3.49,3.5,3.49,3.5
09-13-2016 09:37:00,300.0,3.49,3.49,3.49,3.49
09-13-2016 09:38:00,300.0,3.49,3.49,3.49,3.49
09-13-2016 09:40:00,100.0,3.4967,3.4967,3.4967,3.4967
09-13-2016 09:42:00,500.0,3.5,3.5,3.5,3.5
09-13-2016 09:44:00,400.0,3.5,3.5,3.4999,3.4999
09-13-2016 09:48:00,200.0,3.5,3.5,3.5,3.5
09-13-2016 09:49:00,100.0,3.495,3.495,3.495,3.495
09-13-2016 09:50:00,4200.0,3.49,3.4901,3.49,3.49
09-13-2016 09:51:00,591.0,3.47,3.47,3.47,3.47
09-13-2016 09:55:00,200.0,3.47,3.4701,3.47,3.4701
09-13-2016 10:10:00,2100.0,3.47,3.4775,3.47,3.4775
09-13-2016 10:26:00,100.0,3.47,3.47,3.47,3.47
09-13-2016 10:36:00,500.0,3.4752,3.4752,3.4752,3.4752
09-13-2016 10:41:00,100.0,3.48,3.48,3.48,3.48
09-13-2016 10:48:00,4459.0,3.47,3.4832,3.45,3.47
09-13-2016 10:51:00,100.0,3.46,3.46,3.46,3.46
09-13-2016 10:53:00,6000.0,3.47,3.47,3.46,3.46
09-13-2016 10:54:00,700.0,3.4537,3.4537,3.44,3.44
09-13-2016 10:55:00,300.0,3.44,3.44,3.44,3.44
09-13-2016 10:56:00,300.0,3.44,3.44,3.44,3.44
09-13-2016 10:57:00,6200.0,3.44,3.4441,3.44,3.4441
09-13-2016 10:58:00,100.0,3.44,3.44,3.44,3.44
09-13-2016 11:00:00,100.0,3.44,3.44,3.44,3.44
09-13-2016 11:02:00,2000.0,3.4201,3.4201,3.4201,3.4201
09-13-2016 11:06:00,1100.0,3.415,3.42,3.415,3.42
09-13-2016 11:07:00,1500.0,3.43,3.44,3.43,3.44
09-13-2016 11:27:00,220.0,3.47,3.47,3.47,3.47
09-13-2016 11:43:00,100.0,3.45,3.45,3.45,3.45
09-13-2016 11:50:00,1000.0,3.45,3.45,3.444,3.444
09-13-2016 11:51:00,100.0,3.44,3.44,3.44,3.44
09-13-2016 11:52:00,3500.0,3.44,3.45,3.44,3.45
09-13-2016 11:59:00,160.0,3.45,3.45,3.45,3.45
09-13-2016 12:01:00,1000.0,3.45,3.45,3.45,3.45
09-13-2016 12:07:00,3744.0,3.44,3.45,3.4201,3.45
09-13-2016 12:11:00,700.0,3.45,3.45,3.44,3.44
09-13-2016 12:12:00,100.0,3.44,3.44,3.44,3.44
09-13-2016 12:15:00,600.0,3.45,3.45,3.45,3.45
09-13-2016 12:34:00,371.0,3.4499,3.4499,3.4499,3.4499
09-13-2016 12:50:00,260.0,3.4371,3.4371,3.4371,3.4371
09-13-2016 13:02:00,100.0,3.4429,3.4429,3.4429,3.4429
09-13-2016 13:04:00,725.0,3.4469,3.4469,3.4469,3.4469
09-13-2016 13:18:00,200.0,3.446,3.446,3.446,3.446
09-13-2016 13:30:00,100.0,3.43,3.43,3.43,3.43
09-13-2016 13:35:00,900.0,3.43,3.43,3.43,3.43
09-13-2016 13:47:00,4250.0,3.4301,3.4301,3.4301,3.4301
09-13-2016 13:52:00,600.0,3.42,3.4201,3.42,3.42
09-13-2016 13:54:00,100.0,3.44,3.44,3.44,3.44
09-13-2016 13:55:00,100.0,3.43,3.43,3.43,3.43
09-13-2016 13:57:00,1390.0,3.43,3.45,3.43,3.45
09-13-2016 13:58:00,100.0,3.44,3.44,3.44,3.44
09-13-2016 14:13:00,1500.0,3.44,3.44,3.44,3.44
09-13-2016 14:19:00,500.0,3.4446,3.4446,3.4446,3.4446
09-13-2016 14:23:00,100.0,3.4401,3.4401,3.4401,3.4401
09-13-2016 14:36:00,836.0,3.4599,3.4599,3.4599,3.4599
09-13-2016 14:39:00,4350.0,3.44,3.4512,3.44,3.4512
09-13-2016 14:49:00,200.0,3.4401,3.4401,3.4401,3.4401
09-13-2016 14:53:00,3368.0,3.45,3.45,3.44,3.4499
09-13-2016 14:55:00,800.0,3.45,3.45,3.45,3.45
09-13-2016 14:56:00,1575.0,3.45,3.4549,3.45,3.45
09-13-2016 15:00:00,2663.0,3.43,3.43,3.43,3.43
09-14-2016 08:30:00,291.0,3.44,3.44,3.44,3.44
09-14-2016 08:32:00,1027.0,3.41,3.4101,3.41,3.4101
09-14-2016 08:33:00,200.0,3.425,3.425,3.425,3.425
09-14-2016 08:35:00,4200.0,3.4864,3.4864,3.4864,3.4864
09-14-2016 08:56:00,1000.0,3.4386,3.4386,3.4386,3.4386
09-14-2016 09:01:00,800.0,3.44,3.45,3.44,3.45
09-14-2016 09:03:00,700.0,3.46,3.46,3.46,3.46
09-14-2016 09:04:00,2400.0,3.46,3.4601,3.46,3.46
09-14-2016 09:06:00,100.0,3.49,3.49,3.49,3.49
09-14-2016 09:12:00,1000.0,3.49,3.49,3.4701,3.4701
09-14-2016 09:20:00,1000.0,3.508,3.508,3.508,3.508
09-14-2016 09:25:00,1000.0,3.51,3.51,3.5099,3.5099
09-14-2016 09:32:00,1969.0,3.481,3.501,3.48,3.501
09-14-2016 09:34:00,100.0,3.51,3.51,3.51,3.51
09-14-2016 09:40:00,460.0,3.5,3.5,3.4999,3.4999
09-14-2016 09:41:00,250.0,3.5,3.5,3.5,3.5
09-14-2016 09:46:00,300.0,3.48,3.48,3.48,3.48
09-14-2016 09:51:00,100.0,3.48,3.48,3.48,3.48
09-14-2016 09:52:00,500.0,3.48,3.48,3.48,3.48
09-14-2016 10:12:00,150.0,3.4886,3.4886,3.4886,3.4886
09-14-2016 10:30:00,100.0,3.48,3.48,3.48,3.48
09-14-2016 10:32:00,200.0,3.48,3.48,3.48,3.48
09-14-2016 10:33:00,1300.0,3.4601,3.4601,3.46,3.46
09-14-2016 10:36:00,300.0,3.46,3.46,3.46,3.46
09-14-2016 10:37:00,600.0,3.46,3.46,3.46,3.46
09-14-2016 10:54:00,100.0,3.46,3.46,3.46,3.46
09-14-2016 10:55:00,100.0,3.46,3.46,3.46,3.46
09-14-2016 10:58:00,100.0,3.46,3.46,3.46,3.46
09-14-2016 11:05:00,1100.0,3.4589,3.4589,3.45,3.45
09-14-2016 11:08:00,400.0,3.46,3.46,3.46,3.46
09-14-2016 11:12:00,1100.0,3.46,3.49,3.46,3.49
09-14-2016 11:14:00,1259.0,3.46,3.5,3.46,3.4999
09-14-2016 11:17:00,4200.0,3.471,3.471,3.471,3.471
09-14-2016 11:19:00,2200.0,3.4712,3.4712,3.47,3.47
09-14-2016 11:21:00,1000.0,3.485,3.5,3.485,3.5
09-14-2016 11:22:00,400.0,3.495,3.495,3.495,3.495
09-14-2016 11:37:00,9700.0,3.49,3.5,3.475,3.4899
09-14-2016 11:39:00,100.0,3.46,3.46,3.46,3.46
09-14-2016 11:55:00,200.0,3.45,3.45,3.45,3.45
09-14-2016 12:00:00,300.0,3.46,3.46,3.46,3.46
09-14-2016 12:02:00,3800.0,3.454,3.454,3.45,3.45
09-14-2016 12:07:00,400.0,3.45,3.45,3.45,3.45
09-14-2016 12:13:00,4800.0,3.445,3.45,3.4201,3.4201
09-14-2016 12:16:00,3000.0,3.435,3.435,3.427,3.427
09-14-2016 12:19:00,1500.0,3.42,3.42,3.42,3.42
09-14-2016 12:20:00,3300.0,3.42,3.42,3.42,3.42
09-14-2016 12:21:00,800.0,3.42,3.42,3.42,3.42
09-14-2016 12:38:00,7509.0,3.429,3.43,3.425,3.425
09-14-2016 12:39:00,200.0,3.43,3.43,3.425,3.425
09-14-2016 12:40:00,2700.0,3.43,3.48,3.425,3.425
09-14-2016 12:41:00,1400.0,3.42,3.43,3.42,3.43
09-14-2016 12:43:00,1101.0,3.43,3.48,3.43,3.45
09-14-2016 12:45:00,1200.0,3.425,3.48,3.425,3.43
09-14-2016 12:48:00,100.0,3.44,3.44,3.44,3.44
09-14-2016 13:03:00,300.0,3.43,3.43,3.43,3.43
09-14-2016 13:04:00,145.0,3.4399,3.4399,3.4399,3.4399
09-14-2016 13:05:00,200.0,3.43,3.43,3.43,3.43
09-14-2016 13:12:00,512.0,3.42,3.42,3.42,3.42
09-14-2016 13:15:00,100.0,3.415,3.415,3.415,3.415
09-14-2016 13:31:00,3600.0,3.41,3.41,3.4,3.4
09-14-2016 13:36:00,3077.0,3.4,3.41,3.4,3.4
09-14-2016 13:37:00,300.0,3.4,3.4,3.4,3.4
09-14-2016 13:50:00,100.0,3.39,3.39,3.39,3.39
09-14-2016 13:55:00,100.0,3.38,3.38,3.38,3.38
09-14-2016 13:56:00,2600.0,3.385,3.3899,3.385,3.385
09-14-2016 14:05:00,200.0,3.385,3.385,3.385,3.385
09-14-2016 14:06:00,6100.0,3.385,3.39,3.385,3.39
09-14-2016 14:07:00,200.0,3.39,3.39,3.39,3.39
09-14-2016 14:08:00,234.0,3.39,3.39,3.3892,3.3892
09-14-2016 14:17:00,100.0,3.4,3.4,3.4,3.4
09-14-2016 14:29:00,15288.0,3.39,3.4,3.38,3.38
09-14-2016 14:43:00,500.0,3.3864,3.3864,3.38,3.38
09-14-2016 14:44:00,400.0,3.3899,3.3899,3.3899,3.3899
09-14-2016 14:55:00,200.0,3.39,3.39,3.39,3.39
09-14-2016 14:56:00,100.0,3.4,3.4,3.4,3.4
09-14-2016 14:57:00,100.0,3.39,3.39,3.39,3.39
09-14-2016 15:00:00,2800.0,3.4,3.43,3.4,3.41
09-15-2016 07:29:00,1000.0,3.7,3.7,3.7,3.7
09-15-2016 08:30:00,196.0,3.44,3.44,3.44,3.44
09-15-2016 08:31:00,2600.0,3.4899,3.49,3.46,3.46
09-15-2016 08:34:00,500.0,3.4899,3.4899,3.4899,3.4899
09-15-2016 08:35:00,100.0,3.47,3.47,3.47,3.47
09-15-2016 08:36:00,200.0,3.49,3.49,3.49,3.49
09-15-2016 08:40:00,1100.0,3.45,3.45,3.445,3.445
09-15-2016 08:44:00,100.0,3.45,3.45,3.45,3.45
09-15-2016 08:49:00,17774.0,3.46,3.46,3.23,3.3
09-15-2016 08:50:00,600.0,3.3392,3.35,3.3,3.33
09-15-2016 08:51:00,300.0,3.33,3.34,3.33,3.34
09-15-2016 08:52:00,100.0,3.35,3.35,3.35,3.35
09-15-2016 08:53:00,2800.0,3.3603,3.3603,3.34,3.3401
09-15-2016 08:57:00,600.0,3.3757,3.3757,3.3757,3.3757
09-15-2016 09:04:00,800.0,3.38,3.44,3.38,3.42
09-15-2016 09:14:00,100.0,3.4,3.4,3.4,3.4
09-15-2016 09:15:00,300.0,3.4,3.4,3.39,3.39
09-15-2016 09:17:00,4000.0,3.4,3.4,3.3999,3.4
09-15-2016 09:19:00,3900.0,3.4,3.4,3.39,3.39
09-15-2016 09:23:00,200.0,3.4,3.4,3.39,3.39
09-15-2016 09:25:00,6199.0,3.3949,3.4,3.39,3.39
09-15-2016 09:27:00,100.0,3.39,3.39,3.39,3.39
09-15-2016 09:37:00,100.0,3.38,3.38,3.38,3.38
09-15-2016 09:38:00,109.0,3.3899,3.3899,3.3899,3.3899
09-15-2016 09:40:00,1000.0,3.4,3.4,3.39,3.39
09-15-2016 09:41:00,1877.0,3.38,3.3814,3.35,3.35
09-15-2016 09:42:00,200.0,3.35,3.35,3.35,3.35
09-15-2016 09:43:00,762.0,3.3585,3.3585,3.3585,3.3585
09-15-2016 09:44:00,300.0,3.36,3.36,3.36,3.36
09-15-2016 09:46:00,200.0,3.38,3.38,3.38,3.38
09-15-2016 09:53:00,300.0,3.38,3.38,3.38,3.38
09-15-2016 10:05:00,200.0,3.38,3.38,3.38,3.38
09-15-2016 10:13:00,200.0,3.38,3.38,3.38,3.38
09-15-2016 10:15:00,100.0,3.38,3.38,3.38,3.38
09-15-2016 10:18:00,200.0,3.385,3.385,3.385,3.385
09-15-2016 10:20:00,100.0,3.38,3.38,3.38,3.38
09-15-2016 10:23:00,450.0,3.3849,3.3849,3.3849,3.3849
09-15-2016 10:24:00,100.0,3.38,3.38,3.38,3.38
09-15-2016 10:26:00,400.0,3.39,3.39,3.39,3.39
09-15-2016 10:33:00,100.0,3.39,3.39,3.39,3.39
09-15-2016 10:34:00,175.0,3.3999,3.3999,3.3999,3.3999
09-15-2016 10:37:00,100.0,3.39,3.39,3.39,3.39
09-15-2016 10:41:00,300.0,3.39,3.39,3.39,3.39
09-15-2016 10:50:00,700.0,3.38,3.39,3.38,3.39
09-15-2016 10:58:00,200.0,3.38,3.38,3.38,3.38
09-15-2016 11:03:00,100.0,3.38,3.38,3.38,3.38
09-15-2016 11:09:00,167.0,3.3773,3.3773,3.3773,3.3773
09-15-2016 11:18:00,600.0,3.38,3.38,3.3799,3.3799
09-15-2016 11:19:00,100.0,3.38,3.38,3.38,3.38
09-15-2016 11:23:00,400.0,3.38,3.38,3.38,3.38
09-15-2016 11:26:00,1600.0,3.3773,3.3773,3.37,3.37
09-15-2016 11:27:00,100.0,3.38,3.38,3.38,3.38
09-15-2016 11:28:00,100.0,3.38,3.38,3.38,3.38
09-15-2016 11:29:00,530.0,3.37,3.3733,3.37,3.3733
09-15-2016 11:32:00,270.0,3.375,3.375,3.375,3.375
09-15-2016 11:46:00,100.0,3.375,3.375,3.375,3.375
09-15-2016 11:59:00,3180.0,3.37,3.38,3.37,3.37
09-15-2016 12:00:00,2194.0,3.3601,3.3601,3.34,3.34
09-15-2016 12:01:00,300.0,3.36,3.37,3.36,3.37
09-15-2016 12:16:00,400.0,3.35,3.35,3.34,3.34
09-15-2016 12:17:00,100.0,3.35,3.35,3.35,3.35
09-15-2016 12:25:00,1000.0,3.3675,3.3675,3.3675,3.3675
09-15-2016 12:37:00,800.0,3.38,3.385,3.375,3.38
09-15-2016 12:39:00,500.0,3.37,3.37,3.37,3.37
09-15-2016 12:47:00,1100.0,3.3875,3.3875,3.38,3.38
09-15-2016 12:53:00,600.0,3.38,3.38,3.37,3.38
09-15-2016 12:55:00,4100.0,3.38,3.3801,3.38,3.3801
09-15-2016 12:56:00,100.0,3.385,3.385,3.385,3.385
09-15-2016 12:57:00,2000.0,3.385,3.385,3.38,3.38
09-15-2016 13:00:00,1100.0,3.38,3.385,3.38,3.385
09-15-2016 13:05:00,100.0,3.38,3.38,3.38,3.38
09-15-2016 13:08:00,100.0,3.38,3.38,3.38,3.38
09-15-2016 13:11:00,200.0,3.38,3.38,3.38,3.38
09-15-2016 13:14:00,100.0,3.38,3.38,3.38,3.38
09-15-2016 13:15:00,680.0,3.3884,3.39,3.38,3.38
09-15-2016 13:16:00,100.0,3.39,3.39,3.39,3.39
09-15-2016 13:17:00,1100.0,3.3801,3.3837,3.38,3.3837
09-15-2016 13:24:00,100.0,3.38,3.38,3.38,3.38
09-15-2016 13:27:00,100.0,3.38,3.38,3.38,3.38
09-15-2016 13:30:00,100.0,3.38,3.38,3.38,3.38
09-15-2016 13:33:00,100.0,3.38,3.38,3.38,3.38
09-15-2016 13:34:00,2000.0,3.38,3.38,3.37,3.38
09-15-2016 13:53:00,2260.0,3.37,3.37,3.35,3.35
09-15-2016 14:05:00,800.0,3.38,3.38,3.35,3.35
09-15-2016 14:11:00,100.0,3.37,3.37,3.37,3.37
09-15-2016 14:26:00,2833.0,3.38,3.39,3.37,3.37
09-15-2016 14:32:00,100.0,3.38,3.38,3.38,3.38
09-15-2016 14:33:00,200.0,3.37,3.37,3.37,3.37
09-15-2016 14:38:00,1500.0,3.3601,3.3601,3.36,3.36
09-15-2016 14:43:00,5900.0,3.37,3.39,3.37,3.38
09-15-2016 14:46:00,1000.0,3.37,3.37,3.37,3.37
09-15-2016 14:51:00,600.0,3.37,3.37,3.37,3.37
09-15-2016 14:56:00,100.0,3.37,3.37,3.37,3.37
09-15-2016 15:00:00,200.0,3.36,3.38,3.36,3.38
09-16-2016 08:30:00,175.0,3.34,3.34,3.34,3.34
09-16-2016 08:37:00,700.0,3.34,3.34,3.33,3.33
09-16-2016 08:46:00,650.0,3.3573,3.3573,3.3573,3.3573
09-16-2016 08:47:00,1070.0,3.34,3.3758,3.34,3.3758
09-16-2016 08:59:00,1000.0,3.379,3.379,3.379,3.379
09-16-2016 09:33:00,1017.0,3.38,3.38,3.37,3.38
09-16-2016 09:34:00,200.0,3.37,3.37,3.37,3.37
09-16-2016 09:39:00,200.0,3.37,3.37,3.37,3.37
09-16-2016 09:40:00,300.0,3.37,3.37,3.37,3.37
09-16-2016 09:43:00,150.0,3.37,3.37,3.37,3.37
09-16-2016 09:47:00,800.0,3.3601,3.3601,3.36,3.36
09-16-2016 09:48:00,800.0,3.37,3.37,3.37,3.37
09-16-2016 09:49:00,200.0,3.37,3.38,3.37,3.38
09-16-2016 09:50:00,1500.0,3.38,3.38,3.36,3.36
09-16-2016 09:52:00,390.0,3.36,3.37,3.36,3.37
09-16-2016 09:54:00,2610.0,3.3562,3.37,3.355,3.37
09-16-2016 09:58:00,200.0,3.36,3.36,3.36,3.36
09-16-2016 10:04:00,100.0,3.38,3.38,3.38,3.38
09-16-2016 10:08:00,100.0,3.37,3.37,3.37,3.37
09-16-2016 10:14:00,2395.0,3.36,3.365,3.36,3.36
09-16-2016 10:19:00,1100.0,3.36,3.36,3.36,3.36
09-16-2016 10:21:00,700.0,3.365,3.365,3.36,3.36
09-16-2016 10:23:00,600.0,3.363,3.37,3.363,3.37
09-16-2016 10:25:00,100.0,3.37,3.37,3.37,3.37
09-16-2016 10:30:00,200.0,3.368,3.368,3.368,3.368
09-16-2016 10:31:00,100.0,3.38,3.38,3.38,3.38
09-16-2016 10:44:00,1100.0,3.379,3.38,3.37,3.37
09-16-2016 11:02:00,200.0,3.37,3.37,3.36,3.36
09-16-2016 11:07:00,700.0,3.37,3.37,3.37,3.37
09-16-2016 11:08:00,200.0,3.37,3.37,3.37,3.37
09-16-2016 11:32:00,200.0,3.37,3.375,3.37,3.375
09-16-2016 11:39:00,400.0,3.37,3.37,3.37,3.37
09-16-2016 11:41:00,734.0,3.36,3.361,3.36,3.361
09-16-2016 11:43:00,100.0,3.35,3.35,3.35,3.35
09-16-2016 11:46:00,100.0,3.355,3.355,3.355,3.355
09-16-2016 11:49:00,300.0,3.36,3.36,3.36,3.36
09-16-2016 11:51:00,100.0,3.36,3.36,3.36,3.36
09-16-2016 11:55:00,1779.0,3.36,3.36,3.36,3.36
09-16-2016 11:56:00,200.0,3.36,3.36,3.36,3.36
09-16-2016 12:10:00,800.0,3.36,3.38,3.36,3.37
09-16-2016 12:11:00,275.0,3.36,3.37,3.36,3.37
09-16-2016 12:18:00,1300.0,3.3799,3.38,3.37,3.37
09-16-2016 12:19:00,200.0,3.37,3.37,3.37,3.37
09-16-2016 12:24:00,1772.0,3.36,3.36,3.34,3.36
09-16-2016 12:42:00,2500.0,3.3599,3.36,3.3599,3.36
09-16-2016 12:47:00,1836.0,3.35,3.35,3.34,3.34
09-16-2016 12:51:00,400.0,3.33,3.33,3.33,3.33
09-16-2016 12:54:00,100.0,3.34,3.34,3.34,3.34
09-16-2016 12:56:00,100.0,3.33,3.33,3.33,3.33
09-16-2016 12:57:00,100.0,3.34,3.34,3.34,3.34
09-16-2016 13:13:00,100.0,3.33,3.33,3.33,3.33
09-16-2016 13:17:00,490.0,3.3399,3.3399,3.3399,3.3399
09-16-2016 13:25:00,4067.0,3.34,3.35,3.3399,3.35
09-16-2016 14:03:00,100.0,3.34,3.34,3.34,3.34
09-16-2016 14:06:00,1300.0,3.34,3.34,3.33,3.33
09-16-2016 14:23:00,8000.0,3.33,3.3359,3.33,3.3359
09-16-2016 14:24:00,750.0,3.33,3.33,3.33,3.33
09-16-2016 14:26:00,3530.0,3.34,3.35,3.34,3.35
09-16-2016 14:27:00,126.0,3.3699,3.3699,3.3699,3.3699
09-16-2016 14:31:00,100.0,3.35,3.35,3.35,3.35
09-16-2016 14:33:00,100.0,3.37,3.37,3.37,3.37
09-16-2016 14:39:00,100.0,3.35,3.35,3.35,3.35
09-16-2016 14:42:00,100.0,3.35,3.35,3.35,3.35
09-16-2016 14:46:00,100.0,3.37,3.37,3.37,3.37
09-16-2016 14:47:00,800.0,3.3625,3.37,3.3625,3.37
09-16-2016 14:48:00,200.0,3.37,3.37,3.37,3.37
09-16-2016 14:52:00,1200.0,3.37,3.37,3.37,3.37
09-16-2016 14:53:00,400.0,3.37,3.37,3.3699,3.3699
09-16-2016 14:58:00,800.0,3.36,3.36,3.33,3.33
09-16-2016 14:59:00,2051.0,3.3599,3.36,3.35,3.36
09-16-2016 15:00:00,200.0,3.35,3.35,3.35,3.35
09-19-2016 07:02:00,4100.0,3.42,3.42,3.38,3.4
09-19-2016 07:56:00,1000.0,3.4,3.4,3.39,3.39
09-19-2016 08:30:00,884.0,3.36,3.36,3.36,3.36
09-19-2016 08:34:00,800.0,3.4,3.4,3.39,3.39
09-19-2016 08:35:00,1000.0,3.39,3.39,3.39,3.39
09-19-2016 08:39:00,1200.0,3.39,3.39,3.366,3.366
09-19-2016 08:40:00,3900.0,3.36,3.36,3.3,3.338
09-19-2016 08:41:00,1000.0,3.332,3.332,3.332,3.332
09-19-2016 08:45:00,1000.0,3.363,3.363,3.363,3.363
09-19-2016 09:01:00,675.0,3.344,3.344,3.344,3.344
09-19-2016 09:06:00,200.0,3.35,3.35,3.35,3.35
09-19-2016 09:12:00,150.0,3.335,3.335,3.335,3.335
09-19-2016 09:13:00,5675.0,3.35,3.41,3.34,3.34
09-19-2016 09:17:00,1400.0,3.3552,3.37,3.3552,3.37
09-19-2016 09:18:00,100.0,3.37,3.37,3.37,3.37
09-19-2016 09:21:00,2000.0,3.38,3.41,3.38,3.41
09-19-2016 09:22:00,200.0,3.37,3.37,3.37,3.37
09-19-2016 09:24:00,1540.0,3.37,3.37,3.37,3.37
09-19-2016 09:34:00,300.0,3.38,3.4,3.38,3.4
09-19-2016 09:36:00,289.0,3.3902,3.3902,3.38,3.38
09-19-2016 09:37:00,100.0,3.38,3.38,3.38,3.38
09-19-2016 09:47:00,500.0,3.3899,3.3899,3.3899,3.3899
09-19-2016 09:48:00,1250.0,3.38,3.38,3.37,3.38
09-19-2016 10:01:00,400.0,3.39,3.39,3.39,3.39
09-19-2016 10:03:00,800.0,3.39,3.39,3.38,3.39
09-19-2016 10:04:00,100.0,3.38,3.38,3.38,3.38
09-19-2016 10:06:00,100.0,3.38,3.38,3.38,3.38
09-19-2016 10:07:00,1800.0,3.38,3.38,3.36,3.36
09-19-2016 10:08:00,100.0,3.36,3.36,3.36,3.36
09-19-2016 10:12:00,1500.0,3.36,3.36,3.34,3.34
09-19-2016 10:14:00,200.0,3.3499,3.35,3.3499,3.35
09-19-2016 10:16:00,500.0,3.34,3.35,3.34,3.35
09-19-2016 10:31:00,500.0,3.35,3.35,3.33,3.33
09-19-2016 10:36:00,1060.0,3.35,3.35,3.3297,3.3297
09-19-2016 10:39:00,100.0,3.34,3.34,3.34,3.34
09-19-2016 10:41:00,6700.0,3.34,3.3401,3.34,3.34
09-19-2016 10:42:00,200.0,3.34,3.35,3.34,3.35
09-19-2016 10:46:00,403.0,3.335,3.34,3.335,3.34
09-19-2016 10:50:00,300.0,3.3399,3.3399,3.3399,3.3399
09-19-2016 11:05:00,380.0,3.33,3.33,3.33,3.33
09-19-2016 11:16:00,300.0,3.33,3.33,3.33,3.33
09-19-2016 11:19:00,200.0,3.33,3.3301,3.33,3.3301
09-19-2016 11:20:00,1300.0,3.3204,3.3204,3.3204,3.3204
09-19-2016 11:24:00,1076.0,3.3492,3.35,3.3492,3.35
09-19-2016 11:30:00,500.0,3.329,3.329,3.329,3.329
09-19-2016 11:35:00,200.0,3.35,3.35,3.35,3.35
09-19-2016 11:39:00,100.0,3.33,3.33,3.33,3.33
09-19-2016 11:42:00,1020.0,3.32,3.32,3.32,3.32
09-19-2016 11:53:00,400.0,3.327,3.327,3.327,3.327
09-19-2016 12:16:00,100.0,3.33,3.33,3.33,3.33
09-19-2016 12:33:00,1100.0,3.32,3.32,3.32,3.32
09-19-2016 12:37:00,100.0,3.32,3.32,3.32,3.32
09-19-2016 12:38:00,300.0,3.32,3.32,3.32,3.32
09-19-2016 12:50:00,1860.0,3.32,3.325,3.32,3.325
09-19-2016 13:04:00,200.0,3.33,3.33,3.3299,3.3299
09-19-2016 13:05:00,100.0,3.33,3.33,3.33,3.33
09-19-2016 13:37:00,1900.0,3.329,3.33,3.3225,3.3225
09-19-2016 14:04:00,200.0,3.35,3.35,3.35,3.35
09-19-2016 14:05:00,450.0,3.342,3.35,3.342,3.35
09-19-2016 14:17:00,2100.0,3.34,3.345,3.34,3.3433
09-19-2016 14:21:00,168.0,3.35,3.35,3.35,3.35
09-19-2016 14:38:00,100.0,3.34,3.34,3.34,3.34
09-19-2016 14:40:00,900.0,3.34,3.34,3.34,3.34
09-19-2016 14:42:00,400.0,3.34,3.34,3.34,3.34
09-19-2016 14:44:00,200.0,3.33,3.33,3.33,3.33
09-19-2016 14:51:00,4500.0,3.34,3.35,3.34,3.34
09-19-2016 14:52:00,5700.0,3.35,3.35,3.3499,3.35
09-19-2016 14:54:00,100.0,3.35,3.35,3.35,3.35
09-19-2016 14:55:00,100.0,3.35,3.35,3.35,3.35
09-19-2016 14:57:00,700.0,3.343,3.343,3.343,3.343
09-19-2016 14:59:00,300.0,3.35,3.35,3.35,3.35
09-19-2016 15:00:00,495.0,3.35,3.36,3.35,3.36
09-20-2016 08:30:00,305.0,3.35,3.35,3.35,3.35
09-20-2016 08:31:00,750.0,3.37,3.37,3.37,3.37
09-20-2016 08:37:00,2200.0,3.36,3.36,3.36,3.36
09-20-2016 08:38:00,100.0,3.37,3.37,3.37,3.37
09-20-2016 08:44:00,100.0,3.37,3.37,3.37,3.37
09-20-2016 08:46:00,100.0,3.365,3.365,3.365,3.365
09-20-2016 08:50:00,400.0,3.37,3.37,3.365,3.365
09-20-2016 08:53:00,400.0,3.37,3.37,3.37,3.37
09-20-2016 08:56:00,2895.0,3.35,3.39,3.35,3.39
09-20-2016 09:00:00,100.0,3.37,3.37,3.37,3.37
09-20-2016 09:03:00,100.0,3.35,3.35,3.35,3.35
09-20-2016 09:04:00,526.0,3.3699,3.3699,3.3699,3.3699
09-20-2016 09:05:00,2100.0,3.3676,3.37,3.3676,3.37
09-20-2016 09:09:00,400.0,3.35,3.36,3.35,3.36
09-20-2016 09:10:00,100.0,3.35,3.35,3.35,3.35
09-20-2016 09:11:00,885.0,3.37,3.37,3.3699,3.3699
09-20-2016 09:13:00,1959.0,3.37,3.37,3.363,3.363
09-20-2016 09:17:00,100.0,3.37,3.37,3.37,3.37
09-20-2016 09:22:00,200.0,3.35,3.35,3.35,3.35
09-20-2016 09:23:00,120.0,3.3699,3.3699,3.3699,3.3699
09-20-2016 09:26:00,200.0,3.36,3.36,3.36,3.36
09-20-2016 09:27:00,3968.0,3.37,3.37,3.3675,3.37
09-20-2016 09:28:00,600.0,3.37,3.37,3.36,3.36
09-20-2016 09:35:00,100.0,3.36,3.36,3.36,3.36
09-20-2016 09:47:00,1200.0,3.35,3.36,3.35,3.36
09-20-2016 09:50:00,100.0,3.36,3.36,3.36,3.36
09-20-2016 09:51:00,200.0,3.36,3.36,3.355,3.355
09-20-2016 09:52:00,2000.0,3.3501,3.3515,3.3501,3.3515
09-20-2016 09:54:00,200.0,3.36,3.36,3.36,3.36
09-20-2016 10:02:00,200.0,3.36,3.36,3.36,3.36
09-20-2016 10:07:00,200.0,3.355,3.36,3.355,3.36
09-20-2016 10:08:00,100.0,3.36,3.36,3.36,3.36
09-20-2016 10:14:00,200.0,3.36,3.36,3.36,3.36
09-20-2016 10:16:00,11936.0,3.37,3.41,3.37,3.405
09-20-2016 10:17:00,800.0,3.405,3.405,3.4,3.4
09-20-2016 10:19:00,800.0,3.405,3.405,3.4,3.4
09-20-2016 10:20:00,3690.0,3.41,3.41,3.405,3.41
09-20-2016 10:22:00,6400.0,3.4012,3.41,3.37,3.37
09-20-2016 10:23:00,2100.0,3.3922,3.3922,3.37,3.37
09-20-2016 10:34:00,1500.0,3.3999,3.4,3.38,3.38
09-20-2016 10:36:00,400.0,3.39,3.39,3.39,3.39
09-20-2016 10:37:00,100.0,3.39,3.39,3.39,3.39
09-20-2016 10:38:00,200.0,3.39,3.39,3.3871,3.3871
09-20-2016 10:51:00,100.0,3.38,3.38,3.38,3.38
09-20-2016 10:58:00,200.0,3.38,3.38,3.38,3.38
09-20-2016 11:03:00,400.0,3.395,3.4,3.395,3.4
09-20-2016 11:04:00,2300.0,3.4165,3.42,3.415,3.42
09-20-2016 11:06:00,500.0,3.42,3.43,3.42,3.43
09-20-2016 11:07:00,2889.0,3.43,3.44,3.423,3.44
09-20-2016 11:10:00,1600.0,3.44,3.44,3.4399,3.44
09-20-2016 11:11:00,220.0,3.44,3.44,3.44,3.44
09-20-2016 11:12:00,1100.0,3.45,3.45,3.45,3.45
09-20-2016 11:17:00,100.0,3.44,3.44,3.44,3.44
09-20-2016 11:23:00,100.0,3.45,3.45,3.45,3.45
09-20-2016 11:41:00,500.0,3.44,3.44,3.44,3.44
09-20-2016 11:45:00,200.0,3.4398,3.4398,3.4398,3.4398
09-20-2016 11:48:00,1100.0,3.43,3.43,3.43,3.43
09-20-2016 11:50:00,1245.0,3.43,3.43,3.43,3.43
09-20-2016 11:52:00,700.0,3.44,3.44,3.44,3.44
09-20-2016 11:54:00,1000.0,3.43,3.4301,3.43,3.4301
09-20-2016 12:01:00,100.0,3.435,3.435,3.435,3.435
09-20-2016 12:02:00,200.0,3.44,3.44,3.439,3.439
09-20-2016 12:04:00,1800.0,3.45,3.45,3.4475,3.4475
09-20-2016 12:05:00,25627.0,3.431,3.431,3.37,3.39
09-20-2016 12:06:00,900.0,3.39,3.41,3.39,3.39
09-20-2016 12:07:00,1100.0,3.38,3.41,3.38,3.41
09-20-2016 12:24:00,200.0,3.4,3.41,3.4,3.41
09-20-2016 12:33:00,765.0,3.4295,3.43,3.4295,3.43
09-20-2016 12:45:00,100.0,3.43,3.43,3.43,3.43
09-20-2016 12:47:00,100.0,3.425,3.425,3.425,3.425
09-20-2016 13:11:00,513.0,3.4299,3.4299,3.4299,3.4299
09-20-2016 13:15:00,250.0,3.43,3.43,3.43,3.43
09-20-2016 13:20:00,600.0,3.4201,3.425,3.4201,3.425
09-20-2016 13:22:00,300.0,3.43,3.43,3.43,3.43
09-20-2016 13:23:00,200.0,3.43,3.43,3.43,3.43
09-20-2016 13:24:00,700.0,3.4299,3.4299,3.4299,3.4299
09-20-2016 13:30:00,800.0,3.4226,3.4226,3.4226,3.4226
09-20-2016 13:31:00,100.0,3.425,3.425,3.425,3.425
09-20-2016 13:33:00,1000.0,3.42,3.42,3.4,3.4
09-20-2016 13:35:00,275.0,3.4,3.4,3.4,3.4
09-20-2016 13:36:00,980.0,3.4,3.4,3.4,3.4
09-20-2016 13:38:00,400.0,3.4,3.4,3.4,3.4
09-20-2016 13:39:00,100.0,3.4,3.4,3.4,3.4
09-20-2016 13:50:00,325.0,3.3999,3.3999,3.3999,3.3999
09-20-2016 14:01:00,1741.0,3.4,3.42,3.4,3.42
09-20-2016 14:08:00,100.0,3.42,3.42,3.42,3.42
09-20-2016 14:09:00,100.0,3.4,3.4,3.4,3.4
09-20-2016 14:27:00,600.0,3.43,3.43,3.43,3.43
09-20-2016 14:28:00,200.0,3.43,3.43,3.43,3.43
09-20-2016 14:39:00,3044.0,3.4299,3.44,3.4299,3.44
09-20-2016 14:41:00,1290.0,3.44,3.44,3.4399,3.4399
09-20-2016 14:47:00,100.0,3.434,3.434,3.434,3.434
09-20-2016 14:48:00,1000.0,3.433,3.433,3.433,3.433
09-20-2016 14:49:00,100.0,3.43,3.43,3.43,3.43
09-20-2016 14:50:00,500.0,3.42,3.42,3.42,3.42
09-20-2016 14:51:00,200.0,3.42,3.42,3.42,3.42
09-20-2016 14:58:00,4000.0,3.41,3.415,3.4,3.4
09-20-2016 14:59:00,5075.0,3.4,3.4,3.38,3.38
09-20-2016 15:00:00,762.0,3.41,3.41,3.38,3.39
09-20-2016 15:01:00,200.0,3.37,3.37,3.37,3.37
09-21-2016 08:30:00,1150.0,3.43,3.43,3.43,3.43
09-21-2016 08:33:00,750.0,3.43,3.43,3.43,3.43
09-21-2016 08:42:00,500.0,3.4101,3.4101,3.4101,3.4101
09-21-2016 09:08:00,1170.0,3.4399,3.4399,3.41,3.4205
09-21-2016 09:13:00,1000.0,3.43,3.43,3.43,3.43
09-21-2016 09:18:00,425.0,3.4279,3.4279,3.4279,3.4279
09-21-2016 09:20:00,700.0,3.43,3.43,3.43,3.43
09-21-2016 09:22:00,250.0,3.418,3.418,3.418,3.418
09-21-2016 09:36:00,446.0,3.42,3.42,3.42,3.42
09-21-2016 09:37:00,2000.0,3.4101,3.413,3.4101,3.413
09-21-2016 09:38:00,300.0,3.42,3.42,3.42,3.42
09-21-2016 09:42:00,101.0,3.413,3.413,3.413,3.413
09-21-2016 09:43:00,100.0,3.41,3.41,3.41,3.41
09-21-2016 09:48:00,200.0,3.42,3.42,3.42,3.42
09-21-2016 09:53:00,100.0,3.428,3.428,3.428,3.428
09-21-2016 09:54:00,250.0,3.4273,3.4273,3.4273,3.4273
09-21-2016 09:59:00,1190.0,3.42,3.4201,3.42,3.4201
09-21-2016 10:01:00,400.0,3.44,3.44,3.44,3.44
09-21-2016 10:09:00,9300.0,3.4399,3.4399,3.4399,3.4399
09-21-2016 10:10:00,100.0,3.44,3.44,3.44,3.44
09-21-2016 10:16:00,1000.0,3.4399,3.4399,3.4399,3.4399
09-21-2016 10:17:00,2077.0,3.44,3.45,3.43,3.45
09-21-2016 10:18:00,1881.0,3.45,3.45,3.45,3.45
09-21-2016 10:37:00,150.0,3.4501,3.4501,3.4501,3.4501
09-21-2016 10:45:00,725.0,3.46,3.46,3.46,3.46
09-21-2016 10:47:00,289.0,3.469,3.469,3.469,3.469
09-21-2016 10:49:00,1000.0,3.4601,3.4601,3.4601,3.4601
09-21-2016 10:50:00,2800.0,3.466,3.466,3.46,3.46
09-21-2016 10:52:00,400.0,3.46,3.46,3.46,3.46
09-21-2016 10:53:00,500.0,3.46,3.465,3.46,3.465
09-21-2016 10:54:00,8900.0,3.4692,3.47,3.46,3.47
09-21-2016 10:55:00,600.0,3.465,3.465,3.46,3.46
09-21-2016 11:00:00,800.0,3.46,3.46,3.46,3.46
09-21-2016 11:03:00,100.0,3.46,3.46,3.46,3.46
09-21-2016 11:12:00,1200.0,3.47,3.47,3.465,3.465
09-21-2016 11:17:00,100.0,3.46,3.46,3.46,3.46
09-21-2016 11:20:00,100.0,3.46,3.46,3.46,3.46
09-21-2016 11:22:00,3300.0,3.46,3.46,3.46,3.46
09-21-2016 11:25:00,5062.0,3.47,3.48,3.47,3.48
09-21-2016 11:38:00,6300.0,3.4737,3.48,3.4737,3.48
09-21-2016 11:44:00,500.0,3.4799,3.4799,3.4799,3.4799
09-21-2016 11:45:00,700.0,3.4799,3.48,3.4799,3.48
09-21-2016 11:46:00,500.0,3.48,3.48,3.48,3.48
09-21-2016 11:52:00,100.0,3.4747,3.4747,3.4747,3.4747
09-21-2016 11:55:00,674.0,3.48,3.48,3.48,3.48
09-21-2016 11:56:00,500.0,3.48,3.48,3.48,3.48
09-21-2016 12:07:00,700.0,3.48,3.48,3.48,3.48
09-21-2016 12:08:00,200.0,3.475,3.475,3.475,3.475
09-21-2016 12:09:00,3920.0,3.47,3.477,3.45,3.45
09-21-2016 12:17:00,254.0,3.4501,3.4501,3.4501,3.4501
09-21-2016 12:37:00,150.0,3.4699,3.4699,3.4699,3.4699
09-21-2016 12:38:00,100.0,3.46,3.46,3.46,3.46
09-21-2016 12:40:00,100.0,3.4699,3.4699,3.4699,3.4699
09-21-2016 12:41:00,700.0,3.46,3.47,3.4501,3.4501
09-21-2016 12:47:00,200.0,3.47,3.47,3.45,3.45
09-21-2016 12:49:00,100.0,3.46,3.46,3.46,3.46
09-21-2016 12:50:00,100.0,3.46,3.46,3.46,3.46
09-21-2016 12:54:00,800.0,3.4633,3.4633,3.45,3.4633
09-21-2016 12:57:00,1000.0,3.46,3.46,3.46,3.46
09-21-2016 12:58:00,1000.0,3.45,3.45,3.45,3.45
09-21-2016 12:59:00,600.0,3.47,3.47,3.47,3.47
09-21-2016 13:07:00,800.0,3.47,3.47,3.47,3.47
09-21-2016 13:09:00,2000.0,3.47,3.47,3.47,3.47
09-21-2016 13:14:00,100.0,3.45,3.45,3.45,3.45
09-21-2016 13:17:00,100.0,3.4699,3.4699,3.4699,3.4699
09-21-2016 13:27:00,400.0,3.46,3.46,3.46,3.46
09-21-2016 13:30:00,5000.0,3.4601,3.4601,3.4601,3.4601
09-21-2016 13:34:00,200.0,3.46,3.46,3.46,3.46
09-21-2016 13:35:00,1287.0,3.47,3.47,3.4699,3.4699
09-21-2016 13:36:00,500.0,3.4615,3.4615,3.4615,3.4615
09-21-2016 13:37:00,3933.0,3.47,3.49,3.4699,3.49
09-21-2016 13:41:00,350.0,3.4815,3.4815,3.4815,3.4815
09-21-2016 13:50:00,1200.0,3.46,3.46,3.46,3.46
09-21-2016 13:51:00,1100.0,3.48,3.49,3.48,3.49
09-21-2016 13:52:00,400.0,3.49,3.49,3.49,3.49
09-21-2016 13:53:00,100.0,3.47,3.47,3.47,3.47
09-21-2016 13:58:00,100.0,3.48,3.48,3.48,3.48
09-21-2016 14:03:00,300.0,3.4685,3.4685,3.4685,3.4685
09-21-2016 14:04:00,1205.0,3.4723,3.4723,3.4723,3.4723
09-21-2016 14:06:00,100.0,3.46,3.46,3.46,3.46
09-21-2016 14:09:00,500.0,3.46,3.4601,3.46,3.46
09-21-2016 14:24:00,100.0,3.48,3.48,3.48,3.48
09-21-2016 14:29:00,526.0,3.48,3.48,3.4795,3.4795
09-21-2016 14:31:00,2200.0,3.47,3.48,3.47,3.48
09-21-2016 14:34:00,1400.0,3.474,3.48,3.474,3.48
09-21-2016 14:37:00,400.0,3.48,3.48,3.48,3.48
09-21-2016 14:38:00,100.0,3.48,3.48,3.48,3.48
09-21-2016 14:41:00,169.0,3.4799,3.4799,3.4799,3.4799
09-21-2016 14:46:00,100.0,3.475,3.475,3.475,3.475
09-21-2016 14:58:00,100.0,3.48,3.48,3.48,3.48
09-21-2016 14:59:00,3804.0,3.48,3.48,3.4799,3.4799
09-21-2016 15:00:00,14070.0,3.47,3.48,3.47,3.47
09-22-2016 08:30:00,1592.0,3.5,3.5,3.5,3.5
09-22-2016 08:31:00,300.0,3.5,3.5,3.5,3.5
09-22-2016 08:32:00,3000.0,3.49,3.49,3.49,3.49
09-22-2016 08:35:00,550.0,3.486,3.486,3.486,3.486
09-22-2016 08:36:00,338.0,3.48,3.49,3.48,3.49
09-22-2016 08:37:00,400.0,3.49,3.49,3.49,3.49
09-22-2016 08:38:00,1100.0,3.49,3.49,3.4887,3.4887
09-22-2016 08:39:00,5460.0,3.5,3.5,3.48,3.48
09-22-2016 08:40:00,600.0,3.5,3.5,3.49,3.49
09-22-2016 08:46:00,5000.0,3.49,3.49,3.49,3.49
09-22-2016 08:47:00,5400.0,3.49,3.49,3.4899,3.4899
09-22-2016 08:51:00,700.0,3.49,3.49,3.49,3.49
09-22-2016 08:52:00,2800.0,3.49,3.49,3.486,3.486
09-22-2016 08:55:00,200.0,3.489,3.489,3.489,3.489
09-22-2016 09:09:00,500.0,3.489,3.489,3.483,3.483
09-22-2016 09:21:00,114.0,3.4801,3.4801,3.4801,3.4801
09-22-2016 09:26:00,1700.0,3.49,3.49,3.4872,3.4872
09-22-2016 09:28:00,1000.0,3.49,3.49,3.4899,3.4899
09-22-2016 09:33:00,200.0,3.49,3.49,3.48,3.48
09-22-2016 09:36:00,500.0,3.4999,3.5,3.4999,3.5
09-22-2016 09:37:00,7700.0,3.5,3.5,3.5,3.5
09-22-2016 09:39:00,1100.0,3.5,3.5,3.4999,3.4999
09-22-2016 09:49:00,500.0,3.5,3.5,3.5,3.5
09-22-2016 09:52:00,1100.0,3.5,3.5,3.5,3.5
09-22-2016 09:54:00,500.0,3.5,3.5,3.499,3.499
09-22-2016 10:00:00,161.0,3.5,3.5,3.5,3.5
09-22-2016 10:04:00,300.0,3.5,3.5,3.5,3.5
09-22-2016 10:07:00,400.0,3.5,3.5,3.4999,3.4999
09-22-2016 10:09:00,100.0,3.49,3.49,3.49,3.49
09-22-2016 10:11:00,1500.0,3.49,3.49,3.49,3.49
09-22-2016 10:23:00,200.0,3.5,3.5,3.5,3.5
09-22-2016 10:26:00,100.0,3.5,3.5,3.5,3.5
09-22-2016 10:40:00,2400.0,3.4996,3.4996,3.49,3.49
09-22-2016 10:47:00,142.0,3.495,3.495,3.495,3.495
09-22-2016 10:48:00,200.0,3.5,3.5,3.5,3.5
09-22-2016 10:51:00,600.0,3.5,3.5,3.4999,3.5
09-22-2016 10:52:00,600.0,3.49,3.49,3.49,3.49
09-22-2016 11:00:00,100.0,3.5,3.5,3.5,3.5
09-22-2016 11:01:00,900.0,3.5,3.5,3.49,3.49
09-22-2016 11:06:00,300.0,3.5,3.5,3.5,3.5
09-22-2016 11:07:00,700.0,3.49,3.495,3.49,3.49
09-22-2016 11:09:00,600.0,3.4901,3.4901,3.4901,3.4901
09-22-2016 11:13:00,100.0,3.49,3.49,3.49,3.49
09-22-2016 11:15:00,2500.0,3.49,3.4975,3.49,3.49
09-22-2016 11:23:00,900.0,3.49,3.49,3.49,3.49
09-22-2016 11:33:00,8800.0,3.488,3.5,3.488,3.49
09-22-2016 11:34:00,550.0,3.4938,3.4938,3.4938,3.4938
09-22-2016 11:52:00,100.0,3.48,3.48,3.48,3.48
09-22-2016 11:53:00,100.0,3.49,3.49,3.49,3.49
09-22-2016 11:56:00,500.0,3.5,3.5,3.5,3.5
09-22-2016 12:00:00,450.0,3.495,3.495,3.495,3.495
09-22-2016 12:05:00,825.0,3.5,3.5,3.49,3.495
09-22-2016 12:06:00,1300.0,3.5,3.5,3.5,3.5
09-22-2016 12:07:00,1100.0,3.5,3.5,3.4948,3.4948
09-22-2016 12:08:00,100.0,3.4958,3.4958,3.4958,3.4958
09-22-2016 12:12:00,600.0,3.49,3.49,3.49,3.49
09-22-2016 12:24:00,500.0,3.4813,3.4813,3.4813,3.4813
09-22-2016 12:34:00,100.0,3.5,3.5,3.5,3.5
09-22-2016 12:35:00,200.0,3.5,3.5,3.5,3.5
09-22-2016 12:37:00,100.0,3.5,3.5,3.5,3.5
09-22-2016 12:40:00,100.0,3.5,3.5,3.5,3.5
09-22-2016 12:42:00,100.0,3.4901,3.4901,3.4901,3.4901
09-22-2016 12:44:00,7520.0,3.4901,3.4957,3.49,3.49
09-22-2016 12:45:00,500.0,3.49,3.49,3.49,3.49
09-22-2016 12:57:00,1500.0,3.48,3.49,3.48,3.49
09-22-2016 13:01:00,1000.0,3.49,3.5,3.49,3.5
09-22-2016 13:06:00,1100.0,3.5,3.5,3.49,3.49
09-22-2016 13:12:00,200.0,3.49,3.49,3.49,3.49
09-22-2016 13:21:00,100.0,3.49,3.49,3.49,3.49
09-22-2016 13:25:00,100.0,3.495,3.495,3.495,3.495
09-22-2016 13:27:00,300.0,3.494,3.495,3.494,3.495
09-22-2016 13:28:00,100.0,3.495,3.495,3.495,3.495
09-22-2016 13:39:00,1000.0,3.499,3.5,3.495,3.5
09-22-2016 13:48:00,100.0,3.49,3.49,3.49,3.49
09-22-2016 13:51:00,300.0,3.5,3.5,3.5,3.5
09-22-2016 13:52:00,300.0,3.5,3.5,3.5,3.5
09-22-2016 13:54:00,300.0,3.5,3.5,3.5,3.5
09-22-2016 13:55:00,900.0,3.49,3.49,3.49,3.49
09-22-2016 14:04:00,8600.0,3.5,3.5,3.4941,3.495
09-22-2016 14:07:00,300.0,3.5,3.5,3.5,3.5
09-22-2016 14:08:00,100.0,3.5,3.5,3.5,3.5
09-22-2016 14:16:00,500.0,3.499,3.5,3.499,3.5
09-22-2016 14:26:00,250.0,3.4901,3.4901,3.4901,3.4901
09-22-2016 14:29:00,620.0,3.496,3.496,3.496,3.496
09-22-2016 14:36:00,700.0,3.5,3.5,3.5,3.5
09-22-2016 14:38:00,6000.0,3.494,3.5,3.494,3.494
09-22-2016 14:42:00,7860.0,3.4964,3.4964,3.49,3.4901
09-22-2016 14:43:00,10752.0,3.49,3.49,3.49,3.49
09-22-2016 14:46:00,3254.0,3.49,3.49,3.485,3.4899
09-22-2016 14:47:00,100.0,3.49,3.49,3.49,3.49
09-22-2016 14:48:00,100.0,3.49,3.49,3.49,3.49
09-22-2016 14:51:00,2000.0,3.49,3.49,3.48,3.48
09-22-2016 14:52:00,100.0,3.49,3.49,3.49,3.49
09-22-2016 14:54:00,900.0,3.51,3.51,3.49,3.49
09-22-2016 14:58:00,500.0,3.49,3.49,3.48,3.49
09-22-2016 14:59:00,2107.0,3.4865,3.49,3.4865,3.4869
09-22-2016 15:00:00,2390.0,3.4869,3.49,3.4869,3.49
09-22-2016 15:02:00,400.0,3.49,3.49,3.49,3.49
09-23-2016 08:30:00,181.0,3.47,3.47,3.47,3.47
09-23-2016 08:34:00,400.0,3.46,3.5017,3.46,3.5017
09-23-2016 08:43:00,285.0,3.49,3.49,3.49,3.49
09-23-2016 08:51:00,100.0,3.5,3.5,3.5,3.5
09-23-2016 08:52:00,3100.0,3.5015,3.51,3.5,3.5
09-23-2016 08:55:00,700.0,3.51,3.51,3.51,3.51
09-23-2016 09:05:00,100.0,3.5,3.5,3.5,3.5
09-23-2016 09:07:00,200.0,3.5,3.5,3.5,3.5
09-23-2016 09:08:00,1000.0,3.491,3.491,3.491,3.491
09-23-2016 09:09:00,600.0,3.49,3.49,3.49,3.49
09-23-2016 09:10:00,113.0,3.4701,3.4701,3.4701,3.4701
09-23-2016 09:11:00,100.0,3.48,3.48,3.48,3.48
09-23-2016 09:12:00,200.0,3.4701,3.4701,3.4701,3.4701
09-23-2016 09:17:00,200.0,3.48,3.48,3.48,3.48
09-23-2016 09:18:00,100.0,3.488,3.488,3.488,3.488
09-23-2016 09:21:00,200.0,3.49,3.49,3.49,3.49
09-23-2016 09:33:00,2000.0,3.47,3.489,3.47,3.489
09-23-2016 09:34:00,100.0,3.49,3.49,3.49,3.49
09-23-2016 09:47:00,1120.0,3.49,3.49,3.4891,3.4891
09-23-2016 09:55:00,100.0,3.4832,3.4832,3.4832,3.4832
09-23-2016 09:57:00,600.0,3.49,3.49,3.49,3.49
09-23-2016 09:59:00,700.0,3.48,3.48,3.48,3.48
09-23-2016 10:14:00,200.0,3.48,3.48,3.48,3.48
09-23-2016 10:19:00,1000.0,3.4701,3.4701,3.4701,3.4701
09-23-2016 10:23:00,300.0,3.48,3.48,3.48,3.48
09-23-2016 10:37:00,5000.0,3.489,3.489,3.489,3.489
09-23-2016 10:48:00,100.0,3.48,3.48,3.48,3.48
09-23-2016 10:59:00,100.0,3.49,3.49,3.49,3.49
09-23-2016 11:09:00,100.0,3.4842,3.4842,3.4842,3.4842
09-23-2016 11:13:00,100.0,3.48,3.48,3.48,3.48
09-23-2016 11:28:00,500.0,3.485,3.485,3.485,3.485
09-23-2016 11:33:00,500.0,3.485,3.485,3.485,3.485
09-23-2016 11:41:00,1200.0,3.48,3.48,3.475,3.48
09-23-2016 11:45:00,4822.0,3.4701,3.4701,3.4701,3.4701
09-23-2016 11:50:00,1417.0,3.47,3.47,3.47,3.47
09-23-2016 11:55:00,1100.0,3.471,3.471,3.47,3.47
09-23-2016 12:02:00,100.0,3.47,3.47,3.47,3.47
09-23-2016 12:09:00,6400.0,3.47,3.4733,3.46,3.47
09-23-2016 12:15:00,100.0,3.46,3.46,3.46,3.46
09-23-2016 12:17:00,1100.0,3.47,3.47,3.47,3.47
09-23-2016 12:22:00,1187.0,3.47,3.47,3.47,3.47
09-23-2016 12:40:00,1400.0,3.462,3.462,3.462,3.462
09-23-2016 12:43:00,200.0,3.46,3.46,3.46,3.46
09-23-2016 12:50:00,100.0,3.46,3.46,3.46,3.46
09-23-2016 13:04:00,100.0,3.46,3.46,3.46,3.46
09-23-2016 13:07:00,100.0,3.47,3.47,3.47,3.47
09-23-2016 13:20:00,105.0,3.4625,3.4625,3.4625,3.4625
09-23-2016 13:23:00,1000.0,3.46,3.46,3.46,3.46
09-23-2016 13:41:00,530.0,3.4717,3.4717,3.4717,3.4717
09-23-2016 14:34:00,1300.0,3.47,3.47,3.46,3.46
09-23-2016 14:42:00,3724.0,3.46,3.46,3.46,3.46
09-23-2016 14:43:00,6300.0,3.45,3.45,3.45,3.45
09-23-2016 14:46:00,100.0,3.46,3.46,3.46,3.46
09-23-2016 14:47:00,3200.0,3.455,3.46,3.455,3.46
09-23-2016 14:51:00,100.0,3.45,3.45,3.45,3.45
09-23-2016 14:52:00,1100.0,3.45,3.4515,3.45,3.4515
09-23-2016 14:54:00,200.0,3.46,3.46,3.46,3.46
09-23-2016 14:58:00,100.0,3.45,3.45,3.45,3.45
09-23-2016 15:00:00,300.0,3.47,3.47,3.46,3.46
09-26-2016 08:30:00,3000.0,3.48,3.48,3.48,3.48
09-26-2016 08:46:00,1800.0,3.4475,3.4475,3.4475,3.4475
09-26-2016 09:00:00,10400.0,3.47,3.49,3.47,3.48
09-26-2016 09:02:00,100.0,3.49,3.49,3.49,3.49
09-26-2016 09:03:00,300.0,3.5,3.5,3.5,3.5
09-26-2016 09:04:00,500.0,3.49,3.49,3.49,3.49
09-26-2016 09:05:00,1300.0,3.4936,3.494,3.4936,3.494
09-26-2016 09:06:00,1200.0,3.49,3.494,3.49,3.494
09-26-2016 09:07:00,2025.0,3.499,3.499,3.49,3.49
09-26-2016 09:08:00,2300.0,3.49,3.49,3.49,3.49
09-26-2016 09:13:00,950.0,3.47,3.47,3.45,3.45
09-26-2016 09:15:00,579.0,3.48,3.48,3.48,3.48
09-26-2016 09:30:00,800.0,3.45,3.45,3.42,3.42
09-26-2016 09:34:00,3000.0,3.44,3.44,3.44,3.44
09-26-2016 09:41:00,550.0,3.4499,3.4499,3.4499,3.4499
09-26-2016 09:47:00,3754.0,3.43,3.44,3.43,3.44
09-26-2016 09:49:00,300.0,3.4312,3.44,3.4312,3.44
09-26-2016 09:51:00,1000.0,3.4499,3.4499,3.4499,3.4499
09-26-2016 09:54:00,600.0,3.45,3.45,3.446,3.446
09-26-2016 09:57:00,10080.0,3.439,3.45,3.439,3.44
09-26-2016 10:08:00,600.0,3.44,3.44,3.43,3.43
09-26-2016 10:11:00,300.0,3.432,3.432,3.432,3.432
09-26-2016 10:12:00,200.0,3.43,3.435,3.43,3.435
09-26-2016 10:13:00,189.0,3.435,3.435,3.435,3.435
09-26-2016 10:14:00,300.0,3.43,3.43,3.43,3.43
09-26-2016 10:17:00,2500.0,3.43,3.43,3.43,3.43
09-26-2016 10:18:00,1924.0,3.43,3.43,3.43,3.43
09-26-2016 10:20:00,100.0,3.43,3.43,3.43,3.43
09-26-2016 10:22:00,200.0,3.43,3.43,3.43,3.43
09-26-2016 10:23:00,9200.0,3.421,3.421,3.421,3.421
09-26-2016 10:28:00,5200.0,3.43,3.43,3.42,3.42
09-26-2016 10:30:00,100.0,3.42,3.42,3.42,3.42
09-26-2016 10:36:00,100.0,3.42,3.42,3.42,3.42
09-26-2016 10:37:00,200.0,3.42,3.42,3.42,3.42
09-26-2016 10:53:00,200.0,3.42,3.42,3.42,3.42
09-26-2016 11:04:00,1000.0,3.4299,3.4299,3.4299,3.4299
09-26-2016 11:17:00,400.0,3.43,3.43,3.425,3.425
09-26-2016 11:18:00,2800.0,3.43,3.43,3.43,3.43
09-26-2016 11:19:00,150.0,3.4201,3.4201,3.4201,3.4201
09-26-2016 11:27:00,400.0,3.42,3.42,3.42,3.42
09-26-2016 11:28:00,100.0,3.42,3.42,3.42,3.42
09-26-2016 11:43:00,200.0,3.42,3.42,3.42,3.42
09-26-2016 11:44:00,300.0,3.43,3.43,3.429,3.429
09-26-2016 11:47:00,1700.0,3.4201,3.4201,3.4201,3.4201
09-26-2016 11:51:00,100.0,3.42,3.42,3.42,3.42
09-26-2016 11:55:00,100.0,3.42,3.42,3.42,3.42
09-26-2016 11:56:00,200.0,3.42,3.42,3.42,3.42
09-26-2016 12:10:00,100.0,3.42,3.42,3.42,3.42
09-26-2016 12:12:00,1100.0,3.43,3.43,3.42,3.42
09-26-2016 12:34:00,5500.0,3.43,3.43,3.43,3.43
09-26-2016 12:35:00,10900.0,3.43,3.4364,3.4299,3.43
09-26-2016 12:36:00,200.0,3.43,3.43,3.43,3.43
09-26-2016 12:42:00,600.0,3.43,3.43,3.43,3.43
09-26-2016 12:48:00,5749.0,3.43,3.44,3.43,3.43
09-26-2016 12:50:00,1757.0,3.44,3.44,3.43,3.43
09-26-2016 12:53:00,600.0,3.43,3.43,3.43,3.43
09-26-2016 13:10:00,1100.0,3.4327,3.4327,3.43,3.43
09-26-2016 13:21:00,2400.0,3.4354,3.4354,3.43,3.43
09-26-2016 13:42:00,100.0,3.43,3.43,3.43,3.43
09-26-2016 14:05:00,1300.0,3.43,3.43,3.43,3.43
09-26-2016 14:06:00,100.0,3.43,3.43,3.43,3.43
09-26-2016 14:08:00,2855.0,3.4399,3.4399,3.43,3.43
09-26-2016 14:14:00,1400.0,3.43,3.43,3.43,3.43
09-26-2016 14:30:00,1000.0,3.42,3.42,3.42,3.42
09-26-2016 14:45:00,200.0,3.42,3.42,3.42,3.42
09-26-2016 14:51:00,300.0,3.43,3.43,3.43,3.43
09-26-2016 14:56:00,100.0,3.42,3.42,3.42,3.42
09-26-2016 14:59:00,100.0,3.43,3.43,3.43,3.43
09-26-2016 15:00:00,1311.0,3.43,3.44,3.42,3.42
09-27-2016 08:30:00,1665.0,3.45,3.45,3.45,3.45
09-27-2016 08:31:00,1700.0,3.44,3.4401,3.44,3.44
09-27-2016 08:34:00,1200.0,3.44,3.44,3.44,3.44
09-27-2016 08:36:00,100.0,3.43,3.43,3.43,3.43
09-27-2016 08:38:00,1800.0,3.39,3.415,3.39,3.415
09-27-2016 08:39:00,100.0,3.3922,3.3922,3.3922,3.3922
09-27-2016 08:42:00,300.0,3.42,3.42,3.42,3.42
09-27-2016 08:46:00,500.0,3.4001,3.4001,3.4001,3.4001
09-27-2016 08:58:00,600.0,3.43,3.43,3.43,3.43
09-27-2016 09:03:00,300.0,3.4001,3.4001,3.4001,3.4001
09-27-2016 09:19:00,100.0,3.42,3.42,3.42,3.42
09-27-2016 09:43:00,362.0,3.421,3.434,3.421,3.434
09-27-2016 09:47:00,100.0,3.43,3.43,3.43,3.43
09-27-2016 09:49:00,100.0,3.43,3.43,3.43,3.43
09-27-2016 09:50:00,200.0,3.43,3.44,3.43,3.44
09-27-2016 10:18:00,200.0,3.43,3.43,3.43,3.43
09-27-2016 10:19:00,300.0,3.42,3.42,3.42,3.42
09-27-2016 10:21:00,5500.0,3.411,3.411,3.411,3.411
09-27-2016 10:23:00,100.0,3.43,3.43,3.43,3.43
09-27-2016 10:25:00,300.0,3.42,3.42,3.4001,3.4001
09-27-2016 10:29:00,100.0,3.41,3.41,3.41,3.41
09-27-2016 10:36:00,4700.0,3.41,3.41,3.4066,3.41
09-27-2016 10:37:00,289.0,3.41,3.41,3.41,3.41
09-27-2016 10:39:00,1141.0,3.41,3.41,3.41,3.41
09-27-2016 10:43:00,333.0,3.41,3.41,3.41,3.41
09-27-2016 10:45:00,500.0,3.41,3.4138,3.41,3.4138
09-27-2016 10:52:00,800.0,3.41,3.41,3.41,3.41
09-27-2016 10:57:00,1420.0,3.41,3.41,3.41,3.41
09-27-2016 10:59:00,100.0,3.42,3.42,3.42,3.42
09-27-2016 11:07:00,100.0,3.41,3.41,3.41,3.41
09-27-2016 11:08:00,300.0,3.41,3.41,3.4,3.4
09-27-2016 11:09:00,100.0,3.41,3.41,3.41,3.41
09-27-2016 11:11:00,200.0,3.43,3.43,3.43,3.43
09-27-2016 11:28:00,1000.0,3.399,3.399,3.3901,3.3901
09-27-2016 11:29:00,4500.0,3.391,3.4006,3.39,3.4
09-27-2016 11:30:00,2183.0,3.381,3.3908,3.38,3.38
09-27-2016 11:34:00,500.0,3.3799,3.3799,3.3799,3.3799
09-27-2016 11:36:00,500.0,3.37,3.37,3.37,3.37
09-27-2016 11:48:00,4703.0,3.3601,3.3601,3.3601,3.3601
09-27-2016 11:55:00,200.0,3.37,3.37,3.37,3.37
09-27-2016 11:56:00,2000.0,3.38,3.38,3.38,3.38
09-27-2016 12:04:00,400.0,3.36,3.36,3.36,3.36
09-27-2016 12:06:00,200.0,3.36,3.36,3.36,3.36
09-27-2016 12:07:00,264.0,3.36,3.36,3.36,3.36
09-27-2016 12:08:00,100.0,3.36,3.36,3.36,3.36
09-27-2016 12:09:00,1000.0,3.3799,3.3799,3.3799,3.3799
09-27-2016 12:21:00,100.0,3.36,3.36,3.36,3.36
09-27-2016 12:24:00,1300.0,3.36,3.4,3.36,3.38
09-27-2016 12:26:00,400.0,3.38,3.38,3.378,3.378
09-27-2016 12:29:00,300.0,3.385,3.385,3.385,3.385
09-27-2016 12:41:00,1830.0,3.398,3.398,3.398,3.398
09-27-2016 12:50:00,850.0,3.38,3.38,3.38,3.38
09-27-2016 12:57:00,100.0,3.38,3.38,3.38,3.38
09-27-2016 13:06:00,112.0,3.3835,3.3835,3.3835,3.3835
09-27-2016 13:10:00,600.0,3.39,3.39,3.385,3.385
09-27-2016 13:16:00,1000.0,3.3991,3.3991,3.3991,3.3991
09-27-2016 13:17:00,100.0,3.4,3.4,3.4,3.4
09-27-2016 13:24:00,300.0,3.39,3.39,3.39,3.39
09-27-2016 13:29:00,1300.0,3.39,3.39,3.39,3.39
09-27-2016 13:36:00,3300.0,3.4,3.4,3.38,3.38
09-27-2016 13:40:00,200.0,3.39,3.39,3.39,3.39
09-27-2016 13:45:00,100.0,3.39,3.39,3.39,3.39
09-27-2016 13:54:00,250.0,3.3835,3.3835,3.3835,3.3835
09-27-2016 14:05:00,100.0,3.38,3.38,3.38,3.38
09-27-2016 14:14:00,100.0,3.38,3.38,3.38,3.38
09-27-2016 14:21:00,138.0,3.3862,3.3862,3.3862,3.3862
09-27-2016 14:22:00,200.0,3.38,3.38,3.38,3.38
09-27-2016 14:23:00,200.0,3.38,3.38,3.38,3.38
09-27-2016 14:27:00,600.0,3.39,3.39,3.39,3.39
09-27-2016 14:29:00,1000.0,3.395,3.395,3.395,3.395
09-27-2016 14:30:00,500.0,3.39,3.39,3.39,3.39
09-27-2016 14:31:00,200.0,3.39,3.39,3.39,3.39
09-27-2016 14:39:00,100.0,3.39,3.39,3.39,3.39
09-27-2016 14:45:00,9300.0,3.4,3.4,3.3998,3.3998
09-27-2016 14:52:00,700.0,3.4,3.4,3.39,3.4
09-27-2016 14:57:00,300.0,3.4,3.4,3.38,3.38
09-27-2016 15:00:00,5803.0,3.39,3.4,3.38,3.4
