09-07-2016 08:30:00,334.0,16.78,16.78,16.78,16.78
09-07-2016 08:31:00,100.0,16.856,16.856,16.856,16.856
09-07-2016 08:39:00,300.0,16.8,16.8,16.8,16.8
09-07-2016 08:41:00,600.0,16.88,16.88,16.78,16.78
09-07-2016 08:46:00,200.0,16.8,16.8,16.79,16.79
09-07-2016 08:49:00,1500.0,16.8399,16.87,16.76,16.76
09-07-2016 08:57:00,200.0,16.8399,16.8399,16.79,16.79
09-07-2016 09:03:00,500.0,16.73,16.73,16.7,16.7
09-07-2016 09:04:00,700.0,16.7,16.72,16.68,16.72
09-07-2016 09:05:00,100.0,16.7,16.7,16.7,16.7
09-07-2016 09:09:00,250.0,16.805,16.805,16.805,16.805
09-07-2016 09:30:00,600.0,16.77,16.77,16.7,16.7
09-07-2016 09:46:00,916.0,16.7,16.7,16.6,16.6
09-07-2016 09:47:00,700.0,16.65,16.72,16.56,16.72
09-07-2016 10:13:00,100.0,16.72,16.72,16.72,16.72
09-07-2016 10:14:00,100.0,16.69,16.69,16.69,16.69
09-07-2016 10:27:00,100.0,16.73,16.73,16.73,16.73
09-07-2016 10:38:00,400.0,16.73,16.73,16.72,16.72
09-07-2016 10:41:00,100.0,16.74,16.74,16.74,16.74
09-07-2016 10:49:00,100.0,16.75,16.75,16.75,16.75
09-07-2016 10:54:00,100.0,16.75,16.75,16.75,16.75
09-07-2016 11:08:00,100.0,16.73,16.73,16.73,16.73
09-07-2016 11:19:00,600.0,16.74,16.74,16.72,16.72
09-07-2016 11:43:00,100.0,16.73,16.73,16.73,16.73
09-07-2016 11:44:00,800.0,16.73,16.7699,16.72,16.74
09-07-2016 12:06:00,200.0,16.77,16.77,16.77,16.77
09-07-2016 12:18:00,100.0,16.77,16.77,16.77,16.77
09-07-2016 12:30:00,100.0,16.81,16.81,16.81,16.81
09-07-2016 12:32:00,100.0,16.8,16.8,16.8,16.8
09-07-2016 12:38:00,1144.0,16.82,16.86,16.82,16.86
09-07-2016 12:42:00,500.0,16.84,16.86,16.84,16.84
09-07-2016 12:44:00,500.0,16.8,16.8,16.79,16.79
09-07-2016 12:50:00,100.0,16.85,16.85,16.85,16.85
09-07-2016 12:58:00,300.0,16.86,16.86,16.79,16.79
09-07-2016 12:59:00,100.0,16.86,16.86,16.86,16.86
09-07-2016 13:02:00,500.0,16.86,16.86,16.78,16.81
09-07-2016 13:34:00,500.0,16.82,16.83,16.72,16.83
09-07-2016 13:46:00,2100.0,16.83,16.84,16.735,16.76
09-07-2016 13:48:00,100.0,16.83,16.83,16.83,16.83
09-07-2016 13:49:00,500.0,16.77,16.85,16.77,16.81
09-07-2016 13:52:00,1100.0,16.85,16.87,16.8,16.87
09-07-2016 14:03:00,300.0,16.88,16.88,16.84,16.84
09-07-2016 14:04:00,200.0,16.9,16.9,16.88,16.88
09-07-2016 14:08:00,100.0,16.9,16.9,16.9,16.9
09-07-2016 14:09:00,300.0,16.9,16.9,16.85,16.875
09-07-2016 14:13:00,200.0,16.9,16.9,16.86,16.86
09-07-2016 14:14:00,2200.0,16.895,16.895,16.78,16.78
09-07-2016 14:25:00,300.0,16.85,16.88,16.85,16.88
09-07-2016 14:31:00,2600.0,16.9151,16.9151,16.84,16.89
09-07-2016 14:34:00,700.0,16.89,16.89,16.84,16.84
09-07-2016 14:38:00,100.0,16.92,16.92,16.92,16.92
09-07-2016 14:39:00,900.0,16.88,16.9,16.85,16.85
09-07-2016 14:40:00,1780.0,16.8999,16.8999,16.84,16.84
09-07-2016 14:43:00,300.0,16.88,16.88,16.81,16.85
09-07-2016 14:46:00,300.0,16.88,16.88,16.85,16.85
09-07-2016 14:49:00,200.0,16.87,16.87,16.85,16.85
09-07-2016 14:51:00,200.0,16.86,16.86,16.82,16.82
09-07-2016 14:55:00,300.0,16.87,16.87,16.85,16.86
09-07-2016 14:56:00,1545.0,16.86,16.87,16.84,16.85
09-07-2016 14:58:00,500.0,16.9,16.9,16.86,16.9
09-07-2016 14:59:00,100.0,16.9,16.9,16.9,16.9
09-07-2016 15:00:00,1519.0,16.86,16.9,16.86,16.89
09-08-2016 08:30:00,315.0,16.9,16.9,16.9,16.9
09-08-2016 08:43:00,1452.0,17.16,17.16,16.9,16.9
09-08-2016 08:52:00,500.0,16.94,16.94,16.7,16.7
09-08-2016 08:53:00,500.0,16.93,16.93,16.72,16.89
09-08-2016 08:55:00,1100.0,16.87,16.8799,16.74,16.825
09-08-2016 08:57:00,200.0,16.88,16.88,16.83,16.83
09-08-2016 08:59:00,1200.0,16.82,16.82,16.73,16.76
09-08-2016 09:00:00,100.0,16.77,16.77,16.77,16.77
09-08-2016 09:08:00,1000.0,16.84,16.85,16.73,16.73
09-08-2016 09:18:00,200.0,16.88,16.88,16.88,16.88
09-08-2016 09:19:00,100.0,16.98,16.98,16.98,16.98
09-08-2016 09:21:00,200.0,16.9999,17.0,16.9999,17.0
09-08-2016 09:31:00,100.0,17.0,17.0,17.0,17.0
09-08-2016 09:32:00,200.0,16.97,16.97,16.91,16.91
09-08-2016 09:36:00,200.0,16.96,16.99,16.96,16.99
09-08-2016 09:37:00,817.0,17.0,17.0599,16.98,17.0599
09-08-2016 09:40:00,3900.0,17.0,17.0001,16.85,16.85
09-08-2016 09:44:00,200.0,17.03,17.03,16.84,16.84
09-08-2016 09:47:00,700.0,16.95,16.95,16.9,16.9
09-08-2016 09:55:00,100.0,16.9999,16.9999,16.9999,16.9999
09-08-2016 09:56:00,1100.0,17.0,17.0,16.96,16.96
09-08-2016 09:59:00,29800.0,17.04,17.04,16.71,16.9
09-08-2016 10:02:00,200.0,16.91,16.91,16.9,16.9
09-08-2016 10:05:00,300.0,16.89,16.89,16.81,16.81
09-08-2016 10:13:00,1800.0,16.88,16.91,16.8,16.8
09-08-2016 10:22:00,300.0,16.9,16.9,16.83,16.83
09-08-2016 10:27:00,100.0,16.91,16.91,16.91,16.91
09-08-2016 10:30:00,300.0,16.92,16.92,16.84,16.84
09-08-2016 10:34:00,200.0,16.91,16.91,16.89,16.89
09-08-2016 10:35:00,100.0,16.91,16.91,16.91,16.91
09-08-2016 10:36:00,100.0,16.9099,16.9099,16.9099,16.9099
09-08-2016 10:44:00,400.0,16.91,16.91,16.87,16.91
09-08-2016 10:45:00,100.0,16.92,16.92,16.92,16.92
09-08-2016 10:47:00,300.0,16.92,16.92,16.87,16.87
09-08-2016 10:51:00,200.0,16.92,16.93,16.92,16.93
09-08-2016 10:57:00,200.0,16.96,16.97,16.96,16.97
09-08-2016 10:59:00,600.0,16.98,17.04,16.98,17.03
09-08-2016 11:00:00,100.0,17.04,17.04,17.04,17.04
09-08-2016 11:02:00,100.0,16.99,16.99,16.99,16.99
09-08-2016 11:05:00,400.0,16.99,16.99,16.99,16.99
09-08-2016 11:12:00,400.0,16.9851,16.9851,16.89,16.89
09-08-2016 11:23:00,19800.0,16.97,17.0,16.705,16.76
09-08-2016 11:25:00,200.0,16.84,16.85,16.84,16.85
09-08-2016 11:30:00,100.0,16.9599,16.9599,16.9599,16.9599
09-08-2016 11:32:00,100.0,16.89,16.89,16.89,16.89
09-08-2016 11:35:00,100.0,16.98,16.98,16.98,16.98
09-08-2016 11:37:00,100.0,16.95,16.95,16.95,16.95
09-08-2016 11:38:00,100.0,16.935,16.935,16.935,16.935
09-08-2016 11:57:00,100.0,16.96,16.96,16.96,16.96
09-08-2016 12:00:00,600.0,16.9699,16.98,16.895,16.895
09-08-2016 12:01:00,300.0,16.97,16.97,16.9,16.9
09-08-2016 12:02:00,200.0,16.98,16.98,16.93,16.93
09-08-2016 12:11:00,200.0,16.97,16.97,16.92,16.92
09-08-2016 12:21:00,100.0,16.97,16.97,16.97,16.97
09-08-2016 12:23:00,500.0,16.98,16.98,16.94,16.98
09-08-2016 12:24:00,500.0,16.98,16.98,16.94,16.94
09-08-2016 12:28:00,300.0,16.98,16.98,16.95,16.95
09-08-2016 12:31:00,100.0,16.97,16.97,16.97,16.97
09-08-2016 12:39:00,200.0,16.88,16.88,16.8,16.8
09-08-2016 12:40:00,300.0,16.9,16.9,16.815,16.815
09-08-2016 12:41:00,1300.0,16.8793,16.8793,16.81,16.855
09-08-2016 12:42:00,400.0,16.855,16.87,16.8,16.8
09-08-2016 12:43:00,500.0,16.8,16.85,16.8,16.84
09-08-2016 12:47:00,400.0,16.75,16.8,16.75,16.8
09-08-2016 12:53:00,100.0,16.86,16.86,16.86,16.86
09-08-2016 12:58:00,400.0,16.8999,16.8999,16.87,16.87
09-08-2016 13:02:00,100.0,16.87,16.87,16.87,16.87
09-08-2016 13:03:00,400.0,16.8,16.88,16.8,16.88
09-08-2016 13:08:00,300.0,16.88,16.88,16.82,16.82
09-08-2016 13:15:00,200.0,16.88,16.88,16.88,16.88
09-08-2016 13:22:00,100.0,16.82,16.82,16.82,16.82
09-08-2016 13:24:00,200.0,16.9399,16.9399,16.91,16.91
09-08-2016 13:30:00,100.0,16.9,16.9,16.9,16.9
09-08-2016 13:31:00,700.0,16.9,16.97,16.76,16.76
09-08-2016 13:35:00,100.0,16.91,16.91,16.91,16.91
09-08-2016 13:48:00,289.0,16.85,16.95,16.85,16.95
09-08-2016 13:49:00,100.0,16.9599,16.9599,16.9599,16.9599
09-08-2016 14:13:00,300.0,16.9799,16.98,16.96,16.98
09-08-2016 14:15:00,500.0,16.96,16.96,16.94,16.94
09-08-2016 14:25:00,300.0,16.97,16.97,16.97,16.97
09-08-2016 14:30:00,300.0,16.99,16.99,16.99,16.99
09-08-2016 14:31:00,200.0,16.96,16.96,16.96,16.96
09-08-2016 14:34:00,2316.0,16.98,17.03,16.98,17.0
09-08-2016 14:39:00,100.0,17.03,17.03,17.03,17.03
09-08-2016 14:47:00,100.0,17.0399,17.0399,17.0399,17.0399
09-08-2016 14:49:00,1299.0,17.03,17.04,17.03,17.04
09-08-2016 14:51:00,100.0,17.07,17.07,17.07,17.07
09-08-2016 14:54:00,100.0,17.1,17.1,17.1,17.1
09-08-2016 14:55:00,100.0,17.1,17.1,17.1,17.1
09-08-2016 14:57:00,300.0,17.1,17.1,17.06,17.06
09-08-2016 14:58:00,100.0,17.09,17.09,17.09,17.09
09-08-2016 14:59:00,901.0,17.09,17.1,17.08,17.09
09-08-2016 15:00:00,925.0,17.09,17.1,17.09,17.1
09-09-2016 08:30:00,262.0,17.05,17.05,17.05,17.05
09-09-2016 08:44:00,320.0,17.0975,17.0975,17.0975,17.0975
09-09-2016 08:46:00,100.0,16.75,16.75,16.75,16.75
09-09-2016 08:50:00,100.0,17.11,17.11,17.11,17.11
09-09-2016 08:56:00,1800.0,16.845,16.8498,16.65,16.66
09-09-2016 08:59:00,1400.0,16.33,16.62,16.31,16.62
09-09-2016 09:20:00,100.0,16.655,16.655,16.655,16.655
09-09-2016 09:26:00,2399.0,16.69,16.69,16.6,16.6
09-09-2016 09:31:00,100.0,16.83,16.83,16.83,16.83
09-09-2016 09:36:00,336.0,16.61,16.7,16.61,16.7
09-09-2016 09:37:00,700.0,16.67,16.73,16.67,16.73
09-09-2016 09:40:00,100.0,16.69,16.69,16.69,16.69
09-09-2016 09:44:00,110.0,16.75,16.75,16.75,16.75
09-09-2016 09:49:00,900.0,16.68,16.68,16.65,16.65
09-09-2016 09:58:00,100.0,16.662,16.662,16.662,16.662
09-09-2016 10:01:00,100.0,16.74,16.74,16.74,16.74
09-09-2016 10:07:00,200.0,16.67,16.67,16.67,16.67
09-09-2016 10:08:00,100.0,16.71,16.71,16.71,16.71
09-09-2016 10:12:00,200.0,16.67,16.68,16.67,16.68
09-09-2016 10:23:00,100.0,16.64,16.64,16.64,16.64
09-09-2016 10:24:00,500.0,16.66,16.72,16.66,16.72
09-09-2016 10:30:00,200.0,16.69,16.69,16.64,16.64
09-09-2016 10:37:00,100.0,16.655,16.655,16.655,16.655
09-09-2016 10:45:00,400.0,16.65,16.65,16.62,16.62
09-09-2016 10:47:00,500.0,16.64,16.66,16.64,16.66
09-09-2016 10:48:00,100.0,16.7,16.7,16.7,16.7
09-09-2016 10:55:00,200.0,16.7,16.7,16.7,16.7
09-09-2016 10:56:00,1800.0,16.7,16.71,16.7,16.7
09-09-2016 10:57:00,400.0,16.7,16.7,16.7,16.7
09-09-2016 11:00:00,400.0,16.79,16.79,16.785,16.785
09-09-2016 11:01:00,800.0,16.7878,16.79,16.745,16.7892
09-09-2016 11:03:00,700.0,16.75,16.76,16.71,16.71
09-09-2016 11:04:00,300.0,16.7,16.7,16.7,16.7
09-09-2016 11:07:00,200.0,16.7,16.7,16.7,16.7
09-09-2016 11:12:00,200.0,16.71,16.72,16.71,16.72
09-09-2016 11:22:00,200.0,16.7999,16.8,16.7999,16.8
09-09-2016 11:23:00,1150.0,16.8399,16.85,16.835,16.8392
09-09-2016 11:24:00,100.0,16.85,16.85,16.85,16.85
09-09-2016 11:35:00,100.0,16.8,16.8,16.8,16.8
09-09-2016 11:46:00,200.0,16.81,16.81,16.81,16.81
09-09-2016 11:48:00,200.0,16.85,16.85,16.83,16.83
09-09-2016 11:49:00,200.0,16.87,16.935,16.87,16.935
09-09-2016 12:07:00,800.0,16.835,16.85,16.83,16.83
09-09-2016 12:15:00,300.0,16.745,16.78,16.745,16.77
09-09-2016 12:18:00,200.0,16.78,16.78,16.78,16.78
09-09-2016 12:23:00,100.0,16.78,16.78,16.78,16.78
09-09-2016 12:26:00,100.0,16.79,16.79,16.79,16.79
09-09-2016 12:28:00,100.0,16.79,16.79,16.79,16.79
09-09-2016 12:33:00,100.0,16.805,16.805,16.805,16.805
09-09-2016 12:35:00,300.0,16.8,16.82,16.79,16.79
09-09-2016 12:44:00,100.0,16.7,16.7,16.7,16.7
09-09-2016 12:45:00,700.0,16.7599,16.79,16.73,16.79
09-09-2016 13:02:00,800.0,16.72,16.72,16.68,16.68
09-09-2016 13:03:00,1350.0,16.69,16.77,16.66,16.66
09-09-2016 13:06:00,100.0,16.68,16.68,16.68,16.68
09-09-2016 13:08:00,200.0,16.68,16.68,16.68,16.68
09-09-2016 13:10:00,200.0,16.66,16.66,16.62,16.62
09-09-2016 13:12:00,100.0,16.66,16.66,16.66,16.66
09-09-2016 13:13:00,200.0,16.67,16.67,16.67,16.67
09-09-2016 13:19:00,100.0,16.655,16.655,16.655,16.655
09-09-2016 13:28:00,100.0,16.68,16.68,16.68,16.68
09-09-2016 13:31:00,300.0,16.67,16.67,16.65,16.65
09-09-2016 13:32:00,200.0,16.68,16.68,16.6799,16.6799
09-09-2016 13:33:00,200.0,16.68,16.74,16.68,16.74
09-09-2016 13:34:00,1300.0,16.73,16.8,16.73,16.8
09-09-2016 13:35:00,814.0,16.81,16.83,16.77,16.81
09-09-2016 13:36:00,500.0,16.87,16.91,16.87,16.87
09-09-2016 13:37:00,100.0,16.87,16.87,16.87,16.87
09-09-2016 13:38:00,200.0,16.87,16.87,16.87,16.87
09-09-2016 13:39:00,600.0,16.88,16.94,16.88,16.94
09-09-2016 13:40:00,561.0,16.98,16.98,16.98,16.98
09-09-2016 13:41:00,500.0,17.02,17.02,17.009,17.02
09-09-2016 13:42:00,100.0,17.03,17.03,17.03,17.03
09-09-2016 13:43:00,100.0,17.06,17.06,17.06,17.06
09-09-2016 13:45:00,100.0,17.11,17.11,17.11,17.11
09-09-2016 13:48:00,100.0,17.08,17.08,17.08,17.08
09-09-2016 13:58:00,600.0,17.02,17.12,17.02,17.12
09-09-2016 13:59:00,200.0,17.0,17.12,17.0,17.12
09-09-2016 14:03:00,400.0,17.015,17.02,17.01,17.01
09-09-2016 14:04:00,100.0,17.0,17.0,17.0,17.0
09-09-2016 14:07:00,1100.0,17.02,17.06,16.97,16.97
09-09-2016 14:12:00,100.0,16.9,16.9,16.9,16.9
09-09-2016 14:14:00,100.0,16.94,16.94,16.94,16.94
09-09-2016 14:22:00,300.0,16.86,16.86,16.86,16.86
09-09-2016 14:23:00,100.0,16.88,16.88,16.88,16.88
09-09-2016 14:27:00,300.0,16.97,16.97,16.97,16.97
09-09-2016 14:29:00,1400.0,17.04,17.04,17.04,17.04
09-09-2016 14:30:00,300.0,16.985,17.0,16.985,17.0
09-09-2016 14:31:00,300.0,17.085,17.085,17.085,17.085
09-09-2016 14:32:00,100.0,17.15,17.15,17.15,17.15
09-09-2016 14:36:00,100.0,17.04,17.04,17.04,17.04
09-09-2016 14:37:00,200.0,17.1,17.1,17.055,17.055
09-09-2016 14:40:00,400.0,17.025,17.025,17.025,17.025
09-09-2016 14:43:00,765.0,17.02,17.02,17.0,17.01
09-09-2016 14:44:00,200.0,16.98,16.98,16.98,16.98
09-09-2016 14:48:00,500.0,17.031,17.031,17.01,17.01
09-09-2016 14:52:00,100.0,17.0,17.0,17.0,17.0
09-09-2016 14:53:00,100.0,17.01,17.01,17.01,17.01
09-09-2016 14:55:00,300.0,17.01,17.01,17.01,17.01
09-09-2016 14:56:00,100.0,17.09,17.09,17.09,17.09
09-09-2016 14:57:00,200.0,17.02,17.02,17.01,17.01
09-09-2016 14:58:00,300.0,16.97,16.97,16.96,16.96
09-09-2016 14:59:00,200.0,16.95,16.95,16.95,16.95
09-09-2016 15:00:00,2089.0,16.93,16.96,16.91,16.92
09-09-2016 15:39:00,1531.0,16.92,16.92,16.92,16.92
09-12-2016 08:30:00,331.0,16.93,16.93,16.93,16.93
09-12-2016 08:32:00,300.0,17.03,17.03,17.0,17.0
09-12-2016 08:33:00,4008.0,17.0,17.0,16.615,16.74
09-12-2016 08:34:00,100.0,16.75,16.75,16.75,16.75
09-12-2016 08:36:00,3800.0,16.75,17.0,16.655,16.655
09-12-2016 08:37:00,800.0,16.75,17.0,16.75,16.9
09-12-2016 08:44:00,3700.0,16.99,17.0,16.78,16.96
09-12-2016 08:45:00,5910.0,17.0,17.0,16.76,16.9
09-12-2016 08:46:00,1000.0,17.0,17.02,16.95,16.95
09-12-2016 08:47:00,1200.0,17.01,17.01,16.775,17.0
09-12-2016 08:48:00,1000.0,17.0,17.0,16.78,16.9
09-12-2016 08:52:00,100.0,16.83,16.83,16.83,16.83
09-12-2016 08:53:00,100.0,16.87,16.87,16.87,16.87
09-12-2016 08:56:00,400.0,16.89,16.9,16.81,16.9
09-12-2016 08:57:00,400.0,16.9,16.91,16.9,16.91
09-12-2016 08:58:00,200.0,17.0,17.0,17.0,17.0
09-12-2016 08:59:00,400.0,16.925,16.93,16.925,16.93
09-12-2016 09:03:00,1100.0,16.994,16.994,16.8975,16.9
09-12-2016 09:07:00,3200.0,16.99,17.19,16.905,17.0
09-12-2016 09:08:00,100.0,17.11,17.11,17.11,17.11
09-12-2016 09:09:00,700.0,17.0501,17.12,17.05,17.05
09-12-2016 09:10:00,100.0,17.01,17.01,17.01,17.01
09-12-2016 09:30:00,6200.0,16.985,17.0,16.865,16.88
09-12-2016 09:31:00,300.0,16.9,16.9,16.9,16.9
09-12-2016 09:32:00,200.0,16.9,16.9,16.89,16.89
09-12-2016 09:33:00,400.0,16.9,16.9,16.895,16.895
09-12-2016 09:34:00,300.0,16.9,16.9,16.9,16.9
09-12-2016 09:35:00,100.0,16.9,16.9,16.9,16.9
09-12-2016 09:37:00,900.0,16.91,16.99,16.91,16.99
09-12-2016 09:42:00,100.0,16.955,16.955,16.955,16.955
09-12-2016 09:46:00,200.0,16.96,16.96,16.96,16.96
09-12-2016 09:48:00,100.0,16.89,16.89,16.89,16.89
09-12-2016 09:55:00,100.0,16.86,16.86,16.86,16.86
09-12-2016 09:58:00,100.0,16.855,16.855,16.855,16.855
09-12-2016 10:04:00,300.0,16.885,16.885,16.86,16.86
09-12-2016 10:19:00,100.0,16.845,16.845,16.845,16.845
09-12-2016 10:21:00,200.0,16.82,16.82,16.82,16.82
09-12-2016 10:25:00,100.0,16.805,16.805,16.805,16.805
09-12-2016 10:32:00,497.0,16.75,16.75,16.75,16.75
09-12-2016 10:44:00,100.0,16.75,16.75,16.75,16.75
09-12-2016 10:46:00,200.0,16.72,16.76,16.72,16.76
09-12-2016 11:07:00,100.0,16.725,16.725,16.725,16.725
09-12-2016 11:08:00,100.0,16.725,16.725,16.725,16.725
09-12-2016 11:11:00,100.0,16.69,16.69,16.69,16.69
09-12-2016 11:15:00,100.0,16.66,16.66,16.66,16.66
09-12-2016 11:17:00,125.0,16.7299,16.7299,16.7299,16.7299
09-12-2016 11:35:00,100.0,16.71,16.71,16.71,16.71
09-12-2016 11:37:00,209.0,16.68,16.68,16.68,16.68
09-12-2016 11:41:00,100.0,16.705,16.705,16.705,16.705
09-12-2016 11:54:00,100.0,16.67,16.67,16.67,16.67
09-12-2016 12:06:00,300.0,16.67,16.69,16.62,16.62
09-12-2016 12:13:00,100.0,16.63,16.63,16.63,16.63
09-12-2016 12:16:00,200.0,16.68,16.68,16.68,16.68
09-12-2016 12:18:00,300.0,16.6623,16.685,16.6623,16.685
09-12-2016 12:26:00,100.0,16.64,16.64,16.64,16.64
09-12-2016 12:30:00,600.0,16.62,16.62,16.61,16.61
09-12-2016 12:38:00,300.0,16.585,16.585,16.585,16.585
09-12-2016 12:41:00,100.0,16.59,16.59,16.59,16.59
09-12-2016 13:07:00,400.0,16.59,16.61,16.59,16.61
09-12-2016 13:08:00,300.0,16.61,16.61,16.61,16.61
09-12-2016 13:09:00,100.0,16.615,16.615,16.615,16.615
09-12-2016 13:16:00,100.0,16.59,16.59,16.59,16.59
09-12-2016 13:22:00,200.0,16.59,16.59,16.57,16.57
09-12-2016 13:23:00,100.0,16.51,16.51,16.51,16.51
09-12-2016 13:25:00,100.0,16.58,16.58,16.58,16.58
09-12-2016 13:28:00,1000.0,16.5646,16.5646,16.5646,16.5646
09-12-2016 13:31:00,200.0,16.51,16.535,16.51,16.535
09-12-2016 13:33:00,100.0,16.535,16.535,16.535,16.535
09-12-2016 13:38:00,3100.0,16.535,16.69,16.51,16.69
09-12-2016 13:39:00,2800.0,16.62,16.79,16.62,16.78
09-12-2016 13:41:00,100.0,16.79,16.79,16.79,16.79
09-12-2016 13:42:00,100.0,16.73,16.73,16.73,16.73
09-12-2016 13:53:00,1100.0,16.725,16.82,16.631,16.73
09-12-2016 13:54:00,100.0,16.71,16.71,16.71,16.71
09-12-2016 13:56:00,400.0,16.67,16.67,16.65,16.65
09-12-2016 13:59:00,100.0,16.68,16.68,16.68,16.68
09-12-2016 14:00:00,400.0,16.74,16.74,16.74,16.74
09-12-2016 14:01:00,3800.0,16.74,16.9,16.74,16.9
09-12-2016 14:02:00,2000.0,16.9,16.9,16.85,16.871
09-12-2016 14:04:00,200.0,16.875,16.875,16.871,16.871
09-12-2016 14:06:00,500.0,16.9,16.9,16.9,16.9
09-12-2016 14:07:00,200.0,16.875,16.875,16.875,16.875
09-12-2016 14:22:00,100.0,16.89,16.89,16.89,16.89
09-12-2016 14:23:00,200.0,16.88,16.88,16.86,16.86
09-12-2016 14:27:00,1200.0,16.895,16.9,16.835,16.84
09-12-2016 14:28:00,500.0,16.89,16.9,16.89,16.9
09-12-2016 14:29:00,100.0,16.9,16.9,16.9,16.9
09-12-2016 14:30:00,3345.0,16.9,16.9,16.84,16.84
09-12-2016 14:31:00,100.0,16.9,16.9,16.9,16.9
09-12-2016 14:33:00,300.0,16.9,16.9,16.86,16.89
09-12-2016 14:34:00,100.0,16.85,16.85,16.85,16.85
09-12-2016 14:35:00,200.0,16.89,16.9,16.89,16.9
09-12-2016 14:37:00,100.0,16.9,16.9,16.9,16.9
09-12-2016 14:39:00,5200.0,16.9,16.98,16.8,16.965
09-12-2016 14:40:00,600.0,16.961,16.97,16.96,16.97
09-12-2016 14:43:00,100.0,16.97,16.97,16.97,16.97
09-12-2016 14:44:00,500.0,16.97,16.97,16.94,16.94
09-12-2016 14:46:00,100.0,16.97,16.97,16.97,16.97
09-12-2016 14:48:00,100.0,16.92,16.92,16.92,16.92
09-12-2016 14:49:00,100.0,16.92,16.92,16.92,16.92
09-12-2016 14:50:00,300.0,16.91,16.91,16.86,16.86
09-12-2016 14:52:00,100.0,16.85,16.85,16.85,16.85
09-12-2016 14:55:00,200.0,16.89,16.89,16.86,16.86
09-12-2016 14:56:00,100.0,16.8645,16.8645,16.8645,16.8645
09-12-2016 14:57:00,100.0,16.8645,16.8645,16.8645,16.8645
09-12-2016 14:58:00,200.0,16.87,16.87,16.8545,16.8545
09-12-2016 14:59:00,100.0,16.89,16.89,16.89,16.89
09-12-2016 15:00:00,2204.0,16.89,16.9,16.87,16.88
09-12-2016 15:33:00,762.0,16.88,16.88,16.88,16.88
09-13-2016 08:30:00,1525.0,16.91,16.91,16.91,16.91
09-13-2016 08:46:00,100.0,16.5,16.5,16.5,16.5
09-13-2016 08:49:00,100.0,16.695,16.695,16.695,16.695
09-13-2016 08:51:00,1000.0,16.7284,16.7284,16.7284,16.7284
09-13-2016 08:53:00,100.0,16.55,16.55,16.55,16.55
09-13-2016 09:02:00,900.0,16.5301,16.5301,16.5301,16.5301
09-13-2016 09:06:00,300.0,16.53,16.53,16.53,16.53
09-13-2016 09:08:00,100.0,16.79,16.79,16.79,16.79
09-13-2016 09:09:00,1100.0,16.6,16.6,16.59,16.6
09-13-2016 09:12:00,1600.0,16.6,16.6,16.5,16.51
09-13-2016 09:15:00,300.0,16.635,16.635,16.635,16.635
09-13-2016 09:16:00,200.0,16.635,16.635,16.51,16.51
09-13-2016 09:22:00,100.0,16.62,16.62,16.62,16.62
09-13-2016 09:26:00,100.0,16.5625,16.5625,16.5625,16.5625
09-13-2016 09:27:00,100.0,16.615,16.615,16.615,16.615
09-13-2016 09:34:00,6000.0,16.6599,16.6599,16.54,16.59
09-13-2016 09:43:00,230.0,16.55,16.605,16.55,16.605
09-13-2016 09:47:00,600.0,16.62,16.64,16.585,16.64
09-13-2016 09:55:00,100.0,16.5684,16.5684,16.5684,16.5684
09-13-2016 10:05:00,980.0,16.57,16.57,16.53,16.53
09-13-2016 10:06:00,700.0,16.53,16.53,16.41,16.41
09-13-2016 10:07:00,300.0,16.46,16.4695,16.41,16.41
09-13-2016 10:08:00,100.0,16.4699,16.4699,16.4699,16.4699
09-13-2016 10:09:00,200.0,16.46,16.48,16.46,16.48
09-13-2016 10:10:00,200.0,16.41,16.41,16.4,16.4
09-13-2016 10:11:00,100.0,16.395,16.395,16.395,16.395
09-13-2016 10:23:00,100.0,16.29,16.29,16.29,16.29
09-13-2016 10:28:00,100.0,16.255,16.255,16.255,16.255
09-13-2016 10:29:00,100.0,16.08,16.08,16.08,16.08
09-13-2016 10:33:00,100.0,16.02,16.02,16.02,16.02
09-13-2016 10:38:00,1999.0,16.29,16.47,16.29,16.47
09-13-2016 10:45:00,100.0,16.45,16.45,16.45,16.45
09-13-2016 10:48:00,100.0,16.4,16.4,16.4,16.4
09-13-2016 10:53:00,100.0,16.32,16.32,16.32,16.32
09-13-2016 10:59:00,100.0,16.39,16.39,16.39,16.39
09-13-2016 11:10:00,100.0,16.445,16.445,16.445,16.445
09-13-2016 11:22:00,100.0,16.38,16.38,16.38,16.38
09-13-2016 11:23:00,300.0,16.37,16.37,16.37,16.37
09-13-2016 11:49:00,1000.0,16.31,16.31,16.3,16.3
09-13-2016 11:50:00,300.0,16.3,16.3,16.28,16.28
09-13-2016 11:51:00,100.0,16.3,16.3,16.3,16.3
09-13-2016 11:53:00,200.0,16.28,16.28,16.27,16.27
09-13-2016 12:08:00,100.0,16.09,16.09,16.09,16.09
09-13-2016 12:10:00,1000.0,16.145,16.29,16.145,16.24
09-13-2016 12:21:00,300.0,16.36,16.4,16.36,16.4
09-13-2016 12:28:00,530.0,16.38,16.38,16.38,16.38
09-13-2016 12:31:00,100.0,16.39,16.39,16.39,16.39
09-13-2016 12:45:00,600.0,16.38,16.38,16.36,16.36
09-13-2016 12:46:00,1200.0,16.36,16.37,16.36,16.36
09-13-2016 12:52:00,100.0,16.36,16.36,16.36,16.36
09-13-2016 12:59:00,100.0,16.24,16.24,16.24,16.24
09-13-2016 13:26:00,200.0,16.3,16.3,16.27,16.27
09-13-2016 13:32:00,300.0,16.29,16.3,16.29,16.29
09-13-2016 13:45:00,175.0,16.32,16.32,16.32,16.32
09-13-2016 13:58:00,200.0,16.34,16.34,16.34,16.34
09-13-2016 14:10:00,100.0,16.3246,16.3246,16.3246,16.3246
09-13-2016 14:24:00,100.0,16.31,16.31,16.31,16.31
09-13-2016 14:29:00,400.0,16.34,16.34,16.33,16.33
09-13-2016 14:33:00,300.0,16.35,16.35,16.35,16.35
09-13-2016 14:40:00,200.0,16.35,16.35,16.33,16.33
09-13-2016 14:42:00,200.0,16.34,16.34,16.34,16.34
09-13-2016 14:43:00,200.0,16.33,16.33,16.33,16.33
09-13-2016 14:51:00,200.0,16.31,16.31,16.3,16.3
09-13-2016 14:53:00,3891.0,16.31,16.43,16.3,16.43
09-13-2016 14:55:00,300.0,16.42,16.42,16.395,16.395
09-13-2016 14:56:00,100.0,16.38,16.38,16.38,16.38
09-13-2016 14:57:00,200.0,16.35,16.35,16.34,16.34
09-13-2016 14:58:00,100.0,16.31,16.31,16.31,16.31
09-13-2016 14:59:00,700.0,16.28,16.31,16.24,16.24
09-13-2016 15:00:00,2215.0,16.25,16.29,16.25,16.29
09-13-2016 15:40:00,465.0,16.29,16.29,16.29,16.29
09-14-2016 08:31:00,500.0,16.48,16.48,16.48,16.48
09-14-2016 08:46:00,300.0,16.43,16.44,16.43,16.44
09-14-2016 08:47:00,100.0,16.44,16.44,16.44,16.44
09-14-2016 08:49:00,1097.0,16.44,16.5,16.44,16.5
09-14-2016 09:06:00,110.0,16.68,16.68,16.68,16.68
09-14-2016 09:07:00,100.0,16.51,16.51,16.51,16.51
09-14-2016 09:15:00,100.0,16.58,16.58,16.58,16.58
09-14-2016 09:30:00,100.0,16.53,16.53,16.53,16.53
09-14-2016 09:32:00,100.0,16.7,16.7,16.7,16.7
09-14-2016 09:33:00,1703.0,16.68,16.69,16.52,16.69
09-14-2016 09:34:00,1200.0,16.6292,16.6292,16.52,16.52
09-14-2016 09:39:00,100.0,16.61,16.61,16.61,16.61
09-14-2016 09:45:00,100.0,16.57,16.57,16.57,16.57
09-14-2016 09:54:00,300.0,16.51,16.54,16.51,16.54
09-14-2016 10:07:00,1400.0,16.5799,16.69,16.545,16.69
09-14-2016 10:11:00,100.0,16.65,16.65,16.65,16.65
09-14-2016 10:13:00,400.0,16.59,16.6,16.59,16.6
09-14-2016 10:31:00,100.0,16.585,16.585,16.585,16.585
09-14-2016 10:34:00,100.0,16.59,16.59,16.59,16.59
09-14-2016 10:55:00,500.0,16.56,16.605,16.56,16.605
09-14-2016 11:00:00,200.0,16.58,16.58,16.58,16.58
09-14-2016 11:04:00,100.0,16.565,16.565,16.565,16.565
09-14-2016 11:26:00,100.0,16.58,16.58,16.58,16.58
09-14-2016 11:36:00,2000.0,16.51,16.51,16.455,16.455
09-14-2016 11:46:00,2200.0,16.3628,16.49,16.35,16.35
09-14-2016 11:48:00,500.0,16.4099,16.46,16.407,16.46
09-14-2016 11:53:00,100.0,16.57,16.57,16.57,16.57
09-14-2016 11:55:00,300.0,16.6,16.61,16.6,16.61
09-14-2016 12:08:00,100.0,16.605,16.605,16.605,16.605
09-14-2016 12:09:00,200.0,16.6299,16.6299,16.6299,16.6299
09-14-2016 12:11:00,600.0,16.6199,16.68,16.6199,16.68
09-14-2016 12:15:00,100.0,16.68,16.68,16.68,16.68
09-14-2016 12:25:00,100.0,16.68,16.68,16.68,16.68
09-14-2016 12:27:00,303.0,16.7084,16.7084,16.7084,16.7084
09-14-2016 12:32:00,600.0,16.71,16.71,16.71,16.71
09-14-2016 12:42:00,100.0,16.5501,16.5501,16.5501,16.5501
09-14-2016 12:53:00,100.0,16.65,16.65,16.65,16.65
09-14-2016 13:10:00,300.0,16.54,16.58,16.54,16.58
09-14-2016 13:11:00,100.0,16.58,16.58,16.58,16.58
09-14-2016 13:15:00,200.0,16.615,16.615,16.61,16.61
09-14-2016 13:25:00,400.0,16.61,16.66,16.55,16.66
09-14-2016 13:38:00,100.0,16.5601,16.5601,16.5601,16.5601
09-14-2016 13:51:00,100.0,16.5701,16.5701,16.5701,16.5701
09-14-2016 14:01:00,1200.0,16.64,16.7,16.565,16.69
09-14-2016 14:25:00,400.0,16.62,16.62,16.59,16.59
09-14-2016 14:26:00,200.0,16.56,16.56,16.55,16.55
09-14-2016 14:34:00,100.0,16.58,16.58,16.58,16.58
09-14-2016 14:43:00,200.0,16.63,16.63,16.59,16.59
09-14-2016 14:56:00,100.0,16.72,16.72,16.72,16.72
09-14-2016 14:57:00,3000.0,16.72,16.72,16.605,16.615
09-14-2016 14:58:00,100.0,16.68,16.68,16.68,16.68
09-14-2016 14:59:00,1931.0,16.655,16.7,16.62,16.62
09-14-2016 15:00:00,1189.0,16.5701,16.68,16.5701,16.67
09-15-2016 08:34:00,700.0,16.91,16.93,16.91,16.93
09-15-2016 08:37:00,200.0,16.84,16.84,16.84,16.84
09-15-2016 08:46:00,200.0,16.64,16.64,16.64,16.64
09-15-2016 08:47:00,200.0,16.76,16.76,16.76,16.76
09-15-2016 08:50:00,100.0,16.75,16.75,16.75,16.75
09-15-2016 08:54:00,100.0,16.67,16.67,16.67,16.67
09-15-2016 09:00:00,100.0,16.79,16.79,16.79,16.79
09-15-2016 09:01:00,200.0,16.775,16.775,16.775,16.775
09-15-2016 09:08:00,500.0,16.78,16.79,16.64,16.79
09-15-2016 09:32:00,100.0,16.78,16.78,16.78,16.78
09-15-2016 10:04:00,200.0,16.74,16.78,16.74,16.78
09-15-2016 10:10:00,100.0,16.72,16.72,16.72,16.72
09-15-2016 10:23:00,100.0,16.76,16.76,16.76,16.76
09-15-2016 10:57:00,100.0,16.79,16.79,16.79,16.79
09-15-2016 11:00:00,400.0,16.76,16.76,16.75,16.76
09-15-2016 11:01:00,400.0,16.7999,16.7999,16.77,16.7993
09-15-2016 11:13:00,200.0,16.81,16.81,16.81,16.81
09-15-2016 11:26:00,100.0,16.82,16.82,16.82,16.82
09-15-2016 11:39:00,100.0,16.73,16.73,16.73,16.73
09-15-2016 11:54:00,900.0,16.74,16.77,16.71,16.77
09-15-2016 11:57:00,800.0,16.77,16.77,16.69,16.77
09-15-2016 11:58:00,500.0,16.78,16.8,16.78,16.8
09-15-2016 12:08:00,100.0,16.82,16.82,16.82,16.82
09-15-2016 12:13:00,200.0,16.8,16.8,16.8,16.8
09-15-2016 12:20:00,100.0,16.83,16.83,16.83,16.83
09-15-2016 12:30:00,100.0,16.83,16.83,16.83,16.83
09-15-2016 12:31:00,5998.0,16.83,16.84,16.795,16.83
09-15-2016 12:32:00,300.0,16.83,16.83,16.83,16.83
09-15-2016 12:36:00,800.0,16.7903,16.82,16.79,16.8
09-15-2016 12:37:00,200.0,16.8,16.8,16.8,16.8
09-15-2016 12:38:00,100.0,16.81,16.81,16.81,16.81
09-15-2016 12:39:00,400.0,16.81,16.81,16.78,16.78
09-15-2016 12:40:00,600.0,16.81,16.87,16.81,16.87
09-15-2016 12:47:00,100.0,16.88,16.88,16.88,16.88
09-15-2016 12:50:00,100.0,16.87,16.87,16.87,16.87
09-15-2016 12:57:00,200.0,16.85,16.86,16.85,16.86
09-15-2016 13:15:00,100.0,16.845,16.845,16.845,16.845
09-15-2016 13:19:00,300.0,16.82,16.85,16.82,16.85
09-15-2016 13:26:00,500.0,16.87,16.87,16.85,16.87
09-15-2016 13:27:00,100.0,16.845,16.845,16.845,16.845
09-15-2016 13:30:00,100.0,16.85,16.85,16.85,16.85
09-15-2016 13:31:00,200.0,16.85,16.87,16.85,16.87
09-15-2016 13:33:00,100.0,16.85,16.85,16.85,16.85
09-15-2016 13:38:00,100.0,16.85,16.85,16.85,16.85
09-15-2016 13:41:00,400.0,16.84,16.85,16.84,16.85
09-15-2016 13:44:00,100.0,16.85,16.85,16.85,16.85
09-15-2016 13:45:00,200.0,16.86,16.86,16.86,16.86
09-15-2016 13:47:00,3306.0,16.88,16.88,16.85,16.85
09-15-2016 13:51:00,300.0,16.85,16.85,16.845,16.845
09-15-2016 13:53:00,100.0,16.84,16.84,16.84,16.84
09-15-2016 13:56:00,100.0,16.85,16.85,16.85,16.85
09-15-2016 13:57:00,200.0,16.85,16.85,16.85,16.85
09-15-2016 13:58:00,900.0,16.85,16.88,16.85,16.86
09-15-2016 14:00:00,200.0,16.85,16.85,16.85,16.85
09-15-2016 14:04:00,200.0,16.85,16.86,16.85,16.86
09-15-2016 14:05:00,100.0,16.86,16.86,16.86,16.86
09-15-2016 14:15:00,2400.0,16.85,16.88,16.84,16.84
09-15-2016 14:16:00,100.0,16.87,16.87,16.87,16.87
09-15-2016 14:22:00,500.0,16.895,16.8999,16.845,16.845
09-15-2016 14:32:00,300.0,16.88,16.89,16.88,16.89
09-15-2016 14:35:00,300.0,16.89,16.89,16.89,16.89
09-15-2016 14:36:00,500.0,16.89,16.89,16.835,16.89
09-15-2016 14:37:00,2184.0,16.89,16.89,16.87,16.89
09-15-2016 14:38:00,1300.0,16.89,16.89,16.825,16.825
09-15-2016 14:39:00,500.0,16.87,16.89,16.87,16.88
09-15-2016 14:40:00,800.0,16.88,16.89,16.865,16.89
09-15-2016 14:41:00,600.0,16.88,16.89,16.87,16.87
09-15-2016 14:44:00,4514.0,16.89,16.9,16.89,16.9
09-15-2016 14:45:00,100.0,16.9,16.9,16.9,16.9
09-15-2016 14:47:00,600.0,16.88,16.9,16.88,16.9
09-15-2016 14:48:00,100.0,16.895,16.895,16.895,16.895
09-15-2016 14:49:00,200.0,16.91,16.91,16.9,16.9
09-15-2016 14:50:00,300.0,16.89,16.9,16.89,16.9
09-15-2016 14:51:00,1504.0,16.9,16.9,16.88,16.895
09-15-2016 14:52:00,100.0,16.9,16.9,16.9,16.9
09-15-2016 14:53:00,300.0,16.88,16.9,16.88,16.9
09-15-2016 14:54:00,200.0,16.9,16.9,16.89,16.89
09-15-2016 14:55:00,700.0,16.9,16.9,16.89,16.9
09-15-2016 14:56:00,200.0,16.9,16.9,16.9,16.9
09-15-2016 14:57:00,800.0,16.9,16.9,16.84,16.9
09-15-2016 14:58:00,200.0,16.9,16.9,16.875,16.875
09-15-2016 14:59:00,300.0,16.885,16.92,16.885,16.92
09-15-2016 15:00:00,722.0,16.92,16.94,16.92,16.94
09-15-2016 15:02:00,92.0,16.9,16.9,16.9,16.9
09-15-2016 16:29:00,536.0,16.94,16.94,16.94,16.94
09-16-2016 08:30:00,1031.0,16.83,16.83,16.83,16.83
09-16-2016 08:32:00,200.0,16.94,17.0,16.94,17.0
09-16-2016 08:36:00,200.0,17.0,17.0,17.0,17.0
09-16-2016 08:39:00,600.0,16.97,17.19,16.97,17.19
09-16-2016 08:46:00,200.0,17.0,17.02,17.0,17.02
09-16-2016 08:47:00,300.0,17.11,17.11,17.06,17.06
09-16-2016 08:49:00,3000.0,17.011,17.13,17.011,17.11
09-16-2016 09:03:00,100.0,17.185,17.185,17.185,17.185
09-16-2016 09:08:00,100.0,17.22,17.22,17.22,17.22
09-16-2016 09:14:00,100.0,17.24,17.24,17.24,17.24
09-16-2016 09:25:00,100.0,17.235,17.235,17.235,17.235
09-16-2016 09:31:00,300.0,17.24,17.24,17.175,17.175
09-16-2016 09:34:00,100.0,17.225,17.225,17.225,17.225
09-16-2016 09:37:00,200.0,17.1,17.23,17.1,17.23
09-16-2016 09:42:00,100.0,17.21,17.21,17.21,17.21
09-16-2016 09:45:00,200.0,17.2,17.2,17.135,17.135
09-16-2016 09:53:00,300.0,17.23,17.23,17.2,17.21
09-16-2016 09:57:00,2990.0,17.24,17.25,17.22,17.22
09-16-2016 09:58:00,100.0,17.25,17.25,17.25,17.25
09-16-2016 09:59:00,16144.0,17.23,17.58,17.22,17.58
09-16-2016 10:00:00,7762.0,17.45,17.53,17.27,17.38
09-16-2016 10:01:00,5196.0,17.38,17.3808,17.21,17.21
09-16-2016 10:02:00,8200.0,17.3,17.3,17.2,17.26
09-16-2016 10:03:00,12203.0,17.26,17.26,17.0,17.12
09-16-2016 10:04:00,400.0,17.1,17.13,17.1,17.13
09-16-2016 10:07:00,3300.0,17.02,17.079,17.02,17.073
09-16-2016 10:10:00,500.0,17.04,17.04,17.03,17.03
09-16-2016 10:11:00,4800.0,17.039,17.06,17.0232,17.06
09-16-2016 10:12:00,8123.0,17.18,17.225,17.03,17.15
09-16-2016 10:13:00,4356.0,17.1509,17.16,17.13,17.16
09-16-2016 10:15:00,300.0,17.05,17.06,17.04,17.06
09-16-2016 10:19:00,100.0,17.24,17.24,17.24,17.24
09-16-2016 10:23:00,100.0,17.26,17.26,17.26,17.26
09-16-2016 10:26:00,200.0,17.17,17.24,17.17,17.24
09-16-2016 10:28:00,700.0,17.24,17.29,17.24,17.29
09-16-2016 10:32:00,300.0,17.32,17.37,17.32,17.37
09-16-2016 10:35:00,100.0,17.49,17.49,17.49,17.49
09-16-2016 10:36:00,200.0,17.43,17.46,17.43,17.46
09-16-2016 10:38:00,100.0,17.47,17.47,17.47,17.47
09-16-2016 10:40:00,100.0,17.49,17.49,17.49,17.49
09-16-2016 10:42:00,100.0,17.49,17.49,17.49,17.49
09-16-2016 10:43:00,500.0,17.47,17.47,17.43,17.43
09-16-2016 10:49:00,200.0,17.42,17.42,17.42,17.42
09-16-2016 10:51:00,300.0,17.45,17.45,17.45,17.45
09-16-2016 10:54:00,100.0,17.45,17.45,17.45,17.45
09-16-2016 10:56:00,200.0,17.45,17.45,17.44,17.44
09-16-2016 10:58:00,100.0,17.45,17.45,17.45,17.45
09-16-2016 11:01:00,200.0,17.45,17.45,17.45,17.45
09-16-2016 11:03:00,400.0,17.45,17.45,17.44,17.45
09-16-2016 11:04:00,300.0,17.45,17.45,17.43,17.43
09-16-2016 11:07:00,400.0,17.44,17.45,17.44,17.45
09-16-2016 11:08:00,300.0,17.45,17.45,17.45,17.45
09-16-2016 11:11:00,800.0,17.45,17.45,17.45,17.45
09-16-2016 11:16:00,100.0,17.435,17.435,17.435,17.435
09-16-2016 11:19:00,500.0,17.44,17.45,17.44,17.45
09-16-2016 11:20:00,500.0,17.45,17.45,17.45,17.45
09-16-2016 11:21:00,100.0,17.45,17.45,17.45,17.45
09-16-2016 11:23:00,100.0,17.45,17.45,17.45,17.45
09-16-2016 11:24:00,2300.0,17.45,17.45,17.44,17.44
09-16-2016 11:26:00,1100.0,17.449,17.45,17.434,17.45
09-16-2016 11:27:00,1900.0,17.45,17.45,17.45,17.45
09-16-2016 11:31:00,100.0,17.45,17.45,17.45,17.45
09-16-2016 11:32:00,600.0,17.44,17.445,17.43,17.43
09-16-2016 11:36:00,100.0,17.39,17.39,17.39,17.39
09-16-2016 11:42:00,100.0,17.41,17.41,17.41,17.41
09-16-2016 11:44:00,200.0,17.38,17.38,17.365,17.365
09-16-2016 11:49:00,300.0,17.38,17.38,17.38,17.38
09-16-2016 11:51:00,200.0,17.39,17.41,17.39,17.41
09-16-2016 11:53:00,100.0,17.41,17.41,17.41,17.41
09-16-2016 11:56:00,100.0,17.43,17.43,17.43,17.43
09-16-2016 11:58:00,400.0,17.44,17.45,17.4,17.45
09-16-2016 12:00:00,200.0,17.45,17.45,17.45,17.45
09-16-2016 12:02:00,100.0,17.45,17.45,17.45,17.45
09-16-2016 12:04:00,200.0,17.45,17.45,17.45,17.45
09-16-2016 12:06:00,100.0,17.45,17.45,17.45,17.45
09-16-2016 12:08:00,400.0,17.45,17.45,17.435,17.435
09-16-2016 12:09:00,1400.0,17.435,17.435,17.4,17.4
09-16-2016 12:10:00,100.0,17.32,17.32,17.32,17.32
09-16-2016 12:18:00,400.0,17.29,17.29,17.25,17.28
09-16-2016 12:19:00,100.0,17.31,17.31,17.31,17.31
09-16-2016 12:20:00,200.0,17.32,17.32,17.32,17.32
09-16-2016 12:23:00,100.0,17.315,17.315,17.315,17.315
09-16-2016 12:24:00,3600.0,17.315,17.315,17.16,17.2
09-16-2016 12:25:00,400.0,17.19,17.21,17.19,17.21
09-16-2016 12:27:00,100.0,17.185,17.185,17.185,17.185
09-16-2016 12:28:00,100.0,17.21,17.21,17.21,17.21
09-16-2016 12:38:00,3300.0,17.2,17.2,17.18,17.2
09-16-2016 12:39:00,1700.0,17.2,17.2,17.18,17.2
09-16-2016 12:42:00,100.0,17.2,17.2,17.2,17.2
09-16-2016 12:44:00,100.0,17.2,17.2,17.2,17.2
09-16-2016 12:45:00,200.0,17.19,17.19,17.19,17.19
09-16-2016 12:46:00,400.0,17.19,17.19,17.19,17.19
09-16-2016 12:48:00,1200.0,17.19,17.2,17.18,17.19
09-16-2016 12:50:00,200.0,17.19,17.19,17.18,17.18
09-16-2016 12:55:00,100.0,17.19,17.19,17.19,17.19
09-16-2016 12:56:00,1400.0,17.2,17.2,17.195,17.195
09-16-2016 12:57:00,800.0,17.19,17.21,17.19,17.21
09-16-2016 12:58:00,200.0,17.22,17.22,17.21,17.21
09-16-2016 13:03:00,100.0,17.22,17.22,17.22,17.22
09-16-2016 13:10:00,100.0,17.215,17.215,17.215,17.215
09-16-2016 13:13:00,300.0,17.24,17.24,17.23,17.24
09-16-2016 13:14:00,100.0,17.23,17.23,17.23,17.23
09-16-2016 13:15:00,900.0,17.23,17.25,17.23,17.25
09-16-2016 13:16:00,100.0,17.24,17.24,17.24,17.24
09-16-2016 13:18:00,300.0,17.24,17.25,17.24,17.25
09-16-2016 13:20:00,100.0,17.25,17.25,17.25,17.25
09-16-2016 13:22:00,100.0,17.25,17.25,17.25,17.25
09-16-2016 13:24:00,100.0,17.25,17.25,17.25,17.25
09-16-2016 13:26:00,300.0,17.25,17.25,17.245,17.245
09-16-2016 13:30:00,100.0,17.245,17.245,17.245,17.245
09-16-2016 13:31:00,600.0,17.25,17.25,17.25,17.25
09-16-2016 13:32:00,500.0,17.245,17.245,17.245,17.245
09-16-2016 13:36:00,100.0,17.245,17.245,17.245,17.245
09-16-2016 13:39:00,100.0,17.25,17.25,17.25,17.25
09-16-2016 13:41:00,300.0,17.25,17.25,17.245,17.245
09-16-2016 13:42:00,300.0,17.25,17.25,17.25,17.25
09-16-2016 13:43:00,700.0,17.25,17.25,17.24,17.24
09-16-2016 13:44:00,300.0,17.25,17.25,17.25,17.25
09-16-2016 13:45:00,200.0,17.25,17.25,17.25,17.25
09-16-2016 13:46:00,100.0,17.25,17.25,17.25,17.25
09-16-2016 13:47:00,900.0,17.25,17.25,17.24,17.245
09-16-2016 13:52:00,100.0,17.25,17.25,17.25,17.25
09-16-2016 13:55:00,600.0,17.25,17.25,17.245,17.25
09-16-2016 13:57:00,100.0,17.25,17.25,17.25,17.25
09-16-2016 13:59:00,300.0,17.25,17.25,17.25,17.25
09-16-2016 14:01:00,100.0,17.25,17.25,17.25,17.25
09-16-2016 14:02:00,300.0,17.25,17.25,17.245,17.245
09-16-2016 14:06:00,500.0,17.25,17.25,17.25,17.25
09-16-2016 14:07:00,100.0,17.25,17.25,17.25,17.25
09-16-2016 14:09:00,300.0,17.25,17.25,17.245,17.245
09-16-2016 14:11:00,950.0,17.24,17.245,17.24,17.24
09-16-2016 14:13:00,200.0,17.25,17.25,17.25,17.25
09-16-2016 14:16:00,100.0,17.25,17.25,17.25,17.25
09-16-2016 14:17:00,400.0,17.25,17.25,17.235,17.235
09-16-2016 14:18:00,100.0,17.25,17.25,17.25,17.25
09-16-2016 14:19:00,100.0,17.25,17.25,17.25,17.25
09-16-2016 14:20:00,100.0,17.25,17.25,17.25,17.25
09-16-2016 14:21:00,300.0,17.22,17.25,17.22,17.25
09-16-2016 14:22:00,100.0,17.25,17.25,17.25,17.25
09-16-2016 14:23:00,300.0,17.25,17.25,17.235,17.235
09-16-2016 14:24:00,100.0,17.25,17.25,17.25,17.25
09-16-2016 14:26:00,400.0,17.25,17.25,17.25,17.25
09-16-2016 14:27:00,200.0,17.25,17.25,17.235,17.235
09-16-2016 14:28:00,400.0,17.25,17.25,17.235,17.235
09-16-2016 14:30:00,100.0,17.24,17.24,17.24,17.24
09-16-2016 14:31:00,300.0,17.25,17.25,17.235,17.25
09-16-2016 14:32:00,100.0,17.25,17.25,17.25,17.25
09-16-2016 14:33:00,200.0,17.25,17.25,17.245,17.245
09-16-2016 14:35:00,100.0,17.25,17.25,17.25,17.25
09-16-2016 14:36:00,400.0,17.25,17.25,17.25,17.25
09-16-2016 14:37:00,400.0,17.25,17.25,17.245,17.245
09-16-2016 14:38:00,200.0,17.25,17.25,17.25,17.25
09-16-2016 14:39:00,200.0,17.25,17.25,17.245,17.245
09-16-2016 14:41:00,100.0,17.245,17.245,17.245,17.245
09-16-2016 14:42:00,100.0,17.25,17.25,17.25,17.25
09-16-2016 14:43:00,200.0,17.25,17.25,17.24,17.24
09-16-2016 14:44:00,100.0,17.25,17.25,17.25,17.25
09-16-2016 14:45:00,100.0,17.25,17.25,17.25,17.25
09-16-2016 14:46:00,900.0,17.25,17.25,17.18,17.24
09-16-2016 14:47:00,2400.0,17.23,17.25,17.18,17.24
09-16-2016 14:48:00,200.0,17.25,17.25,17.21,17.21
09-16-2016 14:49:00,300.0,17.25,17.25,17.25,17.25
09-16-2016 14:50:00,500.0,17.25,17.26,17.25,17.26
09-16-2016 14:51:00,500.0,17.25,17.25,17.25,17.25
09-16-2016 14:52:00,100.0,17.25,17.25,17.25,17.25
09-16-2016 14:54:00,200.0,17.25,17.25,17.22,17.22
09-16-2016 14:55:00,300.0,17.25,17.25,17.25,17.25
09-16-2016 14:56:00,400.0,17.25,17.25,17.25,17.25
09-16-2016 14:57:00,1152.0,17.25,17.29,17.25,17.29
09-16-2016 14:58:00,1300.0,17.28,17.28,17.22,17.22
09-16-2016 14:59:00,800.0,17.25,17.25,17.23,17.23
09-16-2016 15:00:00,4052.0,17.24,17.24,17.2,17.23
09-19-2016 08:30:00,379.0,17.31,17.31,17.31,17.31
09-19-2016 08:35:00,600.0,17.42,17.44,16.95,16.95
09-19-2016 08:40:00,250.0,17.184,17.184,17.0,17.0
09-19-2016 08:46:00,200.0,17.21,17.21,16.975,16.975
09-19-2016 09:08:00,700.0,17.24,17.245,17.06,17.24
09-19-2016 09:16:00,1500.0,17.25,17.25,17.15,17.195
09-19-2016 09:40:00,100.0,17.25,17.25,17.25,17.25
09-19-2016 10:03:00,100.0,17.23,17.23,17.23,17.23
09-19-2016 10:05:00,200.0,17.25,17.25,17.24,17.24
09-19-2016 10:06:00,300.0,17.25,17.25,17.12,17.12
09-19-2016 10:13:00,100.0,17.29,17.29,17.29,17.29
09-19-2016 10:14:00,200.0,17.245,17.28,17.245,17.28
09-19-2016 10:20:00,1200.0,17.289,17.3,17.24,17.28
09-19-2016 10:21:00,600.0,17.3299,17.34,17.29,17.29
09-19-2016 10:22:00,1300.0,17.34,17.37,17.3,17.3
09-19-2016 10:26:00,110.0,17.3175,17.3175,17.3175,17.3175
09-19-2016 10:29:00,300.0,17.3,17.3,17.29,17.29
09-19-2016 10:52:00,100.0,17.245,17.245,17.245,17.245
09-19-2016 11:05:00,1500.0,17.2899,17.32,17.205,17.31
09-19-2016 11:15:00,500.0,17.26,17.26,17.23,17.23
09-19-2016 11:16:00,500.0,17.25,17.25,17.225,17.225
09-19-2016 11:17:00,100.0,17.25,17.25,17.25,17.25
09-19-2016 11:25:00,200.0,17.27,17.27,17.24,17.24
09-19-2016 11:27:00,4400.0,17.31,17.37,17.25,17.285
09-19-2016 11:31:00,250.0,17.39,17.39,17.31,17.31
09-19-2016 11:38:00,100.0,17.32,17.32,17.32,17.32
09-19-2016 11:51:00,100.0,17.4,17.4,17.4,17.4
09-19-2016 11:55:00,1700.0,17.4,17.4,17.28,17.29
09-19-2016 12:00:00,100.0,17.335,17.335,17.335,17.335
09-19-2016 12:27:00,300.0,17.27,17.29,17.27,17.27
09-19-2016 12:36:00,100.0,17.25,17.25,17.25,17.25
09-19-2016 12:41:00,700.0,17.25,17.25,17.2,17.2
09-19-2016 12:44:00,3500.0,17.205,17.25,17.15,17.25
09-19-2016 12:50:00,4800.0,17.225,17.25,17.04,17.17
09-19-2016 12:51:00,2066.0,17.25,17.25,17.11,17.14
09-19-2016 12:52:00,500.0,17.25,17.25,17.155,17.24
09-19-2016 12:56:00,800.0,17.24,17.24,17.12,17.24
09-19-2016 12:57:00,700.0,17.24,17.24,17.165,17.24
09-19-2016 12:59:00,100.0,17.24,17.24,17.24,17.24
09-19-2016 13:00:00,1100.0,17.17,17.29,17.16,17.25
09-19-2016 13:01:00,100.0,17.26,17.26,17.26,17.26
09-19-2016 13:04:00,100.0,17.28,17.28,17.28,17.28
09-19-2016 14:03:00,200.0,17.31,17.31,17.31,17.31
09-19-2016 14:27:00,100.0,17.31,17.31,17.31,17.31
09-19-2016 14:29:00,100.0,17.29,17.29,17.29,17.29
09-19-2016 14:49:00,200.0,17.32,17.32,17.315,17.315
09-19-2016 14:52:00,400.0,17.31,17.32,17.3,17.32
09-19-2016 14:54:00,500.0,17.29,17.29,17.27,17.27
09-19-2016 14:55:00,588.0,17.26,17.27,17.25,17.27
09-19-2016 14:56:00,1000.0,17.29,17.29,17.25,17.26
09-19-2016 14:58:00,400.0,17.29,17.29,17.27,17.27
09-19-2016 15:00:00,1129.0,17.26,17.29,17.25,17.29
09-19-2016 15:09:00,8.0,17.29,17.29,17.29,17.29
09-20-2016 08:37:00,200.0,17.5,17.5,17.5,17.5
09-20-2016 08:46:00,200.0,17.16,17.17,17.16,17.17
09-20-2016 08:51:00,14400.0,17.29,17.29,16.95,16.95
09-20-2016 08:52:00,100.0,17.2,17.2,17.2,17.2
09-20-2016 09:07:00,100.0,17.25,17.25,17.25,17.25
09-20-2016 09:08:00,700.0,17.37,17.39,17.23,17.26
09-20-2016 09:24:00,200.0,17.25,17.25,17.25,17.25
09-20-2016 09:34:00,100.0,17.265,17.265,17.265,17.265
09-20-2016 09:37:00,200.0,17.25,17.25,17.215,17.215
09-20-2016 09:42:00,100.0,17.32,17.32,17.32,17.32
09-20-2016 09:51:00,100.0,17.31,17.31,17.31,17.31
09-20-2016 09:53:00,3300.0,17.267,17.34,17.23,17.34
09-20-2016 10:04:00,100.0,17.25,17.25,17.25,17.25
09-20-2016 10:05:00,100.0,17.25,17.25,17.25,17.25
09-20-2016 10:07:00,200.0,17.35,17.35,17.3,17.3
09-20-2016 10:09:00,300.0,17.37,17.38,17.37,17.38
09-20-2016 10:12:00,1200.0,17.38,17.39,17.35,17.35
09-20-2016 10:22:00,400.0,17.35,17.35,17.31,17.31
09-20-2016 10:27:00,100.0,17.31,17.31,17.31,17.31
09-20-2016 10:32:00,500.0,17.37,17.39,17.33,17.39
09-20-2016 10:33:00,400.0,17.39,17.39,17.39,17.39
09-20-2016 10:34:00,200.0,17.39,17.39,17.39,17.39
09-20-2016 10:38:00,100.0,17.32,17.32,17.32,17.32
09-20-2016 10:44:00,100.0,17.39,17.39,17.39,17.39
09-20-2016 10:47:00,100.0,17.34,17.34,17.34,17.34
09-20-2016 10:48:00,800.0,17.39,17.39,17.345,17.35
09-20-2016 11:05:00,100.0,17.375,17.375,17.375,17.375
09-20-2016 11:15:00,100.0,17.39,17.39,17.39,17.39
09-20-2016 11:17:00,100.0,17.37,17.37,17.37,17.37
09-20-2016 11:18:00,100.0,17.385,17.385,17.385,17.385
09-20-2016 11:19:00,300.0,17.39,17.39,17.275,17.38
09-20-2016 11:20:00,100.0,17.39,17.39,17.39,17.39
09-20-2016 11:21:00,600.0,17.39,17.39,17.28,17.28
09-20-2016 11:22:00,200.0,17.29,17.29,17.21,17.21
09-20-2016 11:23:00,100.0,17.35,17.35,17.35,17.35
09-20-2016 11:59:00,300.0,17.36,17.37,17.32,17.32
09-20-2016 12:01:00,200.0,17.38,17.38,17.38,17.38
09-20-2016 12:02:00,100.0,17.385,17.385,17.385,17.385
09-20-2016 12:06:00,100.0,17.3849,17.3849,17.3849,17.3849
09-20-2016 12:47:00,100.0,17.25,17.25,17.25,17.25
09-20-2016 12:51:00,400.0,17.2444,17.2444,17.195,17.195
09-20-2016 12:52:00,600.0,17.24,17.265,17.2,17.265
09-20-2016 13:02:00,1100.0,17.25,17.3,17.25,17.28
09-20-2016 13:03:00,200.0,17.29,17.29,17.185,17.185
09-20-2016 13:04:00,1000.0,17.255,17.26,17.21,17.21
09-20-2016 13:05:00,100.0,17.25,17.25,17.25,17.25
09-20-2016 13:07:00,100.0,17.27,17.27,17.27,17.27
09-20-2016 13:14:00,200.0,17.3,17.3,17.3,17.3
09-20-2016 13:15:00,400.0,17.32,17.34,17.32,17.34
09-20-2016 13:22:00,200.0,17.34,17.34,17.3,17.3
09-20-2016 13:23:00,200.0,17.369,17.37,17.369,17.37
09-20-2016 13:29:00,100.0,17.37,17.37,17.37,17.37
09-20-2016 13:30:00,500.0,17.37,17.37,17.31,17.34
09-20-2016 14:03:00,100.0,17.21,17.21,17.21,17.21
09-20-2016 14:04:00,100.0,17.26,17.26,17.26,17.26
09-20-2016 14:08:00,100.0,17.25,17.25,17.25,17.25
09-20-2016 14:14:00,100.0,17.31,17.31,17.31,17.31
09-20-2016 14:32:00,500.0,17.31,17.35,17.3,17.35
09-20-2016 14:40:00,100.0,17.39,17.39,17.39,17.39
09-20-2016 14:41:00,100.0,17.37,17.37,17.37,17.37
09-20-2016 14:43:00,100.0,17.36,17.36,17.36,17.36
09-20-2016 14:44:00,100.0,17.34,17.34,17.34,17.34
09-20-2016 14:46:00,300.0,17.37,17.37,17.31,17.31
09-20-2016 14:50:00,3900.0,17.3,17.44,17.235,17.29
09-20-2016 14:51:00,917.0,17.38,17.39,17.29,17.39
09-20-2016 14:52:00,400.0,17.39,17.39,17.36,17.39
09-20-2016 14:53:00,100.0,17.39,17.39,17.39,17.39
09-20-2016 14:54:00,300.0,17.39,17.39,17.37,17.37
09-20-2016 14:55:00,500.0,17.37,17.37,17.29,17.36
09-20-2016 14:56:00,200.0,17.35,17.35,17.35,17.35
09-20-2016 14:57:00,100.0,17.37,17.37,17.37,17.37
09-20-2016 14:59:00,800.0,17.35,17.38,17.35,17.35
09-20-2016 15:00:00,8837.0,17.37,17.38,17.33,17.35
09-21-2016 08:30:00,328.0,17.35,17.35,17.35,17.35
09-21-2016 08:45:00,250.0,17.2401,17.2401,17.2401,17.2401
09-21-2016 08:46:00,200.0,17.25,17.255,17.25,17.255
09-21-2016 08:54:00,100.0,17.2601,17.2601,17.2601,17.2601
09-21-2016 09:02:00,100.0,17.2901,17.2901,17.2901,17.2901
09-21-2016 09:08:00,200.0,17.465,17.465,17.465,17.465
09-21-2016 09:10:00,400.0,17.37,17.37,17.35,17.35
09-21-2016 09:19:00,100.0,17.3101,17.3101,17.3101,17.3101
09-21-2016 09:29:00,3600.0,17.3,17.35,17.15,17.15
09-21-2016 09:33:00,400.0,17.27,17.27,17.21,17.21
09-21-2016 09:35:00,400.0,17.2591,17.26,17.25,17.26
09-21-2016 09:36:00,600.0,17.26,17.26,17.21,17.2499
09-21-2016 09:37:00,300.0,17.25,17.25,17.23,17.23
09-21-2016 09:38:00,400.0,17.28,17.3,17.28,17.3
09-21-2016 09:45:00,100.0,17.3,17.3,17.3,17.3
09-21-2016 09:48:00,1500.0,17.27,17.3,17.26,17.28
09-21-2016 09:52:00,12900.0,17.29,17.3,17.14,17.27
09-21-2016 09:54:00,100.0,17.22,17.22,17.22,17.22
09-21-2016 09:57:00,300.0,17.21,17.21,17.2,17.2
09-21-2016 09:58:00,200.0,17.15,17.18,17.15,17.18
09-21-2016 09:59:00,5300.0,17.21,17.3,17.055,17.3
09-21-2016 10:00:00,3200.0,17.3,17.3,17.21,17.3
09-21-2016 10:04:00,500.0,17.3,17.3,17.285,17.285
09-21-2016 10:05:00,500.0,17.3,17.3,17.23,17.23
09-21-2016 10:06:00,100.0,17.37,17.37,17.37,17.37
09-21-2016 10:09:00,400.0,17.3,17.3,17.3,17.3
09-21-2016 10:11:00,2828.0,17.3,17.35,17.23,17.3
09-21-2016 10:12:00,600.0,17.31,17.32,17.29,17.3
09-21-2016 10:14:00,100.0,17.3,17.3,17.3,17.3
09-21-2016 10:15:00,100.0,17.3,17.3,17.3,17.3
09-21-2016 10:16:00,100.0,17.3,17.3,17.3,17.3
09-21-2016 10:17:00,300.0,17.3,17.3,17.26,17.26
09-21-2016 10:18:00,400.0,17.3,17.32,17.295,17.295
09-21-2016 10:19:00,100.0,17.32,17.32,17.32,17.32
09-21-2016 10:25:00,300.0,17.33,17.33,17.33,17.33
09-21-2016 10:26:00,100.0,17.33,17.33,17.33,17.33
09-21-2016 10:34:00,100.0,17.31,17.31,17.31,17.31
09-21-2016 10:35:00,1600.0,17.3,17.3,17.255,17.3
09-21-2016 10:37:00,100.0,17.3,17.3,17.3,17.3
09-21-2016 10:38:00,200.0,17.31,17.31,17.265,17.265
09-21-2016 10:39:00,300.0,17.3,17.3,17.3,17.3
09-21-2016 10:40:00,1200.0,17.31,17.36,17.3,17.36
09-21-2016 10:47:00,100.0,17.3001,17.3001,17.3001,17.3001
09-21-2016 10:53:00,2800.0,17.3161,17.325,17.25,17.28
09-21-2016 10:54:00,109.0,17.3,17.3,17.3,17.3
09-21-2016 10:55:00,400.0,17.3,17.3,17.29,17.29
09-21-2016 10:56:00,500.0,17.295,17.31,17.295,17.31
09-21-2016 11:01:00,800.0,17.3,17.31,17.3,17.3
09-21-2016 11:07:00,100.0,17.3,17.3,17.3,17.3
09-21-2016 11:15:00,700.0,17.29,17.29,17.2,17.24
09-21-2016 11:16:00,100.0,17.24,17.24,17.24,17.24
09-21-2016 11:17:00,100.0,17.16,17.16,17.16,17.16
09-21-2016 11:18:00,1800.0,17.175,17.23,17.14,17.2202
09-21-2016 11:19:00,3100.0,17.225,17.29,17.225,17.245
09-21-2016 11:20:00,1995.0,17.29,17.31,17.25,17.3
09-21-2016 11:21:00,300.0,17.3,17.3,17.3,17.3
09-21-2016 11:22:00,100.0,17.31,17.31,17.31,17.31
09-21-2016 11:23:00,200.0,17.34,17.34,17.275,17.275
09-21-2016 11:30:00,100.0,17.3,17.3,17.3,17.3
09-21-2016 11:34:00,100.0,17.2901,17.2901,17.2901,17.2901
09-21-2016 11:38:00,500.0,17.34,17.39,17.33,17.39
09-21-2016 11:43:00,900.0,17.36,17.36,17.3,17.36
09-21-2016 11:46:00,200.0,17.42,17.44,17.42,17.44
09-21-2016 11:50:00,200.0,17.37,17.37,17.32,17.32
09-21-2016 11:54:00,16395.0,17.4,17.4,17.22,17.32
09-21-2016 11:59:00,600.0,17.32,17.33,17.3,17.3
09-21-2016 12:00:00,100.0,17.35,17.35,17.35,17.35
09-21-2016 12:01:00,200.0,17.36,17.37,17.36,17.37
09-21-2016 12:02:00,300.0,17.4,17.4,17.4,17.4
09-21-2016 12:04:00,300.0,17.42,17.46,17.42,17.4205
09-21-2016 12:05:00,700.0,17.43,17.46,17.42,17.43
09-21-2016 12:06:00,100.0,17.45,17.45,17.45,17.45
09-21-2016 12:10:00,100.0,17.48,17.48,17.48,17.48
09-21-2016 12:11:00,100.0,17.48,17.48,17.48,17.48
09-21-2016 12:16:00,100.0,17.47,17.47,17.47,17.47
09-21-2016 12:18:00,100.0,17.47,17.47,17.47,17.47
09-21-2016 12:19:00,500.0,17.47,17.5,17.47,17.5
09-21-2016 12:20:00,1970.0,17.55,17.66,17.55,17.65
09-21-2016 12:23:00,1300.0,17.575,17.575,17.5,17.5
09-21-2016 12:24:00,300.0,17.42,17.49,17.42,17.49
09-21-2016 12:28:00,100.0,17.49,17.49,17.49,17.49
09-21-2016 12:34:00,700.0,17.45,17.5,17.45,17.5
09-21-2016 12:38:00,100.0,17.52,17.52,17.52,17.52
09-21-2016 12:40:00,100.0,17.4701,17.4701,17.4701,17.4701
09-21-2016 12:41:00,280.0,17.5275,17.5275,17.5275,17.5275
09-21-2016 12:43:00,100.0,17.45,17.45,17.45,17.45
09-21-2016 12:52:00,100.0,17.56,17.56,17.56,17.56
09-21-2016 12:55:00,100.0,17.505,17.505,17.505,17.505
09-21-2016 12:56:00,100.0,17.4601,17.4601,17.4601,17.4601
09-21-2016 12:57:00,600.0,17.5,17.5,17.5,17.5
09-21-2016 13:01:00,300.0,17.53,17.53,17.53,17.53
09-21-2016 13:02:00,300.0,17.54,17.54,17.5,17.5
09-21-2016 13:03:00,400.0,17.51,17.51,17.51,17.51
09-21-2016 13:04:00,1200.0,17.51,17.52,17.43,17.43
09-21-2016 13:05:00,100.0,17.5,17.5,17.5,17.5
09-21-2016 13:07:00,100.0,17.47,17.47,17.47,17.47
09-21-2016 13:08:00,300.0,17.5,17.5,17.47,17.5
09-21-2016 13:11:00,100.0,17.46,17.46,17.46,17.46
09-21-2016 13:12:00,200.0,17.5,17.5,17.5,17.5
09-21-2016 13:35:00,1100.0,17.44,17.48,17.42,17.48
09-21-2016 13:36:00,3300.0,17.48,17.51,17.47,17.47
09-21-2016 13:43:00,400.0,17.5,17.5,17.45,17.45
09-21-2016 13:53:00,100.0,17.48,17.48,17.48,17.48
09-21-2016 13:54:00,100.0,17.4401,17.4401,17.4401,17.4401
09-21-2016 13:57:00,200.0,17.49,17.49,17.44,17.44
09-21-2016 13:58:00,500.0,17.48,17.48,17.45,17.45
09-21-2016 13:59:00,300.0,17.45,17.45,17.43,17.43
09-21-2016 14:06:00,100.0,17.48,17.48,17.48,17.48
09-21-2016 14:11:00,100.0,17.49,17.49,17.49,17.49
09-21-2016 14:13:00,200.0,17.49,17.49,17.49,17.49
09-21-2016 14:18:00,200.0,17.5,17.5,17.5,17.5
09-21-2016 14:20:00,100.0,17.54,17.54,17.54,17.54
09-21-2016 14:23:00,100.0,17.57,17.57,17.57,17.57
09-21-2016 14:30:00,800.0,17.54,17.59,17.5,17.57
09-21-2016 14:31:00,200.0,17.58,17.58,17.58,17.58
09-21-2016 14:34:00,750.0,17.53,17.53,17.53,17.53
09-21-2016 14:36:00,200.0,17.57,17.57,17.57,17.57
09-21-2016 14:37:00,400.0,17.57,17.59,17.57,17.59
09-21-2016 14:44:00,1000.0,17.56,17.56,17.5,17.5
09-21-2016 14:45:00,600.0,17.49,17.5,17.49,17.5
09-21-2016 14:46:00,200.0,17.45,17.48,17.45,17.48
09-21-2016 14:49:00,100.0,17.5,17.5,17.5,17.5
09-21-2016 14:51:00,500.0,17.4703,17.4703,17.4703,17.4703
09-21-2016 14:52:00,100.0,17.5,17.5,17.5,17.5
09-21-2016 14:54:00,200.0,17.49,17.49,17.49,17.49
09-21-2016 14:55:00,600.0,17.49,17.49,17.46,17.46
09-21-2016 14:56:00,300.0,17.42,17.42,17.41,17.41
09-21-2016 14:57:00,100.0,17.425,17.425,17.425,17.425
09-21-2016 14:58:00,100.0,17.44,17.44,17.44,17.44
09-21-2016 14:59:00,300.0,17.4201,17.4201,17.42,17.42
09-21-2016 15:00:00,897.0,17.435,17.47,17.42,17.47
09-22-2016 08:41:00,100.0,17.5,17.5,17.5,17.5
09-22-2016 08:43:00,100.0,17.5,17.5,17.5,17.5
09-22-2016 08:46:00,100.0,17.19,17.19,17.19,17.19
09-22-2016 09:03:00,10400.0,17.5,17.5,17.32,17.32
09-22-2016 09:05:00,200.0,17.4,17.52,17.4,17.52
09-22-2016 09:08:00,100.0,17.625,17.625,17.625,17.625
09-22-2016 09:10:00,100.0,17.41,17.41,17.41,17.41
09-22-2016 09:11:00,100.0,17.61,17.61,17.61,17.61
09-22-2016 09:20:00,100.0,17.58,17.58,17.58,17.58
09-22-2016 09:21:00,200.0,17.5897,17.5897,17.5897,17.5897
09-22-2016 09:22:00,3050.0,17.595,17.65,17.545,17.65
09-22-2016 09:27:00,4100.0,17.67,17.9,17.625,17.895
09-22-2016 09:39:00,100.0,17.89,17.89,17.89,17.89
09-22-2016 09:54:00,100.0,17.9,17.9,17.9,17.9
09-22-2016 09:56:00,500.0,17.775,17.775,17.775,17.775
09-22-2016 09:57:00,400.0,17.86,17.89,17.695,17.88
09-22-2016 09:58:00,1600.0,17.9,17.93,17.8,17.8
09-22-2016 09:59:00,100.0,17.85,17.85,17.85,17.85
09-22-2016 10:00:00,100.0,17.94,17.94,17.94,17.94
09-22-2016 10:02:00,1920.0,17.95,18.0,17.765,17.765
09-22-2016 10:04:00,100.0,17.86,17.86,17.86,17.86
09-22-2016 10:07:00,800.0,17.95,17.98,17.89,17.98
09-22-2016 10:08:00,400.0,17.9,17.9,17.9,17.9
09-22-2016 10:09:00,500.0,17.87,17.93,17.87,17.93
09-22-2016 10:12:00,100.0,17.86,17.86,17.86,17.86
09-22-2016 10:14:00,2800.0,17.82,17.8999,17.81,17.81
09-22-2016 10:15:00,300.0,17.8,17.8,17.725,17.8
09-22-2016 10:16:00,1700.0,17.8,17.8,17.725,17.8
09-22-2016 10:27:00,700.0,17.871,17.871,17.76,17.8
09-22-2016 10:31:00,800.0,17.84,17.84,17.76,17.805
09-22-2016 10:36:00,300.0,17.8,17.815,17.78,17.78
09-22-2016 10:38:00,100.0,17.815,17.815,17.815,17.815
09-22-2016 10:42:00,700.0,17.85,17.85,17.83,17.85
09-22-2016 10:46:00,300.0,17.9,17.99,17.9,17.99
09-22-2016 10:50:00,100.0,17.93,17.93,17.93,17.93
09-22-2016 10:52:00,400.0,17.935,17.935,17.855,17.855
09-22-2016 10:58:00,300.0,17.925,17.925,17.785,17.855
09-22-2016 11:01:00,100.0,17.8817,17.8817,17.8817,17.8817
09-22-2016 11:04:00,200.0,17.93,17.93,17.87,17.87
09-22-2016 11:06:00,200.0,17.93,17.93,17.88,17.88
09-22-2016 11:16:00,200.0,17.91,17.91,17.88,17.88
09-22-2016 11:28:00,100.0,17.94,17.94,17.94,17.94
09-22-2016 11:35:00,500.0,17.915,17.92,17.81,17.81
09-22-2016 11:36:00,1200.0,17.825,17.93,17.825,17.93
09-22-2016 11:37:00,2200.0,17.89,17.89,17.76,17.82
09-22-2016 11:38:00,2590.0,17.845,17.85,17.765,17.8
09-22-2016 11:39:00,900.0,17.79,17.79,17.75,17.75
09-22-2016 11:52:00,300.0,17.805,17.83,17.78,17.83
09-22-2016 12:03:00,100.0,17.78,17.78,17.78,17.78
09-22-2016 12:06:00,500.0,17.83,17.83,17.79,17.79
09-22-2016 12:07:00,800.0,17.8,17.8,17.8,17.8
09-22-2016 12:09:00,1300.0,17.8393,17.8393,17.79,17.79
09-22-2016 12:14:00,600.0,17.81,17.82,17.735,17.735
09-22-2016 12:15:00,200.0,17.78,17.83,17.78,17.83
09-22-2016 12:28:00,300.0,17.74,17.811,17.73,17.811
09-22-2016 12:41:00,300.0,17.775,17.779,17.73,17.73
09-22-2016 12:43:00,100.0,17.82,17.82,17.82,17.82
09-22-2016 12:45:00,100.0,17.78,17.78,17.78,17.78
09-22-2016 12:46:00,100.0,17.73,17.73,17.73,17.73
09-22-2016 12:52:00,100.0,17.73,17.73,17.73,17.73
09-22-2016 12:58:00,100.0,17.775,17.775,17.775,17.775
09-22-2016 13:13:00,200.0,17.78,17.78,17.73,17.73
09-22-2016 13:15:00,100.0,17.73,17.73,17.73,17.73
09-22-2016 13:16:00,300.0,17.73,17.74,17.69,17.69
09-22-2016 13:20:00,100.0,17.715,17.715,17.715,17.715
09-22-2016 13:34:00,300.0,17.75,17.75,17.63,17.63
09-22-2016 13:35:00,100.0,17.7,17.7,17.7,17.7
09-22-2016 13:37:00,100.0,17.68,17.68,17.68,17.68
09-22-2016 13:49:00,300.0,17.725,17.78,17.66,17.78
09-22-2016 13:58:00,100.0,17.74,17.74,17.74,17.74
09-22-2016 13:59:00,200.0,17.71,17.71,17.7,17.7
09-22-2016 14:00:00,200.0,17.71,17.71,17.7,17.7
09-22-2016 14:05:00,200.0,17.735,17.735,17.7,17.7
09-22-2016 14:11:00,100.0,17.7125,17.7125,17.7125,17.7125
09-22-2016 14:15:00,100.0,17.68,17.68,17.68,17.68
09-22-2016 14:17:00,200.0,17.71,17.71,17.71,17.71
09-22-2016 14:20:00,100.0,17.72,17.72,17.72,17.72
09-22-2016 14:23:00,100.0,17.69,17.69,17.69,17.69
09-22-2016 14:29:00,100.0,17.69,17.69,17.69,17.69
09-22-2016 14:43:00,100.0,17.71,17.71,17.71,17.71
09-22-2016 14:44:00,100.0,17.74,17.74,17.74,17.74
09-22-2016 14:50:00,400.0,17.74,17.74,17.71,17.74
09-22-2016 14:51:00,200.0,17.7,17.7,17.7,17.7
09-22-2016 14:53:00,300.0,17.73,17.73,17.71,17.71
09-22-2016 14:57:00,600.0,17.76,17.77,17.69,17.77
09-22-2016 14:58:00,100.0,17.71,17.71,17.71,17.71
09-22-2016 14:59:00,100.0,17.69,17.69,17.69,17.69
09-22-2016 15:00:00,1431.0,17.74,17.755,17.69,17.75
09-22-2016 15:09:00,400.0,18.35,18.35,18.35,18.35
09-22-2016 15:12:00,600.0,18.35,18.35,18.35,18.35
09-22-2016 15:25:00,239.0,18.6,18.6,18.6,18.6
09-23-2016 08:18:00,100.0,18.01,18.01,18.01,18.01
09-23-2016 08:30:00,630.0,17.96,17.96,17.96,17.96
09-23-2016 08:31:00,539.0,17.96,18.0,17.862,17.862
09-23-2016 08:34:00,150.0,17.9,17.9,17.9,17.9
09-23-2016 08:36:00,1600.0,17.96,18.0,17.96,17.99
09-23-2016 08:39:00,200.0,18.0,18.0,18.0,18.0
09-23-2016 08:46:00,200.0,17.76,17.765,17.76,17.765
09-23-2016 08:50:00,200.0,17.76,17.76,17.76,17.76
09-23-2016 08:54:00,500.0,17.77,17.77,17.69,17.69
09-23-2016 09:26:00,600.0,17.6,17.66,17.6,17.6198
09-23-2016 09:27:00,100.0,17.55,17.55,17.55,17.55
09-23-2016 09:31:00,100.0,17.55,17.55,17.55,17.55
09-23-2016 09:41:00,700.0,17.495,17.495,17.49,17.49
09-23-2016 09:53:00,100.0,17.545,17.545,17.545,17.545
09-23-2016 09:54:00,100.0,17.57,17.57,17.57,17.57
09-23-2016 09:56:00,100.0,17.56,17.56,17.56,17.56
09-23-2016 10:11:00,500.0,17.597,17.597,17.597,17.597
09-23-2016 10:13:00,100.0,17.57,17.57,17.57,17.57
09-23-2016 10:15:00,200.0,17.53,17.53,17.48,17.48
09-23-2016 10:30:00,100.0,17.495,17.495,17.495,17.495
09-23-2016 10:33:00,100.0,17.56,17.56,17.56,17.56
09-23-2016 10:36:00,1600.0,17.5594,17.61,17.51,17.5597
09-23-2016 10:52:00,300.0,17.58,17.58,17.55,17.55
09-23-2016 10:57:00,100.0,17.5,17.5,17.5,17.5
09-23-2016 11:39:00,1300.0,17.58,17.58,17.5,17.5
09-23-2016 11:44:00,100.0,17.56,17.56,17.56,17.56
09-23-2016 11:45:00,400.0,17.48,17.555,17.48,17.555
09-23-2016 12:03:00,100.0,17.49,17.49,17.49,17.49
09-23-2016 12:04:00,705.0,17.44,17.44,17.335,17.41
09-23-2016 12:26:00,200.0,17.47,17.47,17.41,17.41
09-23-2016 12:28:00,100.0,17.41,17.41,17.41,17.41
09-23-2016 12:42:00,100.0,17.41,17.41,17.41,17.41
09-23-2016 12:48:00,100.0,17.36,17.36,17.36,17.36
09-23-2016 13:07:00,600.0,17.35,17.35,17.34,17.34
09-23-2016 13:14:00,200.0,17.35,17.35,17.35,17.35
09-23-2016 13:27:00,125.0,17.385,17.385,17.385,17.385
09-23-2016 13:34:00,200.0,17.39,17.39,17.39,17.39
09-23-2016 13:38:00,500.0,17.44,17.44,17.37,17.37
09-23-2016 13:47:00,300.0,17.37,17.37,17.36,17.36
09-23-2016 14:05:00,100.0,17.36,17.36,17.36,17.36
09-23-2016 14:06:00,100.0,17.3699,17.3699,17.3699,17.3699
09-23-2016 14:07:00,100.0,17.36,17.36,17.36,17.36
09-23-2016 14:08:00,100.0,17.37,17.37,17.37,17.37
09-23-2016 14:17:00,100.0,17.4,17.4,17.4,17.4
09-23-2016 14:20:00,100.0,17.415,17.415,17.415,17.415
09-23-2016 14:22:00,200.0,17.44,17.45,17.44,17.45
09-23-2016 14:25:00,100.0,17.45,17.45,17.45,17.45
09-23-2016 14:32:00,300.0,17.45,17.45,17.45,17.45
09-23-2016 14:33:00,100.0,17.48,17.48,17.48,17.48
09-23-2016 14:35:00,300.0,17.475,17.475,17.45,17.45
09-23-2016 14:37:00,200.0,17.425,17.425,17.385,17.385
09-23-2016 14:40:00,100.0,17.4499,17.4499,17.4499,17.4499
09-23-2016 14:43:00,330.0,17.426,17.426,17.41,17.41
09-23-2016 14:51:00,300.0,17.43,17.44,17.41,17.41
09-23-2016 14:56:00,300.0,17.37,17.37,17.37,17.37
09-23-2016 14:58:00,600.0,17.37,17.39,17.35,17.39
09-23-2016 14:59:00,100.0,17.38,17.38,17.38,17.38
09-23-2016 15:00:00,883.0,17.37,17.41,17.36,17.37
09-26-2016 08:30:00,100.0,17.36,17.36,17.36,17.36
09-26-2016 08:34:00,886.0,17.35,17.35,17.35,17.35
09-26-2016 08:42:00,12300.0,17.25,17.25,17.14,17.14
09-26-2016 08:43:00,700.0,17.17,17.1763,17.07,17.07
09-26-2016 08:46:00,100.0,17.135,17.135,17.135,17.135
09-26-2016 08:51:00,2357.0,17.14,17.15,17.01,17.01
09-26-2016 09:01:00,100.0,17.34,17.34,17.34,17.34
09-26-2016 09:08:00,300.0,17.35,17.36,17.19,17.19
09-26-2016 09:34:00,100.0,17.29,17.29,17.29,17.29
09-26-2016 09:41:00,100.0,17.3,17.3,17.3,17.3
09-26-2016 09:46:00,100.0,17.24,17.24,17.24,17.24
09-26-2016 09:56:00,300.0,17.27,17.27,17.23,17.23
09-26-2016 10:11:00,200.0,17.175,17.175,17.15,17.15
09-26-2016 10:16:00,100.0,17.15,17.15,17.15,17.15
09-26-2016 10:22:00,100.0,17.23,17.23,17.23,17.23
09-26-2016 10:26:00,100.0,17.25,17.25,17.25,17.25
09-26-2016 10:27:00,100.0,17.2,17.2,17.2,17.2
09-26-2016 10:44:00,100.0,17.15,17.15,17.15,17.15
09-26-2016 10:47:00,200.0,17.21,17.22,17.21,17.22
09-26-2016 10:56:00,100.0,17.165,17.165,17.165,17.165
09-26-2016 10:57:00,300.0,17.22,17.23,17.22,17.23
09-26-2016 10:58:00,500.0,17.227,17.227,17.227,17.227
09-26-2016 11:01:00,200.0,17.29,17.29,17.29,17.29
09-26-2016 11:04:00,300.0,17.3,17.31,17.3,17.31
09-26-2016 11:09:00,300.0,17.305,17.32,17.305,17.32
09-26-2016 11:16:00,300.0,17.32,17.32,17.31,17.31
09-26-2016 11:35:00,100.0,17.25,17.25,17.25,17.25
09-26-2016 11:41:00,100.0,17.245,17.245,17.245,17.245
09-26-2016 11:54:00,100.0,17.265,17.265,17.265,17.265
09-26-2016 12:02:00,100.0,17.25,17.25,17.25,17.25
09-26-2016 12:22:00,100.0,17.25,17.25,17.25,17.25
09-26-2016 12:43:00,100.0,17.26,17.26,17.26,17.26
09-26-2016 12:44:00,100.0,17.26,17.26,17.26,17.26
09-26-2016 12:46:00,100.0,17.27,17.27,17.27,17.27
09-26-2016 13:01:00,100.0,17.25,17.25,17.25,17.25
09-26-2016 13:14:00,300.0,17.27,17.27,17.27,17.27
09-26-2016 13:17:00,200.0,17.3,17.3,17.3,17.3
09-26-2016 13:18:00,100.0,17.31,17.31,17.31,17.31
09-26-2016 13:19:00,100.0,17.31,17.31,17.31,17.31
09-26-2016 13:20:00,300.0,17.31,17.32,17.31,17.32
09-26-2016 13:22:00,100.0,17.3,17.3,17.3,17.3
09-26-2016 13:24:00,200.0,17.29,17.32,17.29,17.32
09-26-2016 13:36:00,100.0,17.315,17.315,17.315,17.315
09-26-2016 13:41:00,100.0,17.31,17.31,17.31,17.31
09-26-2016 13:53:00,200.0,17.33,17.33,17.33,17.33
09-26-2016 13:56:00,100.0,17.32,17.32,17.32,17.32
09-26-2016 14:06:00,100.0,17.3,17.3,17.3,17.3
09-26-2016 14:07:00,100.0,17.28,17.28,17.28,17.28
09-26-2016 14:08:00,100.0,17.31,17.31,17.31,17.31
09-26-2016 14:11:00,1000.0,17.3,17.3,17.28,17.28
09-26-2016 14:19:00,100.0,17.28,17.28,17.28,17.28
09-26-2016 14:22:00,200.0,17.27,17.27,17.25,17.25
09-26-2016 14:26:00,100.0,17.25,17.25,17.25,17.25
09-26-2016 14:33:00,300.0,17.25,17.25,17.2,17.2
09-26-2016 14:44:00,100.0,17.27,17.27,17.27,17.27
09-26-2016 14:54:00,500.0,17.27,17.28,17.27,17.27
09-26-2016 14:56:00,100.0,17.26,17.26,17.26,17.26
09-26-2016 15:00:00,2152.0,17.27,17.27,17.25,17.25
09-26-2016 15:02:00,38.0,17.25,17.25,17.25,17.25
09-27-2016 08:30:00,350.0,17.17,17.17,17.17,17.17
09-27-2016 08:32:00,300.0,17.5,17.5,17.5,17.5
09-27-2016 08:33:00,299.0,17.52,17.52,17.5,17.5
09-27-2016 08:36:00,900.0,17.5,17.5,17.5,17.5
09-27-2016 08:37:00,800.0,17.5,17.5,17.5,17.5
09-27-2016 08:39:00,100.0,17.5,17.5,17.5,17.5
09-27-2016 08:46:00,100.0,17.56,17.56,17.56,17.56
09-27-2016 08:48:00,100.0,17.59,17.59,17.59,17.59
09-27-2016 08:51:00,100.0,17.5,17.5,17.5,17.5
09-27-2016 08:52:00,100.0,17.5,17.5,17.5,17.5
09-27-2016 08:54:00,12600.0,17.45,17.565,17.45,17.46
09-27-2016 08:55:00,100.0,17.45,17.45,17.45,17.45
09-27-2016 08:57:00,100.0,17.45,17.45,17.45,17.45
09-27-2016 08:58:00,100.0,17.45,17.45,17.45,17.45
09-27-2016 09:08:00,200.0,17.67,17.68,17.67,17.68
09-27-2016 09:10:00,499.0,17.69,17.75,17.69,17.75
09-27-2016 09:11:00,100.0,17.85,17.85,17.85,17.85
09-27-2016 09:18:00,600.0,17.899,17.899,17.899,17.899
09-27-2016 09:19:00,200.0,17.9,17.9,17.9,17.9
09-27-2016 09:23:00,100.0,17.89,17.89,17.89,17.89
09-27-2016 09:25:00,100.0,17.69,17.69,17.69,17.69
09-27-2016 09:34:00,100.0,17.715,17.715,17.715,17.715
09-27-2016 09:36:00,100.0,17.68,17.68,17.68,17.68
09-27-2016 09:37:00,200.0,17.65,17.6599,17.65,17.6599
09-27-2016 09:39:00,700.0,17.66,17.71,17.61,17.71
09-27-2016 09:41:00,100.0,17.72,17.72,17.72,17.72
09-27-2016 09:44:00,100.0,17.82,17.82,17.82,17.82
09-27-2016 09:47:00,150.0,17.871,17.871,17.871,17.871
09-27-2016 09:48:00,300.0,17.872,17.872,17.86,17.86
09-27-2016 09:55:00,200.0,17.88,17.88,17.88,17.88
09-27-2016 09:57:00,100.0,17.9,17.9,17.9,17.9
09-27-2016 10:01:00,100.0,17.88,17.88,17.88,17.88
09-27-2016 10:03:00,100.0,17.88,17.88,17.88,17.88
09-27-2016 10:04:00,100.0,17.88,17.88,17.88,17.88
09-27-2016 10:12:00,2900.0,17.885,17.9,17.86,17.86
09-27-2016 10:13:00,100.0,17.81,17.81,17.81,17.81
09-27-2016 10:14:00,600.0,17.81,17.81,17.7,17.7
09-27-2016 10:15:00,300.0,17.69,17.74,17.62,17.74
09-27-2016 10:16:00,1300.0,17.65,17.74,17.58,17.58
09-27-2016 10:17:00,100.0,17.64,17.64,17.64,17.64
09-27-2016 10:18:00,100.0,17.63,17.63,17.63,17.63
09-27-2016 10:19:00,1600.0,17.72,17.82,17.72,17.79
09-27-2016 10:20:00,600.0,17.79,17.79,17.79,17.79
09-27-2016 10:21:00,400.0,17.8,17.82,17.8,17.82
09-27-2016 10:22:00,320.0,17.81,17.81,17.76,17.76
09-27-2016 10:36:00,100.0,17.84,17.84,17.84,17.84
09-27-2016 10:48:00,100.0,17.9,17.9,17.9,17.9
09-27-2016 10:59:00,100.0,17.9,17.9,17.9,17.9
09-27-2016 11:01:00,100.0,17.9,17.9,17.9,17.9
09-27-2016 11:05:00,200.0,17.9,17.9,17.85,17.85
09-27-2016 11:08:00,100.0,17.84,17.84,17.84,17.84
09-27-2016 11:10:00,300.0,17.89,17.89,17.84,17.84
09-27-2016 11:21:00,100.0,17.835,17.835,17.835,17.835
09-27-2016 11:22:00,200.0,17.89,17.89,17.74,17.74
09-27-2016 11:26:00,100.0,17.81,17.81,17.81,17.81
09-27-2016 11:35:00,100.0,17.86,17.86,17.86,17.86
09-27-2016 11:36:00,100.0,17.89,17.89,17.89,17.89
09-27-2016 11:39:00,100.0,17.86,17.86,17.86,17.86
09-27-2016 11:40:00,100.0,17.89,17.89,17.89,17.89
09-27-2016 11:41:00,100.0,17.9,17.9,17.9,17.9
09-27-2016 11:42:00,4656.0,17.9,17.91,17.89,17.9
09-27-2016 11:43:00,100.0,17.89,17.89,17.89,17.89
09-27-2016 11:46:00,400.0,17.9,17.9,17.89,17.89
09-27-2016 11:47:00,547.0,17.89,17.89,17.89,17.89
09-27-2016 11:51:00,100.0,17.83,17.83,17.83,17.83
09-27-2016 11:52:00,900.0,17.87,17.87,17.84,17.84
09-27-2016 11:53:00,100.0,17.84,17.84,17.84,17.84
09-27-2016 11:54:00,200.0,17.81,17.81,17.745,17.745
09-27-2016 11:55:00,700.0,17.81,17.82,17.81,17.82
09-27-2016 11:56:00,900.0,17.7892,17.7892,17.7892,17.7892
09-27-2016 12:00:00,100.0,17.765,17.765,17.765,17.765
09-27-2016 12:02:00,400.0,17.83,17.83,17.83,17.83
09-27-2016 12:03:00,300.0,17.79,17.79,17.76,17.76
09-27-2016 12:04:00,400.0,17.76,17.77,17.685,17.77
09-27-2016 12:05:00,800.0,17.78,17.78,17.78,17.78
09-27-2016 12:08:00,100.0,17.77,17.77,17.77,17.77
09-27-2016 12:10:00,300.0,17.8088,17.8088,17.8088,17.8088
09-27-2016 12:18:00,638.0,17.889,17.889,17.889,17.889
09-27-2016 12:21:00,100.0,17.87,17.87,17.87,17.87
09-27-2016 12:24:00,100.0,17.89,17.89,17.89,17.89
09-27-2016 12:26:00,100.0,17.88,17.88,17.88,17.88
09-27-2016 12:44:00,400.0,17.85,17.86,17.835,17.86
09-27-2016 12:46:00,200.0,17.89,17.89,17.89,17.89
09-27-2016 12:58:00,1373.0,17.89,17.9,17.86,17.9
09-27-2016 12:59:00,900.0,17.9,17.9,17.86,17.9
09-27-2016 13:00:00,300.0,17.9,17.9,17.9,17.9
09-27-2016 13:01:00,100.0,17.9,17.9,17.9,17.9
09-27-2016 13:02:00,200.0,17.9,17.9,17.9,17.9
09-27-2016 13:03:00,100.0,17.9,17.9,17.9,17.9
09-27-2016 13:04:00,200.0,17.9,17.9,17.9,17.9
09-27-2016 13:05:00,100.0,17.9,17.9,17.9,17.9
09-27-2016 13:06:00,100.0,17.9,17.9,17.9,17.9
09-27-2016 13:07:00,200.0,17.9,17.9,17.9,17.9
09-27-2016 13:09:00,300.0,17.9,17.9,17.9,17.9
09-27-2016 13:10:00,200.0,17.9,17.9,17.9,17.9
09-27-2016 13:11:00,800.0,17.9,17.9,17.9,17.9
09-27-2016 13:12:00,100.0,17.9,17.9,17.9,17.9
09-27-2016 13:13:00,433.0,17.8966,17.9,17.8966,17.9
09-27-2016 13:14:00,200.0,17.9,17.9,17.9,17.9
09-27-2016 13:15:00,200.0,17.9,17.9,17.9,17.9
09-27-2016 13:16:00,600.0,17.9,17.9,17.9,17.9
09-27-2016 13:17:00,200.0,17.9,17.9,17.9,17.9
09-27-2016 13:18:00,200.0,17.9,17.9,17.9,17.9
09-27-2016 13:19:00,200.0,17.9,17.9,17.9,17.9
09-27-2016 13:20:00,200.0,17.9,17.9,17.9,17.9
09-27-2016 13:21:00,100.0,17.9,17.9,17.9,17.9
09-27-2016 13:22:00,100.0,17.9,17.9,17.9,17.9
09-27-2016 13:23:00,200.0,17.9,17.9,17.9,17.9
09-27-2016 13:24:00,300.0,17.9,17.9,17.9,17.9
09-27-2016 13:25:00,100.0,17.83,17.83,17.83,17.83
09-27-2016 13:26:00,100.0,17.9,17.9,17.9,17.9
09-27-2016 13:30:00,100.0,17.99,17.99,17.99,17.99
09-27-2016 13:37:00,100.0,17.99,17.99,17.99,17.99
09-27-2016 13:41:00,100.0,17.98,17.98,17.98,17.98
09-27-2016 13:42:00,100.0,17.98,17.98,17.98,17.98
09-27-2016 13:48:00,100.0,17.98,17.98,17.98,17.98
09-27-2016 13:49:00,100.0,17.98,17.98,17.98,17.98
09-27-2016 13:51:00,100.0,17.98,17.98,17.98,17.98
09-27-2016 13:57:00,100.0,17.98,17.98,17.98,17.98
09-27-2016 14:01:00,400.0,17.96,17.98,17.96,17.96
09-27-2016 14:04:00,100.0,17.9586,17.9586,17.9586,17.9586
09-27-2016 14:10:00,100.0,17.96,17.96,17.96,17.96
09-27-2016 14:13:00,500.0,17.945,17.945,17.945,17.945
09-27-2016 14:23:00,400.0,17.97,17.98,17.95,17.98
09-27-2016 14:24:00,200.0,17.98,17.98,17.98,17.98
09-27-2016 14:29:00,200.0,17.98,17.98,17.98,17.98
09-27-2016 14:30:00,200.0,17.98,18.0,17.98,18.0
09-27-2016 14:32:00,300.0,18.0,18.0,17.95,18.0
09-27-2016 14:34:00,300.0,18.0,18.0,18.0,18.0
09-27-2016 14:35:00,100.0,18.0,18.0,18.0,18.0
09-27-2016 14:36:00,200.0,18.0,18.0,18.0,18.0
09-27-2016 14:39:00,165.0,18.0,18.0,18.0,18.0
09-27-2016 14:40:00,100.0,18.0,18.0,18.0,18.0
09-27-2016 14:43:00,5331.0,18.0,18.08,17.96,18.07
09-27-2016 14:44:00,100.0,18.17,18.17,18.17,18.17
09-27-2016 14:46:00,100.0,18.16,18.16,18.16,18.16
09-27-2016 14:49:00,200.0,18.11,18.12,18.11,18.12
09-27-2016 14:50:00,800.0,18.14,18.15,18.14,18.14
09-27-2016 14:51:00,400.0,18.19,18.29,18.19,18.28
09-27-2016 14:53:00,300.0,18.25,18.31,18.24,18.31
09-27-2016 14:54:00,100.0,18.43,18.43,18.43,18.43
09-27-2016 14:56:00,600.0,18.37,18.38,18.37,18.37
09-27-2016 14:57:00,300.0,18.36,18.36,18.36,18.36
09-27-2016 14:58:00,100.0,18.44,18.44,18.44,18.44
09-27-2016 14:59:00,600.0,18.44,18.44,18.36,18.44
09-27-2016 15:00:00,8206.0,18.44,18.44,18.24,18.38
09-27-2016 16:59:00,36.0,18.38,18.38,18.38,18.38
