09-07-2016 08:04:00,4574.0,4.04,4.21,4.04,4.21
09-07-2016 08:30:00,1150.0,3.85,3.95,3.85,3.95
09-07-2016 08:32:00,300.0,3.9501,3.9501,3.9501,3.9501
09-07-2016 08:33:00,600.0,3.9501,3.9501,3.9501,3.9501
09-07-2016 08:39:00,200.0,4.0,4.0,3.955,3.955
09-07-2016 08:55:00,200.0,3.96,3.96,3.95,3.95
09-07-2016 09:16:00,400.0,3.975,3.975,3.93,3.93
09-07-2016 09:30:00,500.0,3.94,3.94,3.91,3.91
09-07-2016 11:03:00,100.0,3.935,3.935,3.935,3.935
09-07-2016 11:31:00,450.0,3.91,3.91,3.88,3.88
09-07-2016 11:32:00,200.0,3.9,3.9,3.89,3.89
09-07-2016 13:06:00,100.0,3.9,3.9,3.9,3.9
09-07-2016 13:57:00,100.0,3.9,3.9,3.9,3.9
09-07-2016 14:02:00,100.0,3.91,3.91,3.91,3.91
09-07-2016 14:04:00,3274.0,3.97,3.97,3.9,3.905
09-07-2016 14:05:00,1000.0,3.9,3.9,3.9,3.9
09-07-2016 14:11:00,1600.0,3.97,3.97,3.97,3.97
09-07-2016 14:24:00,100.0,3.9001,3.9001,3.9001,3.9001
09-07-2016 14:34:00,100.0,3.89,3.89,3.89,3.89
09-07-2016 14:43:00,840.0,3.91,3.91,3.88,3.88
09-07-2016 14:50:00,1800.0,3.96,3.96,3.96,3.96
09-07-2016 14:51:00,2200.0,3.8801,3.89,3.85,3.85
09-07-2016 14:52:00,400.0,3.87,3.87,3.87,3.87
09-07-2016 14:59:00,805.0,3.87,3.87,3.86,3.87
09-07-2016 15:00:00,600.0,3.86,3.93,3.86,3.93
09-08-2016 07:56:00,3380.0,4.09,4.13,4.09,4.13
09-08-2016 08:30:00,100.0,3.9,3.9,3.9,3.9
09-08-2016 08:38:00,900.0,3.9001,3.9001,3.9001,3.9001
09-08-2016 08:39:00,100.0,3.9001,3.9001,3.9001,3.9001
09-08-2016 08:49:00,1200.0,3.95,3.95,3.9,3.9
09-08-2016 08:50:00,1200.0,3.95,3.95,3.94,3.95
09-08-2016 08:51:00,200.0,3.9005,3.91,3.9005,3.91
09-08-2016 08:57:00,200.0,3.96,3.96,3.9,3.9
09-08-2016 08:59:00,400.0,4.0199,4.0199,4.0199,4.0199
09-08-2016 09:00:00,400.0,3.9,3.9,3.9,3.9
09-08-2016 09:10:00,100.0,3.9,3.9,3.9,3.9
09-08-2016 09:16:00,100.0,3.9001,3.9001,3.9001,3.9001
09-08-2016 09:29:00,100.0,3.91,3.91,3.91,3.91
09-08-2016 10:00:00,100.0,3.9,3.9,3.9,3.9
09-08-2016 10:01:00,100.0,3.9,3.9,3.9,3.9
09-08-2016 10:04:00,400.0,3.9,3.91,3.9,3.9
09-08-2016 10:19:00,400.0,3.95,3.95,3.925,3.925
09-08-2016 10:34:00,500.0,3.96,3.96,3.915,3.915
09-08-2016 10:35:00,100.0,3.95,3.95,3.95,3.95
09-08-2016 11:02:00,100.0,3.91,3.91,3.91,3.91
09-08-2016 11:23:00,100.0,3.97,3.97,3.97,3.97
09-08-2016 11:25:00,100.0,3.97,3.97,3.97,3.97
09-08-2016 11:34:00,200.0,3.92,3.92,3.91,3.91
09-08-2016 11:49:00,500.0,3.91,3.92,3.91,3.91
09-08-2016 12:05:00,100.0,3.97,3.97,3.97,3.97
09-08-2016 12:06:00,2600.0,3.96,3.96,3.96,3.96
09-08-2016 12:07:00,2374.0,3.92,3.96,3.9,3.91
09-08-2016 13:35:00,100.0,3.91,3.91,3.91,3.91
09-08-2016 14:04:00,100.0,3.95,3.95,3.95,3.95
09-08-2016 14:28:00,1499.0,3.95,3.95,3.95,3.95
09-08-2016 14:29:00,1424.0,3.91,3.91,3.9,3.9
09-08-2016 14:39:00,1489.0,3.8901,3.8901,3.89,3.89
09-08-2016 14:52:00,100.0,3.97,3.97,3.97,3.97
09-09-2016 08:30:00,1649.0,3.9,3.9,3.9,3.9
09-09-2016 09:36:00,200.0,3.8401,3.8401,3.8401,3.8401
09-09-2016 09:51:00,2196.0,3.8799,3.8799,3.85,3.85
09-09-2016 09:52:00,200.0,3.8799,3.8799,3.8799,3.8799
09-09-2016 09:54:00,100.0,3.84,3.84,3.84,3.84
09-09-2016 10:00:00,100.0,3.84,3.84,3.84,3.84
09-09-2016 11:04:00,100.0,3.88,3.88,3.88,3.88
09-09-2016 12:22:00,100.0,3.88,3.88,3.88,3.88
09-09-2016 12:33:00,100.0,3.88,3.88,3.88,3.88
09-09-2016 13:04:00,100.0,3.86,3.86,3.86,3.86
09-09-2016 13:51:00,100.0,3.84,3.84,3.84,3.84
09-09-2016 14:52:00,200.0,3.81,3.81,3.81,3.81
09-09-2016 15:00:00,100.0,3.8,3.8,3.8,3.8
09-12-2016 10:48:00,1400.0,3.78,3.78,3.76,3.76
09-12-2016 10:49:00,2800.0,3.7601,3.78,3.7601,3.78
09-12-2016 10:50:00,300.0,3.77,3.77,3.76,3.76
09-12-2016 10:51:00,6200.0,3.7,3.7,3.65,3.6501
09-12-2016 10:52:00,1000.0,3.6,3.6,3.6,3.6
09-12-2016 11:26:00,200.0,3.62,3.62,3.62,3.62
09-12-2016 11:31:00,200.0,3.63,3.63,3.63,3.63
09-12-2016 11:32:00,100.0,3.63,3.63,3.63,3.63
09-12-2016 11:34:00,4350.0,3.63,3.63,3.61,3.6255
09-12-2016 12:03:00,100.0,3.65,3.65,3.65,3.65
09-12-2016 12:14:00,571.0,3.64,3.649,3.64,3.649
09-12-2016 12:20:00,600.0,3.65,3.65,3.65,3.65
09-12-2016 12:58:00,1900.0,3.62,3.62,3.62,3.62
09-12-2016 12:59:00,108.0,3.62,3.62,3.62,3.62
09-12-2016 13:11:00,400.0,3.6,3.6,3.6,3.6
09-12-2016 13:12:00,300.0,3.62,3.62,3.62,3.62
09-12-2016 13:15:00,600.0,3.62,3.62,3.6199,3.62
09-12-2016 13:17:00,539.0,3.62,3.62,3.62,3.62
09-12-2016 13:19:00,100.0,3.6,3.6,3.6,3.6
09-12-2016 13:52:00,200.0,3.6,3.6,3.6,3.6
09-12-2016 14:22:00,100.0,3.6,3.6,3.6,3.6
09-12-2016 14:30:00,600.0,3.6,3.62,3.6,3.62
09-12-2016 14:44:00,200.0,3.63,3.63,3.63,3.63
09-13-2016 08:30:00,275.0,3.62,3.62,3.62,3.62
09-13-2016 09:19:00,100.0,3.59,3.59,3.59,3.59
09-13-2016 10:23:00,700.0,3.5651,3.5651,3.5651,3.5651
09-13-2016 10:24:00,100.0,3.57,3.57,3.57,3.57
09-13-2016 10:34:00,300.0,3.56,3.56,3.55,3.56
09-13-2016 10:54:00,4370.0,3.5501,3.5501,3.55,3.55
09-13-2016 10:55:00,100.0,3.55,3.55,3.55,3.55
09-13-2016 11:04:00,100.0,3.55,3.55,3.55,3.55
09-13-2016 11:21:00,100.0,3.55,3.55,3.55,3.55
09-13-2016 11:22:00,100.0,3.56,3.56,3.56,3.56
09-13-2016 11:23:00,2600.0,3.56,3.56,3.56,3.56
09-13-2016 11:51:00,200.0,3.56,3.56,3.56,3.56
09-13-2016 11:59:00,200.0,3.56,3.58,3.56,3.58
09-13-2016 12:26:00,100.0,3.58,3.58,3.58,3.58
09-13-2016 12:51:00,200.0,3.58,3.58,3.58,3.58
09-13-2016 13:22:00,100.0,3.58,3.58,3.58,3.58
09-13-2016 13:23:00,600.0,3.6,3.6,3.6,3.6
09-13-2016 13:26:00,100.0,3.7,3.7,3.7,3.7
09-13-2016 14:07:00,1100.0,3.65,3.65,3.65,3.65
09-13-2016 15:00:00,1000.0,3.65,3.65,3.65,3.65
09-14-2016 08:30:00,125.0,3.61,3.61,3.61,3.61
09-14-2016 08:42:00,500.0,3.65,3.65,3.65,3.65
09-14-2016 08:49:00,100.0,3.75,3.75,3.75,3.75
09-14-2016 09:05:00,390.0,3.71,3.71,3.71,3.71
09-14-2016 09:07:00,1050.0,3.65,3.65,3.65,3.65
09-14-2016 10:11:00,100.0,3.8,3.8,3.8,3.8
09-14-2016 12:54:00,100.0,3.8,3.8,3.8,3.8
09-14-2016 14:31:00,100.0,3.75,3.75,3.75,3.75
09-14-2016 14:51:00,400.0,3.68,3.68,3.68,3.68
09-14-2016 15:00:00,1700.0,3.6,3.6,3.6,3.6
09-15-2016 08:48:00,6000.0,3.54,3.55,3.53,3.53
09-15-2016 09:43:00,145.0,3.65,3.65,3.65,3.65
09-15-2016 10:08:00,5000.0,3.645,3.6799,3.645,3.6799
09-15-2016 10:20:00,100.0,3.73,3.73,3.73,3.73
09-15-2016 10:22:00,500.0,3.74,3.74,3.74,3.74
09-15-2016 10:38:00,400.0,3.57,3.57,3.54,3.54
09-15-2016 10:41:00,100.0,3.7299,3.7299,3.7299,3.7299
09-15-2016 10:43:00,4500.0,3.56,3.56,3.56,3.56
09-15-2016 10:46:00,200.0,3.72,3.72,3.635,3.635
09-15-2016 11:05:00,400.0,3.55,3.55,3.55,3.55
09-15-2016 11:19:00,100.0,3.6214,3.6214,3.6214,3.6214
09-15-2016 12:46:00,300.0,3.625,3.625,3.625,3.625
09-15-2016 13:13:00,100.0,3.69,3.69,3.69,3.69
09-15-2016 13:37:00,1300.0,3.65,3.65,3.65,3.65
09-15-2016 13:38:00,4700.0,3.62,3.62,3.61,3.61
09-15-2016 13:39:00,2100.0,3.61,3.61,3.61,3.61
09-15-2016 13:44:00,100.0,3.69,3.69,3.69,3.69
09-15-2016 13:52:00,100.0,3.69,3.69,3.69,3.69
09-15-2016 15:00:00,100.0,3.62,3.62,3.62,3.62
09-16-2016 08:30:00,700.0,3.65,3.65,3.65,3.65
09-16-2016 08:37:00,100.0,3.62,3.62,3.62,3.62
09-16-2016 09:29:00,100.0,3.75,3.75,3.75,3.75
09-16-2016 10:02:00,100.0,3.72,3.72,3.72,3.72
09-16-2016 10:40:00,100.0,3.686,3.686,3.686,3.686
09-16-2016 10:43:00,100.0,3.686,3.686,3.686,3.686
09-16-2016 12:19:00,100.0,3.69,3.69,3.69,3.69
09-16-2016 14:03:00,100.0,3.7,3.7,3.7,3.7
09-16-2016 14:06:00,100.0,3.7,3.7,3.7,3.7
09-16-2016 14:48:00,500.0,3.68,3.68,3.68,3.68
09-16-2016 14:58:00,200.0,3.68,3.68,3.68,3.68
09-16-2016 15:00:00,1101.0,3.69,3.7,3.61,3.68
09-19-2016 11:37:00,100.0,3.65,3.65,3.65,3.65
09-19-2016 11:41:00,1800.0,3.6799,3.6799,3.6799,3.6799
09-19-2016 11:56:00,100.0,3.68,3.68,3.68,3.68
09-19-2016 11:57:00,100.0,3.66,3.66,3.66,3.66
09-19-2016 12:01:00,100.0,3.68,3.68,3.68,3.68
09-19-2016 12:06:00,100.0,3.675,3.675,3.675,3.675
09-20-2016 07:54:00,4000.0,4.11,4.11,4.05,4.05
09-20-2016 07:55:00,1000.0,4.02,4.02,4.02,4.02
09-20-2016 08:02:00,500.0,4.04,4.05,4.04,4.05
09-20-2016 08:03:00,3300.0,4.05,4.05,4.05,4.05
09-20-2016 08:04:00,500.0,4.05,4.05,4.05,4.05
09-20-2016 08:08:00,500.0,4.06,4.06,4.05,4.05
09-20-2016 08:14:00,1300.0,4.06,4.25,4.04,4.25
09-20-2016 08:15:00,600.0,4.25,4.3,4.25,4.3
09-20-2016 08:16:00,500.0,4.3,4.3,4.3,4.3
09-20-2016 08:17:00,2120.0,4.3,4.4,4.3,4.4
09-20-2016 08:19:00,5320.0,4.3,4.3,4.3,4.3
09-20-2016 08:25:00,1924.0,4.47,4.5,4.47,4.5
09-20-2016 08:28:00,3101.0,4.77,4.98,4.6,4.6
09-20-2016 08:29:00,1323.0,4.83,4.9,4.61,4.66
09-20-2016 08:30:00,7785.0,4.75,4.75,4.75,4.75
09-20-2016 08:31:00,5100.0,4.75,4.98,4.68,4.86
09-20-2016 08:32:00,17550.0,4.85,4.97,4.75,4.8499
09-20-2016 08:33:00,22481.0,4.85,5.39,4.83,4.87
09-20-2016 08:34:00,22608.0,4.97,5.0,4.75,4.7695
09-20-2016 08:35:00,3000.0,4.8001,4.8899,4.8001,4.86
09-20-2016 08:36:00,6847.0,4.7501,4.8106,4.67,4.67
09-20-2016 08:37:00,8797.0,4.67,4.6999,4.6,4.6
09-20-2016 08:38:00,7153.0,4.6,4.73,4.6,4.6
09-20-2016 08:39:00,1900.0,4.635,4.68,4.635,4.68
09-20-2016 08:40:00,2400.0,4.61,4.6346,4.6,4.603
09-20-2016 08:41:00,1500.0,4.6008,4.63,4.6008,4.63
09-20-2016 08:42:00,670.0,4.67,4.67,4.6501,4.6563
09-20-2016 08:43:00,4851.0,4.65,4.73,4.65,4.65
09-20-2016 08:44:00,1700.0,4.65,4.7012,4.6,4.7012
09-20-2016 08:45:00,1000.0,4.622,4.622,4.622,4.622
09-20-2016 08:46:00,3051.0,4.6399,4.6399,4.52,4.55
09-20-2016 08:47:00,12000.0,4.5,4.6,4.44,4.576
09-20-2016 08:48:00,300.0,4.45,4.57,4.45,4.57
09-20-2016 08:49:00,1800.0,4.47,4.57,4.47,4.57
09-20-2016 08:50:00,10500.0,4.52,4.63,4.52,4.6
09-20-2016 08:51:00,7000.0,4.6,4.6,4.54,4.55
09-20-2016 08:52:00,4200.0,4.54,4.65,4.54,4.59
09-20-2016 08:53:00,14050.0,4.61,4.71,4.59,4.71
09-20-2016 08:54:00,950.0,4.7,4.71,4.69,4.705
09-20-2016 08:55:00,650.0,4.62,4.7095,4.62,4.7095
09-20-2016 08:56:00,15249.0,4.71,4.88,4.71,4.88
09-20-2016 08:57:00,21320.0,4.8,4.88,4.79,4.88
09-20-2016 08:58:00,10630.0,4.88,4.9,4.7653,4.8
09-20-2016 08:59:00,1370.0,4.6701,4.77,4.67,4.77
09-20-2016 09:00:00,2500.0,4.69,4.69,4.67,4.69
09-20-2016 09:01:00,1000.0,4.69,4.77,4.69,4.6901
09-20-2016 09:02:00,6610.0,4.69,4.75,4.67,4.75
09-20-2016 09:04:00,625.0,4.7,4.74,4.7,4.7001
09-20-2016 09:05:00,2550.0,4.71,4.72,4.67,4.7
09-20-2016 09:06:00,3000.0,4.7,4.75,4.6801,4.75
09-20-2016 09:07:00,500.0,4.7799,4.7799,4.74,4.77
09-20-2016 09:08:00,4900.0,4.77,4.8,4.77,4.8
09-20-2016 09:09:00,1600.0,4.8,4.8,4.78,4.78
09-20-2016 09:10:00,1000.0,4.7674,4.7674,4.7674,4.7674
09-20-2016 09:12:00,1400.0,4.73,4.735,4.71,4.715
09-20-2016 09:13:00,1900.0,4.72,4.75,4.71,4.75
09-20-2016 09:14:00,4100.0,4.71,4.74,4.71,4.73
09-20-2016 09:15:00,900.0,4.7,4.715,4.7,4.715
09-20-2016 09:16:00,900.0,4.7299,4.7299,4.706,4.706
09-20-2016 09:17:00,100.0,4.71,4.71,4.71,4.71
09-20-2016 09:19:00,1376.0,4.6978,4.6978,4.6949,4.6949
09-20-2016 09:20:00,100.0,4.704,4.704,4.704,4.704
09-20-2016 09:21:00,2100.0,4.68,4.71,4.68,4.7047
09-20-2016 09:23:00,300.0,4.7,4.71,4.69,4.69
09-20-2016 09:24:00,9909.0,4.69,4.69,4.6,4.6278
09-20-2016 09:25:00,2006.0,4.65,4.68,4.65,4.68
09-20-2016 09:26:00,1800.0,4.68,4.7,4.68,4.7
09-20-2016 09:27:00,2500.0,4.7,4.7,4.7,4.7
09-20-2016 09:29:00,500.0,4.69,4.69,4.69,4.69
09-20-2016 09:32:00,500.0,4.7356,4.7356,4.7356,4.7356
09-20-2016 09:33:00,2419.0,4.707,4.75,4.707,4.74
09-20-2016 09:34:00,200.0,4.75,4.75,4.75,4.75
09-20-2016 09:36:00,1000.0,4.71,4.71,4.71,4.71
09-20-2016 09:37:00,1400.0,4.71,4.71,4.71,4.71
09-20-2016 09:40:00,500.0,4.78,4.789,4.78,4.782
09-20-2016 09:41:00,300.0,4.7899,4.7899,4.7889,4.7889
09-20-2016 09:45:00,1900.0,4.71,4.74,4.71,4.71
09-20-2016 09:46:00,200.0,4.7296,4.7296,4.7296,4.7296
09-20-2016 09:48:00,10100.0,4.74,4.8,4.71,4.72
09-20-2016 09:49:00,3768.0,4.72,4.72,4.71,4.72
09-20-2016 09:50:00,2650.0,4.7,4.72,4.7,4.72
09-20-2016 09:51:00,4800.0,4.72,4.8,4.72,4.8
09-20-2016 09:52:00,11000.0,4.8,4.8,4.8,4.8
09-20-2016 09:53:00,17140.0,4.8,4.8,4.79,4.791
09-20-2016 09:54:00,10550.0,4.8,4.8,4.79,4.8
09-20-2016 09:55:00,33942.0,4.79,4.96,4.79,4.91
09-20-2016 09:56:00,20602.0,4.91,4.915,4.62,4.9
09-20-2016 09:57:00,3501.0,4.8,4.87,4.75,4.87
09-20-2016 09:58:00,1150.0,4.73,4.78,4.72,4.78
09-20-2016 09:59:00,1950.0,4.7958,4.8892,4.78,4.8892
09-20-2016 10:00:00,700.0,4.81,4.81,4.81,4.81
09-20-2016 10:02:00,16902.0,4.81,4.81,4.7,4.7
09-20-2016 10:03:00,300.0,4.7,4.7,4.7,4.7
09-20-2016 10:06:00,1500.0,4.65,4.67,4.64,4.67
09-20-2016 10:07:00,500.0,4.65,4.69,4.65,4.69
09-20-2016 10:08:00,6399.0,4.682,4.69,4.62,4.62
09-20-2016 10:09:00,2291.0,4.6899,4.6899,4.63,4.66
09-20-2016 10:12:00,1600.0,4.6899,4.6899,4.64,4.64
09-20-2016 10:14:00,611.0,4.645,4.645,4.63,4.63
09-20-2016 10:16:00,400.0,4.655,4.6799,4.655,4.6598
09-20-2016 10:18:00,2001.0,4.675,4.675,4.63,4.63
09-20-2016 10:19:00,1514.0,4.63,4.63,4.6,4.6
09-20-2016 10:21:00,100.0,4.61,4.61,4.61,4.61
09-20-2016 10:22:00,4500.0,4.65,4.65,4.62,4.6263
09-20-2016 10:23:00,3396.0,4.65,4.7,4.65,4.7
09-20-2016 10:24:00,1000.0,4.69,4.7,4.69,4.7
09-20-2016 10:25:00,100.0,4.7,4.7,4.7,4.7
09-20-2016 10:27:00,200.0,4.68,4.69,4.68,4.69
09-20-2016 10:28:00,2100.0,4.6875,4.6875,4.68,4.68
09-20-2016 10:29:00,1964.0,4.69,4.7,4.6899,4.6899
09-20-2016 10:31:00,300.0,4.7,4.7,4.7,4.7
09-20-2016 10:32:00,734.0,4.7,4.7,4.67,4.67
09-20-2016 10:33:00,2500.0,4.7099,4.7099,4.7099,4.7099
09-20-2016 10:38:00,100.0,4.66,4.66,4.66,4.66
09-20-2016 10:42:00,100.0,4.63,4.63,4.63,4.63
09-20-2016 10:44:00,500.0,4.645,4.645,4.645,4.645
09-20-2016 10:45:00,100.0,4.62,4.62,4.62,4.62
09-20-2016 10:47:00,100.0,4.66,4.66,4.66,4.66
09-20-2016 10:50:00,100.0,4.66,4.66,4.66,4.66
09-20-2016 10:51:00,900.0,4.6505,4.6899,4.6505,4.6899
09-20-2016 10:52:00,2156.0,4.69,4.7,4.68,4.7
09-20-2016 10:57:00,1200.0,4.7,4.7,4.69,4.7
09-20-2016 10:59:00,1000.0,4.71,4.75,4.71,4.75
09-20-2016 11:00:00,110.0,4.7201,4.7201,4.7201,4.7201
09-20-2016 11:02:00,200.0,4.74,4.74,4.74,4.74
09-20-2016 11:04:00,1800.0,4.7248,4.7248,4.7248,4.7248
09-20-2016 11:05:00,1500.0,4.74,4.74,4.69,4.74
09-20-2016 11:06:00,2000.0,4.69,4.69,4.69,4.69
09-20-2016 11:08:00,2900.0,4.69,4.69,4.62,4.62
09-20-2016 11:10:00,185.0,4.6555,4.6555,4.6555,4.6555
09-20-2016 11:14:00,200.0,4.6806,4.6806,4.6806,4.6806
09-20-2016 11:17:00,100.0,4.67,4.67,4.67,4.67
09-20-2016 11:19:00,200.0,4.7,4.7,4.683,4.683
09-20-2016 11:20:00,100.0,4.66,4.66,4.66,4.66
09-20-2016 11:23:00,100.0,4.66,4.66,4.66,4.66
09-20-2016 11:24:00,2600.0,4.7,4.7,4.7,4.7
09-20-2016 11:26:00,2000.0,4.73,4.75,4.73,4.75
09-20-2016 11:27:00,1800.0,4.7264,4.7264,4.7264,4.7264
09-20-2016 11:28:00,200.0,4.74,4.74,4.74,4.74
09-20-2016 11:29:00,2800.0,4.71,4.71,4.71,4.71
09-20-2016 11:30:00,300.0,4.72,4.72,4.72,4.72
09-20-2016 11:31:00,2700.0,4.712,4.72,4.7101,4.72
09-20-2016 11:32:00,3200.0,4.7134,4.72,4.7134,4.72
09-20-2016 11:33:00,1600.0,4.71,4.72,4.7,4.71
09-20-2016 11:34:00,3000.0,4.74,4.75,4.71,4.72
09-20-2016 11:36:00,4674.0,4.7368,4.7368,4.71,4.72
09-20-2016 11:38:00,838.0,4.72,4.72,4.72,4.72
09-20-2016 11:39:00,1900.0,4.749,4.749,4.749,4.749
09-20-2016 11:42:00,100.0,4.7293,4.7293,4.7293,4.7293
09-20-2016 11:46:00,800.0,4.73,4.73,4.7299,4.7299
09-20-2016 11:47:00,200.0,4.72,4.72,4.71,4.71
09-20-2016 11:49:00,500.0,4.7193,4.72,4.71,4.72
09-20-2016 11:52:00,500.0,4.725,4.725,4.72,4.7202
09-20-2016 11:53:00,875.0,4.71,4.72,4.71,4.72
09-20-2016 11:54:00,2995.0,4.71,4.72,4.71,4.7199
09-20-2016 11:55:00,1102.0,4.72,4.72,4.71,4.71
09-20-2016 11:56:00,439.0,4.72,4.72,4.71,4.71
09-20-2016 11:57:00,1798.0,4.7193,4.72,4.7193,4.72
09-20-2016 12:00:00,100.0,4.7247,4.7247,4.7247,4.7247
09-20-2016 12:08:00,300.0,4.72,4.72,4.72,4.72
09-20-2016 12:10:00,200.0,4.71,4.72,4.71,4.72
09-20-2016 12:12:00,2300.0,4.72,4.725,4.71,4.72
09-20-2016 12:13:00,100.0,4.71,4.71,4.71,4.71
09-20-2016 12:14:00,200.0,4.72,4.72,4.72,4.72
09-20-2016 12:15:00,2400.0,4.73,4.75,4.73,4.75
09-20-2016 12:16:00,3500.0,4.75,4.75,4.7399,4.7399
09-20-2016 12:20:00,500.0,4.7301,4.7301,4.73,4.73
09-20-2016 12:22:00,200.0,4.7289,4.7289,4.7289,4.7289
09-20-2016 12:23:00,451.0,4.73,4.73,4.73,4.73
09-20-2016 12:24:00,406.0,4.73,4.73,4.7299,4.7299
09-20-2016 12:25:00,300.0,4.7388,4.7388,4.7388,4.7388
09-20-2016 12:30:00,200.0,4.71,4.72,4.71,4.72
09-20-2016 12:34:00,100.0,4.71,4.71,4.71,4.71
09-20-2016 12:37:00,100.0,4.71,4.71,4.71,4.71
09-20-2016 12:40:00,200.0,4.71,4.72,4.71,4.72
09-20-2016 12:41:00,150.0,4.7,4.7,4.7,4.7
09-20-2016 12:44:00,100.0,4.7,4.7,4.7,4.7
09-20-2016 12:45:00,1000.0,4.72,4.72,4.717,4.7176
09-20-2016 12:48:00,500.0,4.72,4.73,4.72,4.73
09-20-2016 12:50:00,10720.0,4.74,4.75,4.719,4.719
09-20-2016 12:52:00,200.0,4.74,4.75,4.74,4.75
09-20-2016 12:54:00,4400.0,4.75,4.75,4.7499,4.7499
09-20-2016 12:56:00,4300.0,4.73,4.74,4.7208,4.73
09-20-2016 12:57:00,26252.0,4.7324,4.75,4.73,4.74
09-20-2016 12:58:00,19750.0,4.73,4.74,4.69,4.69
09-20-2016 12:59:00,600.0,4.6999,4.7,4.6999,4.7
09-20-2016 13:00:00,800.0,4.69,4.7,4.69,4.7
09-20-2016 13:01:00,3400.0,4.7,4.7,4.687,4.69
09-20-2016 13:02:00,2300.0,4.7,4.7,4.65,4.65
09-20-2016 13:03:00,2323.0,4.65,4.69,4.65,4.67
09-20-2016 13:06:00,3000.0,4.667,4.67,4.665,4.67
09-20-2016 13:07:00,2700.0,4.67,4.67,4.655,4.67
09-20-2016 13:09:00,800.0,4.66,4.66,4.66,4.66
09-20-2016 13:10:00,700.0,4.66,4.66,4.66,4.66
09-20-2016 13:11:00,13800.0,4.66,4.66,4.6112,4.66
09-20-2016 13:12:00,100.0,4.66,4.66,4.66,4.66
09-20-2016 13:13:00,1700.0,4.65,4.65,4.65,4.65
09-20-2016 13:16:00,127.0,4.659,4.659,4.659,4.659
09-20-2016 13:18:00,300.0,4.63,4.63,4.63,4.63
09-20-2016 13:20:00,100.0,4.66,4.66,4.66,4.66
09-20-2016 13:24:00,100.0,4.66,4.66,4.66,4.66
09-20-2016 13:25:00,100.0,4.63,4.63,4.63,4.63
09-20-2016 13:33:00,100.0,4.65,4.65,4.65,4.65
09-20-2016 13:35:00,3292.0,4.63,4.63,4.58,4.58
09-20-2016 13:37:00,3000.0,4.57,4.63,4.57,4.63
09-20-2016 13:45:00,900.0,4.6027,4.6027,4.6027,4.6027
09-20-2016 13:46:00,100.0,4.63,4.63,4.63,4.63
09-20-2016 13:47:00,1000.0,4.61,4.61,4.61,4.61
09-20-2016 13:49:00,1000.0,4.5801,4.5835,4.58,4.58
09-20-2016 13:50:00,100.0,4.63,4.63,4.63,4.63
09-20-2016 13:51:00,100.0,4.58,4.58,4.58,4.58
09-20-2016 13:54:00,200.0,4.58,4.63,4.58,4.63
09-20-2016 13:57:00,100.0,4.58,4.58,4.58,4.58
09-20-2016 13:59:00,100.0,4.63,4.63,4.63,4.63
09-20-2016 14:00:00,2560.0,4.58,4.5978,4.58,4.5805
09-20-2016 14:02:00,100.0,4.63,4.63,4.63,4.63
09-20-2016 14:03:00,7435.0,4.605,4.63,4.605,4.63
09-20-2016 14:05:00,700.0,4.62,4.63,4.62,4.63
09-20-2016 14:06:00,241.0,4.63,4.63,4.63,4.63
09-20-2016 14:14:00,100.0,4.63,4.63,4.63,4.63
09-20-2016 14:15:00,400.0,4.63,4.63,4.63,4.63
09-20-2016 14:18:00,1100.0,4.63,4.63,4.6262,4.6262
09-20-2016 14:19:00,2500.0,4.626,4.63,4.6257,4.6258
09-20-2016 14:21:00,100.0,4.63,4.63,4.63,4.63
09-20-2016 14:23:00,1000.0,4.63,4.63,4.63,4.63
09-20-2016 14:24:00,1743.0,4.6201,4.63,4.62,4.63
09-20-2016 14:26:00,1000.0,4.63,4.63,4.63,4.63
09-20-2016 14:27:00,41894.0,4.63,4.66,4.63,4.65
09-20-2016 14:28:00,6419.0,4.65,4.65,4.6424,4.65
09-20-2016 14:29:00,1766.0,4.65,4.65,4.65,4.65
09-20-2016 14:30:00,2034.0,4.65,4.65,4.649,4.65
09-20-2016 14:31:00,34945.0,4.65,4.74,4.65,4.7399
09-20-2016 14:32:00,7600.0,4.69,4.72,4.69,4.7092
09-20-2016 14:33:00,7900.0,4.705,4.7098,4.69,4.7
09-20-2016 14:35:00,1758.0,4.7,4.7,4.7,4.7
09-20-2016 14:36:00,500.0,4.7,4.7,4.7,4.7
09-20-2016 14:37:00,1300.0,4.7,4.7,4.697,4.697
09-20-2016 14:38:00,1500.0,4.7,4.7,4.6977,4.6977
09-20-2016 14:39:00,2898.0,4.7,4.7,4.7,4.7
09-20-2016 14:40:00,1000.0,4.7,4.71,4.7,4.7
09-20-2016 14:41:00,1400.0,4.72,4.74,4.72,4.74
09-20-2016 14:42:00,300.0,4.72,4.72,4.72,4.72
09-20-2016 14:43:00,5018.0,4.715,4.74,4.715,4.735
09-20-2016 14:44:00,761.0,4.7397,4.7397,4.73,4.73
09-20-2016 14:45:00,2200.0,4.715,4.73,4.7,4.73
09-20-2016 14:48:00,2100.0,4.7186,4.7186,4.7,4.7
09-20-2016 14:49:00,120.0,4.7158,4.7158,4.7158,4.7158
09-20-2016 14:50:00,100.0,4.718,4.718,4.718,4.718
09-20-2016 14:53:00,200.0,4.71,4.71,4.71,4.71
09-20-2016 14:54:00,3670.0,4.71,4.7199,4.71,4.715
09-20-2016 14:55:00,7755.0,4.71,4.716,4.67,4.6835
09-20-2016 14:56:00,5000.0,4.6835,4.7,4.6835,4.69
09-20-2016 14:57:00,2445.0,4.69,4.69,4.6504,4.66
09-20-2016 14:58:00,1139.0,4.62,4.67,4.62,4.67
09-20-2016 14:59:00,8731.0,4.67,4.7,4.55,4.55
09-20-2016 15:00:00,11092.0,4.57,4.61,4.47,4.61
09-20-2016 15:11:00,1000.0,4.88,4.9,4.88,4.89
09-20-2016 16:58:00,1000.0,4.89,4.89,4.89,4.89
09-21-2016 08:28:00,2110.0,4.7,4.7,4.67,4.68
09-21-2016 08:29:00,300.0,4.67,4.67,4.67,4.67
09-21-2016 08:30:00,16917.0,4.62,4.62,4.62,4.62
09-21-2016 08:31:00,9100.0,4.74,4.74,4.61,4.6434
09-21-2016 08:32:00,9320.0,4.69,4.7,4.45,4.5
09-21-2016 08:33:00,4990.0,4.525,4.55,4.49,4.55
09-21-2016 08:34:00,400.0,4.54,4.55,4.54,4.55
09-21-2016 08:35:00,1500.0,4.55,4.615,4.55,4.615
09-21-2016 08:36:00,600.0,4.564,4.564,4.564,4.564
09-21-2016 08:37:00,1600.0,4.5934,4.5934,4.58,4.58
09-21-2016 08:38:00,3100.0,4.6,4.6195,4.58,4.58
09-21-2016 08:39:00,33897.0,4.5164,4.619,4.45,4.46
09-21-2016 08:40:00,2300.0,4.46,4.51,4.46,4.51
09-21-2016 08:41:00,4200.0,4.54,4.54,4.53,4.53
09-21-2016 08:42:00,400.0,4.52,4.529,4.52,4.529
09-21-2016 08:43:00,17201.0,4.52,4.529,4.22,4.22
09-21-2016 08:44:00,1850.0,4.335,4.34,4.25,4.25
09-21-2016 08:45:00,32598.0,4.29,4.71,4.29,4.31
09-21-2016 08:46:00,1000.0,4.3999,4.3999,4.3999,4.3999
09-21-2016 08:47:00,5000.0,4.4,4.4,4.34,4.389
09-21-2016 08:48:00,6900.0,4.39,4.57,4.33,4.57
09-21-2016 08:49:00,100.0,4.35,4.35,4.35,4.35
09-21-2016 08:50:00,800.0,4.445,4.45,4.39,4.4
09-21-2016 08:51:00,500.0,4.41,4.43,4.41,4.43
09-21-2016 08:52:00,500.0,4.29,4.4,4.29,4.33
09-21-2016 08:53:00,3108.0,4.38,4.52,4.38,4.4875
09-21-2016 08:54:00,710.0,4.39,4.3999,4.37,4.37
09-21-2016 08:55:00,700.0,4.4,4.45,4.4,4.41
09-21-2016 09:01:00,100.0,4.41,4.41,4.41,4.41
09-21-2016 09:04:00,3000.0,4.5,4.54,4.4766,4.54
09-21-2016 09:05:00,1300.0,4.49,4.5,4.49,4.49
09-21-2016 09:07:00,5040.0,4.42,4.55,4.41,4.55
09-21-2016 09:08:00,300.0,4.5,4.5,4.5,4.5
09-21-2016 09:09:00,600.0,4.42,4.44,4.4,4.44
09-21-2016 09:10:00,600.0,4.46,4.46,4.455,4.455
09-21-2016 09:11:00,6600.0,4.42,4.55,4.42,4.55
09-21-2016 09:12:00,1200.0,4.42,4.42,4.42,4.42
09-21-2016 09:13:00,300.0,4.42,4.42,4.42,4.42
09-21-2016 09:14:00,1000.0,4.42,4.435,4.42,4.435
09-21-2016 09:15:00,100.0,4.435,4.435,4.435,4.435
09-21-2016 09:16:00,600.0,4.43,4.43,4.43,4.43
09-21-2016 09:18:00,1200.0,4.43,4.4892,4.43,4.47
09-21-2016 09:20:00,2100.0,4.465,4.51,4.465,4.51
09-21-2016 09:21:00,300.0,4.5,4.5,4.5,4.5
09-21-2016 09:22:00,500.0,4.47,4.47,4.47,4.47
09-21-2016 09:24:00,200.0,4.42,4.42,4.42,4.42
09-21-2016 09:29:00,500.0,4.46,4.47,4.46,4.47
09-21-2016 09:32:00,2150.0,4.5,4.5,4.5,4.5
09-21-2016 09:34:00,150000.0,4.5,4.5,4.5,4.5
09-21-2016 09:36:00,1500.0,4.53,4.55,4.5,4.53
09-21-2016 09:42:00,1000.0,4.6385,4.6385,4.6385,4.6385
09-21-2016 09:44:00,300.0,4.61,4.61,4.603,4.61
09-21-2016 09:48:00,2400.0,4.65,4.72,4.65,4.7
09-21-2016 09:49:00,13300.0,4.74,4.74,4.7,4.72
09-21-2016 09:50:00,1900.0,4.7,4.739,4.7,4.73
09-21-2016 09:51:00,2300.0,4.705,4.72,4.7,4.72
09-21-2016 09:52:00,500.0,4.7,4.7,4.7,4.7
09-21-2016 09:53:00,100.0,4.72,4.72,4.72,4.72
09-21-2016 09:55:00,1000.0,4.73,4.73,4.73,4.73
09-21-2016 09:56:00,3400.0,4.7,4.73,4.7,4.7
09-21-2016 09:57:00,2100.0,4.72,4.72,4.7,4.7
09-21-2016 09:58:00,4600.0,4.72,4.73,4.7,4.72
09-21-2016 09:59:00,400.0,4.7,4.7,4.7,4.7
09-21-2016 10:05:00,100.0,4.71,4.71,4.71,4.71
09-21-2016 10:06:00,100.0,4.69,4.69,4.69,4.69
09-21-2016 10:10:00,300.0,4.7,4.7,4.7,4.7
09-21-2016 10:16:00,4500.0,4.66,4.66,4.65,4.65
09-21-2016 10:19:00,11300.0,4.65,4.7,4.629,4.675
09-21-2016 10:22:00,4800.0,4.66,4.675,4.65,4.65
09-21-2016 10:26:00,1200.0,4.64,4.655,4.6183,4.6183
09-21-2016 10:28:00,100.0,4.64,4.64,4.64,4.64
09-21-2016 10:30:00,100.0,4.64,4.64,4.64,4.64
09-21-2016 10:32:00,200.0,4.7,4.7,4.7,4.7
09-21-2016 10:37:00,300.0,4.7,4.74,4.7,4.74
09-21-2016 10:38:00,992.0,4.6887,4.73,4.6887,4.73
09-21-2016 10:39:00,100.0,4.72,4.72,4.72,4.72
09-21-2016 10:42:00,400.0,4.73,4.73,4.73,4.73
09-21-2016 10:48:00,920.0,4.73,4.74,4.674,4.677
09-21-2016 10:49:00,100.0,4.74,4.74,4.74,4.74
09-21-2016 10:50:00,200.0,4.7,4.7,4.7,4.7
09-21-2016 10:59:00,700.0,4.6501,4.67,4.65,4.65
09-21-2016 11:05:00,1100.0,4.66,4.68,4.6388,4.6388
09-21-2016 11:08:00,1800.0,4.66,4.69,4.66,4.69
09-21-2016 11:09:00,4200.0,4.69,4.69,4.6525,4.69
09-21-2016 11:10:00,100.0,4.68,4.68,4.68,4.68
09-21-2016 11:11:00,200.0,4.68,4.68,4.68,4.68
09-21-2016 11:13:00,200.0,4.68,4.68,4.68,4.68
09-21-2016 11:17:00,400.0,4.645,4.67,4.62,4.67
09-21-2016 11:43:00,100.0,4.66,4.66,4.66,4.66
09-21-2016 11:49:00,100.0,4.67,4.67,4.67,4.67
09-21-2016 11:55:00,350.0,4.66,4.68,4.66,4.68
09-21-2016 11:59:00,208.0,4.68,4.68,4.61,4.61
09-21-2016 12:01:00,376.0,4.6101,4.67,4.6101,4.67
09-21-2016 12:03:00,600.0,4.67,4.67,4.67,4.67
09-21-2016 12:04:00,100.0,4.65,4.65,4.65,4.65
09-21-2016 12:05:00,1800.0,4.65,4.68,4.65,4.65
09-21-2016 12:06:00,100.0,4.65,4.65,4.65,4.65
09-21-2016 12:16:00,100.0,4.68,4.68,4.68,4.68
09-21-2016 12:18:00,828.0,4.68,4.69,4.68,4.69
09-21-2016 12:19:00,200.0,4.68,4.69,4.68,4.69
09-21-2016 12:29:00,100.0,4.69,4.69,4.69,4.69
09-21-2016 12:34:00,1100.0,4.69,4.69,4.69,4.69
09-21-2016 12:38:00,100.0,4.69,4.69,4.69,4.69
09-21-2016 12:39:00,320.0,4.69,4.69,4.65,4.65
09-21-2016 12:43:00,100.0,4.69,4.69,4.69,4.69
09-21-2016 12:48:00,100.0,4.69,4.69,4.69,4.69
09-21-2016 12:51:00,300.0,4.6534,4.69,4.6534,4.69
09-21-2016 12:57:00,100.0,4.69,4.69,4.69,4.69
09-21-2016 13:02:00,4900.0,4.67,4.69,4.66,4.67
09-21-2016 13:04:00,400.0,4.68,4.68,4.678,4.678
09-21-2016 13:07:00,6570.0,4.67,4.74,4.6634,4.705
09-21-2016 13:09:00,2100.0,4.69,4.74,4.69,4.71
09-21-2016 13:11:00,4500.0,4.7,4.75,4.7,4.72
09-21-2016 13:12:00,1590.0,4.715,4.73,4.715,4.72
09-21-2016 13:15:00,1200.0,4.702,4.72,4.702,4.71
09-21-2016 13:16:00,2400.0,4.7,4.7,4.69,4.69
09-21-2016 13:22:00,2250.0,4.69,4.725,4.6899,4.725
09-21-2016 13:26:00,853.0,4.67,4.67,4.67,4.67
09-21-2016 13:27:00,100.0,4.66,4.66,4.66,4.66
09-21-2016 13:29:00,500.0,4.65,4.65,4.65,4.65
09-21-2016 13:33:00,458.0,4.65,4.65,4.65,4.65
09-21-2016 13:37:00,1275.0,4.6404,4.6404,4.6404,4.6404
09-21-2016 13:41:00,200.0,4.62,4.64,4.62,4.64
09-21-2016 13:42:00,200.0,4.64,4.64,4.64,4.64
09-21-2016 13:46:00,100.0,4.64,4.64,4.64,4.64
09-21-2016 13:51:00,100.0,4.64,4.64,4.64,4.64
09-21-2016 13:55:00,1000.0,4.629,4.629,4.629,4.629
09-21-2016 13:56:00,100.0,4.63,4.63,4.63,4.63
09-21-2016 13:57:00,100.0,4.63,4.63,4.63,4.63
09-21-2016 14:06:00,5200.0,4.63,4.66,4.62,4.62
09-21-2016 14:11:00,100.0,4.62,4.62,4.62,4.62
09-21-2016 14:13:00,700.0,4.62,4.62,4.62,4.62
09-21-2016 14:14:00,200.0,4.615,4.615,4.615,4.615
09-21-2016 14:15:00,2100.0,4.61,4.62,4.61,4.62
09-21-2016 14:21:00,100.0,4.62,4.62,4.62,4.62
09-21-2016 14:23:00,100.0,4.62,4.62,4.62,4.62
09-21-2016 14:25:00,100.0,4.62,4.62,4.62,4.62
09-21-2016 14:26:00,2700.0,4.615,4.62,4.615,4.6192
09-21-2016 14:27:00,100.0,4.62,4.62,4.62,4.62
09-21-2016 14:29:00,100.0,4.62,4.62,4.62,4.62
09-21-2016 14:31:00,100.0,4.62,4.62,4.62,4.62
09-21-2016 14:33:00,100.0,4.62,4.62,4.62,4.62
09-21-2016 14:34:00,1550.0,4.615,4.62,4.615,4.62
09-21-2016 14:36:00,100.0,4.62,4.62,4.62,4.62
09-21-2016 14:37:00,1690.0,4.62,4.635,4.6199,4.62
09-21-2016 14:40:00,100.0,4.63,4.63,4.63,4.63
09-21-2016 14:42:00,100.0,4.68,4.68,4.68,4.68
09-21-2016 14:43:00,200.0,4.73,4.73,4.703,4.703
09-21-2016 14:44:00,570.0,4.68,4.695,4.68,4.695
09-21-2016 14:45:00,1000.0,4.7,4.7,4.665,4.665
09-21-2016 14:46:00,1500.0,4.65,4.66,4.65,4.66
09-21-2016 14:47:00,1200.0,4.65,4.66,4.65,4.66
09-21-2016 14:48:00,100.0,4.66,4.66,4.66,4.66
09-21-2016 14:49:00,100.0,4.66,4.66,4.66,4.66
09-21-2016 14:50:00,100.0,4.66,4.66,4.66,4.66
09-21-2016 14:51:00,550.0,4.67,4.67,4.655,4.655
09-21-2016 14:53:00,5603.0,4.65,4.655,4.65,4.65
09-21-2016 14:55:00,1575.0,4.6454,4.65,4.62,4.65
09-21-2016 14:56:00,4400.0,4.66,4.66,4.61,4.644
09-21-2016 14:57:00,3600.0,4.62,4.63,4.61,4.61
09-21-2016 14:58:00,6610.0,4.63,4.67,4.62,4.63
09-21-2016 14:59:00,1840.0,4.63,4.63,4.6224,4.63
09-21-2016 15:00:00,5024.0,4.63,4.65,4.61,4.64
09-21-2016 16:07:00,100.0,4.81,4.81,4.81,4.81
09-21-2016 17:46:00,500.0,4.84,4.84,4.84,4.84
09-21-2016 17:53:00,500.0,4.84,4.84,4.84,4.84
09-21-2016 17:56:00,100.0,4.81,4.81,4.81,4.81
09-21-2016 18:15:00,300.0,4.81,4.81,4.81,4.81
09-22-2016 08:30:00,4541.0,4.86,4.86,4.86,4.86
09-22-2016 08:31:00,1800.0,4.81,4.835,4.81,4.81
09-22-2016 08:33:00,250.0,4.81,4.81,4.81,4.81
09-22-2016 08:34:00,5400.0,4.8157,4.8199,4.76,4.76
09-22-2016 08:35:00,3400.0,4.82,4.82,4.75,4.75
09-22-2016 08:36:00,400.0,4.78,4.78,4.78,4.78
09-22-2016 08:37:00,300.0,4.79,4.8125,4.79,4.8125
09-22-2016 08:38:00,1800.0,4.875,4.875,4.81,4.81
09-22-2016 08:39:00,23829.0,4.824,4.83,4.75,4.75
09-22-2016 08:40:00,24043.0,4.785,4.89,4.76,4.83
09-22-2016 08:41:00,31518.0,4.8,4.87,4.76,4.854
09-22-2016 08:42:00,19570.0,4.856,4.86,4.8144,4.8144
09-22-2016 08:43:00,4150.0,4.83,4.83,4.7926,4.8199
09-22-2016 08:44:00,9562.0,4.82,4.83,4.78,4.79
09-22-2016 08:45:00,3260.0,4.8263,4.86,4.8225,4.8598
09-22-2016 08:46:00,37280.0,4.89,4.99,4.838,4.89
09-22-2016 08:47:00,5700.0,4.89,4.97,4.89,4.91
09-22-2016 08:48:00,4800.0,4.94,4.94,4.8601,4.8601
09-22-2016 08:49:00,2400.0,4.909,4.915,4.8823,4.915
09-22-2016 08:51:00,6000.0,4.935,4.9495,4.93,4.936
09-22-2016 08:52:00,12245.0,4.9301,4.936,4.85,4.85
09-22-2016 08:53:00,3265.0,4.9,4.9,4.875,4.88
09-22-2016 08:54:00,4500.0,4.88,4.88,4.84,4.8636
09-22-2016 08:56:00,27386.0,4.8634,4.93,4.83,4.83
09-22-2016 08:57:00,10700.0,4.85,4.9299,4.81,4.88
09-22-2016 08:58:00,2500.0,4.862,4.928,4.862,4.928
09-22-2016 08:59:00,4500.0,4.9121,4.9399,4.87,4.87
09-22-2016 09:00:00,2640.0,4.94,4.94,4.935,4.935
09-22-2016 09:01:00,5740.0,4.95,4.96,4.935,4.95
09-22-2016 09:02:00,12200.0,4.96,5.0,4.94,4.975
09-22-2016 09:03:00,20324.0,4.99,5.089,4.985,5.065
09-22-2016 09:04:00,16444.0,5.09,5.14,5.04,5.112
09-22-2016 09:05:00,13800.0,5.112,5.112,4.97,5.0425
09-22-2016 09:06:00,20450.0,5.11,5.17,5.0205,5.17
09-22-2016 09:07:00,19004.0,5.14,5.2,5.1,5.15
09-22-2016 09:08:00,20884.0,5.1604,5.1604,5.09,5.119
09-22-2016 09:09:00,2000.0,5.09,5.139,5.09,5.139
09-22-2016 09:10:00,2375.0,5.09,5.12,5.085,5.1
09-22-2016 09:11:00,3600.0,5.115,5.12,5.095,5.12
09-22-2016 09:12:00,7000.0,5.09,5.11,5.09,5.11
09-22-2016 09:14:00,4400.0,5.1142,5.1142,5.09,5.0963
09-22-2016 09:15:00,3200.0,5.13,5.13,5.0901,5.11
09-22-2016 09:16:00,1000.0,5.1026,5.1026,5.1026,5.1026
09-22-2016 09:17:00,995.0,5.12,5.1255,5.12,5.1255
09-22-2016 09:18:00,5700.0,5.09,5.13,5.04,5.04
09-22-2016 09:19:00,5025.0,5.085,5.129,5.03,5.03
09-22-2016 09:20:00,2400.0,5.0646,5.08,5.03,5.08
09-22-2016 09:21:00,4300.0,5.056,5.056,5.0,5.05
09-22-2016 09:22:00,1900.0,5.0289,5.0499,5.02,5.04
09-22-2016 09:23:00,8432.0,4.99,5.03,4.93,4.9301
09-22-2016 09:24:00,8030.0,4.92,4.95,4.8832,4.9
09-22-2016 09:25:00,1999.0,4.86,4.959,4.8553,4.959
09-22-2016 09:26:00,375.0,4.88,4.88,4.88,4.88
09-22-2016 09:27:00,100.0,4.93,4.93,4.93,4.93
09-22-2016 09:28:00,9187.0,4.94,5.05,4.93,5.015
09-22-2016 09:29:00,500.0,4.9982,4.9982,4.9982,4.9982
09-22-2016 09:30:00,600.0,5.05,5.05,5.0,5.0
09-22-2016 09:34:00,1100.0,5.01,5.04,5.0,5.04
09-22-2016 09:35:00,100.0,4.91,4.91,4.91,4.91
09-22-2016 09:37:00,800.0,5.02,5.05,5.02,5.05
09-22-2016 09:38:00,9100.0,5.0032,5.07,5.0032,5.06
09-22-2016 09:39:00,3200.0,5.07,5.13,5.03,5.13
09-22-2016 09:40:00,400.0,5.0862,5.0862,5.0862,5.0862
09-22-2016 09:42:00,10100.0,5.055,5.1,5.055,5.1
09-22-2016 09:43:00,2600.0,5.0815,5.12,5.0815,5.11
09-22-2016 09:45:00,850.0,5.1,5.1,5.0917,5.0917
09-22-2016 09:46:00,200.0,5.1008,5.1008,5.1008,5.1008
09-22-2016 09:47:00,1400.0,5.1199,5.12,5.09,5.12
09-22-2016 09:48:00,8700.0,5.1199,5.12,5.08,5.08
09-22-2016 09:49:00,7800.0,5.0987,5.13,5.08,5.115
09-22-2016 09:50:00,6700.0,5.13,5.13,5.05,5.05
09-22-2016 09:51:00,3400.0,5.06,5.1,5.06,5.09
09-22-2016 09:52:00,2400.0,5.0842,5.1,5.0842,5.1
09-22-2016 09:54:00,3400.0,5.065,5.11,5.06,5.11
09-22-2016 09:56:00,18013.0,5.1,5.2,5.1,5.2
09-22-2016 09:57:00,9800.0,5.15,5.2,5.15,5.1997
09-22-2016 09:58:00,4700.0,5.17,5.2,5.17,5.19
09-22-2016 09:59:00,1200.0,5.19,5.19,5.17,5.174
09-22-2016 10:00:00,1200.0,5.17,5.17,5.17,5.17
09-22-2016 10:01:00,9749.0,5.17,5.2,5.15,5.18
09-22-2016 10:02:00,1000.0,5.175,5.175,5.175,5.175
09-22-2016 10:03:00,4100.0,5.175,5.2,5.15,5.175
09-22-2016 10:04:00,4837.0,5.19,5.2,5.1794,5.18
09-22-2016 10:05:00,1300.0,5.2,5.2,5.1897,5.1897
09-22-2016 10:06:00,5290.0,5.1897,5.19,5.12,5.12
09-22-2016 10:07:00,500.0,5.1427,5.1427,5.1427,5.1427
09-22-2016 10:08:00,500.0,5.19,5.19,5.19,5.19
09-22-2016 10:09:00,1900.0,5.199,5.199,5.14,5.14
09-22-2016 10:10:00,100.0,5.19,5.19,5.19,5.19
09-22-2016 10:11:00,5200.0,5.1984,5.2,5.175,5.175
09-22-2016 10:12:00,48494.0,5.175,5.25,5.16,5.25
09-22-2016 10:13:00,12078.0,5.255,5.3163,5.22,5.3
09-22-2016 10:14:00,40800.0,5.2935,5.339,5.22,5.25
09-22-2016 10:15:00,18100.0,5.2742,5.2895,5.2,5.2
09-22-2016 10:16:00,22900.0,5.22,5.22,5.1,5.1
09-22-2016 10:17:00,16700.0,5.085,5.175,5.085,5.11
09-22-2016 10:18:00,4220.0,5.152,5.152,5.05,5.1176
09-22-2016 10:19:00,1225.0,5.1361,5.1676,5.1361,5.1676
09-22-2016 10:20:00,4650.0,5.1772,5.1772,5.12,5.12
09-22-2016 10:21:00,12132.0,5.15,5.18,5.12,5.14
09-22-2016 10:22:00,16700.0,5.13,5.15,5.12,5.14
09-22-2016 10:23:00,3100.0,5.15,5.15,5.145,5.145
09-22-2016 10:24:00,2200.0,5.145,5.15,5.14,5.14
09-22-2016 10:25:00,3400.0,5.14,5.17,5.13,5.17
09-22-2016 10:26:00,3600.0,5.19,5.23,5.16,5.18
09-22-2016 10:27:00,1500.0,5.19,5.19,5.1832,5.1832
09-22-2016 10:28:00,500.0,5.17,5.1705,5.17,5.1705
09-22-2016 10:31:00,200.0,5.18,5.18,5.18,5.18
09-22-2016 10:32:00,3000.0,5.18,5.18,5.17,5.175
09-22-2016 10:33:00,3500.0,5.17,5.1804,5.17,5.18
09-22-2016 10:34:00,700.0,5.1821,5.1821,5.18,5.18
09-22-2016 10:36:00,1100.0,5.18,5.1823,5.16,5.16
09-22-2016 10:37:00,7988.0,5.165,5.17,5.11,5.11
09-22-2016 10:38:00,600.0,5.14,5.14,5.1143,5.1143
09-22-2016 10:39:00,1100.0,5.11,5.14,5.11,5.14
09-22-2016 10:40:00,3278.0,5.1623,5.1623,5.12,5.12
09-22-2016 10:41:00,7200.0,5.1788,5.19,5.1696,5.19
09-22-2016 10:42:00,3300.0,5.19,5.19,5.1659,5.19
09-22-2016 10:43:00,1200.0,5.19,5.19,5.1601,5.1621
09-22-2016 10:44:00,17400.0,5.175,5.19,5.16,5.17
09-22-2016 10:45:00,12829.0,5.16,5.17,5.1001,5.1699
09-22-2016 10:46:00,2425.0,5.14,5.14,5.1,5.13
09-22-2016 10:47:00,6649.0,5.115,5.13,5.05,5.07
09-22-2016 10:48:00,5325.0,5.07,5.07,5.01,5.01
09-22-2016 10:49:00,230.0,5.0999,5.0999,5.06,5.06
09-22-2016 10:51:00,1100.0,5.09,5.09,5.065,5.065
09-22-2016 10:52:00,2200.0,5.07,5.07,5.05,5.07
09-22-2016 10:53:00,750.0,5.1,5.1,5.0384,5.0384
09-22-2016 10:55:00,100.0,5.1,5.1,5.1,5.1
09-22-2016 10:56:00,600.0,5.06,5.1,5.06,5.1
09-22-2016 11:00:00,8876.0,5.08,5.19,5.08,5.19
09-22-2016 11:01:00,1000.0,5.15,5.15,5.15,5.15
09-22-2016 11:03:00,1150.0,5.11,5.15,5.0766,5.15
09-22-2016 11:08:00,300.0,5.1185,5.1185,5.1185,5.1185
09-22-2016 11:12:00,2400.0,5.14,5.15,5.1393,5.14
09-22-2016 11:14:00,590.0,5.14,5.15,5.14,5.142
09-22-2016 11:16:00,10050.0,5.15,5.15,5.13,5.14
09-22-2016 11:17:00,600.0,5.14,5.14,5.14,5.14
09-22-2016 11:18:00,2300.0,5.14,5.14,5.14,5.14
09-22-2016 11:19:00,500.0,5.14,5.14,5.14,5.14
09-22-2016 11:20:00,200.0,5.15,5.15,5.15,5.15
09-22-2016 11:21:00,1300.0,5.14,5.148,5.14,5.14
09-22-2016 11:24:00,700.0,5.14,5.14,5.14,5.14
09-22-2016 11:25:00,2850.0,5.13,5.14,5.04,5.14
09-22-2016 11:27:00,450.0,5.1,5.1,5.1,5.1
09-22-2016 11:28:00,1000.0,5.06,5.06,5.06,5.06
09-22-2016 11:29:00,100.0,5.081,5.081,5.081,5.081
09-22-2016 11:30:00,400.0,5.1,5.1,5.1,5.1
09-22-2016 11:35:00,100.0,5.07,5.07,5.07,5.07
09-22-2016 11:37:00,1000.0,5.065,5.065,5.065,5.065
09-22-2016 11:41:00,300.0,5.05,5.05,5.04,5.04
09-22-2016 11:43:00,1100.0,5.06,5.11,5.06,5.11
09-22-2016 11:44:00,300.0,5.02,5.02,5.01,5.01
09-22-2016 11:51:00,1199.0,5.06,5.101,5.06,5.101
09-22-2016 11:59:00,1099.0,5.0101,5.09,5.0101,5.09
09-22-2016 12:01:00,5200.0,5.0756,5.09,5.0756,5.09
09-22-2016 12:04:00,200.0,5.09,5.09,5.09,5.09
09-22-2016 12:08:00,250.0,5.1,5.1,5.08,5.08
09-22-2016 12:11:00,1358.0,5.0999,5.0999,5.0352,5.0352
09-22-2016 12:12:00,500.0,5.0201,5.0201,5.0201,5.0201
09-22-2016 12:15:00,700.0,5.07,5.07,5.07,5.07
09-22-2016 12:21:00,2100.0,5.05,5.0825,5.05,5.0825
09-22-2016 12:25:00,11474.0,5.0407,5.11,5.0,5.0
09-22-2016 12:26:00,1252.0,5.0999,5.0999,5.01,5.01
09-22-2016 12:27:00,200.0,5.055,5.06,5.055,5.06
09-22-2016 12:29:00,1100.0,5.065,5.08,5.038,5.08
09-22-2016 12:31:00,2100.0,5.074,5.074,5.05,5.05
09-22-2016 12:41:00,2200.0,5.0908,5.11,5.0908,5.11
09-22-2016 12:43:00,1100.0,5.1,5.11,5.1,5.11
09-22-2016 12:44:00,10400.0,5.06,5.11,5.06,5.08
09-22-2016 12:53:00,1900.0,5.1099,5.1099,5.08,5.08
09-22-2016 12:58:00,100.0,5.09,5.09,5.09,5.09
09-22-2016 12:59:00,1000.0,5.06,5.06,5.06,5.06
09-22-2016 13:02:00,500.0,5.0899,5.0899,5.0899,5.0899
09-22-2016 13:09:00,1100.0,5.095,5.11,5.05,5.11
09-22-2016 13:10:00,900.0,5.09,5.1099,5.09,5.1099
09-22-2016 13:11:00,450.0,5.07,5.085,5.07,5.085
09-22-2016 13:16:00,300.0,5.07,5.07,5.07,5.07
09-22-2016 13:18:00,300.0,5.0999,5.0999,5.085,5.085
09-22-2016 13:21:00,100.0,5.085,5.085,5.085,5.085
09-22-2016 13:24:00,200.0,5.1,5.1,5.1,5.1
09-22-2016 13:29:00,13000.0,5.11,5.13,5.095,5.13
09-22-2016 13:30:00,9775.0,5.119,5.2,5.119,5.12
09-22-2016 13:35:00,4200.0,5.2,5.25,5.17,5.25
09-22-2016 13:36:00,3100.0,5.2499,5.2499,5.24,5.24
09-22-2016 13:38:00,2775.0,5.249,5.25,5.225,5.245
09-22-2016 13:39:00,3100.0,5.25,5.25,5.22,5.24
09-22-2016 13:40:00,100.0,5.3,5.3,5.3,5.3
09-22-2016 13:42:00,10850.0,5.3,5.36,5.3,5.3
09-22-2016 13:44:00,100.0,5.34,5.34,5.34,5.34
09-22-2016 13:45:00,1750.0,5.349,5.349,5.3,5.3
09-22-2016 13:46:00,800.0,5.295,5.295,5.295,5.295
09-22-2016 13:47:00,200.0,5.3,5.3,5.3,5.3
09-22-2016 13:48:00,1100.0,5.305,5.33,5.305,5.33
09-22-2016 13:50:00,200.0,5.3,5.3011,5.3,5.3011
09-22-2016 13:51:00,300.0,5.3,5.3,5.3,5.3
09-22-2016 13:55:00,2300.0,5.299,5.35,5.29,5.35
09-22-2016 13:57:00,4050.0,5.3277,5.35,5.3,5.35
09-22-2016 13:58:00,1000.0,5.3,5.349,5.3,5.349
09-22-2016 13:59:00,1500.0,5.3128,5.32,5.3,5.32
09-22-2016 14:00:00,13451.0,5.32,5.39,5.3,5.39
09-22-2016 14:01:00,2300.0,5.385,5.39,5.366,5.39
09-22-2016 14:02:00,8350.0,5.37,5.39,5.36,5.39
09-22-2016 14:03:00,19567.0,5.39,5.39,5.25,5.3
09-22-2016 14:05:00,1700.0,5.3261,5.3261,5.3,5.3
09-22-2016 14:08:00,2200.0,5.34,5.34,5.34,5.34
09-22-2016 14:09:00,2100.0,5.35,5.35,5.34,5.34
09-22-2016 14:10:00,3733.0,5.34,5.35,5.3,5.35
09-22-2016 14:11:00,2300.0,5.34,5.34,5.32,5.32
09-22-2016 14:12:00,10300.0,5.337,5.36,5.325,5.33
09-22-2016 14:13:00,190.0,5.35,5.35,5.35,5.35
09-22-2016 14:14:00,19354.0,5.355,5.4889,5.34,5.4858
09-22-2016 14:15:00,7600.0,5.455,5.455,5.33,5.432
09-22-2016 14:16:00,6670.0,5.4275,5.4792,5.425,5.44
09-22-2016 14:17:00,45780.0,5.435,5.44,5.14,5.265
09-22-2016 14:18:00,7000.0,5.34,5.3899,5.28,5.38
09-22-2016 14:19:00,1600.0,5.35,5.38,5.3499,5.3499
09-22-2016 14:20:00,5600.0,5.35,5.4,5.3465,5.4
09-22-2016 14:21:00,2000.0,5.3999,5.3999,5.375,5.3999
09-22-2016 14:22:00,8300.0,5.4,5.43,5.37,5.41
09-22-2016 14:23:00,5317.0,5.42,5.43,5.42,5.43
09-22-2016 14:24:00,4600.0,5.4358,5.45,5.435,5.45
09-22-2016 14:25:00,5029.0,5.43,5.45,5.42,5.435
09-22-2016 14:26:00,2800.0,5.421,5.423,5.41,5.414
09-22-2016 14:27:00,1000.0,5.41,5.41,5.41,5.41
09-22-2016 14:29:00,3276.0,5.435,5.45,5.435,5.45
09-22-2016 14:30:00,876.0,5.44,5.446,5.44,5.446
09-22-2016 14:31:00,5016.0,5.411,5.45,5.41,5.45
09-22-2016 14:32:00,7100.0,5.4497,5.45,5.42,5.4314
09-22-2016 14:33:00,2100.0,5.42,5.45,5.42,5.45
09-22-2016 14:34:00,4152.0,5.45,5.49,5.42,5.49
09-22-2016 14:35:00,2100.0,5.48,5.5,5.47,5.47
09-22-2016 14:36:00,783.0,5.4999,5.5,5.49,5.5
09-22-2016 14:37:00,2832.0,5.495,5.5,5.4871,5.4871
09-22-2016 14:38:00,15742.0,5.4784,5.5,5.4784,5.48
09-22-2016 14:39:00,12860.0,5.5,5.5,5.48,5.49
09-22-2016 14:40:00,2726.0,5.485,5.5,5.485,5.5
09-22-2016 14:41:00,5000.0,5.5,5.59,5.5,5.55
09-22-2016 14:42:00,5830.0,5.555,5.555,5.5,5.5
09-22-2016 14:43:00,998.0,5.48,5.48,5.48,5.48
09-22-2016 14:44:00,29100.0,5.5,5.5,5.46,5.48
09-22-2016 14:45:00,1550.0,5.49,5.492,5.48,5.4872
09-22-2016 14:46:00,29400.0,5.5,5.5,5.48,5.4999
09-22-2016 14:47:00,3730.0,5.48,5.4986,5.46,5.4986
09-22-2016 14:48:00,4170.0,5.48,5.4999,5.475,5.475
09-22-2016 14:49:00,3400.0,5.49,5.5,5.47,5.49
09-22-2016 14:50:00,2800.0,5.4814,5.49,5.4701,5.49
09-22-2016 14:51:00,9808.0,5.49,5.4999,5.45,5.49
09-22-2016 14:52:00,1500.0,5.49,5.5,5.49,5.495
09-22-2016 14:53:00,1300.0,5.49,5.4992,5.49,5.49
09-22-2016 14:54:00,140.0,5.4937,5.4937,5.4937,5.4937
09-22-2016 14:55:00,920.0,5.49,5.5113,5.49,5.5113
09-22-2016 14:56:00,1682.0,5.5,5.51,5.48,5.51
09-22-2016 14:57:00,22914.0,5.481,5.51,5.474,5.5092
09-22-2016 14:58:00,4209.0,5.47,5.48,5.46,5.465
09-22-2016 14:59:00,3900.0,5.465,5.465,5.4647,5.465
09-22-2016 15:00:00,8833.0,5.475,5.5,5.45,5.5
09-22-2016 15:01:00,99.0,5.49,5.49,5.49,5.49
09-22-2016 15:39:00,201.0,5.48,5.48,5.48,5.48
09-22-2016 16:48:00,200.0,5.48,5.69,5.48,5.69
09-22-2016 18:05:00,1000.0,5.68,5.68,5.68,5.68
09-23-2016 07:01:00,1000.0,5.66,5.66,5.66,5.66
09-23-2016 07:02:00,2640.0,5.66,5.94,5.66,5.94
09-23-2016 07:08:00,1000.0,5.9,5.9,5.9,5.9
09-23-2016 07:18:00,2000.0,5.86,5.9,5.86,5.9
09-23-2016 07:19:00,1000.0,5.89,5.9,5.89,5.9
09-23-2016 07:20:00,1000.0,5.9,5.9,5.9,5.9
09-23-2016 07:23:00,50.0,5.89,5.89,5.89,5.89
09-23-2016 07:24:00,300.0,5.89,5.89,5.88,5.88
09-23-2016 07:27:00,1000.0,5.89,5.9,5.89,5.9
09-23-2016 07:28:00,1400.0,5.9,5.9,5.9,5.9
09-23-2016 07:29:00,1550.0,5.9,6.1,5.9,6.1
09-23-2016 07:31:00,400.0,6.05,6.05,6.05,6.05
09-23-2016 07:34:00,50.0,6.0,6.0,6.0,6.0
09-23-2016 08:15:00,2000.0,5.97,6.0,5.97,6.0
09-23-2016 08:26:00,50.0,5.98,5.98,5.98,5.98
09-23-2016 08:27:00,1000.0,5.85,5.85,5.85,5.85
09-23-2016 08:30:00,22765.0,5.77,5.77,5.51,5.55
09-23-2016 08:31:00,8666.0,5.57,5.77,5.55,5.6574
09-23-2016 08:32:00,7283.0,5.674,5.77,5.65,5.73
09-23-2016 08:33:00,4302.0,5.72,5.77,5.6333,5.77
09-23-2016 08:34:00,6322.0,5.608,5.77,5.56,5.6
09-23-2016 08:35:00,14800.0,5.77,5.77,5.65,5.6508
09-23-2016 08:36:00,48038.0,5.7,5.75,5.6,5.74
09-23-2016 08:37:00,56912.0,5.73,5.73,5.41,5.5299
09-23-2016 08:38:00,51351.0,5.51,5.55,5.1525,5.3272
09-23-2016 08:39:00,4612.0,5.26,5.327,5.22,5.2501
09-23-2016 08:40:00,4572.0,5.26,5.4,5.26,5.4
09-23-2016 08:41:00,1350.0,5.46,5.46,5.39,5.39
09-23-2016 08:42:00,2300.0,5.495,5.4989,5.39,5.39
09-23-2016 08:44:00,900.0,5.4,5.4,5.3802,5.3802
09-23-2016 08:45:00,4350.0,5.4,5.5,5.4,5.5
09-23-2016 08:46:00,7342.0,5.49,5.5,5.45,5.45
09-23-2016 08:47:00,1950.0,5.4899,5.5,5.4383,5.5
09-23-2016 08:48:00,4000.0,5.5,5.5,5.4475,5.5
09-23-2016 08:49:00,600.0,5.5,5.5,5.4369,5.4899
09-23-2016 08:50:00,7104.0,5.444,5.5,5.444,5.5
09-23-2016 08:51:00,800.0,5.5,5.5,5.4685,5.5
09-23-2016 08:52:00,3687.0,5.4388,5.5,5.4388,5.5
09-23-2016 08:53:00,4302.0,5.4771,5.5,5.4595,5.5
09-23-2016 08:54:00,1865.0,5.5,5.5,5.4498,5.4498
09-23-2016 08:55:00,11384.0,5.5,5.5,5.4822,5.5
09-23-2016 08:56:00,3630.0,5.49,5.58,5.49,5.5799
09-23-2016 08:57:00,1075.0,5.5207,5.5799,5.5207,5.552
09-23-2016 08:58:00,3000.0,5.52,5.52,5.52,5.52
09-23-2016 08:59:00,5800.0,5.508,5.52,5.505,5.505
09-23-2016 09:00:00,4050.0,5.505,5.52,5.5,5.52
09-23-2016 09:01:00,2700.0,5.52,5.63,5.52,5.62
09-23-2016 09:02:00,4300.0,5.6199,5.62,5.57,5.585
09-23-2016 09:03:00,1200.0,5.578,5.58,5.578,5.58
09-23-2016 09:04:00,1740.0,5.6,5.6199,5.57,5.5816
09-23-2016 09:05:00,1900.0,5.5958,5.5999,5.59,5.59
09-23-2016 09:06:00,3130.0,5.5895,5.59,5.541,5.541
09-23-2016 09:07:00,5581.0,5.54,5.59,5.54,5.56
09-23-2016 09:08:00,300.0,5.54,5.54,5.54,5.54
09-23-2016 09:09:00,2300.0,5.53,5.56,5.53,5.56
09-23-2016 09:10:00,6150.0,5.56,5.57,5.555,5.5698
09-23-2016 09:11:00,6900.0,5.555,5.56,5.55,5.56
09-23-2016 09:12:00,6161.0,5.56,5.56,5.555,5.56
09-23-2016 09:13:00,16600.0,5.56,5.67,5.56,5.6
09-23-2016 09:14:00,1300.0,5.6891,5.6899,5.654,5.654
09-23-2016 09:15:00,12000.0,5.6,5.7,5.55,5.565
09-23-2016 09:16:00,750.0,5.615,5.615,5.569,5.569
09-23-2016 09:18:00,3155.0,5.5508,5.5896,5.5508,5.5896
09-23-2016 09:19:00,200.0,5.5872,5.5872,5.57,5.57
09-23-2016 09:20:00,1700.0,5.57,5.5756,5.5528,5.5528
09-23-2016 09:22:00,500.0,5.55,5.55,5.55,5.55
09-23-2016 09:23:00,1342.0,5.51,5.51,5.51,5.51
09-23-2016 09:24:00,600.0,5.51,5.5102,5.51,5.5102
09-23-2016 09:27:00,100.0,5.49,5.49,5.49,5.49
09-23-2016 09:28:00,1100.0,5.474,5.4866,5.474,5.4866
09-23-2016 09:29:00,2350.0,5.49,5.5,5.49,5.5
09-23-2016 09:30:00,5128.0,5.5,5.55,5.5,5.55
09-23-2016 09:31:00,2000.0,5.55,5.55,5.5465,5.5465
09-23-2016 09:32:00,29660.0,5.5377,5.56,5.5377,5.56
09-23-2016 09:33:00,7400.0,5.59,5.595,5.57,5.595
09-23-2016 09:34:00,5900.0,5.595,5.6499,5.5813,5.595
09-23-2016 09:35:00,300.0,5.605,5.605,5.605,5.605
09-23-2016 09:36:00,2400.0,5.59,5.6,5.58,5.58
09-23-2016 09:37:00,3900.0,5.585,5.5907,5.585,5.585
09-23-2016 09:38:00,1329.0,5.6,5.65,5.4774,5.4774
09-23-2016 09:40:00,500.0,5.648,5.648,5.648,5.648
09-23-2016 09:43:00,3200.0,5.619,5.619,5.57,5.57
09-23-2016 09:44:00,120.0,5.5622,5.5622,5.5622,5.5622
09-23-2016 09:45:00,6100.0,5.61,5.62,5.59,5.62
09-23-2016 09:46:00,300.0,5.5233,5.5233,5.5233,5.5233
09-23-2016 09:47:00,300.0,5.61,5.61,5.61,5.61
09-23-2016 09:48:00,1500.0,5.4744,5.4744,5.4744,5.4744
09-23-2016 09:51:00,500.0,5.6099,5.6099,5.6099,5.6099
09-23-2016 09:55:00,1500.0,5.5548,5.6099,5.5548,5.6099
09-23-2016 09:56:00,1400.0,5.56,5.56,5.51,5.51
09-23-2016 09:57:00,3400.0,5.5,5.59,5.5,5.59
09-23-2016 09:58:00,100.0,5.6,5.6,5.6,5.6
09-23-2016 09:59:00,250.0,5.593,5.593,5.593,5.593
09-23-2016 10:02:00,487.0,5.5665,5.5665,5.5665,5.5665
09-23-2016 10:05:00,100.0,5.56,5.56,5.56,5.56
09-23-2016 10:06:00,999.0,5.55,5.57,5.55,5.57
09-23-2016 10:07:00,1300.0,5.545,5.55,5.545,5.55
09-23-2016 10:08:00,3700.0,5.55,5.57,5.55,5.57
09-23-2016 10:09:00,7800.0,5.55,5.57,5.545,5.55
09-23-2016 10:10:00,1100.0,5.54,5.545,5.54,5.545
09-23-2016 10:12:00,400.0,5.545,5.56,5.545,5.56
09-23-2016 10:13:00,200.0,5.546,5.546,5.546,5.546
09-23-2016 10:14:00,1100.0,5.54,5.54,5.54,5.54
09-23-2016 10:15:00,500.0,5.521,5.521,5.521,5.521
09-23-2016 10:17:00,6500.0,5.55,5.56,5.52,5.56
09-23-2016 10:18:00,250.0,5.556,5.556,5.556,5.556
09-23-2016 10:20:00,13700.0,5.5328,5.62,5.52,5.575
09-23-2016 10:21:00,500.0,5.575,5.619,5.575,5.575
09-23-2016 10:22:00,2200.0,5.6199,5.62,5.58,5.62
09-23-2016 10:23:00,2000.0,5.61,5.65,5.564,5.64
09-23-2016 10:24:00,1800.0,5.65,5.65,5.6,5.65
09-23-2016 10:25:00,4947.0,5.65,5.68,5.55,5.65
09-23-2016 10:26:00,950.0,5.65,5.65,5.6488,5.6488
09-23-2016 10:27:00,2200.0,5.61,5.65,5.55,5.65
09-23-2016 10:28:00,1200.0,5.6,5.65,5.6,5.65
09-23-2016 10:29:00,100.0,5.65,5.65,5.65,5.65
09-23-2016 10:31:00,1400.0,5.605,5.65,5.605,5.605
09-23-2016 10:32:00,3600.0,5.65,5.65,5.53,5.53
09-23-2016 10:33:00,1800.0,5.65,5.65,5.6,5.6
09-23-2016 10:34:00,300.0,5.65,5.65,5.65,5.65
09-23-2016 10:36:00,300.0,5.6317,5.6317,5.6317,5.6317
09-23-2016 10:37:00,3700.0,5.649,5.65,5.6,5.65
09-23-2016 10:38:00,800.0,5.61,5.61,5.6,5.6
09-23-2016 10:39:00,1500.0,5.61,5.6394,5.61,5.6394
09-23-2016 10:40:00,800.0,5.595,5.64,5.595,5.5954
09-23-2016 10:43:00,600.0,5.58,5.58,5.58,5.58
09-23-2016 10:44:00,1500.0,5.592,5.6,5.58,5.58
09-23-2016 10:47:00,1000.0,5.5748,5.5748,5.5748,5.5748
09-23-2016 10:48:00,198.0,5.5601,5.5601,5.5601,5.5601
09-23-2016 10:49:00,900.0,5.57,5.6,5.57,5.6
09-23-2016 10:50:00,1000.0,5.58,5.58,5.58,5.58
09-23-2016 10:51:00,200.0,5.56,5.58,5.56,5.58
09-23-2016 10:55:00,100.0,5.6,5.6,5.6,5.6
09-23-2016 10:57:00,1400.0,5.6,5.64,5.6,5.6
09-23-2016 10:58:00,2600.0,5.64,5.64,5.58,5.6
09-23-2016 10:59:00,13341.0,5.56,5.64,5.55,5.55
09-23-2016 11:00:00,1300.0,5.5656,5.635,5.5656,5.63
09-23-2016 11:01:00,300.0,5.58,5.58,5.58,5.58
09-23-2016 11:02:00,100.0,5.6,5.6,5.6,5.6
09-23-2016 11:09:00,300.0,5.58,5.625,5.58,5.625
09-23-2016 11:14:00,3100.0,5.6043,5.6399,5.56,5.63
09-23-2016 11:15:00,1300.0,5.56,5.63,5.56,5.63
09-23-2016 11:16:00,2700.0,5.595,5.63,5.56,5.6
09-23-2016 11:19:00,200.0,5.58,5.58,5.58,5.58
09-23-2016 11:22:00,100.0,5.6,5.6,5.6,5.6
09-23-2016 11:24:00,400.0,5.58,5.6,5.58,5.59
09-23-2016 11:25:00,500.0,5.59,5.6,5.59,5.595
09-23-2016 11:26:00,800.0,5.59,5.6,5.59,5.59
09-23-2016 11:27:00,7850.0,5.56,5.6,5.5,5.5056
09-23-2016 11:30:00,4000.0,5.5575,5.5575,5.5001,5.5001
09-23-2016 11:32:00,200.0,5.54,5.54,5.53,5.53
09-23-2016 11:33:00,250.0,5.5499,5.5499,5.5499,5.5499
09-23-2016 11:35:00,1500.0,5.501,5.51,5.5,5.5
09-23-2016 11:37:00,265.0,5.5313,5.5313,5.5313,5.5313
09-23-2016 11:38:00,500.0,5.5367,5.5367,5.5367,5.5367
09-23-2016 11:49:00,400.0,5.51,5.52,5.5,5.52
09-23-2016 11:50:00,23500.0,5.51,5.51,5.4343,5.45
09-23-2016 11:51:00,500.0,5.499,5.499,5.499,5.499
09-23-2016 11:52:00,1906.0,5.47,5.5,5.36,5.36
09-23-2016 11:54:00,200.0,5.42,5.42,5.42,5.42
09-23-2016 11:57:00,500.0,5.4699,5.4699,5.4699,5.4699
09-23-2016 11:59:00,2100.0,5.469,5.469,5.46,5.46
09-23-2016 12:01:00,100.0,5.475,5.475,5.475,5.475
09-23-2016 12:03:00,200.0,5.47,5.48,5.47,5.48
09-23-2016 12:25:00,550.0,5.4267,5.45,5.4267,5.45
09-23-2016 12:30:00,100.0,5.45,5.45,5.45,5.45
09-23-2016 12:37:00,100.0,5.41,5.41,5.41,5.41
09-23-2016 12:49:00,200.0,5.41,5.41,5.41,5.41
09-23-2016 12:51:00,10000.0,5.45,5.52,5.45,5.5199
09-23-2016 12:52:00,1000.0,5.45,5.45,5.45,5.45
09-23-2016 12:53:00,200.0,5.4899,5.4899,5.4899,5.4899
09-23-2016 12:54:00,300.0,5.49,5.52,5.49,5.52
09-23-2016 12:55:00,400.0,5.4899,5.49,5.4899,5.49
09-23-2016 12:56:00,600.0,5.49,5.49,5.4899,5.4899
09-23-2016 12:58:00,100.0,5.49,5.49,5.49,5.49
09-23-2016 13:05:00,2419.0,5.5099,5.51,5.5099,5.51
09-23-2016 13:12:00,1600.0,5.5,5.52,5.5,5.52
09-23-2016 13:13:00,200.0,5.51,5.51,5.51,5.51
09-23-2016 13:14:00,2100.0,5.5046,5.52,5.5046,5.52
09-23-2016 13:25:00,500.0,5.48,5.48,5.48,5.48
09-23-2016 13:27:00,1500.0,5.4585,5.4585,5.4585,5.4585
09-23-2016 13:28:00,3650.0,5.43,5.468,5.42,5.4604
09-23-2016 13:41:00,100.0,5.51,5.51,5.51,5.51
09-23-2016 13:47:00,1100.0,5.4526,5.4526,5.43,5.43
09-23-2016 13:55:00,1000.0,5.4426,5.4426,5.4426,5.4426
09-23-2016 13:56:00,1700.0,5.49,5.49,5.42,5.42
09-23-2016 13:59:00,500.0,5.418,5.418,5.418,5.418
09-23-2016 14:00:00,300.0,5.45,5.45,5.45,5.45
09-23-2016 14:06:00,1900.0,5.4474,5.45,5.41,5.41
09-23-2016 14:09:00,200.0,5.4163,5.48,5.4163,5.48
09-23-2016 14:11:00,300.0,5.468,5.468,5.468,5.468
09-23-2016 14:16:00,11900.0,5.461,5.4823,5.41,5.4823
09-23-2016 14:20:00,1100.0,5.4101,5.4499,5.4101,5.4499
09-23-2016 14:25:00,1700.0,5.411,5.4472,5.41,5.4128
09-23-2016 14:26:00,200.0,5.41,5.41,5.41,5.41
09-23-2016 14:30:00,742.0,5.41,5.44,5.4,5.4234
09-23-2016 14:31:00,1800.0,5.4035,5.4484,5.4001,5.43
09-23-2016 14:32:00,1000.0,5.4499,5.4499,5.4499,5.4499
09-23-2016 14:33:00,4200.0,5.4104,5.45,5.41,5.45
09-23-2016 14:34:00,400.0,5.45,5.485,5.4111,5.485
09-23-2016 14:35:00,100.0,5.49,5.49,5.49,5.49
09-23-2016 14:44:00,1200.0,5.45,5.45,5.4201,5.4201
09-23-2016 14:45:00,1200.0,5.4501,5.4501,5.42,5.4501
09-23-2016 14:46:00,100.0,5.444,5.444,5.444,5.444
09-23-2016 14:50:00,1330.0,5.42,5.42,5.4,5.4
09-23-2016 14:51:00,3940.0,5.4,5.42,5.4,5.41
09-23-2016 14:52:00,754.0,5.422,5.422,5.4,5.4
09-23-2016 14:53:00,1481.0,5.4,5.4001,5.4,5.4
09-23-2016 14:54:00,12049.0,5.4,5.4198,5.36,5.36
09-23-2016 14:55:00,1054.0,5.3905,5.3905,5.36,5.36
09-23-2016 14:56:00,1800.0,5.34,5.365,5.331,5.34
09-23-2016 14:57:00,426.0,5.33,5.35,5.325,5.35
09-23-2016 14:58:00,877.0,5.35,5.38,5.35,5.38
09-23-2016 14:59:00,666.0,5.33,5.33,5.33,5.33
09-23-2016 15:00:00,10180.0,5.33,5.33,5.22,5.22
09-23-2016 15:01:00,1134.0,5.26,5.42,5.2,5.42
09-23-2016 17:11:00,100.0,5.39,5.39,5.39,5.39
09-23-2016 17:42:00,834.0,5.45,5.45,5.45,5.45
09-26-2016 07:01:00,600.0,5.4,5.5,5.4,5.5
09-26-2016 07:02:00,400.0,5.5,5.5,5.5,5.5
09-26-2016 07:32:00,210.0,5.31,5.31,5.3,5.3
09-26-2016 08:30:00,4138.0,5.29,5.29,5.29,5.29
09-26-2016 08:31:00,2302.0,5.25,5.25,5.15,5.15
09-26-2016 08:32:00,7875.0,5.1963,5.21,5.09,5.1492
09-26-2016 08:33:00,500.0,5.0682,5.0682,5.05,5.05
09-26-2016 08:34:00,2600.0,5.15,5.19,5.05,5.0501
09-26-2016 08:35:00,4000.0,5.155,5.1725,5.13,5.1725
09-26-2016 08:36:00,3090.0,5.17,5.215,5.1533,5.215
09-26-2016 08:43:00,7474.0,5.08,5.1168,5.06,5.08
09-26-2016 08:46:00,100.0,5.1,5.1,5.1,5.1
09-26-2016 08:47:00,1199.0,5.06,5.0863,5.06,5.0863
09-26-2016 08:48:00,4400.0,5.06,5.0995,5.05,5.0995
09-26-2016 08:49:00,2200.0,5.0999,5.0999,5.0792,5.0792
09-26-2016 08:51:00,300.0,5.0584,5.0584,5.05,5.05
09-26-2016 08:52:00,2098.0,5.05,5.0699,5.05,5.0699
09-26-2016 08:53:00,2025.0,5.067,5.1,5.067,5.1
09-26-2016 08:55:00,2500.0,5.0999,5.0999,5.0999,5.0999
09-26-2016 08:56:00,500.0,5.1,5.1,5.1,5.1
09-26-2016 08:57:00,2060.0,5.1,5.1526,5.1,5.1526
09-26-2016 09:00:00,2838.0,5.17,5.2174,5.17,5.2174
09-26-2016 09:01:00,5000.0,5.2193,5.2265,5.2193,5.2265
09-26-2016 09:02:00,650.0,5.239,5.239,5.168,5.168
09-26-2016 09:04:00,400.0,5.18,5.18,5.17,5.17
09-26-2016 09:06:00,2857.0,5.2276,5.2276,5.2276,5.2276
09-26-2016 09:08:00,2000.0,5.2155,5.2155,5.2155,5.2155
09-26-2016 09:11:00,380.0,5.214,5.214,5.214,5.214
09-26-2016 09:16:00,1100.0,5.18,5.2083,5.18,5.2083
09-26-2016 09:18:00,5700.0,5.25,5.2892,5.2101,5.2892
09-26-2016 09:19:00,1800.0,5.274,5.274,5.2548,5.2548
09-26-2016 09:21:00,300.0,5.29,5.29,5.29,5.29
09-26-2016 09:22:00,2360.0,5.3,5.3067,5.27,5.305
09-26-2016 09:23:00,100.0,5.27,5.27,5.27,5.27
09-26-2016 09:24:00,3000.0,5.28,5.28,5.28,5.28
09-26-2016 09:25:00,100.0,5.27,5.27,5.27,5.27
09-26-2016 09:28:00,2850.0,5.31,5.31,5.2772,5.2772
09-26-2016 09:29:00,500.0,5.28,5.28,5.28,5.28
09-26-2016 09:30:00,300.0,5.3181,5.3181,5.3181,5.3181
09-26-2016 09:32:00,100.0,5.28,5.28,5.28,5.28
09-26-2016 09:33:00,100.0,5.3,5.3,5.3,5.3
09-26-2016 09:34:00,500.0,5.3201,5.3201,5.3201,5.3201
09-26-2016 09:37:00,350.0,5.2901,5.2901,5.2901,5.2901
09-26-2016 09:39:00,1288.0,5.315,5.315,5.28,5.28
09-26-2016 09:41:00,136.0,5.28,5.28,5.28,5.28
09-26-2016 09:42:00,100.0,5.28,5.28,5.28,5.28
09-26-2016 09:45:00,2100.0,5.284,5.37,5.284,5.37
09-26-2016 09:47:00,100.0,5.37,5.37,5.37,5.37
09-26-2016 09:52:00,1000.0,5.31,5.31,5.3,5.3
09-26-2016 09:53:00,700.0,5.3,5.3,5.29,5.29
09-26-2016 10:09:00,1300.0,5.38,5.38,5.332,5.332
09-26-2016 10:10:00,450.0,5.3799,5.3799,5.33,5.33
09-26-2016 10:11:00,100.0,5.325,5.325,5.325,5.325
09-26-2016 10:16:00,2100.0,5.37,5.37,5.3,5.3
09-26-2016 10:17:00,100.0,5.32,5.32,5.32,5.32
09-26-2016 10:21:00,1090.0,5.3396,5.3396,5.3396,5.3396
09-26-2016 10:22:00,2095.0,5.38,5.4,5.3751,5.4
09-26-2016 10:23:00,500.0,5.39,5.39,5.37,5.37
09-26-2016 10:24:00,300.0,5.315,5.315,5.315,5.315
09-26-2016 10:25:00,1000.0,5.3892,5.3892,5.3892,5.3892
09-26-2016 10:36:00,1000.0,5.379,5.379,5.379,5.379
09-26-2016 10:38:00,6700.0,5.3452,5.3799,5.3452,5.3799
09-26-2016 10:40:00,100.0,5.37,5.37,5.37,5.37
09-26-2016 10:55:00,761.0,5.33,5.3696,5.33,5.3696
09-26-2016 10:56:00,700.0,5.33,5.37,5.32,5.32
09-26-2016 10:57:00,899.0,5.31,5.32,5.31,5.315
09-26-2016 10:59:00,500.0,5.35,5.35,5.35,5.35
09-26-2016 11:09:00,100.0,5.33,5.33,5.33,5.33
09-26-2016 11:13:00,100.0,5.32,5.32,5.32,5.32
09-26-2016 11:27:00,400.0,5.32,5.32,5.32,5.32
09-26-2016 11:30:00,1000.0,5.32,5.32,5.32,5.32
09-26-2016 11:35:00,200.0,5.326,5.326,5.326,5.326
09-26-2016 11:53:00,1023.0,5.32,5.32,5.32,5.32
09-26-2016 11:57:00,2000.0,5.32,5.33,5.32,5.328
09-26-2016 12:01:00,1000.0,5.33,5.33,5.33,5.33
09-26-2016 12:05:00,700.0,5.3101,5.35,5.3101,5.35
09-26-2016 12:14:00,250.0,5.355,5.355,5.355,5.355
09-26-2016 12:15:00,400.0,5.35,5.35,5.33,5.33
09-26-2016 12:16:00,1000.0,5.33,5.33,5.315,5.315
09-26-2016 12:17:00,300.0,5.359,5.359,5.359,5.359
09-26-2016 12:18:00,200.0,5.36,5.36,5.36,5.36
09-26-2016 12:21:00,1000.0,5.3,5.31,5.3,5.31
09-26-2016 12:22:00,1600.0,5.328,5.35,5.328,5.35
09-26-2016 12:27:00,300.0,5.3375,5.3375,5.3375,5.3375
09-26-2016 12:32:00,1000.0,5.33,5.33,5.33,5.33
09-26-2016 12:33:00,5532.0,5.335,5.36,5.32,5.32
09-26-2016 12:35:00,100.0,5.36,5.36,5.36,5.36
09-26-2016 12:48:00,100.0,5.335,5.335,5.335,5.335
09-26-2016 12:49:00,100.0,5.31,5.31,5.31,5.31
09-26-2016 12:51:00,200.0,5.33,5.33,5.33,5.33
09-26-2016 12:52:00,1090.0,5.31,5.31,5.31,5.31
09-26-2016 12:58:00,100.0,5.335,5.335,5.335,5.335
09-26-2016 13:00:00,200.0,5.335,5.335,5.335,5.335
09-26-2016 13:04:00,100.0,5.335,5.335,5.335,5.335
09-26-2016 13:05:00,100.0,5.335,5.335,5.335,5.335
09-26-2016 13:07:00,200.0,5.34,5.34,5.34,5.34
09-26-2016 13:12:00,100.0,5.34,5.34,5.34,5.34
09-26-2016 13:14:00,200.0,5.34,5.34,5.34,5.34
09-26-2016 13:16:00,100.0,5.33,5.33,5.33,5.33
09-26-2016 13:17:00,100.0,5.34,5.34,5.34,5.34
09-26-2016 13:18:00,210.0,5.32,5.32,5.32,5.32
09-26-2016 13:19:00,600.0,5.34,5.3458,5.34,5.3458
09-26-2016 13:21:00,425.0,5.3511,5.3511,5.34,5.34
09-26-2016 13:22:00,300.0,5.32,5.32,5.32,5.32
09-26-2016 13:24:00,100.0,5.34,5.34,5.34,5.34
09-26-2016 13:27:00,2500.0,5.34,5.34,5.31,5.325
09-26-2016 13:28:00,300.0,5.32,5.32,5.32,5.32
09-26-2016 13:30:00,100.0,5.325,5.325,5.325,5.325
09-26-2016 13:32:00,200.0,5.325,5.325,5.325,5.325
09-26-2016 13:35:00,1000.0,5.3399,5.3399,5.3399,5.3399
09-26-2016 13:37:00,100.0,5.325,5.325,5.325,5.325
09-26-2016 13:39:00,200.0,5.325,5.325,5.325,5.325
09-26-2016 13:44:00,100.0,5.325,5.325,5.325,5.325
09-26-2016 13:45:00,900.0,5.325,5.34,5.32,5.32
09-26-2016 13:46:00,1400.0,5.325,5.3297,5.325,5.3297
09-26-2016 13:48:00,560.0,5.3286,5.3286,5.3286,5.3286
09-26-2016 13:49:00,1970.0,5.3292,5.34,5.3292,5.34
09-26-2016 13:50:00,200.0,5.325,5.325,5.32,5.32
09-26-2016 13:52:00,200.0,5.325,5.325,5.325,5.325
09-26-2016 13:56:00,31170.0,5.32,5.34,5.29,5.29
09-26-2016 13:58:00,100.0,5.305,5.305,5.305,5.305
09-26-2016 14:01:00,100.0,5.31,5.31,5.31,5.31
09-26-2016 14:03:00,200.0,5.31,5.31,5.31,5.31
09-26-2016 14:07:00,4500.0,5.31,5.3272,5.29,5.2908
09-26-2016 14:08:00,200.0,5.2911,5.33,5.2911,5.33
09-26-2016 14:09:00,600.0,5.315,5.315,5.3,5.31
09-26-2016 14:10:00,100.0,5.31,5.31,5.31,5.31
09-26-2016 14:12:00,2200.0,5.3001,5.3279,5.3,5.3279
09-26-2016 14:13:00,100.0,5.315,5.315,5.315,5.315
09-26-2016 14:15:00,200.0,5.315,5.315,5.315,5.315
09-26-2016 14:16:00,25707.0,5.3,5.3154,5.29,5.3154
09-26-2016 14:18:00,100.0,5.31,5.31,5.31,5.31
09-26-2016 14:19:00,200.0,5.31,5.31,5.31,5.31
09-26-2016 14:20:00,200.0,5.295,5.31,5.295,5.31
09-26-2016 14:22:00,100.0,5.31,5.31,5.31,5.31
09-26-2016 14:24:00,1300.0,5.315,5.315,5.3,5.3
09-26-2016 14:28:00,100.0,5.325,5.325,5.325,5.325
09-26-2016 14:30:00,200.0,5.325,5.325,5.325,5.325
09-26-2016 14:31:00,200.0,5.32,5.32,5.32,5.32
09-26-2016 14:32:00,200.0,5.31,5.31,5.3,5.3
09-26-2016 14:34:00,100.0,5.32,5.32,5.32,5.32
09-26-2016 14:35:00,800.0,5.32,5.325,5.31,5.325
09-26-2016 14:37:00,100.0,5.325,5.325,5.325,5.325
09-26-2016 14:38:00,200.0,5.325,5.325,5.325,5.325
09-26-2016 14:40:00,100.0,5.325,5.325,5.325,5.325
09-26-2016 14:41:00,100.0,5.325,5.325,5.325,5.325
09-26-2016 14:43:00,100.0,5.325,5.325,5.325,5.325
09-26-2016 14:44:00,100.0,5.315,5.315,5.315,5.315
09-26-2016 14:45:00,3100.0,5.315,5.3166,5.315,5.3166
09-26-2016 14:46:00,1700.0,5.33,5.33,5.3,5.3
09-26-2016 14:47:00,300.0,5.335,5.335,5.32,5.32
09-26-2016 14:51:00,1454.0,5.3402,5.36,5.3402,5.35
09-26-2016 14:52:00,711.0,5.35,5.36,5.35,5.36
09-26-2016 14:54:00,1235.0,5.33,5.34,5.33,5.34
09-26-2016 14:55:00,7205.0,5.33,5.3599,5.32,5.34
09-26-2016 14:56:00,1495.0,5.35,5.36,5.3389,5.3389
09-26-2016 14:58:00,200.0,5.35,5.35,5.35,5.35
09-26-2016 14:59:00,6713.0,5.35,5.35,5.29,5.29
09-26-2016 15:00:00,3195.0,5.35,5.35,5.3,5.3
09-26-2016 15:01:00,3813.0,5.3,5.4,5.3,5.4
09-26-2016 15:02:00,3010.0,5.4,5.4,5.4,5.4
09-27-2016 08:30:00,1811.0,5.36,5.36,5.36,5.36
09-27-2016 08:35:00,1338.0,5.3214,5.334,5.3214,5.334
09-27-2016 08:45:00,2000.0,5.3499,5.3499,5.3499,5.3499
09-27-2016 08:59:00,100.0,5.3076,5.3076,5.3076,5.3076
09-27-2016 09:11:00,375.0,5.3038,5.3038,5.3038,5.3038
09-27-2016 09:12:00,200.0,5.3,5.3,5.3,5.3
09-27-2016 09:14:00,250.0,5.2601,5.2601,5.2601,5.2601
09-27-2016 09:19:00,1000.0,5.3018,5.3018,5.3018,5.3018
09-27-2016 09:25:00,245.0,5.26,5.26,5.26,5.26
09-27-2016 09:26:00,200.0,5.26,5.31,5.26,5.31
09-27-2016 09:31:00,1000.0,5.31,5.31,5.31,5.31
09-27-2016 09:33:00,100.0,5.31,5.31,5.31,5.31
09-27-2016 09:34:00,281.0,5.3,5.32,5.3,5.32
09-27-2016 09:35:00,100.0,5.3,5.3,5.3,5.3
09-27-2016 09:36:00,100.0,5.329,5.329,5.329,5.329
09-27-2016 09:37:00,1500.0,5.32,5.32,5.26,5.2695
09-27-2016 09:39:00,200.0,5.32,5.32,5.32,5.32
09-27-2016 09:40:00,200.0,5.32,5.32,5.32,5.32
09-27-2016 09:41:00,100.0,5.3,5.3,5.3,5.3
09-27-2016 09:42:00,400.0,5.3,5.32,5.3,5.3
09-27-2016 09:45:00,200.0,5.32,5.32,5.32,5.32
09-27-2016 09:46:00,2500.0,5.26,5.27,5.2111,5.26
09-27-2016 09:47:00,6700.0,5.21,5.26,5.2,5.2
09-27-2016 09:48:00,4853.0,5.19,5.26,5.06,5.06
09-27-2016 09:49:00,200.0,5.1619,5.1619,5.1619,5.1619
09-27-2016 09:50:00,2100.0,5.12,5.25,5.12,5.2
09-27-2016 09:52:00,200.0,5.29,5.29,5.25,5.25
09-27-2016 09:54:00,100.0,5.24,5.24,5.24,5.24
09-27-2016 09:55:00,100.0,5.24,5.24,5.24,5.24
09-27-2016 09:56:00,100.0,5.24,5.24,5.24,5.24
09-27-2016 09:57:00,200.0,5.24,5.24,5.22,5.22
09-27-2016 09:59:00,500.0,5.22,5.22,5.12,5.164
09-27-2016 10:00:00,100.0,5.22,5.22,5.22,5.22
09-27-2016 10:01:00,600.0,5.23,5.2358,5.23,5.2358
09-27-2016 10:02:00,100.0,5.25,5.25,5.25,5.25
09-27-2016 10:03:00,100.0,5.25,5.25,5.25,5.25
09-27-2016 10:04:00,1700.0,5.275,5.28,5.275,5.275
09-27-2016 10:05:00,200.0,5.29,5.29,5.29,5.29
09-27-2016 10:07:00,200.0,5.28,5.28,5.28,5.28
09-27-2016 10:09:00,2350.0,5.24,5.24,5.1101,5.1101
09-27-2016 10:11:00,200.0,5.18,5.18,5.18,5.18
09-27-2016 10:13:00,200.0,5.18,5.19,5.18,5.19
09-27-2016 10:14:00,200.0,5.18,5.185,5.18,5.185
09-27-2016 10:15:00,1500.0,5.185,5.25,5.185,5.25
09-27-2016 10:16:00,100.0,5.16,5.16,5.16,5.16
09-27-2016 10:17:00,900.0,5.19,5.2,5.19,5.1908
09-27-2016 10:18:00,200.0,5.28,5.2899,5.28,5.2899
09-27-2016 10:19:00,100.0,5.2899,5.2899,5.2899,5.2899
09-27-2016 10:20:00,1500.0,5.29,5.32,5.28,5.32
09-27-2016 10:21:00,1500.0,5.14,5.14,5.12,5.135
09-27-2016 10:23:00,1000.0,5.2899,5.2899,5.2899,5.2899
09-27-2016 10:36:00,200.0,5.2254,5.2254,5.2254,5.2254
09-27-2016 10:37:00,200.0,5.22,5.22,5.22,5.22
09-27-2016 10:39:00,400.0,5.2006,5.2006,5.2006,5.2006
09-27-2016 10:47:00,1200.0,5.13,5.13,5.11,5.1108
09-27-2016 10:50:00,112.0,5.187,5.187,5.187,5.187
09-27-2016 11:03:00,1000.0,5.1,5.1,5.1,5.1
09-27-2016 11:05:00,5200.0,5.1,5.15,5.06,5.07
09-27-2016 11:07:00,400.0,5.188,5.188,5.188,5.188
09-27-2016 11:25:00,1000.0,5.145,5.145,5.145,5.145
09-27-2016 11:28:00,200.0,5.12,5.12,5.12,5.12
09-27-2016 11:29:00,500.0,5.11,5.11,5.11,5.11
09-27-2016 11:36:00,5400.0,5.11,5.1276,5.11,5.1276
09-27-2016 11:44:00,200.0,5.08,5.08,5.08,5.08
09-27-2016 11:45:00,600.0,5.0914,5.0914,5.08,5.08
09-27-2016 11:47:00,4522.0,5.081,5.0975,5.07,5.08
09-27-2016 11:54:00,1900.0,5.0801,5.09,5.0801,5.09
09-27-2016 11:55:00,200.0,5.189,5.189,5.189,5.189
09-27-2016 12:21:00,1324.0,5.12,5.1335,5.0701,5.08
09-27-2016 12:22:00,1732.0,5.08,5.08,5.05,5.05
09-27-2016 12:24:00,300.0,5.05,5.05,5.05,5.05
09-27-2016 12:25:00,2450.0,5.09,5.121,5.05,5.05
09-27-2016 12:33:00,360.0,5.1044,5.1044,5.1044,5.1044
09-27-2016 12:40:00,500.0,5.06,5.18,5.0508,5.18
09-27-2016 12:43:00,300.0,5.1,5.1,5.1,5.1
09-27-2016 12:47:00,1500.0,5.11,5.11,5.1001,5.11
09-27-2016 12:51:00,1081.0,5.19,5.22,5.19,5.22
09-27-2016 12:52:00,1609.0,5.22,5.22,5.22,5.22
09-27-2016 12:56:00,100.0,5.12,5.12,5.12,5.12
09-27-2016 13:05:00,1071.0,5.12,5.1201,5.12,5.1201
09-27-2016 13:07:00,1100.0,5.1342,5.1342,5.12,5.12
09-27-2016 13:19:00,200.0,5.1296,5.1296,5.1296,5.1296
09-27-2016 13:27:00,300.0,5.133,5.225,5.1308,5.225
09-27-2016 13:39:00,2300.0,5.15,5.1762,5.15,5.1762
09-27-2016 13:40:00,100.0,5.13,5.13,5.13,5.13
09-27-2016 13:43:00,2100.0,5.13,5.1602,5.13,5.13
09-27-2016 13:49:00,1100.0,5.1637,5.1637,5.13,5.13
09-27-2016 13:51:00,200.0,5.1301,5.1301,5.1301,5.1301
09-27-2016 13:56:00,900.0,5.1597,5.1637,5.13,5.13
09-27-2016 13:58:00,200.0,5.13,5.21,5.13,5.21
09-27-2016 13:59:00,300.0,5.202,5.202,5.202,5.202
09-27-2016 14:04:00,5200.0,5.1755,5.1755,5.13,5.13
09-27-2016 14:15:00,390.0,5.13,5.13,5.13,5.13
09-27-2016 14:19:00,200.0,5.13,5.13,5.13,5.13
09-27-2016 14:22:00,200.0,5.13,5.13,5.13,5.13
09-27-2016 14:27:00,400.0,5.189,5.189,5.189,5.189
09-27-2016 14:28:00,470.0,5.1604,5.1604,5.1604,5.1604
09-27-2016 14:43:00,1000.0,5.13,5.149,5.13,5.149
09-27-2016 14:44:00,1500.0,5.13,5.1449,5.13,5.1432
09-27-2016 14:48:00,1690.0,5.17,5.1789,5.13,5.1789
09-27-2016 14:49:00,1800.0,5.1799,5.19,5.155,5.19
09-27-2016 14:58:00,300.0,5.1717,5.1717,5.14,5.14
09-27-2016 14:59:00,495.0,5.16,5.16,5.11,5.11
09-27-2016 15:00:00,1299.0,5.16,5.2,5.16,5.2
09-27-2016 15:07:00,250.0,5.1,5.1,5.1,5.1
09-27-2016 15:08:00,250.0,5.1,5.1,5.1,5.1
09-27-2016 15:09:00,500.0,5.1,5.1,5.1,5.1
09-27-2016 15:19:00,250.0,5.1,5.1,5.1,5.1
09-27-2016 15:46:00,500.0,5.1,5.1,5.1,5.1
09-27-2016 15:56:00,2000.0,5.1,5.1,5.1,5.1
09-27-2016 17:57:00,250.0,5.1,5.1,5.1,5.1
