09-07-2016 08:30:00,300.0,2.61,2.61,2.61,2.61
09-07-2016 08:45:00,250.0,2.6101,2.6101,2.6101,2.6101
09-07-2016 08:51:00,100.0,2.69,2.69,2.69,2.69
09-07-2016 09:13:00,5114.0,2.6999,2.6999,2.62,2.63
09-07-2016 09:14:00,2000.0,2.6899,2.6899,2.6899,2.6899
09-07-2016 09:15:00,4600.0,2.6899,2.6899,2.6899,2.6899
09-07-2016 09:16:00,100.0,2.65,2.65,2.65,2.65
09-07-2016 09:17:00,400.0,2.65,2.65,2.65,2.65
09-07-2016 09:18:00,600.0,2.6899,2.6899,2.6899,2.6899
09-07-2016 09:25:00,100.0,2.68,2.68,2.68,2.68
09-07-2016 09:27:00,400.0,2.675,2.675,2.66,2.66
09-07-2016 09:37:00,5450.0,2.67,2.67,2.66,2.66
09-07-2016 09:39:00,500.0,2.67,2.69,2.67,2.69
09-07-2016 09:40:00,200.0,2.7,2.7,2.7,2.7
09-07-2016 09:43:00,7338.0,2.7,2.7,2.7,2.7
09-07-2016 09:56:00,1200.0,2.7,2.715,2.7,2.7
09-07-2016 09:57:00,7336.0,2.69,2.72,2.67,2.72
09-07-2016 09:59:00,2600.0,2.72,2.75,2.72,2.75
09-07-2016 10:00:00,4050.0,2.7699,2.82,2.7699,2.82
09-07-2016 10:01:00,2300.0,2.78,2.8499,2.78,2.8499
09-07-2016 10:02:00,22457.0,2.84,2.95,2.8,2.95
09-07-2016 10:03:00,11380.0,2.93,2.99,2.89,2.92
09-07-2016 10:04:00,3049.0,2.91,3.03,2.9,3.0299
09-07-2016 10:05:00,14340.0,3.01,3.05,2.95,2.99
09-07-2016 10:06:00,89130.0,3.05,3.15,2.91,3.0
09-07-2016 10:07:00,3000.0,2.9719,2.9719,2.9719,2.9719
09-07-2016 10:08:00,1100.0,2.98,2.99,2.97,2.99
09-07-2016 10:10:00,5446.0,2.92,2.93,2.91,2.9232
09-07-2016 10:11:00,2366.0,2.9131,2.9131,2.88,2.88
09-07-2016 10:12:00,1400.0,2.8401,2.8449,2.8401,2.8449
09-07-2016 10:13:00,900.0,2.8401,2.8508,2.8401,2.8401
09-07-2016 10:14:00,1850.0,2.8681,2.892,2.86,2.892
09-07-2016 10:16:00,3400.0,2.87,2.87,2.86,2.86
09-07-2016 10:21:00,100.0,2.887,2.887,2.887,2.887
09-07-2016 10:24:00,900.0,2.86,2.86,2.86,2.86
09-07-2016 10:25:00,200.0,2.86,2.86,2.86,2.86
09-07-2016 10:28:00,14514.0,2.89,2.91,2.88,2.8855
09-07-2016 10:32:00,5700.0,2.86,2.881,2.85,2.85
09-07-2016 10:33:00,100.0,2.88,2.88,2.88,2.88
09-07-2016 10:37:00,2200.0,2.85,2.87,2.85,2.85
09-07-2016 10:41:00,2000.0,2.85,2.8598,2.85,2.8581
09-07-2016 10:43:00,3900.0,2.85,2.86,2.8228,2.86
09-07-2016 10:44:00,9366.0,2.82,2.85,2.82,2.82
09-07-2016 10:45:00,100.0,2.81,2.81,2.81,2.81
09-07-2016 10:48:00,3966.0,2.82,2.825,2.779,2.779
09-07-2016 10:49:00,2700.0,2.76,2.8,2.76,2.7899
09-07-2016 10:55:00,2000.0,2.785,2.785,2.76,2.76
09-07-2016 11:01:00,4284.0,2.77,2.79,2.74,2.74
09-07-2016 11:02:00,1200.0,2.77,2.8,2.77,2.8
09-07-2016 11:06:00,1100.0,2.8,2.8,2.8,2.8
09-07-2016 11:07:00,5300.0,2.8,2.81,2.76,2.77
09-07-2016 11:14:00,700.0,2.77,2.77,2.76,2.76
09-07-2016 11:16:00,941.0,2.7854,2.7854,2.7854,2.7854
09-07-2016 11:22:00,100.0,2.81,2.81,2.81,2.81
09-07-2016 11:28:00,900.0,2.79,2.79,2.77,2.77
09-07-2016 11:29:00,700.0,2.77,2.77,2.77,2.77
09-07-2016 11:31:00,20881.0,2.77,2.81,2.75,2.8001
09-07-2016 11:43:00,100.0,2.8,2.8,2.8,2.8
09-07-2016 11:47:00,200.0,2.81,2.81,2.81,2.81
09-07-2016 11:57:00,600.0,2.8,2.8,2.79,2.79
09-07-2016 12:00:00,100.0,2.794,2.794,2.794,2.794
09-07-2016 12:01:00,1000.0,2.8025,2.8025,2.8025,2.8025
09-07-2016 12:02:00,560.0,2.8086,2.8086,2.8086,2.8086
09-07-2016 12:05:00,600.0,2.79,2.79,2.79,2.79
09-07-2016 12:08:00,400.0,2.7975,2.7975,2.7975,2.7975
09-07-2016 12:25:00,100.0,2.8,2.8,2.8,2.8
09-07-2016 12:28:00,600.0,2.79,2.79,2.79,2.79
09-07-2016 12:30:00,2900.0,2.8,2.805,2.8,2.805
09-07-2016 12:31:00,1600.0,2.81,2.84,2.8,2.84
09-07-2016 12:37:00,100.0,2.82,2.82,2.82,2.82
09-07-2016 12:39:00,100.0,2.83,2.83,2.83,2.83
09-07-2016 12:40:00,100.0,2.82,2.82,2.82,2.82
09-07-2016 12:42:00,100.0,2.82,2.82,2.82,2.82
09-07-2016 12:43:00,100.0,2.82,2.82,2.82,2.82
09-07-2016 12:45:00,200.0,2.82,2.84,2.82,2.84
09-07-2016 12:46:00,500.0,2.83,2.83,2.81,2.81
09-07-2016 12:48:00,100.0,2.81,2.81,2.81,2.81
09-07-2016 12:49:00,200.0,2.81,2.81,2.8,2.8
09-07-2016 12:53:00,200.0,2.81,2.81,2.81,2.81
09-07-2016 12:55:00,2993.0,2.81,2.84,2.81,2.81
09-07-2016 12:56:00,100.0,2.84,2.84,2.84,2.84
09-07-2016 13:01:00,500.0,2.825,2.8399,2.825,2.8399
09-07-2016 13:05:00,100.0,2.83,2.83,2.83,2.83
09-07-2016 13:06:00,100.0,2.82,2.82,2.82,2.82
09-07-2016 13:08:00,100.0,2.82,2.82,2.82,2.82
09-07-2016 13:09:00,100.0,2.82,2.82,2.82,2.82
09-07-2016 13:11:00,100.0,2.82,2.82,2.82,2.82
09-07-2016 13:12:00,200.0,2.82,2.83,2.82,2.83
09-07-2016 13:14:00,600.0,2.82,2.83,2.82,2.83
09-07-2016 13:15:00,100.0,2.83,2.83,2.83,2.83
09-07-2016 13:16:00,300.0,2.83,2.835,2.83,2.83
09-07-2016 13:17:00,100.0,2.82,2.82,2.82,2.82
09-07-2016 13:18:00,5500.0,2.81,2.84,2.81,2.84
09-07-2016 13:19:00,100.0,2.86,2.86,2.86,2.86
09-07-2016 13:24:00,200.0,2.83,2.86,2.83,2.86
09-07-2016 13:27:00,100.0,2.83,2.83,2.83,2.83
09-07-2016 13:28:00,100.0,2.86,2.86,2.86,2.86
09-07-2016 13:29:00,100.0,2.83,2.83,2.83,2.83
09-07-2016 13:30:00,100.0,2.83,2.83,2.83,2.83
09-07-2016 13:31:00,1600.0,2.85,2.87,2.85,2.8511
09-07-2016 13:33:00,100.0,2.85,2.85,2.85,2.85
09-07-2016 13:34:00,100.0,2.87,2.87,2.87,2.87
09-07-2016 13:35:00,1200.0,2.8629,2.87,2.85,2.87
09-07-2016 13:36:00,100.0,2.86,2.86,2.86,2.86
09-07-2016 13:38:00,100.0,2.85,2.85,2.85,2.85
09-07-2016 13:39:00,100.0,2.85,2.85,2.85,2.85
09-07-2016 13:40:00,100.0,2.87,2.87,2.87,2.87
09-07-2016 13:41:00,200.0,2.85,2.85,2.85,2.85
09-07-2016 13:42:00,1400.0,2.85,2.86,2.85,2.85
09-07-2016 13:43:00,1400.0,2.8508,2.8622,2.8508,2.8622
09-07-2016 13:44:00,100.0,2.86,2.86,2.86,2.86
09-07-2016 13:45:00,100.0,2.86,2.86,2.86,2.86
09-07-2016 13:47:00,100.0,2.86,2.86,2.86,2.86
09-07-2016 13:48:00,100.0,2.86,2.86,2.86,2.86
09-07-2016 13:50:00,650.0,2.86,2.8699,2.86,2.8699
09-07-2016 13:51:00,100.0,2.86,2.86,2.86,2.86
09-07-2016 13:53:00,200.0,2.86,2.865,2.86,2.865
09-07-2016 13:54:00,2500.0,2.87,2.87,2.86,2.86
09-07-2016 13:55:00,1300.0,2.87,2.88,2.87,2.88
09-07-2016 13:59:00,100.0,2.88,2.88,2.88,2.88
09-07-2016 14:00:00,2200.0,2.875,2.88,2.86,2.87
09-07-2016 14:02:00,100.0,2.86,2.86,2.86,2.86
09-07-2016 14:04:00,100.0,2.86,2.86,2.86,2.86
09-07-2016 14:05:00,100.0,2.86,2.86,2.86,2.86
09-07-2016 14:06:00,1100.0,2.8611,2.865,2.86,2.865
09-07-2016 14:08:00,100.0,2.865,2.865,2.865,2.865
09-07-2016 14:09:00,500.0,2.87,2.87,2.87,2.87
09-07-2016 14:10:00,1500.0,2.86,2.87,2.86,2.86
09-07-2016 14:12:00,1500.0,2.865,2.865,2.86,2.8608
09-07-2016 14:15:00,100.0,2.865,2.865,2.865,2.865
09-07-2016 14:17:00,100.0,2.86,2.86,2.86,2.86
09-07-2016 14:19:00,200.0,2.86,2.86,2.86,2.86
09-07-2016 14:20:00,100.0,2.86,2.86,2.86,2.86
09-07-2016 14:22:00,200.0,2.86,2.86,2.85,2.85
09-07-2016 14:23:00,1300.0,2.86,2.87,2.85,2.8514
09-07-2016 14:25:00,700.0,2.85,2.87,2.85,2.85
09-07-2016 14:26:00,900.0,2.8313,2.84,2.8313,2.84
09-07-2016 14:28:00,200.0,2.83,2.83,2.82,2.82
09-07-2016 14:29:00,100.0,2.83,2.83,2.83,2.83
09-07-2016 14:31:00,600.0,2.82,2.82,2.82,2.82
09-07-2016 14:40:00,100.0,2.825,2.825,2.825,2.825
09-07-2016 14:43:00,3140.0,2.825,2.825,2.81,2.81
09-07-2016 14:44:00,3850.0,2.8,2.83,2.8,2.83
09-07-2016 14:47:00,100.0,2.82,2.82,2.82,2.82
09-07-2016 14:48:00,100.0,2.82,2.82,2.82,2.82
09-07-2016 14:50:00,290.0,2.8222,2.83,2.8222,2.83
09-07-2016 14:52:00,200.0,2.82,2.82,2.82,2.82
09-07-2016 14:53:00,500.0,2.8178,2.8178,2.8178,2.8178
09-07-2016 14:54:00,300.0,2.82,2.82,2.81,2.82
09-07-2016 14:56:00,400.0,2.81,2.83,2.81,2.81
09-07-2016 14:58:00,200.0,2.81,2.81,2.81,2.81
09-07-2016 14:59:00,700.0,2.81,2.8101,2.81,2.81
09-07-2016 15:00:00,919.0,2.83,2.83,2.81,2.82
09-07-2016 15:06:00,4481.0,2.8876,2.8876,2.8876,2.8876
09-08-2016 08:30:00,995.0,2.85,2.85,2.85,2.85
09-08-2016 08:41:00,300.0,2.822,2.822,2.822,2.822
09-08-2016 08:47:00,1000.0,2.7847,2.7847,2.7847,2.7847
09-08-2016 08:52:00,200.0,2.77,2.78,2.77,2.78
09-08-2016 08:55:00,100.0,2.78,2.78,2.78,2.78
09-08-2016 09:07:00,4300.0,2.7889,2.8,2.7889,2.8
09-08-2016 09:21:00,900.0,2.79,2.79,2.79,2.79
09-08-2016 09:54:00,500.0,2.808,2.808,2.808,2.808
09-08-2016 10:02:00,100.0,2.805,2.805,2.805,2.805
09-08-2016 10:04:00,1227.0,2.81,2.84,2.81,2.84
09-08-2016 10:09:00,500.0,2.849,2.849,2.849,2.849
09-08-2016 10:11:00,1050.0,2.8201,2.8201,2.8201,2.8201
09-08-2016 10:12:00,100.0,2.85,2.85,2.85,2.85
09-08-2016 10:13:00,500.0,2.8499,2.85,2.8499,2.85
09-08-2016 10:14:00,2100.0,2.8301,2.85,2.8301,2.85
09-08-2016 10:20:00,300.0,2.84,2.84,2.83,2.83
09-08-2016 10:24:00,1093.0,2.8499,2.87,2.8499,2.87
09-08-2016 10:25:00,4320.0,2.87,2.95,2.87,2.95
09-08-2016 10:26:00,1700.0,2.96,2.96,2.91,2.91
09-08-2016 10:27:00,1400.0,2.9799,2.9799,2.91,2.95
09-08-2016 10:28:00,2400.0,2.94,2.95,2.9,2.9499
09-08-2016 10:30:00,400.0,2.94,2.95,2.94,2.95
09-08-2016 10:31:00,9593.0,2.96,3.02,2.95,3.02
09-08-2016 10:32:00,8682.0,3.025,3.06,2.96,2.99
09-08-2016 10:33:00,700.0,3.025,3.03,3.02,3.02
09-08-2016 10:34:00,4799.0,2.98,3.0,2.91,2.91
09-08-2016 10:35:00,1450.0,2.95,2.98,2.95,2.98
09-08-2016 10:36:00,2100.0,2.99,3.0,2.94,2.94
09-08-2016 10:37:00,2666.0,2.94,3.02,2.94,2.99
09-08-2016 10:38:00,242.0,2.99,3.01,2.99,3.01
09-08-2016 10:39:00,100.0,2.99,2.99,2.99,2.99
09-08-2016 10:40:00,1500.0,2.99,2.99,2.95,2.95
09-08-2016 10:42:00,5300.0,2.97,2.97,2.95,2.95
09-08-2016 10:43:00,5200.0,2.97,2.97,2.97,2.97
09-08-2016 10:44:00,1300.0,2.95,2.99,2.95,2.99
09-08-2016 10:46:00,100.0,2.9832,2.9832,2.9832,2.9832
09-08-2016 10:48:00,1000.0,2.98,2.98,2.98,2.98
09-08-2016 10:49:00,100.0,2.98,2.98,2.98,2.98
09-08-2016 10:50:00,200.0,2.98,2.98,2.98,2.98
09-08-2016 10:51:00,1300.0,2.98,2.99,2.98,2.98
09-08-2016 10:52:00,400.0,2.99,2.99,2.99,2.99
09-08-2016 10:53:00,1000.0,2.98,2.98,2.96,2.9704
09-08-2016 10:55:00,400.0,2.98,2.99,2.98,2.99
09-08-2016 10:56:00,500.0,2.966,2.966,2.966,2.966
09-08-2016 10:57:00,374.0,2.98,2.99,2.98,2.99
09-08-2016 10:58:00,2000.0,2.9899,2.9899,2.975,2.975
09-08-2016 11:00:00,5510.0,2.99,3.0,2.97,3.0
09-08-2016 11:02:00,900.0,3.0,3.0,2.98,2.99
09-08-2016 11:03:00,489.0,2.98,2.98,2.97,2.97
09-08-2016 11:05:00,1900.0,3.0,3.01,3.0,3.01
09-08-2016 11:06:00,7100.0,3.01,3.04,2.99,3.01
09-08-2016 11:08:00,700.0,2.99,3.0099,2.95,3.0099
09-08-2016 11:11:00,1014.0,3.01,3.03,3.01,3.03
09-08-2016 11:12:00,1850.0,3.03,3.06,3.03,3.06
09-08-2016 11:13:00,1700.0,3.03,3.03,3.0,3.03
09-08-2016 11:14:00,9000.0,2.99,2.99,2.93,2.96
09-08-2016 11:15:00,100.0,3.0399,3.0399,3.0399,3.0399
09-08-2016 11:25:00,100.0,2.97,2.97,2.97,2.97
09-08-2016 11:26:00,100.0,3.0,3.0,3.0,3.0
09-08-2016 11:27:00,5100.0,2.9947,3.004,2.97,2.97
09-08-2016 11:33:00,200.0,2.93,2.93,2.925,2.925
09-08-2016 11:34:00,100.0,2.9999,2.9999,2.9999,2.9999
09-08-2016 11:44:00,1400.0,2.9444,2.9444,2.9444,2.9444
09-08-2016 11:55:00,300.0,2.94,2.94,2.94,2.94
09-08-2016 12:00:00,100.0,2.96,2.96,2.96,2.96
09-08-2016 12:24:00,600.0,2.931,2.931,2.931,2.931
09-08-2016 12:30:00,100.0,2.93,2.93,2.93,2.93
09-08-2016 12:40:00,600.0,2.93,2.93,2.91,2.915
09-08-2016 12:45:00,100.0,2.91,2.91,2.91,2.91
09-08-2016 12:46:00,1000.0,2.9123,2.9123,2.9123,2.9123
09-08-2016 12:47:00,900.0,2.92,2.97,2.92,2.92
09-08-2016 13:01:00,1200.0,2.921,2.921,2.921,2.921
09-08-2016 13:34:00,100.0,2.95,2.95,2.95,2.95
09-08-2016 13:35:00,100.0,2.95,2.95,2.95,2.95
09-08-2016 13:37:00,200.0,2.935,2.935,2.935,2.935
09-08-2016 13:38:00,600.0,2.92,2.92,2.92,2.92
09-08-2016 13:39:00,1900.0,2.92,2.92,2.92,2.92
09-08-2016 13:57:00,700.0,2.92,2.92,2.92,2.92
09-08-2016 14:03:00,2000.0,2.9199,2.9199,2.9199,2.9199
09-08-2016 14:05:00,2600.0,2.916,2.92,2.916,2.92
09-08-2016 14:07:00,2400.0,2.92,2.97,2.92,2.92
09-08-2016 14:16:00,100.0,2.94,2.94,2.94,2.94
09-08-2016 14:28:00,1100.0,2.93,2.93,2.93,2.93
09-08-2016 14:32:00,1000.0,2.93,2.935,2.93,2.935
09-08-2016 14:33:00,100.0,2.935,2.935,2.935,2.935
09-08-2016 14:43:00,300.0,2.93,2.9325,2.93,2.9325
09-08-2016 14:47:00,100.0,2.93,2.93,2.93,2.93
09-08-2016 14:50:00,200.0,2.93,2.93,2.93,2.93
09-08-2016 14:51:00,100.0,2.93,2.93,2.93,2.93
09-08-2016 14:52:00,200.0,2.93,2.9325,2.93,2.9325
09-08-2016 14:55:00,500.0,2.92,2.92,2.92,2.92
09-08-2016 14:56:00,3500.0,2.92,2.94,2.9,2.9
09-08-2016 14:57:00,1500.0,2.91,2.91,2.9,2.9
09-08-2016 14:58:00,807.0,2.9,2.905,2.9,2.9
09-08-2016 14:59:00,6651.0,2.892,2.9,2.89,2.89
09-08-2016 15:00:00,1980.0,2.88,2.91,2.88,2.91
09-08-2016 15:34:00,9.0,3.02,3.02,3.02,3.02
09-09-2016 08:30:00,300.0,2.84,2.84,2.84,2.84
09-09-2016 08:45:00,100.0,2.91,2.91,2.91,2.91
09-09-2016 08:48:00,800.0,2.87,2.87,2.87,2.87
09-09-2016 08:50:00,200.0,2.8999,2.8999,2.8999,2.8999
09-09-2016 08:51:00,100.0,2.87,2.87,2.87,2.87
09-09-2016 08:52:00,285.0,2.87,2.87,2.87,2.87
09-09-2016 09:06:00,6783.0,2.86,2.871,2.83,2.83
09-09-2016 09:11:00,8682.0,2.84,2.844,2.83,2.8424
09-09-2016 09:15:00,100.0,2.83,2.83,2.83,2.83
09-09-2016 09:23:00,100.0,2.83,2.83,2.83,2.83
09-09-2016 09:49:00,100.0,2.84,2.84,2.84,2.84
09-09-2016 09:59:00,400.0,2.85,2.86,2.84,2.84
09-09-2016 10:03:00,100.0,2.84,2.84,2.84,2.84
09-09-2016 10:16:00,100.0,2.855,2.855,2.855,2.855
09-09-2016 10:24:00,100.0,2.84,2.84,2.84,2.84
09-09-2016 10:46:00,2430.0,2.84,2.845,2.84,2.84
09-09-2016 10:51:00,400.0,2.83,2.83,2.83,2.83
09-09-2016 10:52:00,100.0,2.83,2.83,2.83,2.83
09-09-2016 10:56:00,100.0,2.83,2.83,2.83,2.83
09-09-2016 11:01:00,100.0,2.83,2.83,2.83,2.83
09-09-2016 11:28:00,100.0,2.81,2.81,2.81,2.81
09-09-2016 11:42:00,100.0,2.81,2.81,2.81,2.81
09-09-2016 11:47:00,100.0,2.81,2.81,2.81,2.81
09-09-2016 12:03:00,100.0,2.84,2.84,2.84,2.84
09-09-2016 12:07:00,2600.0,2.8131,2.8131,2.8131,2.8131
09-09-2016 12:20:00,300.0,2.81,2.81,2.81,2.81
09-09-2016 12:21:00,915.0,2.81,2.81,2.81,2.81
09-09-2016 12:55:00,400.0,2.8,2.8,2.79,2.8
09-09-2016 12:56:00,200.0,2.8,2.8,2.8,2.8
09-09-2016 13:05:00,100.0,2.76,2.76,2.76,2.76
09-09-2016 13:06:00,100.0,2.77,2.77,2.77,2.77
09-09-2016 13:10:00,200.0,2.76,2.76,2.76,2.76
09-09-2016 13:12:00,300.0,2.76,2.76,2.76,2.76
09-09-2016 13:13:00,100.0,2.76,2.76,2.76,2.76
09-09-2016 13:14:00,100.0,2.76,2.76,2.76,2.76
09-09-2016 13:16:00,200.0,2.78,2.78,2.78,2.78
09-09-2016 13:20:00,2000.0,2.7855,2.7855,2.7855,2.7855
09-09-2016 13:29:00,500.0,2.78,2.78,2.78,2.78
09-09-2016 13:41:00,9630.0,2.78,2.78,2.76,2.773
09-09-2016 13:47:00,100.0,2.77,2.77,2.77,2.77
09-09-2016 13:51:00,2801.0,2.76,2.76,2.76,2.76
09-09-2016 13:59:00,100.0,2.78,2.78,2.78,2.78
09-09-2016 14:00:00,200.0,2.76,2.76,2.76,2.76
09-09-2016 14:06:00,400.0,2.75,2.75,2.75,2.75
09-09-2016 14:07:00,1950.0,2.75,2.75,2.75,2.75
09-09-2016 14:12:00,398.0,2.75,2.75,2.75,2.75
09-09-2016 14:13:00,100.0,2.75,2.75,2.75,2.75
09-09-2016 14:14:00,100.0,2.75,2.75,2.75,2.75
09-09-2016 14:16:00,5831.0,2.76,2.76,2.746,2.746
09-09-2016 14:18:00,1000.0,2.7526,2.7526,2.7526,2.7526
09-09-2016 14:20:00,500.0,2.76,2.77,2.76,2.77
09-09-2016 14:25:00,400.0,2.7899,2.7899,2.7899,2.7899
09-09-2016 14:26:00,400.0,2.7899,2.7899,2.7899,2.7899
09-09-2016 14:27:00,400.0,2.7899,2.79,2.7899,2.79
09-09-2016 14:28:00,600.0,2.79,2.8099,2.79,2.8099
09-09-2016 14:29:00,500.0,2.8099,2.81,2.8099,2.81
09-09-2016 14:30:00,500.0,2.8099,2.81,2.8099,2.81
09-09-2016 14:31:00,400.0,2.8099,2.81,2.8099,2.81
09-09-2016 14:32:00,300.0,2.8099,2.8299,2.8099,2.8299
09-09-2016 14:33:00,400.0,2.82,2.8299,2.82,2.8299
09-09-2016 14:34:00,400.0,2.8299,2.8299,2.8299,2.8299
09-09-2016 14:35:00,400.0,2.8299,2.8299,2.8299,2.8299
09-09-2016 14:36:00,601.0,2.83,2.83,2.78,2.8199
09-09-2016 14:37:00,300.0,2.8199,2.8199,2.8199,2.8199
09-09-2016 14:38:00,400.0,2.8199,2.8199,2.8199,2.8199
09-09-2016 14:39:00,500.0,2.8199,2.82,2.8199,2.82
09-09-2016 14:40:00,300.0,2.8399,2.8399,2.8399,2.8399
09-09-2016 14:41:00,300.0,2.8399,2.8399,2.8399,2.8399
09-09-2016 14:42:00,400.0,2.8399,2.8399,2.8399,2.8399
09-09-2016 14:43:00,400.0,2.8399,2.8399,2.8399,2.8399
09-09-2016 14:44:00,500.0,2.8399,2.84,2.8399,2.84
09-09-2016 14:45:00,300.0,2.84,2.84,2.84,2.84
09-09-2016 14:46:00,400.0,2.8499,2.8499,2.84,2.8499
09-09-2016 14:47:00,600.0,2.8499,2.85,2.8499,2.85
09-09-2016 14:48:00,400.0,2.8499,2.8499,2.8499,2.8499
09-09-2016 14:49:00,400.0,2.8499,2.8499,2.8499,2.8499
09-09-2016 14:50:00,400.0,2.8499,2.85,2.8499,2.85
09-09-2016 14:51:00,500.0,2.84,2.84,2.83,2.83
09-09-2016 14:52:00,400.0,2.83,2.83,2.83,2.83
09-09-2016 14:53:00,500.0,2.79,2.83,2.79,2.83
09-09-2016 14:54:00,820.0,2.8299,2.83,2.82,2.83
09-09-2016 14:55:00,700.0,2.83,2.87,2.83,2.87
09-09-2016 14:56:00,500.0,2.86,2.86,2.83,2.86
09-09-2016 14:57:00,1450.0,2.84,2.86,2.84,2.86
09-09-2016 14:58:00,600.0,2.86,2.86,2.84,2.84
09-09-2016 14:59:00,800.0,2.86,2.86,2.81,2.86
09-09-2016 15:00:00,2850.0,2.82,2.86,2.79,2.79
09-09-2016 15:39:00,2353.0,2.79,2.79,2.79,2.79
09-12-2016 08:39:00,1000.0,2.83,2.83,2.81,2.81
09-12-2016 09:05:00,100.0,2.8,2.8,2.8,2.8
09-12-2016 09:29:00,900.0,2.84,2.87,2.82,2.82
09-12-2016 09:30:00,100.0,2.84,2.84,2.84,2.84
09-12-2016 09:35:00,700.0,2.865,2.865,2.82,2.82
09-12-2016 09:53:00,454.0,2.82,2.82,2.82,2.82
09-12-2016 10:00:00,100.0,2.8,2.8,2.8,2.8
09-12-2016 10:01:00,100.0,2.8,2.8,2.8,2.8
09-12-2016 10:05:00,200.0,2.81,2.81,2.81,2.81
09-12-2016 10:08:00,100.0,2.8299,2.8299,2.8299,2.8299
09-12-2016 10:12:00,200.0,2.83,2.83,2.83,2.83
09-12-2016 10:24:00,100.0,2.8699,2.8699,2.8699,2.8699
09-12-2016 10:28:00,100.0,2.87,2.87,2.87,2.87
09-12-2016 10:32:00,300.0,2.88,2.88,2.88,2.88
09-12-2016 10:38:00,100.0,2.88,2.88,2.88,2.88
09-12-2016 10:40:00,100.0,2.88,2.88,2.88,2.88
09-12-2016 10:44:00,400.0,2.88,2.88,2.88,2.88
09-12-2016 10:57:00,100.0,2.88,2.88,2.88,2.88
09-12-2016 11:02:00,5873.0,2.88,2.92,2.88,2.92
09-12-2016 11:03:00,1300.0,2.89,2.9,2.88,2.9
09-12-2016 11:05:00,100.0,2.9399,2.9399,2.9399,2.9399
09-12-2016 11:07:00,100.0,2.877,2.877,2.877,2.877
09-12-2016 11:09:00,258.0,2.91,2.91,2.91,2.91
09-12-2016 11:17:00,100.0,2.86,2.86,2.86,2.86
09-12-2016 11:24:00,100.0,2.85,2.85,2.85,2.85
09-12-2016 11:31:00,500.0,2.88,2.88,2.88,2.88
09-12-2016 11:36:00,600.0,2.89,2.89,2.88,2.88
09-12-2016 11:55:00,215.0,2.9,2.9,2.9,2.9
09-12-2016 12:10:00,200.0,2.9,2.9,2.9,2.9
09-12-2016 12:42:00,200.0,2.89,2.89,2.89,2.89
09-12-2016 12:49:00,100.0,2.89,2.89,2.89,2.89
09-12-2016 12:55:00,400.0,2.9,2.9,2.9,2.9
09-12-2016 13:05:00,129.0,2.9,2.9,2.9,2.9
09-12-2016 13:16:00,2700.0,2.9,2.9,2.8918,2.9
09-12-2016 13:17:00,1624.0,2.9,2.9,2.9,2.9
09-12-2016 13:19:00,100.0,2.9199,2.9199,2.9199,2.9199
09-12-2016 13:24:00,300.0,2.92,2.92,2.92,2.92
09-12-2016 13:25:00,100.0,2.92,2.92,2.92,2.92
09-12-2016 13:29:00,300.0,2.9,2.9,2.9,2.9
09-12-2016 13:35:00,200.0,2.9199,2.9199,2.9199,2.9199
09-12-2016 13:43:00,400.0,2.92,2.92,2.8921,2.8921
09-12-2016 13:44:00,100.0,2.9199,2.9199,2.9199,2.9199
09-12-2016 13:59:00,178.0,2.92,2.92,2.92,2.92
09-12-2016 14:07:00,300.0,2.9,2.9199,2.89,2.9199
09-12-2016 14:18:00,100.0,2.91,2.91,2.91,2.91
09-12-2016 14:23:00,400.0,2.91,2.91,2.89,2.89
09-12-2016 14:28:00,100.0,2.88,2.88,2.88,2.88
09-12-2016 14:31:00,400.0,2.9,2.9,2.9,2.9
09-12-2016 14:37:00,500.0,2.9,2.9,2.9,2.9
09-12-2016 14:43:00,298.0,2.91,2.91,2.91,2.91
09-12-2016 14:44:00,100.0,2.91,2.91,2.91,2.91
09-12-2016 14:45:00,100.0,2.91,2.91,2.91,2.91
09-12-2016 14:46:00,100.0,2.91,2.91,2.91,2.91
09-12-2016 14:47:00,100.0,2.91,2.91,2.91,2.91
09-12-2016 14:49:00,100.0,2.9,2.9,2.9,2.9
09-12-2016 14:52:00,538.0,2.8801,2.8801,2.88,2.88
09-12-2016 14:54:00,600.0,2.8848,2.8848,2.88,2.88
09-12-2016 14:55:00,300.0,2.8748,2.8748,2.87,2.87
09-12-2016 14:56:00,200.0,2.87,2.87,2.87,2.87
09-12-2016 14:57:00,100.0,2.87,2.87,2.87,2.87
09-12-2016 14:59:00,400.0,2.885,2.9,2.87,2.9
09-12-2016 15:00:00,3220.0,2.9,2.9,2.87,2.9
09-12-2016 15:33:00,1170.0,2.9,2.9,2.9,2.9
09-13-2016 08:30:00,203.0,2.85,2.85,2.85,2.85
09-13-2016 08:31:00,100.0,3.0199,3.0199,3.0199,3.0199
09-13-2016 08:36:00,690.0,2.86,2.87,2.86,2.87
09-13-2016 08:37:00,100.0,2.86,2.86,2.86,2.86
09-13-2016 08:38:00,100.0,2.86,2.86,2.86,2.86
09-13-2016 08:40:00,100.0,2.8935,2.8935,2.8935,2.8935
09-13-2016 08:44:00,100.0,2.89,2.89,2.89,2.89
09-13-2016 08:46:00,600.0,2.86,2.86,2.85,2.85
09-13-2016 08:52:00,730.0,2.85,2.85,2.85,2.85
09-13-2016 08:58:00,200.0,2.74,2.74,2.74,2.74
09-13-2016 09:04:00,1600.0,2.7795,2.7795,2.75,2.75
09-13-2016 09:19:00,100.0,2.75,2.75,2.75,2.75
09-13-2016 09:53:00,100.0,2.77,2.77,2.77,2.77
09-13-2016 10:16:00,1073.0,2.7699,2.79,2.76,2.7692
09-13-2016 10:19:00,700.0,2.78,2.81,2.78,2.81
09-13-2016 10:24:00,100.0,2.78,2.78,2.78,2.78
09-13-2016 10:30:00,7450.0,2.77,2.7704,2.74,2.74
09-13-2016 10:31:00,5100.0,2.74,2.74,2.73,2.7304
09-13-2016 10:39:00,100.0,2.71,2.71,2.71,2.71
09-13-2016 10:41:00,700.0,2.71,2.71,2.7,2.7
09-13-2016 10:42:00,1000.0,2.73,2.73,2.69,2.7
09-13-2016 10:51:00,500.0,2.72,2.72,2.7,2.7
09-13-2016 10:59:00,5500.0,2.7,2.721,2.69,2.69
09-13-2016 11:17:00,200.0,2.71,2.71,2.71,2.71
09-13-2016 11:21:00,1200.0,2.71,2.71,2.71,2.71
09-13-2016 11:29:00,300.0,2.7189,2.7199,2.7189,2.7199
09-13-2016 11:30:00,257.0,2.72,2.73,2.72,2.73
09-13-2016 11:43:00,500.0,2.72,2.72,2.71,2.71
09-13-2016 11:52:00,100.0,2.7,2.7,2.7,2.7
09-13-2016 11:59:00,800.0,2.7163,2.7163,2.7163,2.7163
09-13-2016 12:05:00,100.0,2.7,2.7,2.7,2.7
09-13-2016 12:07:00,100.0,2.7,2.7,2.7,2.7
09-13-2016 12:08:00,100.0,2.7,2.7,2.7,2.7
09-13-2016 12:09:00,1500.0,2.7199,2.7199,2.7199,2.7199
09-13-2016 12:13:00,11540.0,2.72,2.76,2.71,2.75
09-13-2016 12:33:00,100.0,2.74,2.74,2.74,2.74
09-13-2016 12:37:00,100.0,2.73,2.73,2.73,2.73
09-13-2016 12:53:00,500.0,2.73,2.77,2.73,2.77
09-13-2016 13:07:00,100.0,2.75,2.75,2.75,2.75
09-13-2016 13:11:00,100.0,2.75,2.75,2.75,2.75
09-13-2016 13:17:00,300.0,2.75,2.75,2.75,2.75
09-13-2016 13:21:00,200.0,2.76,2.76,2.76,2.76
09-13-2016 13:36:00,300.0,2.75,2.75,2.75,2.75
09-13-2016 13:37:00,100.0,2.75,2.75,2.75,2.75
09-13-2016 13:54:00,100.0,2.75,2.75,2.75,2.75
09-13-2016 14:00:00,100.0,2.7532,2.7532,2.7532,2.7532
09-13-2016 14:01:00,300.0,2.75,2.75,2.75,2.75
09-13-2016 14:02:00,200.0,2.7628,2.7628,2.7628,2.7628
09-13-2016 14:03:00,3091.0,2.75,2.75,2.75,2.75
09-13-2016 14:06:00,500.0,2.75,2.75,2.75,2.75
09-13-2016 14:13:00,309.0,2.75,2.75,2.75,2.75
09-13-2016 14:15:00,375.0,2.7599,2.7599,2.7599,2.7599
09-13-2016 14:16:00,250.0,2.7599,2.7599,2.7599,2.7599
09-13-2016 14:17:00,500.0,2.76,2.79,2.76,2.79
09-13-2016 14:19:00,1000.0,2.75,2.75,2.75,2.75
09-13-2016 14:21:00,500.0,2.76,2.8,2.76,2.8
09-13-2016 14:45:00,100.0,2.76,2.76,2.76,2.76
09-13-2016 14:47:00,100.0,2.74,2.74,2.74,2.74
09-13-2016 14:51:00,100.0,2.77,2.77,2.77,2.77
09-13-2016 14:59:00,100.0,2.76,2.76,2.76,2.76
09-13-2016 15:00:00,2714.0,2.78,2.82,2.76,2.76
09-13-2016 15:39:00,714.0,2.76,2.76,2.76,2.76
09-14-2016 08:31:00,3200.0,3.02,3.02,2.865,2.865
09-14-2016 08:32:00,100.0,2.9399,2.9399,2.9399,2.9399
09-14-2016 08:33:00,200.0,2.87,2.87,2.87,2.87
09-14-2016 08:36:00,100.0,2.87,2.87,2.87,2.87
09-14-2016 08:45:00,100.0,2.9199,2.9199,2.9199,2.9199
09-14-2016 08:47:00,100.0,2.89,2.89,2.89,2.89
09-14-2016 08:48:00,469.0,2.86,2.86,2.83,2.83
09-14-2016 08:49:00,100.0,2.89,2.89,2.89,2.89
09-14-2016 08:51:00,200.0,2.87,2.88,2.87,2.88
09-14-2016 08:53:00,200.0,2.87,2.87,2.85,2.85
09-14-2016 09:00:00,100.0,2.8999,2.8999,2.8999,2.8999
09-14-2016 09:02:00,100.0,2.8999,2.8999,2.8999,2.8999
09-14-2016 09:08:00,100.0,2.9,2.9,2.9,2.9
09-14-2016 09:19:00,100.0,2.85,2.85,2.85,2.85
09-14-2016 09:39:00,200.0,2.8299,2.8299,2.8299,2.8299
09-14-2016 09:43:00,100.0,2.8299,2.8299,2.8299,2.8299
09-14-2016 09:45:00,2000.0,2.8125,2.8125,2.8125,2.8125
09-14-2016 09:52:00,800.0,2.83,2.83,2.8,2.815
09-14-2016 10:03:00,500.0,2.8219,2.8219,2.8219,2.8219
09-14-2016 10:08:00,1424.0,2.83,2.9,2.83,2.9
09-14-2016 10:09:00,100.0,2.87,2.87,2.87,2.87
09-14-2016 10:12:00,100.0,2.86,2.86,2.86,2.86
09-14-2016 11:02:00,230.0,2.8532,2.8532,2.8532,2.8532
09-14-2016 11:03:00,300.0,2.8598,2.8598,2.8598,2.8598
09-14-2016 11:06:00,700.0,2.85,2.86,2.84,2.84
09-14-2016 11:34:00,100.0,2.85,2.85,2.85,2.85
09-14-2016 11:35:00,400.0,2.84,2.84,2.84,2.84
09-14-2016 11:56:00,903.0,2.84,2.84,2.84,2.84
09-14-2016 12:08:00,100.0,2.85,2.85,2.85,2.85
09-14-2016 12:10:00,500.0,2.85,2.85,2.85,2.85
09-14-2016 12:23:00,5300.0,2.8399,2.84,2.8399,2.84
09-14-2016 13:03:00,200.0,2.84,2.84,2.84,2.84
09-14-2016 13:06:00,100.0,2.85,2.85,2.85,2.85
09-14-2016 13:32:00,423.0,2.83,2.83,2.83,2.83
09-14-2016 14:18:00,200.0,2.838,2.838,2.838,2.838
09-14-2016 14:22:00,200.0,2.84,2.84,2.84,2.84
09-14-2016 14:25:00,1000.0,2.8281,2.8281,2.8281,2.8281
09-14-2016 14:45:00,100.0,2.85,2.85,2.85,2.85
09-14-2016 14:51:00,200.0,2.86,2.86,2.82,2.82
09-14-2016 14:54:00,100.0,2.85,2.85,2.85,2.85
09-14-2016 14:58:00,100.0,2.85,2.85,2.85,2.85
09-14-2016 14:59:00,500.0,2.85,2.85,2.85,2.85
09-14-2016 15:00:00,1012.0,2.835,2.85,2.82,2.85
09-15-2016 08:31:00,100.0,3.0,3.0,3.0,3.0
09-15-2016 08:38:00,200.0,2.85,2.85,2.85,2.85
09-15-2016 08:50:00,2706.0,2.78,2.8099,2.71,2.8099
09-15-2016 08:52:00,100.0,2.8499,2.8499,2.8499,2.8499
09-15-2016 08:56:00,925.0,2.7501,2.7501,2.7501,2.7501
09-15-2016 09:26:00,4535.0,2.8,2.81,2.78,2.81
09-15-2016 09:36:00,1660.0,2.81,2.815,2.79,2.79
09-15-2016 09:38:00,417.0,2.8,2.85,2.8,2.85
09-15-2016 10:08:00,2200.0,2.83,2.845,2.83,2.84
09-15-2016 10:09:00,200.0,2.845,2.85,2.845,2.85
09-15-2016 10:13:00,700.0,2.8201,2.845,2.8201,2.845
09-15-2016 10:18:00,100.0,2.8671,2.8671,2.8671,2.8671
09-15-2016 10:19:00,200.0,2.84,2.84,2.84,2.84
09-15-2016 10:20:00,100.0,2.845,2.845,2.845,2.845
09-15-2016 10:30:00,100.0,2.84,2.84,2.84,2.84
09-15-2016 10:49:00,100.0,2.84,2.84,2.84,2.84
09-15-2016 11:04:00,1300.0,2.84,2.85,2.84,2.84
09-15-2016 11:17:00,700.0,2.835,2.835,2.8,2.8
09-15-2016 11:31:00,100.0,2.82,2.82,2.82,2.82
09-15-2016 12:19:00,700.0,2.84,2.88,2.84,2.88
09-15-2016 12:35:00,200.0,2.87,2.87,2.87,2.87
09-15-2016 12:39:00,100.0,2.8899,2.8899,2.8899,2.8899
09-15-2016 12:45:00,300.0,2.88,2.88,2.88,2.88
09-15-2016 12:49:00,100.0,2.8999,2.8999,2.8999,2.8999
09-15-2016 12:57:00,200.0,2.8889,2.8889,2.8889,2.8889
09-15-2016 13:00:00,300.0,2.88,2.88,2.88,2.88
09-15-2016 13:01:00,1100.0,2.8725,2.885,2.86,2.86
09-15-2016 13:09:00,700.0,2.8611,2.8611,2.8611,2.8611
09-15-2016 13:22:00,9100.0,2.8675,2.88,2.85,2.85
09-15-2016 13:24:00,100.0,2.8799,2.8799,2.8799,2.8799
09-15-2016 13:32:00,100.0,2.88,2.88,2.88,2.88
09-15-2016 13:35:00,600.0,2.865,2.865,2.865,2.865
09-15-2016 13:38:00,400.0,2.865,2.865,2.865,2.865
09-15-2016 13:50:00,163.0,2.8644,2.8644,2.8644,2.8644
09-15-2016 13:52:00,200.0,2.865,2.865,2.865,2.865
09-15-2016 13:54:00,100.0,2.88,2.88,2.88,2.88
09-15-2016 13:56:00,300.0,2.865,2.865,2.865,2.865
09-15-2016 14:10:00,300.0,2.865,2.865,2.865,2.865
09-15-2016 14:15:00,300.0,2.865,2.865,2.865,2.865
09-15-2016 14:19:00,1000.0,2.856,2.856,2.856,2.856
09-15-2016 14:27:00,100.0,2.88,2.88,2.88,2.88
09-15-2016 14:30:00,170.0,2.86,2.86,2.86,2.86
09-15-2016 14:33:00,200.0,2.84,2.86,2.84,2.86
09-15-2016 14:35:00,200.0,2.86,2.86,2.86,2.86
09-15-2016 14:40:00,100.0,2.88,2.88,2.88,2.88
09-15-2016 14:43:00,100.0,2.85,2.85,2.85,2.85
09-15-2016 14:50:00,650.0,2.8569,2.8569,2.8569,2.8569
09-15-2016 14:55:00,100.0,2.85,2.85,2.85,2.85
09-15-2016 14:56:00,2361.0,2.84,2.84,2.835,2.84
09-15-2016 14:57:00,100.0,2.87,2.87,2.87,2.87
09-15-2016 14:59:00,300.0,2.87,2.87,2.87,2.87
09-15-2016 15:00:00,954.0,2.87,2.87,2.86,2.87
09-16-2016 08:30:00,1200.0,2.82,2.82,2.82,2.82
09-16-2016 08:42:00,100.0,2.87,2.87,2.87,2.87
09-16-2016 08:46:00,200.0,2.82,2.875,2.82,2.875
09-16-2016 08:53:00,1500.0,2.8301,2.8301,2.8301,2.8301
09-16-2016 08:54:00,670.0,2.84,2.84,2.82,2.82
09-16-2016 09:02:00,500.0,2.8209,2.8209,2.8209,2.8209
09-16-2016 09:11:00,100.0,2.865,2.865,2.865,2.865
09-16-2016 09:19:00,100.0,2.87,2.87,2.87,2.87
09-16-2016 09:40:00,200.0,2.88,2.89,2.88,2.89
09-16-2016 09:42:00,100.0,2.89,2.89,2.89,2.89
09-16-2016 09:52:00,100.0,2.875,2.875,2.875,2.875
09-16-2016 09:56:00,500.0,2.86,2.89,2.86,2.89
09-16-2016 09:59:00,115.0,2.8862,2.8862,2.8862,2.8862
09-16-2016 10:03:00,100.0,2.89,2.89,2.89,2.89
09-16-2016 10:09:00,100.0,2.86,2.86,2.86,2.86
09-16-2016 10:12:00,100.0,2.855,2.855,2.855,2.855
09-16-2016 10:20:00,500.0,2.88,2.88,2.88,2.88
09-16-2016 10:37:00,100.0,2.89,2.89,2.89,2.89
09-16-2016 10:46:00,100.0,2.89,2.89,2.89,2.89
09-16-2016 10:48:00,200.0,2.86,2.86,2.86,2.86
09-16-2016 10:54:00,1100.0,2.86,2.89,2.86,2.89
09-16-2016 10:56:00,100.0,2.89,2.89,2.89,2.89
09-16-2016 11:01:00,100.0,2.88,2.88,2.88,2.88
09-16-2016 11:03:00,1500.0,2.8601,2.8601,2.8601,2.8601
09-16-2016 11:06:00,100.0,2.875,2.875,2.875,2.875
09-16-2016 11:13:00,100.0,2.89,2.89,2.89,2.89
09-16-2016 11:17:00,100.0,2.89,2.89,2.89,2.89
09-16-2016 11:28:00,100.0,2.89,2.89,2.89,2.89
09-16-2016 11:39:00,200.0,2.89,2.89,2.89,2.89
09-16-2016 11:50:00,200.0,2.875,2.875,2.875,2.875
09-16-2016 11:53:00,200.0,2.86,2.86,2.86,2.86
09-16-2016 12:01:00,100.0,2.87,2.87,2.87,2.87
09-16-2016 12:05:00,100.0,2.87,2.87,2.87,2.87
09-16-2016 12:10:00,100.0,2.87,2.87,2.87,2.87
09-16-2016 12:12:00,100.0,2.88,2.88,2.88,2.88
09-16-2016 12:23:00,100.0,2.88,2.88,2.88,2.88
09-16-2016 12:24:00,100.0,2.88,2.88,2.88,2.88
09-16-2016 12:25:00,100.0,2.88,2.88,2.88,2.88
09-16-2016 12:26:00,700.0,2.87,2.87,2.85,2.85
09-16-2016 12:45:00,100.0,2.855,2.855,2.855,2.855
09-16-2016 12:55:00,200.0,2.87,2.87,2.87,2.87
09-16-2016 12:58:00,700.0,2.87,2.88,2.87,2.88
09-16-2016 12:59:00,200.0,2.88,2.88,2.88,2.88
09-16-2016 13:05:00,100.0,2.88,2.88,2.88,2.88
09-16-2016 13:06:00,1110.0,2.88,2.9,2.88,2.9
09-16-2016 13:07:00,300.0,2.9,2.9,2.9,2.9
09-16-2016 13:14:00,200.0,2.9,2.9,2.9,2.9
09-16-2016 13:23:00,100.0,2.9,2.9,2.9,2.9
09-16-2016 13:28:00,100.0,2.9,2.9,2.9,2.9
09-16-2016 13:30:00,100.0,2.9,2.9,2.9,2.9
09-16-2016 13:45:00,2138.0,2.9,2.92,2.9,2.92
09-16-2016 13:47:00,6000.0,2.91,2.92,2.9,2.92
09-16-2016 13:52:00,100.0,2.92,2.92,2.92,2.92
09-16-2016 13:53:00,547.0,2.9001,2.92,2.9001,2.92
09-16-2016 13:58:00,100.0,2.9399,2.9399,2.9399,2.9399
09-16-2016 13:59:00,200.0,2.9001,2.9299,2.9001,2.9299
09-16-2016 14:12:00,200.0,2.93,2.93,2.93,2.93
09-16-2016 14:14:00,100.0,2.915,2.915,2.915,2.915
09-16-2016 14:19:00,3004.0,2.92,2.94,2.92,2.93
09-16-2016 14:21:00,5531.0,2.93,2.9499,2.92,2.9499
09-16-2016 14:23:00,326.0,2.94,2.94,2.94,2.94
09-16-2016 14:28:00,100.0,2.95,2.95,2.95,2.95
09-16-2016 14:34:00,100.0,2.95,2.95,2.95,2.95
09-16-2016 14:36:00,100.0,2.95,2.95,2.95,2.95
09-16-2016 14:42:00,100.0,2.95,2.95,2.95,2.95
09-16-2016 14:44:00,116.0,2.92,2.92,2.92,2.92
09-16-2016 14:45:00,14047.0,2.95,2.95,2.89,2.94
09-16-2016 14:49:00,100.0,2.95,2.95,2.95,2.95
09-16-2016 14:50:00,1600.0,2.95,2.95,2.95,2.95
09-16-2016 14:51:00,800.0,2.95,2.95,2.95,2.95
09-16-2016 14:55:00,1900.0,2.95,2.95,2.95,2.95
09-16-2016 14:57:00,100.0,2.97,2.97,2.97,2.97
09-16-2016 14:59:00,388.0,2.97,2.97,2.955,2.955
09-16-2016 15:00:00,6219.0,2.955,2.98,2.955,2.98
09-19-2016 08:30:00,549.0,3.0,3.0,3.0,3.0
09-19-2016 08:46:00,100.0,3.0,3.0,3.0,3.0
09-19-2016 08:52:00,300.0,3.0,3.05,3.0,3.05
09-19-2016 08:55:00,100.0,2.99,2.99,2.99,2.99
09-19-2016 08:57:00,100.0,3.0399,3.0399,3.0399,3.0399
09-19-2016 09:01:00,200.0,3.04,3.04,3.04,3.04
09-19-2016 09:03:00,400.0,3.02,3.02,3.02,3.02
09-19-2016 09:14:00,100.0,3.03,3.03,3.03,3.03
09-19-2016 09:27:00,200.0,3.04,3.04,3.04,3.04
09-19-2016 09:28:00,100.0,3.04,3.04,3.04,3.04
09-19-2016 09:29:00,100.0,3.0,3.0,3.0,3.0
09-19-2016 09:37:00,300.0,3.0,3.0,3.0,3.0
09-19-2016 09:40:00,8659.0,2.9862,3.0,2.96,2.99
09-19-2016 09:49:00,200.0,2.99,2.99,2.99,2.99
09-19-2016 09:51:00,1063.0,2.9852,2.9852,2.9852,2.9852
09-19-2016 10:05:00,200.0,2.9832,2.9832,2.9832,2.9832
09-19-2016 10:18:00,200.0,3.0,3.0,3.0,3.0
09-19-2016 10:59:00,200.0,3.0,3.0,3.0,3.0
09-19-2016 11:03:00,150.0,2.9967,2.9967,2.9967,2.9967
09-19-2016 11:37:00,100.0,2.99,2.99,2.99,2.99
09-19-2016 11:39:00,100.0,2.98,2.98,2.98,2.98
09-19-2016 11:45:00,1500.0,2.99,3.0,2.98,3.0
09-19-2016 11:52:00,200.0,2.9999,2.9999,2.9999,2.9999
09-19-2016 11:56:00,5000.0,2.987,2.987,2.987,2.987
09-19-2016 12:03:00,1000.0,2.9801,2.9801,2.9801,2.9801
09-19-2016 12:05:00,800.0,2.9801,2.9801,2.9801,2.9801
09-19-2016 12:36:00,300.0,2.98,2.98,2.98,2.98
09-19-2016 12:45:00,100.0,2.97,2.97,2.97,2.97
09-19-2016 12:49:00,100.0,2.96,2.96,2.96,2.96
09-19-2016 12:50:00,127.0,2.96,2.96,2.96,2.96
09-19-2016 13:26:00,200.0,2.97,2.97,2.97,2.97
09-19-2016 14:07:00,200.0,2.97,2.97,2.97,2.97
09-19-2016 14:09:00,100.0,2.95,2.95,2.95,2.95
09-19-2016 14:19:00,100.0,2.94,2.94,2.94,2.94
09-19-2016 14:39:00,200.0,2.97,2.97,2.97,2.97
09-19-2016 14:48:00,200.0,2.95,2.95,2.95,2.95
09-19-2016 14:55:00,200.0,2.96,2.96,2.96,2.96
09-19-2016 14:56:00,100.0,2.93,2.93,2.93,2.93
09-19-2016 14:58:00,300.0,2.95,2.95,2.95,2.95
09-19-2016 14:59:00,100.0,2.96,2.96,2.96,2.96
09-19-2016 15:00:00,839.0,2.96,2.96,2.93,2.96
09-19-2016 15:01:00,112.0,2.95,2.95,2.95,2.95
09-20-2016 08:30:00,153.0,2.98,2.98,2.98,2.98
09-20-2016 08:36:00,300.0,2.986,2.986,2.986,2.986
09-20-2016 08:38:00,1500.0,2.99,2.99,2.99,2.99
09-20-2016 08:41:00,200.0,2.9425,2.9425,2.9425,2.9425
09-20-2016 08:46:00,100.0,2.9,2.9,2.9,2.9
09-20-2016 08:48:00,500.0,2.965,2.965,2.965,2.965
09-20-2016 08:52:00,236.0,2.99,2.99,2.99,2.99
09-20-2016 08:55:00,2000.0,3.01,3.01,3.01,3.01
09-20-2016 08:59:00,2700.0,2.9999,3.0,2.99,2.99
09-20-2016 09:12:00,1800.0,2.98,2.99,2.98,2.98
09-20-2016 09:23:00,500.0,2.96,2.97,2.94,2.94
09-20-2016 09:26:00,675.0,2.91,2.93,2.91,2.93
09-20-2016 09:34:00,800.0,2.9499,2.9499,2.9499,2.9499
09-20-2016 09:35:00,100.0,2.94,2.94,2.94,2.94
09-20-2016 10:14:00,200.0,2.9699,2.9699,2.9699,2.9699
09-20-2016 10:33:00,100.0,2.97,2.97,2.97,2.97
09-20-2016 10:46:00,1400.0,2.96,3.0,2.96,3.0
09-20-2016 11:15:00,700.0,2.9778,2.9778,2.9778,2.9778
09-20-2016 11:16:00,200.0,3.0,3.0,3.0,3.0
09-20-2016 11:17:00,100.0,3.0,3.0,3.0,3.0
09-20-2016 11:18:00,300.0,2.985,3.0,2.985,2.985
09-20-2016 11:19:00,100.0,3.0,3.0,3.0,3.0
09-20-2016 11:20:00,511.0,3.0,3.0,3.0,3.0
09-20-2016 11:21:00,500.0,3.0,3.01,3.0,3.01
09-20-2016 11:36:00,100.0,3.0199,3.0199,3.0199,3.0199
09-20-2016 11:44:00,300.0,3.02,3.03,3.02,3.03
09-20-2016 12:00:00,100.0,3.03,3.03,3.03,3.03
09-20-2016 12:01:00,200.0,3.03,3.03,3.03,3.03
09-20-2016 12:02:00,100.0,3.03,3.03,3.03,3.03
09-20-2016 12:17:00,10367.0,3.02,3.02,2.94,2.94
09-20-2016 12:18:00,1150.0,2.9999,2.9999,2.96,2.96
09-20-2016 12:23:00,100.0,2.975,2.975,2.975,2.975
09-20-2016 13:05:00,1000.0,2.9581,2.9581,2.9581,2.9581
09-20-2016 13:06:00,100.0,2.955,2.955,2.955,2.955
09-20-2016 13:07:00,100.0,2.955,2.955,2.955,2.955
09-20-2016 13:14:00,236.0,2.9699,2.97,2.9699,2.97
09-20-2016 13:32:00,2100.0,2.95,2.95,2.95,2.95
09-20-2016 13:37:00,100.0,2.965,2.965,2.965,2.965
09-20-2016 13:38:00,170.0,2.965,2.965,2.965,2.965
09-20-2016 13:39:00,100.0,2.98,2.98,2.98,2.98
09-20-2016 14:07:00,300.0,2.97,2.97,2.97,2.97
09-20-2016 14:19:00,165.0,2.9729,2.9729,2.9729,2.9729
09-20-2016 14:21:00,1000.0,2.98,2.98,2.98,2.98
09-20-2016 14:26:00,200.0,2.96,2.96,2.94,2.94
09-20-2016 14:30:00,200.0,2.945,2.95,2.945,2.95
09-20-2016 14:31:00,1369.0,2.94,2.94,2.94,2.94
09-20-2016 14:36:00,2469.0,2.94,2.94,2.94,2.94
09-20-2016 14:37:00,2400.0,2.95,2.95,2.95,2.95
09-20-2016 14:39:00,100.0,2.94,2.94,2.94,2.94
09-20-2016 14:41:00,1869.0,2.94,2.94,2.94,2.94
09-20-2016 14:44:00,1700.0,2.95,2.95,2.95,2.95
09-20-2016 14:46:00,1698.0,2.94,2.94,2.94,2.94
09-20-2016 14:47:00,2388.0,2.95,2.95,2.95,2.95
09-20-2016 14:52:00,200.0,2.94,2.95,2.94,2.95
09-20-2016 14:55:00,200.0,2.95,2.95,2.95,2.95
09-20-2016 15:00:00,3241.0,2.95,2.95,2.93,2.95
09-20-2016 16:06:00,2050.0,2.95,2.95,2.95,2.95
09-21-2016 08:40:00,1300.0,2.9501,2.9501,2.95,2.95
09-21-2016 08:45:00,1000.0,2.9692,2.9692,2.9692,2.9692
09-21-2016 08:46:00,100.0,2.95,2.95,2.95,2.95
09-21-2016 10:37:00,100.0,2.99,2.99,2.99,2.99
09-21-2016 10:38:00,300.0,2.989,2.989,2.989,2.989
09-21-2016 10:47:00,125.0,2.9501,2.9501,2.9501,2.9501
09-21-2016 10:49:00,248.0,2.95,2.95,2.95,2.95
09-21-2016 11:02:00,166.0,2.9351,2.9351,2.9351,2.9351
09-21-2016 11:11:00,100.0,2.92,2.92,2.92,2.92
09-21-2016 11:12:00,100.0,2.92,2.92,2.92,2.92
09-21-2016 11:13:00,100.0,2.92,2.92,2.92,2.92
09-21-2016 11:14:00,200.0,2.92,2.93,2.92,2.93
09-21-2016 11:37:00,600.0,2.88,2.9,2.88,2.9
09-21-2016 11:55:00,500.0,2.916,2.916,2.916,2.916
09-21-2016 12:06:00,385.0,2.905,2.905,2.905,2.905
09-21-2016 12:11:00,750.0,2.8901,2.8901,2.8901,2.8901
09-21-2016 12:42:00,100.0,2.92,2.92,2.92,2.92
09-21-2016 12:43:00,100.0,2.94,2.94,2.94,2.94
09-21-2016 12:44:00,100.0,2.95,2.95,2.95,2.95
09-21-2016 12:45:00,100.0,2.96,2.96,2.96,2.96
09-21-2016 12:46:00,100.0,2.96,2.96,2.96,2.96
09-21-2016 12:47:00,100.0,2.96,2.96,2.96,2.96
09-21-2016 12:48:00,100.0,2.96,2.96,2.96,2.96
09-21-2016 12:49:00,100.0,2.96,2.96,2.96,2.96
09-21-2016 12:52:00,100.0,2.97,2.97,2.97,2.97
09-21-2016 12:53:00,100.0,2.97,2.97,2.97,2.97
09-21-2016 12:54:00,200.0,2.97,2.97,2.97,2.97
09-21-2016 12:55:00,100.0,2.9644,2.9644,2.9644,2.9644
09-21-2016 12:56:00,900.0,2.9644,2.9644,2.93,2.93
09-21-2016 12:57:00,600.0,2.9644,2.9644,2.93,2.93
09-21-2016 12:58:00,600.0,2.93,2.97,2.93,2.97
09-21-2016 13:03:00,600.0,2.97,2.97,2.97,2.97
09-21-2016 13:08:00,500.0,2.965,2.965,2.965,2.965
09-21-2016 13:09:00,3488.0,2.97,3.0,2.97,3.0
09-21-2016 13:10:00,600.0,2.996,2.996,2.996,2.996
09-21-2016 13:11:00,4132.0,2.99,3.05,2.99,3.05
09-21-2016 13:15:00,4200.0,3.04,3.05,3.04,3.04
09-21-2016 13:21:00,2100.0,2.9901,3.0106,2.99,3.0106
09-21-2016 13:29:00,100.0,3.04,3.04,3.04,3.04
09-21-2016 13:39:00,100.0,3.015,3.015,3.015,3.015
09-21-2016 13:45:00,100.0,3.02,3.02,3.02,3.02
09-21-2016 13:46:00,100.0,3.03,3.03,3.03,3.03
09-21-2016 13:53:00,100.0,3.03,3.03,3.03,3.03
09-21-2016 13:54:00,10700.0,3.01,3.02,2.99,3.02
09-21-2016 14:13:00,100.0,3.04,3.04,3.04,3.04
09-21-2016 14:17:00,10650.0,3.03,3.05,3.02,3.05
09-21-2016 14:20:00,3500.0,3.03,3.0384,3.03,3.03
09-21-2016 14:23:00,4200.0,3.0399,3.04,3.02,3.0386
09-21-2016 14:27:00,3980.0,3.04,3.05,3.02,3.05
09-21-2016 14:29:00,2376.0,3.047,3.047,3.02,3.0309
09-21-2016 14:35:00,200.0,3.05,3.05,3.03,3.03
09-21-2016 14:40:00,100.0,3.05,3.05,3.05,3.05
09-21-2016 14:41:00,100.0,3.05,3.05,3.05,3.05
09-21-2016 14:47:00,2145.0,3.05,3.05,3.0,3.02
09-21-2016 14:51:00,900.0,3.02,3.02,3.02,3.02
09-21-2016 14:57:00,100.0,3.01,3.01,3.01,3.01
09-21-2016 14:58:00,200.0,3.02,3.02,3.0,3.0
09-21-2016 15:00:00,8489.0,3.01,3.04,3.01,3.04
09-22-2016 08:30:00,7452.0,3.05,3.05,3.05,3.05
09-22-2016 08:34:00,2600.0,3.04,3.04,3.008,3.0399
09-22-2016 08:37:00,2000.0,3.03,3.03,3.03,3.03
09-22-2016 08:49:00,263.0,3.0132,3.0132,3.0132,3.0132
09-22-2016 08:50:00,1000.0,3.0399,3.0399,3.0399,3.0399
09-22-2016 08:51:00,200.0,3.04,3.04,3.04,3.04
09-22-2016 08:55:00,2000.0,3.05,3.05,3.05,3.05
09-22-2016 08:56:00,20100.0,3.05,3.05,3.05,3.05
09-22-2016 08:57:00,43861.0,3.05,3.1,3.0401,3.1
09-22-2016 08:58:00,2600.0,3.09,3.11,3.08,3.11
09-22-2016 08:59:00,1100.0,3.09,3.09,3.0705,3.0705
09-22-2016 09:00:00,300.0,3.09,3.09,3.09,3.09
09-22-2016 09:01:00,3297.0,3.0801,3.0801,3.0801,3.0801
09-22-2016 09:02:00,4400.0,3.096,3.096,3.08,3.08
09-22-2016 09:03:00,1000.0,3.0601,3.0601,3.0601,3.0601
09-22-2016 09:06:00,1000.0,3.06,3.06,3.06,3.06
09-22-2016 09:12:00,2500.0,3.0899,3.0899,3.0899,3.0899
09-22-2016 09:15:00,200.0,3.09,3.09,3.09,3.09
09-22-2016 09:18:00,1100.0,3.0777,3.0777,3.05,3.05
09-22-2016 09:19:00,2000.0,3.0767,3.0767,3.0767,3.0767
09-22-2016 09:27:00,251.0,3.08,3.08,3.08,3.08
09-22-2016 09:31:00,100.0,3.09,3.09,3.09,3.09
09-22-2016 09:37:00,400.0,3.1,3.1,3.1,3.1
09-22-2016 09:39:00,3300.0,3.1,3.1,3.0934,3.0934
09-22-2016 09:40:00,3385.0,3.12,3.14,3.12,3.14
09-22-2016 09:41:00,3017.0,3.14,3.14,3.14,3.14
09-22-2016 09:43:00,2600.0,3.14,3.15,3.13,3.15
09-22-2016 09:44:00,3000.0,3.1699,3.1699,3.1699,3.1699
09-22-2016 09:46:00,2500.0,3.157,3.157,3.157,3.157
09-22-2016 09:49:00,500.0,3.1601,3.1601,3.1601,3.1601
09-22-2016 09:52:00,100.0,3.16,3.16,3.16,3.16
09-22-2016 09:55:00,5900.0,3.175,3.175,3.15,3.16
09-22-2016 09:56:00,400.0,3.16,3.16,3.15,3.15
09-22-2016 10:02:00,700.0,3.1487,3.1487,3.1487,3.1487
09-22-2016 10:04:00,4200.0,3.1599,3.16,3.1599,3.16
09-22-2016 10:06:00,5000.0,3.16,3.16,3.15,3.16
09-22-2016 10:07:00,600.0,3.16,3.16,3.16,3.16
09-22-2016 10:08:00,3200.0,3.17,3.18,3.17,3.18
09-22-2016 10:09:00,5100.0,3.185,3.185,3.185,3.185
09-22-2016 10:10:00,2000.0,3.185,3.185,3.185,3.185
09-22-2016 10:11:00,1200.0,3.185,3.19,3.185,3.19
09-22-2016 10:12:00,15300.0,3.18,3.19,3.18,3.185
09-22-2016 10:16:00,3100.0,3.175,3.18,3.175,3.18
09-22-2016 10:17:00,600.0,3.18,3.19,3.18,3.19
09-22-2016 10:18:00,1000.0,3.1872,3.1872,3.1872,3.1872
09-22-2016 10:20:00,2920.0,3.18,3.19,3.18,3.19
09-22-2016 10:21:00,6626.0,3.195,3.195,3.18,3.18
09-22-2016 10:23:00,2500.0,3.18,3.18,3.175,3.175
09-22-2016 10:25:00,400.0,3.18,3.18,3.18,3.18
09-22-2016 10:28:00,4700.0,3.195,3.195,3.18,3.18
09-22-2016 10:30:00,3840.0,3.1846,3.1884,3.18,3.18
09-22-2016 10:33:00,2000.0,3.1801,3.1801,3.1801,3.1801
09-22-2016 10:34:00,2500.0,3.18,3.185,3.18,3.185
09-22-2016 10:37:00,1500.0,3.1828,3.1828,3.1828,3.1828
09-22-2016 10:39:00,2508.0,3.18,3.18,3.15,3.15
09-22-2016 10:40:00,100.0,3.15,3.15,3.15,3.15
09-22-2016 10:41:00,1000.0,3.15,3.15,3.15,3.15
09-22-2016 10:43:00,4400.0,3.1576,3.1576,3.1487,3.1487
09-22-2016 10:45:00,200.0,3.15,3.15,3.15,3.15
09-22-2016 10:47:00,1100.0,3.15,3.1533,3.14,3.15
09-22-2016 10:54:00,500.0,3.158,3.158,3.158,3.158
09-22-2016 10:55:00,100.0,3.14,3.14,3.14,3.14
09-22-2016 10:59:00,100.0,3.14,3.14,3.14,3.14
09-22-2016 11:01:00,550.0,3.15,3.15,3.15,3.15
09-22-2016 11:02:00,1800.0,3.16,3.16,3.155,3.1597
09-22-2016 11:03:00,1000.0,3.15,3.155,3.15,3.155
09-22-2016 11:11:00,1300.0,3.15,3.15,3.14,3.14
09-22-2016 11:15:00,100.0,3.13,3.13,3.13,3.13
09-22-2016 11:19:00,209.0,3.13,3.13,3.13,3.13
09-22-2016 11:23:00,100.0,3.13,3.13,3.13,3.13
09-22-2016 11:28:00,100.0,3.13,3.13,3.13,3.13
09-22-2016 11:32:00,300.0,3.13,3.13,3.13,3.13
09-22-2016 11:34:00,100.0,3.15,3.15,3.15,3.15
09-22-2016 11:36:00,100.0,3.13,3.13,3.13,3.13
09-22-2016 11:37:00,200.0,3.14,3.14,3.14,3.14
09-22-2016 11:40:00,500.0,3.1399,3.1399,3.1399,3.1399
09-22-2016 11:41:00,100.0,3.12,3.12,3.12,3.12
09-22-2016 11:43:00,3875.0,3.12,3.12,3.08,3.08
09-22-2016 11:45:00,3200.0,3.0964,3.0964,3.07,3.07
09-22-2016 11:50:00,100.0,3.08,3.08,3.08,3.08
09-22-2016 11:54:00,100.0,3.08,3.08,3.08,3.08
09-22-2016 11:59:00,6600.0,3.08,3.1,3.08,3.1
09-22-2016 12:08:00,200.0,3.1,3.12,3.1,3.12
09-22-2016 12:12:00,100.0,3.1,3.1,3.1,3.1
09-22-2016 12:17:00,100.0,3.1,3.1,3.1,3.1
09-22-2016 12:21:00,100.0,3.1,3.1,3.1,3.1
09-22-2016 12:23:00,100.0,3.12,3.12,3.12,3.12
09-22-2016 12:26:00,100.0,3.1,3.1,3.1,3.1
09-22-2016 12:30:00,100.0,3.1,3.1,3.1,3.1
09-22-2016 12:31:00,100.0,3.1199,3.1199,3.1199,3.1199
09-22-2016 12:34:00,175.0,3.1135,3.1135,3.1135,3.1135
09-22-2016 12:35:00,100.0,3.1,3.1,3.1,3.1
09-22-2016 12:37:00,350700.0,3.11,3.12,2.9,3.12
09-22-2016 12:39:00,100.0,3.1,3.1,3.1,3.1
09-22-2016 12:40:00,20292.0,3.12,3.15,3.1123,3.13
09-22-2016 12:42:00,6834.0,3.15,3.16,3.1336,3.16
09-22-2016 12:43:00,8080.0,3.1589,3.17,3.1579,3.17
09-22-2016 12:44:00,4000.0,3.165,3.18,3.165,3.1772
09-22-2016 12:45:00,8594.0,3.18,3.18,3.16,3.175
09-22-2016 12:46:00,3175.0,3.19,3.19,3.18,3.1823
09-22-2016 12:47:00,8400.0,3.18,3.18,3.1417,3.1499
09-22-2016 12:48:00,4700.0,3.15,3.15,3.11,3.11
09-22-2016 12:49:00,12899.0,3.11,3.12,3.09,3.1
09-22-2016 12:50:00,2500.0,3.1,3.1,3.1,3.1
09-22-2016 12:51:00,5565.0,3.08,3.1,3.08,3.0923
09-22-2016 12:52:00,4400.0,3.09,3.1,3.09,3.095
09-22-2016 12:53:00,3835.0,3.09,3.1,3.08,3.1
09-22-2016 12:56:00,1700.0,3.1,3.1,3.0998,3.0998
09-22-2016 12:57:00,5400.0,3.1,3.1,3.088,3.1
09-22-2016 12:58:00,4900.0,3.1,3.105,3.09,3.09
09-22-2016 12:59:00,6302.0,3.1,3.1,3.1,3.1
09-22-2016 13:00:00,1996.0,3.1,3.12,3.0999,3.1126
09-22-2016 13:01:00,100.0,3.1,3.1,3.1,3.1
09-22-2016 13:05:00,8116.0,3.11,3.13,3.09,3.11
09-22-2016 13:06:00,3384.0,3.129,3.129,3.09,3.096
09-22-2016 13:08:00,1000.0,3.105,3.105,3.105,3.105
09-22-2016 13:09:00,2000.0,3.105,3.105,3.105,3.105
09-22-2016 13:11:00,4500.0,3.105,3.11,3.09,3.09
09-22-2016 13:15:00,3000.0,3.1,3.1099,3.1,3.1099
09-22-2016 13:16:00,100.0,3.1,3.1,3.1,3.1
09-22-2016 13:17:00,500.0,3.1078,3.1078,3.1078,3.1078
09-22-2016 13:19:00,600.0,3.11,3.11,3.09,3.09
09-22-2016 13:20:00,100.0,3.11,3.11,3.11,3.11
09-22-2016 13:23:00,200.0,3.12,3.12,3.09,3.09
09-22-2016 13:25:00,100.0,3.12,3.12,3.12,3.12
09-22-2016 13:26:00,1300.0,3.1,3.1,3.1,3.1
09-22-2016 13:27:00,1300.0,3.1,3.1,3.08,3.08
09-22-2016 13:29:00,2900.0,3.11,3.11,3.1,3.1
09-22-2016 13:30:00,1000.0,3.09,3.1,3.09,3.09
09-22-2016 13:31:00,100.0,3.09,3.09,3.09,3.09
09-22-2016 13:32:00,3000.0,3.14,3.14,3.09,3.09
09-22-2016 13:35:00,800.0,3.1,3.1,3.09,3.09
09-22-2016 13:36:00,1100.0,3.1,3.1,3.09,3.09
09-22-2016 13:38:00,100.0,3.09,3.09,3.09,3.09
09-22-2016 13:40:00,1500.0,3.1399,3.1399,3.09,3.09
09-22-2016 13:42:00,100.0,3.09,3.09,3.09,3.09
09-22-2016 13:46:00,100.0,3.09,3.09,3.09,3.09
09-22-2016 13:48:00,100.0,3.13,3.13,3.13,3.13
09-22-2016 13:50:00,11100.0,3.09,3.09,3.09,3.09
09-22-2016 13:51:00,800.0,3.13,3.13,3.07,3.07
09-22-2016 13:53:00,100.0,3.08,3.08,3.08,3.08
09-22-2016 13:57:00,200.0,3.09,3.09,3.09,3.09
09-22-2016 13:58:00,1500.0,3.1,3.1,3.07,3.08
09-22-2016 13:59:00,2000.0,3.08,3.08,3.08,3.08
09-22-2016 14:00:00,100.0,3.08,3.08,3.08,3.08
09-22-2016 14:04:00,200.0,3.08,3.08,3.08,3.08
09-22-2016 14:06:00,1500.0,3.0801,3.0801,3.0801,3.0801
09-22-2016 14:07:00,100.0,3.08,3.08,3.08,3.08
09-22-2016 14:10:00,200.0,3.08,3.08,3.08,3.08
09-22-2016 14:11:00,100.0,3.0846,3.0846,3.0846,3.0846
09-22-2016 14:13:00,3600.0,3.08,3.08,3.05,3.05
09-22-2016 14:14:00,100.0,3.05,3.05,3.05,3.05
09-22-2016 14:15:00,100.0,3.08,3.08,3.08,3.08
09-22-2016 14:17:00,100.0,3.05,3.05,3.05,3.05
09-22-2016 14:18:00,100.0,3.07,3.07,3.07,3.07
09-22-2016 14:20:00,100.0,3.05,3.05,3.05,3.05
09-22-2016 14:22:00,2800.0,3.05,3.07,3.05,3.05
09-22-2016 14:23:00,2377.0,3.05,3.08,3.04,3.05
09-22-2016 14:26:00,807.0,3.0499,3.06,3.0499,3.05
09-22-2016 14:27:00,1220.0,3.0799,3.08,3.065,3.08
09-22-2016 14:28:00,100.0,3.06,3.06,3.06,3.06
09-22-2016 14:29:00,2920.0,3.0799,3.0799,3.055,3.055
09-22-2016 14:30:00,2800.0,3.055,3.07,3.05,3.055
09-22-2016 14:31:00,2100.0,3.0688,3.07,3.0688,3.07
09-22-2016 14:32:00,4400.0,3.0699,3.07,3.05,3.06
09-22-2016 14:33:00,100.0,3.06,3.06,3.06,3.06
09-22-2016 14:35:00,100.0,3.05,3.05,3.05,3.05
09-22-2016 14:36:00,6600.0,3.07,3.08,3.07,3.08
09-22-2016 14:37:00,4500.0,3.0899,3.11,3.0775,3.11
09-22-2016 14:38:00,6731.0,3.1,3.15,3.1,3.15
09-22-2016 14:39:00,4550.0,3.12,3.14,3.1,3.12
09-22-2016 14:40:00,1400.0,3.12,3.13,3.115,3.12
09-22-2016 14:41:00,2400.0,3.12,3.13,3.12,3.125
09-22-2016 14:42:00,100.0,3.13,3.13,3.13,3.13
09-22-2016 14:44:00,2190.0,3.13,3.1301,3.12,3.1301
09-22-2016 14:45:00,1350.0,3.15,3.15,3.12,3.149
09-22-2016 14:46:00,1500.0,3.125,3.125,3.125,3.125
09-22-2016 14:47:00,18400.0,3.111,3.15,3.1,3.115
09-22-2016 14:49:00,5940.0,3.101,3.101,3.1,3.1
09-22-2016 14:51:00,13138.0,3.08,3.09,3.08,3.08
09-22-2016 14:52:00,1198.0,3.08,3.1099,3.08,3.08
09-22-2016 14:53:00,231.0,3.08,3.1099,3.08,3.1099
09-22-2016 14:54:00,535.0,3.08,3.08,3.0799,3.0799
09-22-2016 14:55:00,400.0,3.07,3.08,3.07,3.08
09-22-2016 14:56:00,5940.0,3.07,3.08,3.04,3.05
09-22-2016 14:57:00,5739.0,3.05,3.06,3.05,3.06
09-22-2016 14:58:00,1045.0,3.08,3.09,3.05,3.05
09-22-2016 14:59:00,14348.0,3.04,3.05,2.97,2.97
09-22-2016 15:00:00,28345.0,3.0048,3.0048,2.96,3.0
09-22-2016 15:46:00,1500.0,3.04,3.04,3.04,3.04
09-22-2016 18:43:00,4500.0,3.03,3.03,3.03,3.03
09-23-2016 08:30:00,4690.0,3.05,3.05,3.05,3.05
09-23-2016 08:34:00,1200.0,3.1,3.132,3.095,3.095
09-23-2016 08:37:00,4700.0,3.14,3.14,3.1125,3.13
09-23-2016 08:38:00,3150.0,3.13,3.136,3.1,3.13
09-23-2016 08:39:00,569.0,3.14,3.14,3.14,3.14
09-23-2016 08:43:00,1000.0,3.11,3.11,3.11,3.11
09-23-2016 08:45:00,1350.0,3.13,3.13,3.12,3.12
09-23-2016 08:46:00,2000.0,3.1,3.1,3.0849,3.0849
09-23-2016 08:47:00,1200.0,3.1,3.1,3.1,3.1
09-23-2016 08:48:00,500.0,3.1,3.1,3.1,3.1
09-23-2016 08:49:00,1400.0,3.1,3.12,3.1,3.12
09-23-2016 08:50:00,899.0,3.1,3.11,3.08,3.08
09-23-2016 08:51:00,200.0,3.12,3.12,3.12,3.12
09-23-2016 08:53:00,500.0,3.1286,3.1286,3.1286,3.1286
09-23-2016 08:54:00,1000.0,3.14,3.14,3.125,3.125
09-23-2016 08:57:00,500.0,3.1325,3.1325,3.1325,3.1325
09-23-2016 08:59:00,300.0,3.129,3.129,3.129,3.129
09-23-2016 09:00:00,2490.0,3.11,3.1284,3.1,3.1
09-23-2016 09:08:00,900.0,3.11,3.12,3.11,3.12
09-23-2016 09:10:00,1600.0,3.125,3.14,3.125,3.14
09-23-2016 09:11:00,1250.0,3.1299,3.13,3.11,3.12
09-23-2016 09:12:00,300.0,3.1399,3.1399,3.1399,3.1399
09-23-2016 09:16:00,1000.0,3.125,3.125,3.125,3.125
09-23-2016 09:17:00,3100.0,3.1399,3.14,3.1399,3.14
09-23-2016 09:20:00,2800.0,3.125,3.14,3.125,3.125
09-23-2016 09:21:00,800.0,3.11,3.11,3.11,3.11
09-23-2016 09:22:00,1750.0,3.13,3.1399,3.13,3.1399
09-23-2016 09:25:00,2440.0,3.13,3.14,3.1,3.13
09-23-2016 09:26:00,2284.0,3.11,3.11,3.08,3.08
09-23-2016 09:28:00,2500.0,3.1249,3.1249,3.1249,3.1249
09-23-2016 09:29:00,3100.0,3.0947,3.1125,3.08,3.1125
09-23-2016 09:31:00,700.0,3.09,3.09,3.08,3.08
09-23-2016 09:34:00,2000.0,3.1,3.1,3.1,3.1
09-23-2016 09:38:00,2500.0,3.0875,3.0875,3.07,3.07
09-23-2016 09:41:00,200.0,3.1,3.1,3.1,3.1
09-23-2016 09:42:00,100.0,3.11,3.11,3.11,3.11
09-23-2016 09:43:00,2967.0,3.1,3.1,3.1,3.1
09-23-2016 09:45:00,7349.0,3.1,3.1214,3.09,3.09
09-23-2016 09:50:00,300.0,3.09,3.0901,3.09,3.0901
09-23-2016 09:51:00,3000.0,3.1024,3.1024,3.1024,3.1024
09-23-2016 09:52:00,500.0,3.13,3.13,3.091,3.091
09-23-2016 09:56:00,1000.0,3.1,3.1,3.1,3.1
09-23-2016 09:57:00,2300.0,3.1,3.105,3.0914,3.0914
09-23-2016 09:59:00,200.0,3.1,3.1,3.1,3.1
09-23-2016 10:01:00,900.0,3.1,3.1,3.095,3.095
09-23-2016 10:02:00,800.0,3.1,3.1,3.095,3.095
09-23-2016 10:04:00,400.0,3.095,3.095,3.095,3.095
09-23-2016 10:05:00,1700.0,3.1,3.1,3.1,3.1
09-23-2016 10:06:00,9528.0,3.1,3.1,3.095,3.1
09-23-2016 10:10:00,250.0,3.0909,3.0909,3.0909,3.0909
09-23-2016 10:12:00,700.0,3.0909,3.095,3.0909,3.095
09-23-2016 10:13:00,1482.0,3.1,3.13,3.09,3.109
09-23-2016 10:19:00,1200.0,3.1,3.1,3.0989,3.1
09-23-2016 10:20:00,100.0,3.1,3.1,3.1,3.1
09-23-2016 10:23:00,1800.0,3.09,3.0901,3.07,3.07
09-23-2016 10:25:00,2500.0,3.0813,3.0813,3.0813,3.0813
09-23-2016 10:28:00,200.0,3.09,3.09,3.09,3.09
09-23-2016 10:34:00,700.0,3.1,3.1,3.09,3.09
09-23-2016 10:36:00,400.0,3.1,3.1,3.1,3.1
09-23-2016 10:43:00,1000.0,3.0961,3.0961,3.0961,3.0961
09-23-2016 10:45:00,1200.0,3.0954,3.0954,3.0954,3.0954
09-23-2016 10:46:00,300.0,3.095,3.095,3.095,3.095
09-23-2016 10:48:00,700.0,3.0952,3.0952,3.0952,3.0952
09-23-2016 10:50:00,1200.0,3.09,3.09,3.07,3.07
09-23-2016 10:51:00,750.0,3.0701,3.0701,3.0701,3.0701
09-23-2016 11:00:00,2100.0,3.07,3.07,3.05,3.06
09-23-2016 11:01:00,1200.0,3.06,3.06,3.05,3.05
09-23-2016 11:30:00,200.0,3.09,3.09,3.06,3.06
09-23-2016 11:37:00,1020.0,3.08,3.09,3.08,3.09
09-23-2016 11:53:00,250.0,3.0795,3.0795,3.0795,3.0795
09-23-2016 11:54:00,2000.0,3.0709,3.0709,3.0645,3.0645
09-23-2016 11:55:00,100.0,3.09,3.09,3.09,3.09
09-23-2016 12:01:00,5881.0,3.06,3.06,3.02,3.02
09-23-2016 12:06:00,5000.0,3.05,3.05,3.05,3.05
09-23-2016 12:07:00,400.0,3.04,3.04,3.02,3.02
09-23-2016 12:12:00,100.0,3.0464,3.0464,3.0464,3.0464
09-23-2016 12:18:00,100.0,3.04,3.04,3.04,3.04
09-23-2016 12:19:00,18620.0,3.03,3.0406,2.93,2.93
09-23-2016 12:21:00,100.0,2.95,2.95,2.95,2.95
09-23-2016 12:23:00,1000.0,2.9645,2.9645,2.9645,2.9645
09-23-2016 12:39:00,1500.0,2.9608,2.9608,2.9608,2.9608
09-23-2016 12:45:00,300.0,2.99,2.99,2.99,2.99
09-23-2016 12:46:00,1800.0,3.0,3.02,3.0,3.02
09-23-2016 12:47:00,2430.0,3.015,3.05,3.015,3.02
09-23-2016 12:48:00,300.0,3.04,3.05,3.04,3.05
09-23-2016 12:49:00,2600.0,3.05,3.05,3.03,3.03
09-23-2016 12:50:00,100.0,3.04,3.04,3.04,3.04
09-23-2016 12:51:00,600.0,3.05,3.05,3.05,3.05
09-23-2016 12:52:00,300.0,3.05,3.05,3.05,3.05
09-23-2016 12:53:00,3200.0,3.05,3.05,3.035,3.035
09-23-2016 12:54:00,24600.0,3.04,3.04,3.02,3.04
09-23-2016 12:56:00,5500.0,3.04,3.04,3.02,3.02
09-23-2016 13:07:00,100.0,3.035,3.035,3.035,3.035
09-23-2016 13:09:00,300.0,3.035,3.035,3.035,3.035
09-23-2016 13:25:00,100.0,3.04,3.04,3.04,3.04
09-23-2016 13:27:00,200.0,3.03,3.03,3.03,3.03
09-23-2016 13:29:00,400.0,3.03,3.03,3.03,3.03
09-23-2016 13:34:00,200.0,3.05,3.05,3.05,3.05
09-23-2016 13:44:00,1095.0,3.03,3.05,3.02,3.05
09-23-2016 13:48:00,800.0,3.02,3.02,3.0,3.0
09-23-2016 13:56:00,1700.0,3.01,3.03,2.97,2.98
09-23-2016 14:06:00,2500.0,2.9901,2.9901,2.9901,2.9901
09-23-2016 14:09:00,1100.0,3.0,3.0,2.99,3.0
09-23-2016 14:10:00,100.0,2.99,2.99,2.99,2.99
09-23-2016 14:14:00,1645.0,3.0,3.0,3.0,3.0
09-23-2016 14:16:00,330.0,3.0199,3.0199,3.0199,3.0199
09-23-2016 14:18:00,100.0,3.02,3.02,3.02,3.02
09-23-2016 14:27:00,4000.0,2.99,2.9967,2.95,2.95
09-23-2016 14:28:00,700.0,3.0,3.0,2.9745,2.9745
09-23-2016 14:30:00,500.0,2.9601,2.9601,2.9601,2.9601
09-23-2016 14:31:00,900.0,2.96,2.96,2.95,2.95
09-23-2016 14:32:00,600.0,2.96,3.0,2.96,3.0
09-23-2016 14:34:00,110.0,2.9862,2.9862,2.9862,2.9862
09-23-2016 14:35:00,1000.0,2.966,2.966,2.966,2.966
09-23-2016 14:36:00,700.0,2.9654,2.9654,2.9654,2.9654
09-23-2016 14:37:00,150.0,2.9601,2.9601,2.9601,2.9601
09-23-2016 14:41:00,990.0,2.98,2.98,2.95,2.96
09-23-2016 14:48:00,100.0,2.96,2.96,2.96,2.96
09-23-2016 14:53:00,1100.0,2.96,2.97,2.94,2.94
09-23-2016 14:54:00,8350.0,2.95,2.98,2.92,2.93
09-23-2016 14:56:00,800.0,2.93,2.935,2.93,2.93
09-23-2016 14:57:00,1211.0,2.93,2.93,2.92,2.92
09-23-2016 14:58:00,1705.0,2.93,2.94,2.93,2.94
09-23-2016 14:59:00,8099.0,2.93,2.9301,2.88,2.92
09-23-2016 15:00:00,2099.0,2.93,2.94,2.91,2.94
09-23-2016 15:01:00,41.0,2.93,2.93,2.93,2.93
09-26-2016 08:30:00,746.0,2.94,2.94,2.94,2.94
09-26-2016 08:33:00,998.0,2.95,2.95,2.94,2.94
09-26-2016 08:36:00,100.0,2.97,2.97,2.97,2.97
09-26-2016 08:44:00,100.0,2.92,2.92,2.92,2.92
09-26-2016 08:45:00,2200.0,2.901,2.9045,2.86,2.87
09-26-2016 08:46:00,1226.0,2.88,2.88,2.85,2.86
09-26-2016 09:03:00,100.0,2.93,2.93,2.93,2.93
09-26-2016 09:05:00,998.0,2.9,2.9,2.9,2.9
09-26-2016 09:10:00,440.0,2.8641,2.8641,2.8641,2.8641
09-26-2016 09:22:00,300.0,2.86,2.86,2.86,2.86
09-26-2016 09:29:00,400.0,2.86,2.87,2.86,2.86
09-26-2016 09:32:00,444.0,2.85,2.85,2.85,2.85
09-26-2016 09:35:00,1050.0,2.8699,2.8699,2.81,2.81
09-26-2016 09:39:00,1250.0,2.8479,2.86,2.835,2.86
09-26-2016 09:42:00,2000.0,2.821,2.821,2.821,2.821
09-26-2016 09:52:00,2550.0,2.86,2.86,2.845,2.8572
09-26-2016 09:58:00,1200.0,2.8544,2.8544,2.84,2.84
09-26-2016 10:00:00,400.0,2.864,2.864,2.864,2.864
09-26-2016 10:02:00,2000.0,2.87,2.87,2.87,2.87
09-26-2016 10:12:00,100.0,2.87,2.87,2.87,2.87
09-26-2016 10:13:00,188.0,2.8432,2.8432,2.8432,2.8432
09-26-2016 10:21:00,1000.0,2.855,2.855,2.855,2.855
09-26-2016 10:23:00,100.0,2.86,2.86,2.86,2.86
09-26-2016 10:25:00,100.0,2.855,2.855,2.855,2.855
09-26-2016 10:37:00,200.0,2.86,2.86,2.86,2.86
09-26-2016 10:47:00,1000.0,2.885,2.885,2.885,2.885
09-26-2016 10:48:00,2000.0,2.882,2.894,2.882,2.894
09-26-2016 10:52:00,1125.0,2.8604,2.8604,2.8604,2.8604
09-26-2016 10:59:00,200.0,2.9,2.9,2.9,2.9
09-26-2016 11:09:00,400.0,2.8999,2.8999,2.8999,2.8999
09-26-2016 11:13:00,100.0,2.9,2.9,2.9,2.9
09-26-2016 11:25:00,1000.0,2.9091,2.9091,2.9091,2.9091
09-26-2016 11:28:00,700.0,2.89,2.89,2.85,2.85
09-26-2016 11:31:00,900.0,2.89,2.9,2.89,2.9
09-26-2016 11:34:00,2000.0,2.9092,2.9092,2.9092,2.9092
09-26-2016 11:42:00,450.0,2.89,2.89,2.87,2.87
09-26-2016 12:05:00,100.0,2.91,2.91,2.91,2.91
09-26-2016 12:07:00,200.0,2.92,2.93,2.92,2.93
09-26-2016 12:28:00,500.0,2.91,2.91,2.89,2.89
09-26-2016 12:30:00,500.0,2.89,2.89,2.88,2.88
09-26-2016 12:32:00,919.0,2.8899,2.8899,2.8899,2.8899
09-26-2016 12:34:00,500.0,2.861,2.861,2.861,2.861
09-26-2016 12:35:00,200.0,2.86,2.86,2.86,2.86
09-26-2016 12:45:00,200.0,2.85,2.85,2.85,2.85
09-26-2016 12:46:00,100.0,2.83,2.83,2.83,2.83
09-26-2016 12:57:00,1100.0,2.821,2.835,2.82,2.82
09-26-2016 13:00:00,100.0,2.85,2.85,2.85,2.85
09-26-2016 13:17:00,1810.0,2.8299,2.8299,2.82,2.82
09-26-2016 13:29:00,100.0,2.835,2.835,2.835,2.835
09-26-2016 13:49:00,100.0,2.85,2.85,2.85,2.85
09-26-2016 13:54:00,100.0,2.84,2.84,2.84,2.84
09-26-2016 13:55:00,800.0,2.8499,2.8499,2.8499,2.8499
09-26-2016 13:57:00,326.0,2.83,2.83,2.82,2.82
09-26-2016 13:59:00,300.0,2.83,2.83,2.82,2.82
09-26-2016 14:04:00,100.0,2.84,2.84,2.84,2.84
09-26-2016 14:06:00,200.0,2.84,2.84,2.84,2.84
09-26-2016 14:11:00,200.0,2.84,2.84,2.84,2.84
09-26-2016 14:37:00,200.0,2.83,2.84,2.83,2.84
09-26-2016 14:44:00,100.0,2.84,2.84,2.84,2.84
09-26-2016 14:45:00,3800.0,2.8308,2.85,2.8308,2.85
09-26-2016 14:49:00,600.0,2.8489,2.85,2.84,2.85
09-26-2016 14:51:00,500.0,2.85,2.85,2.85,2.85
09-26-2016 14:52:00,3300.0,2.84,2.84,2.83,2.8301
09-26-2016 14:55:00,300.0,2.84,2.84,2.84,2.84
09-26-2016 14:56:00,100.0,2.84,2.84,2.84,2.84
09-26-2016 14:57:00,100.0,2.85,2.85,2.85,2.85
09-26-2016 14:59:00,2122.0,2.84,2.84,2.82,2.82
09-26-2016 15:00:00,1671.0,2.84,2.84,2.82,2.82
09-26-2016 15:30:00,300.0,2.8,2.8,2.8,2.8
09-27-2016 08:30:00,300.0,2.81,2.81,2.81,2.81
09-27-2016 08:31:00,14870.0,2.82,2.82,2.75,2.76
09-27-2016 08:32:00,1122.0,2.75,2.75,2.75,2.75
09-27-2016 08:33:00,6958.0,2.75,2.7763,2.72,2.7201
09-27-2016 08:34:00,5000.0,2.7201,2.7201,2.7201,2.7201
09-27-2016 08:35:00,5000.0,2.7201,2.7201,2.7201,2.7201
09-27-2016 08:36:00,4449.0,2.7201,2.74,2.7,2.7
09-27-2016 08:37:00,1463.0,2.7,2.7309,2.65,2.7
09-27-2016 08:38:00,110.0,2.7119,2.7119,2.7119,2.7119
09-27-2016 08:41:00,1500.0,2.725,2.725,2.725,2.725
09-27-2016 08:44:00,250.0,2.7,2.7042,2.7,2.7042
09-27-2016 08:45:00,300.0,2.7203,2.7203,2.7203,2.7203
09-27-2016 08:46:00,4100.0,2.7,2.7396,2.7,2.7396
09-27-2016 08:47:00,100.0,2.7,2.7,2.7,2.7
09-27-2016 08:50:00,798.0,2.7399,2.7399,2.7399,2.7399
09-27-2016 08:51:00,500.0,2.74,2.75,2.74,2.74
09-27-2016 08:54:00,1100.0,2.77,2.785,2.77,2.785
09-27-2016 08:55:00,200.0,2.77,2.77,2.77,2.77
09-27-2016 08:56:00,200.0,2.77,2.7701,2.77,2.7701
09-27-2016 08:57:00,300.0,2.77,2.77,2.77,2.77
09-27-2016 08:58:00,875.0,2.77,2.7956,2.73,2.73
09-27-2016 08:59:00,1700.0,2.7712,2.7712,2.74,2.74
09-27-2016 09:00:00,200.0,2.74,2.74,2.74,2.74
09-27-2016 09:06:00,800.0,2.77,2.77,2.72,2.72
09-27-2016 09:07:00,1000.0,2.76,2.76,2.76,2.76
09-27-2016 09:10:00,600.0,2.79,2.79,2.76,2.79
09-27-2016 09:19:00,1900.0,2.751,2.754,2.75,2.75
09-27-2016 09:21:00,1100.0,2.79,2.79,2.7652,2.7652
09-27-2016 09:26:00,700.0,2.77,2.83,2.77,2.83
09-27-2016 09:28:00,250.0,2.8201,2.8201,2.8201,2.8201
09-27-2016 09:30:00,100.0,2.85,2.85,2.85,2.85
09-27-2016 09:32:00,400.0,2.82,2.84,2.82,2.84
09-27-2016 09:45:00,100.0,2.85,2.85,2.85,2.85
09-27-2016 09:52:00,480.0,2.8317,2.8317,2.8317,2.8317
09-27-2016 09:56:00,100.0,2.85,2.85,2.85,2.85
09-27-2016 09:57:00,100.0,2.8499,2.8499,2.8499,2.8499
09-27-2016 10:16:00,100.0,2.82,2.82,2.82,2.82
09-27-2016 10:17:00,2600.0,2.821,2.8375,2.82,2.83
09-27-2016 10:22:00,100.0,2.83,2.83,2.83,2.83
09-27-2016 10:35:00,1300.0,2.838,2.838,2.81,2.81
09-27-2016 10:45:00,3500.0,2.8392,2.8392,2.8392,2.8392
09-27-2016 10:51:00,100.0,2.83,2.83,2.83,2.83
09-27-2016 10:52:00,400.0,2.82,2.82,2.81,2.81
09-27-2016 10:56:00,5125.0,2.81,2.81,2.79,2.79
09-27-2016 11:23:00,200.0,2.8,2.8,2.8,2.8
09-27-2016 11:24:00,2015.0,2.79,2.792,2.76,2.76
09-27-2016 11:30:00,1800.0,2.7735,2.7735,2.76,2.7601
09-27-2016 11:34:00,5000.0,2.7716,2.79,2.75,2.75
09-27-2016 11:46:00,200.0,2.745,2.745,2.745,2.745
09-27-2016 12:02:00,1061.0,2.73,2.73,2.73,2.73
09-27-2016 12:09:00,257.0,2.7362,2.7362,2.7362,2.7362
09-27-2016 12:11:00,450.0,2.73,2.7333,2.73,2.7333
09-27-2016 12:16:00,500.0,2.73,2.735,2.73,2.73
09-27-2016 12:22:00,1829.0,2.71,2.71,2.7,2.7
09-27-2016 12:25:00,200.0,2.73,2.73,2.73,2.73
09-27-2016 12:27:00,500.0,2.715,2.715,2.715,2.715
09-27-2016 12:29:00,400.0,2.7279,2.7279,2.7279,2.7279
09-27-2016 12:32:00,2358.0,2.71,2.71,2.69,2.69
09-27-2016 12:33:00,1100.0,2.6801,2.7,2.6801,2.7
09-27-2016 12:35:00,1600.0,2.699,2.7,2.699,2.7
09-27-2016 12:37:00,1000.0,2.7,2.7,2.6995,2.6995
09-27-2016 12:42:00,5322.0,2.7,2.72,2.6999,2.72
09-27-2016 12:45:00,516.0,2.75,2.75,2.75,2.75
09-27-2016 12:46:00,100.0,2.75,2.75,2.75,2.75
09-27-2016 12:52:00,200.0,2.74,2.74,2.735,2.735
09-27-2016 12:55:00,3376.0,2.72,2.72,2.68,2.68
09-27-2016 13:07:00,599.0,2.73,2.75,2.73,2.75
09-27-2016 13:08:00,400.0,2.75,2.75,2.75,2.75
09-27-2016 13:09:00,1080.0,2.76,2.77,2.76,2.764
09-27-2016 13:10:00,500.0,2.79,2.8,2.76,2.8
09-27-2016 13:11:00,300.0,2.8,2.8,2.8,2.8
09-27-2016 13:12:00,300.0,2.79,2.8,2.79,2.8
09-27-2016 13:13:00,400.0,2.8,2.81,2.8,2.8
09-27-2016 13:14:00,6200.0,2.81,2.82,2.8,2.82
09-27-2016 13:16:00,12000.0,2.815,2.84,2.81,2.82
09-27-2016 13:18:00,100.0,2.82,2.82,2.82,2.82
09-27-2016 13:19:00,12900.0,2.82,2.84,2.805,2.83
09-27-2016 13:20:00,700.0,2.8,2.83,2.79,2.79
09-27-2016 13:24:00,100.0,2.8,2.8,2.8,2.8
09-27-2016 13:29:00,100.0,2.8,2.8,2.8,2.8
09-27-2016 13:32:00,100.0,2.8,2.8,2.8,2.8
09-27-2016 13:34:00,100.0,2.8,2.8,2.8,2.8
09-27-2016 13:36:00,300.0,2.8,2.8,2.8,2.8
09-27-2016 13:37:00,2400.0,2.8,2.805,2.8,2.8
09-27-2016 13:39:00,200.0,2.8,2.8,2.7917,2.7917
09-27-2016 13:41:00,900.0,2.795,2.795,2.74,2.74
09-27-2016 13:52:00,700.0,2.7799,2.7799,2.7799,2.7799
09-27-2016 13:55:00,100.0,2.78,2.78,2.78,2.78
09-27-2016 14:03:00,600.0,2.78,2.8,2.78,2.8
09-27-2016 14:05:00,100.0,2.8,2.8,2.8,2.8
09-27-2016 14:08:00,1000.0,2.78,2.78,2.78,2.78
09-27-2016 14:09:00,4500.0,2.8,2.8,2.764,2.764
09-27-2016 14:11:00,300.0,2.8,2.8,2.8,2.8
09-27-2016 14:12:00,100.0,2.8,2.8,2.8,2.8
09-27-2016 14:13:00,6600.0,2.8,2.81,2.8,2.81
09-27-2016 14:14:00,100.0,2.8,2.8,2.8,2.8
09-27-2016 14:19:00,100.0,2.81,2.81,2.81,2.81
09-27-2016 14:22:00,100.0,2.8,2.8,2.8,2.8
09-27-2016 14:23:00,200.0,2.81,2.81,2.81,2.81
09-27-2016 14:25:00,100.0,2.81,2.81,2.81,2.81
09-27-2016 14:27:00,100.0,2.81,2.81,2.81,2.81
09-27-2016 14:30:00,100.0,2.81,2.81,2.81,2.81
09-27-2016 14:31:00,200.0,2.81,2.81,2.81,2.81
09-27-2016 14:36:00,100.0,2.81,2.81,2.81,2.81
09-27-2016 14:37:00,100.0,2.81,2.81,2.81,2.81
09-27-2016 14:40:00,1000.0,2.783,2.783,2.783,2.783
09-27-2016 14:42:00,100.0,2.81,2.81,2.81,2.81
09-27-2016 14:44:00,100.0,2.81,2.81,2.81,2.81
09-27-2016 14:47:00,100.0,2.81,2.81,2.81,2.81
09-27-2016 14:48:00,100.0,2.81,2.81,2.81,2.81
09-27-2016 14:49:00,2176.0,2.78,2.78,2.76,2.76
09-27-2016 14:50:00,2200.0,2.7712,2.81,2.7712,2.79
09-27-2016 14:51:00,2440.0,2.8,2.82,2.8,2.82
09-27-2016 14:52:00,100.0,2.82,2.82,2.82,2.82
09-27-2016 14:53:00,1300.0,2.84,2.84,2.837,2.84
09-27-2016 14:54:00,100.0,2.84,2.84,2.84,2.84
09-27-2016 14:56:00,100.0,2.85,2.85,2.85,2.85
09-27-2016 14:57:00,430.0,2.85,2.85,2.84,2.84
09-27-2016 14:58:00,100.0,2.85,2.85,2.85,2.85
09-27-2016 14:59:00,500.0,2.85,2.85,2.85,2.85
09-27-2016 15:00:00,10433.0,2.85,2.85,2.83,2.84
09-27-2016 15:01:00,348.0,2.83,2.83,2.83,2.83
09-27-2016 16:59:00,58.0,2.84,2.84,2.84,2.84
