09-07-2016 08:30:00,200.0,0.7,0.7,0.7,0.7
09-07-2016 08:38:00,3427.0,0.7,0.7,0.69,0.69
09-07-2016 08:45:00,100.0,0.69,0.69,0.69,0.69
09-07-2016 09:00:00,400.0,0.7185,0.7185,0.69,0.69
09-07-2016 09:17:00,100.0,0.717,0.717,0.717,0.717
09-07-2016 09:21:00,100.0,0.71,0.71,0.71,0.71
09-07-2016 09:36:00,300.0,0.71,0.71,0.7001,0.7001
09-07-2016 09:42:00,140.0,0.7001,0.7001,0.7001,0.7001
09-07-2016 09:47:00,3000.0,0.71,0.71,0.71,0.71
09-07-2016 09:48:00,500.0,0.7025,0.7025,0.7025,0.7025
09-07-2016 09:52:00,1310.0,0.7025,0.7075,0.702,0.702
09-07-2016 09:54:00,100.0,0.702,0.702,0.702,0.702
09-07-2016 10:01:00,3000.0,0.7024,0.7024,0.7024,0.7024
09-07-2016 10:03:00,100.0,0.702,0.702,0.702,0.702
09-07-2016 10:18:00,100.0,0.702,0.702,0.702,0.702
09-07-2016 10:31:00,100.0,0.702,0.702,0.702,0.702
09-07-2016 10:34:00,100.0,0.717,0.717,0.717,0.717
09-07-2016 10:38:00,100.0,0.7027,0.7027,0.7027,0.7027
09-07-2016 10:40:00,300.0,0.7185,0.7185,0.7185,0.7185
09-07-2016 10:57:00,100.0,0.7165,0.7165,0.7165,0.7165
09-07-2016 10:59:00,200.0,0.7165,0.7185,0.7165,0.7185
09-07-2016 11:00:00,200.0,0.7026,0.7026,0.702,0.702
09-07-2016 11:12:00,200.0,0.7185,0.7185,0.702,0.702
09-07-2016 11:15:00,100.0,0.702,0.702,0.702,0.702
09-07-2016 11:23:00,200.0,0.7185,0.7185,0.702,0.702
09-07-2016 11:24:00,300.0,0.7185,0.7185,0.7185,0.7185
09-07-2016 11:28:00,400.0,0.702,0.702,0.702,0.702
09-07-2016 11:40:00,100.0,0.702,0.702,0.702,0.702
09-07-2016 11:46:00,700.0,0.7021,0.7027,0.702,0.702
09-07-2016 11:50:00,100.0,0.6901,0.6901,0.6901,0.6901
09-07-2016 12:02:00,100.0,0.6901,0.6901,0.6901,0.6901
09-07-2016 12:14:00,100.0,0.6901,0.6901,0.6901,0.6901
09-07-2016 12:25:00,100.0,0.6901,0.6901,0.6901,0.6901
09-07-2016 12:26:00,400.0,0.7185,0.7185,0.6901,0.6901
09-07-2016 12:36:00,100.0,0.7175,0.7175,0.7175,0.7175
09-07-2016 12:38:00,190.0,0.7,0.7,0.7,0.7
09-07-2016 12:41:00,600.0,0.7058,0.7058,0.7,0.7
09-07-2016 12:46:00,100.0,0.7175,0.7175,0.7175,0.7175
09-07-2016 13:09:00,100.0,0.7026,0.7026,0.7026,0.7026
09-07-2016 13:11:00,100.0,0.717,0.717,0.717,0.717
09-07-2016 13:14:00,100.0,0.702,0.702,0.702,0.702
09-07-2016 13:16:00,200.0,0.717,0.717,0.7,0.7
09-07-2016 13:30:00,400.0,0.7185,0.7185,0.7,0.7
09-07-2016 13:32:00,100.0,0.7175,0.7175,0.7175,0.7175
09-07-2016 13:36:00,100.0,0.7175,0.7175,0.7175,0.7175
09-07-2016 13:51:00,100.0,0.7006,0.7006,0.7006,0.7006
09-07-2016 13:53:00,200.0,0.714,0.714,0.714,0.714
09-07-2016 13:57:00,100.0,0.7006,0.7006,0.7006,0.7006
09-07-2016 13:58:00,2150.0,0.7006,0.714,0.7006,0.7029
09-07-2016 14:06:00,5410.0,0.7132,0.714,0.711,0.7139
09-07-2016 14:10:00,100.0,0.7026,0.7026,0.7026,0.7026
09-07-2016 14:17:00,200.0,0.714,0.714,0.7026,0.7026
09-07-2016 14:20:00,700.0,0.7073,0.714,0.7073,0.7074
09-07-2016 14:23:00,100.0,0.714,0.714,0.714,0.714
09-07-2016 14:26:00,100.0,0.714,0.714,0.714,0.714
09-07-2016 14:29:00,400.0,0.71,0.71,0.7074,0.7074
09-07-2016 14:34:00,200.0,0.714,0.714,0.7083,0.7083
09-07-2016 14:35:00,1000.0,0.7111,0.7112,0.7111,0.7112
09-07-2016 14:37:00,400.0,0.7083,0.7084,0.7083,0.7084
09-07-2016 14:38:00,3900.0,0.7082,0.7082,0.7082,0.7082
09-07-2016 14:40:00,100.0,0.7074,0.7074,0.7074,0.7074
09-07-2016 14:42:00,100.0,0.7083,0.7083,0.7083,0.7083
09-07-2016 14:44:00,100.0,0.7083,0.7083,0.7083,0.7083
09-07-2016 14:47:00,200.0,0.7074,0.7078,0.7074,0.7078
09-07-2016 14:54:00,100.0,0.7083,0.7083,0.7083,0.7083
09-07-2016 14:58:00,200.0,0.7083,0.7083,0.7076,0.7076
09-07-2016 14:59:00,100.0,0.7076,0.7076,0.7076,0.7076
09-07-2016 15:00:00,5884.0,0.7083,0.71,0.7076,0.7076
09-08-2016 08:31:00,11400.0,0.69,0.6901,0.69,0.69
09-08-2016 08:34:00,9760.0,0.69,0.6901,0.69,0.69
09-08-2016 08:35:00,655.0,0.69,0.69,0.69,0.69
09-08-2016 08:38:00,2000.0,0.67,0.67,0.67,0.67
09-08-2016 08:40:00,100.0,0.6601,0.6601,0.6601,0.6601
09-08-2016 08:43:00,15690.0,0.67,0.67,0.6642,0.67
09-08-2016 08:47:00,100.0,0.69,0.69,0.69,0.69
09-08-2016 09:14:00,5000.0,0.6681,0.6681,0.6681,0.6681
09-08-2016 09:28:00,5000.0,0.6646,0.6646,0.6646,0.6646
09-08-2016 09:29:00,4000.0,0.6601,0.669,0.6601,0.669
09-08-2016 09:40:00,100.0,0.69,0.69,0.69,0.69
09-08-2016 09:59:00,100.0,0.69,0.69,0.69,0.69
09-08-2016 10:18:00,100.0,0.69,0.69,0.69,0.69
09-08-2016 10:39:00,100.0,0.69,0.69,0.69,0.69
09-08-2016 10:40:00,8000.0,0.6601,0.6625,0.6601,0.6625
09-08-2016 10:46:00,2500.0,0.6637,0.6637,0.6637,0.6637
09-08-2016 10:50:00,1900.0,0.67,0.69,0.67,0.69
09-08-2016 10:51:00,100.0,0.69,0.69,0.69,0.69
09-08-2016 10:52:00,100.0,0.69,0.69,0.69,0.69
09-08-2016 11:02:00,1000.0,0.69,0.69,0.69,0.69
09-08-2016 11:03:00,200.0,0.69,0.69,0.69,0.69
09-08-2016 11:08:00,3400.0,0.69,0.69,0.69,0.69
09-08-2016 11:13:00,1564.0,0.6801,0.69,0.6801,0.69
09-08-2016 11:28:00,300.0,0.69,0.69,0.69,0.69
09-08-2016 11:55:00,100.0,0.69,0.69,0.69,0.69
09-08-2016 12:23:00,100.0,0.69,0.69,0.69,0.69
09-08-2016 12:46:00,100.0,0.69,0.69,0.69,0.69
09-08-2016 12:50:00,100.0,0.69,0.69,0.69,0.69
09-08-2016 13:04:00,8300.0,0.6807,0.6866,0.68,0.6801
09-08-2016 13:11:00,1500.0,0.6816,0.6816,0.6816,0.6816
09-08-2016 13:36:00,2208.0,0.6807,0.6807,0.68,0.68
09-08-2016 13:37:00,1908.0,0.6808,0.6808,0.6808,0.6808
09-08-2016 13:50:00,100.0,0.685,0.685,0.685,0.685
09-08-2016 13:51:00,300.0,0.685,0.685,0.685,0.685
09-08-2016 13:52:00,682.0,0.685,0.685,0.685,0.685
09-08-2016 14:00:00,100.0,0.685,0.685,0.685,0.685
09-08-2016 14:03:00,6092.0,0.6801,0.6803,0.68,0.68
09-08-2016 14:11:00,400.0,0.6801,0.6825,0.6801,0.6825
09-08-2016 14:22:00,4100.0,0.685,0.685,0.6801,0.6801
09-08-2016 14:27:00,4300.0,0.6814,0.6814,0.6802,0.6802
09-08-2016 14:29:00,100.0,0.685,0.685,0.685,0.685
09-08-2016 14:36:00,100.0,0.685,0.685,0.685,0.685
09-08-2016 14:37:00,400.0,0.685,0.685,0.6804,0.6804
09-08-2016 14:40:00,150.0,0.685,0.685,0.685,0.685
09-08-2016 14:45:00,100.0,0.685,0.685,0.685,0.685
09-08-2016 14:49:00,100.0,0.685,0.685,0.685,0.685
09-08-2016 14:52:00,100.0,0.685,0.685,0.685,0.685
09-08-2016 14:54:00,200.0,0.685,0.685,0.685,0.685
09-08-2016 14:56:00,100.0,0.685,0.685,0.685,0.685
09-08-2016 14:57:00,100.0,0.685,0.685,0.685,0.685
09-08-2016 14:58:00,200.0,0.685,0.685,0.685,0.685
09-08-2016 14:59:00,100.0,0.685,0.685,0.685,0.685
09-08-2016 15:00:00,1100.0,0.6805,0.685,0.6805,0.685
09-09-2016 08:34:00,10000.0,0.6701,0.6811,0.67,0.6811
09-09-2016 08:41:00,5000.0,0.6756,0.6756,0.6756,0.6756
09-09-2016 08:43:00,1000.0,0.678,0.678,0.678,0.678
09-09-2016 09:18:00,359.0,0.67,0.712,0.67,0.712
09-09-2016 09:40:00,750.0,0.7015,0.7119,0.7015,0.7119
09-09-2016 09:42:00,100.0,0.7119,0.7119,0.7119,0.7119
09-09-2016 10:04:00,300.0,0.7119,0.7119,0.7119,0.7119
09-09-2016 10:08:00,2600.0,0.7006,0.7119,0.7006,0.7119
09-09-2016 10:34:00,200.0,0.7,0.7,0.7,0.7
09-09-2016 10:51:00,100.0,0.7,0.7,0.7,0.7
09-09-2016 11:19:00,100.0,0.7,0.7,0.7,0.7
09-09-2016 11:22:00,100.0,0.7,0.7,0.7,0.7
09-09-2016 11:45:00,100.0,0.7,0.7,0.7,0.7
09-09-2016 11:46:00,100.0,0.7,0.7,0.7,0.7
09-09-2016 11:49:00,100.0,0.7,0.7,0.7,0.7
09-09-2016 11:57:00,200.0,0.7,0.7,0.7,0.7
09-09-2016 12:08:00,100.0,0.7,0.7,0.7,0.7
09-09-2016 12:15:00,1600.0,0.685,0.7,0.685,0.7
09-09-2016 12:20:00,100.0,0.7,0.7,0.7,0.7
09-09-2016 12:50:00,100.0,0.7,0.7,0.7,0.7
09-09-2016 12:51:00,100.0,0.7,0.7,0.7,0.7
09-09-2016 13:18:00,100.0,0.7,0.7,0.7,0.7
09-09-2016 13:29:00,400.0,0.6701,0.69,0.6701,0.69
09-09-2016 13:30:00,100.0,0.69,0.69,0.69,0.69
09-09-2016 14:08:00,200.0,0.68,0.68,0.68,0.68
09-09-2016 14:09:00,100.0,0.68,0.68,0.68,0.68
09-09-2016 14:14:00,100.0,0.68,0.68,0.68,0.68
09-09-2016 14:18:00,500.0,0.6701,0.6701,0.6701,0.6701
09-09-2016 14:19:00,200.0,0.6799,0.6799,0.6799,0.6799
09-09-2016 14:29:00,100.0,0.6799,0.6799,0.6799,0.6799
09-09-2016 14:33:00,200.0,0.68,0.68,0.68,0.68
09-09-2016 14:43:00,100.0,0.68,0.68,0.68,0.68
09-09-2016 14:45:00,100.0,0.68,0.68,0.68,0.68
09-09-2016 14:52:00,2127.0,0.6752,0.68,0.6752,0.68
09-09-2016 14:53:00,100.0,0.68,0.68,0.68,0.68
09-09-2016 14:54:00,100.0,0.68,0.68,0.68,0.68
09-09-2016 14:55:00,3100.0,0.68,0.69,0.68,0.69
09-09-2016 14:57:00,100.0,0.6899,0.6899,0.6899,0.6899
09-09-2016 15:00:00,773.0,0.6898,0.6898,0.6898,0.6898
09-12-2016 08:30:00,272.0,0.67,0.67,0.67,0.67
09-12-2016 08:37:00,7800.0,0.68,0.6928,0.68,0.68
09-12-2016 08:39:00,350.0,0.68,0.68,0.68,0.68
09-12-2016 08:48:00,2000.0,0.6895,0.6895,0.6895,0.6895
09-12-2016 09:04:00,100.0,0.704,0.704,0.704,0.704
09-12-2016 09:12:00,5500.0,0.6989,0.6989,0.6989,0.6989
09-12-2016 09:22:00,100.0,0.704,0.704,0.704,0.704
09-12-2016 09:26:00,100.0,0.704,0.704,0.704,0.704
09-12-2016 09:30:00,100.0,0.704,0.704,0.704,0.704
09-12-2016 09:34:00,100.0,0.704,0.704,0.704,0.704
09-12-2016 09:38:00,100.0,0.704,0.704,0.704,0.704
09-12-2016 09:42:00,100.0,0.704,0.704,0.704,0.704
09-12-2016 09:43:00,100.0,0.704,0.704,0.704,0.704
09-12-2016 09:47:00,100.0,0.704,0.704,0.704,0.704
09-12-2016 09:51:00,100.0,0.704,0.704,0.704,0.704
09-12-2016 09:56:00,100.0,0.704,0.704,0.704,0.704
09-12-2016 09:57:00,500.0,0.68,0.68,0.68,0.68
09-12-2016 10:01:00,100.0,0.704,0.704,0.704,0.704
09-12-2016 10:04:00,100.0,0.692,0.692,0.692,0.692
09-12-2016 10:05:00,100.0,0.704,0.704,0.704,0.704
09-12-2016 10:10:00,100.0,0.704,0.704,0.704,0.704
09-12-2016 10:22:00,100.0,0.704,0.704,0.704,0.704
09-12-2016 10:26:00,100.0,0.692,0.692,0.692,0.692
09-12-2016 10:39:00,100.0,0.704,0.704,0.704,0.704
09-12-2016 10:51:00,100.0,0.692,0.692,0.692,0.692
09-12-2016 10:59:00,7300.0,0.68,0.704,0.67,0.704
09-12-2016 11:04:00,100.0,0.704,0.704,0.704,0.704
09-12-2016 11:09:00,100.0,0.704,0.704,0.704,0.704
09-12-2016 11:15:00,100.0,0.704,0.704,0.704,0.704
09-12-2016 11:22:00,200.0,0.704,0.704,0.7029,0.7029
09-12-2016 11:26:00,200.0,0.68,0.68,0.68,0.68
09-12-2016 11:29:00,200.0,0.704,0.704,0.68,0.68
09-12-2016 11:36:00,100.0,0.704,0.704,0.704,0.704
09-12-2016 11:43:00,100.0,0.704,0.704,0.704,0.704
09-12-2016 11:45:00,100.0,0.7039,0.7039,0.7039,0.7039
09-12-2016 11:49:00,100.0,0.687,0.687,0.687,0.687
09-12-2016 11:51:00,100.0,0.704,0.704,0.704,0.704
09-12-2016 11:57:00,100.0,0.68,0.68,0.68,0.68
09-12-2016 11:58:00,100.0,0.704,0.704,0.704,0.704
09-12-2016 12:02:00,100.0,0.6805,0.6805,0.6805,0.6805
09-12-2016 12:05:00,100.0,0.704,0.704,0.704,0.704
09-12-2016 12:06:00,100.0,0.704,0.704,0.704,0.704
09-12-2016 12:14:00,100.0,0.704,0.704,0.704,0.704
09-12-2016 12:20:00,360.0,0.704,0.704,0.689,0.689
09-12-2016 12:22:00,100.0,0.704,0.704,0.704,0.704
09-12-2016 12:30:00,100.0,0.704,0.704,0.704,0.704
09-12-2016 12:37:00,100.0,0.704,0.704,0.704,0.704
09-12-2016 12:39:00,200.0,0.6729,0.6729,0.6729,0.6729
09-12-2016 12:41:00,100.0,0.6897,0.6897,0.6897,0.6897
09-12-2016 12:50:00,100.0,0.68,0.68,0.68,0.68
09-12-2016 13:08:00,1000.0,0.68,0.68,0.68,0.68
09-12-2016 13:22:00,200.0,0.68,0.68,0.68,0.68
09-12-2016 13:24:00,1300.0,0.6702,0.68,0.6702,0.68
09-12-2016 13:34:00,2300.0,0.6702,0.68,0.6702,0.68
09-12-2016 13:36:00,100.0,0.68,0.68,0.68,0.68
09-12-2016 13:38:00,900.0,0.68,0.68,0.6751,0.6751
09-12-2016 13:40:00,100.0,0.68,0.68,0.68,0.68
09-12-2016 13:41:00,100.0,0.68,0.68,0.68,0.68
09-12-2016 13:43:00,785.0,0.68,0.68,0.68,0.68
09-12-2016 13:44:00,978.0,0.6751,0.6751,0.67,0.67
09-12-2016 13:47:00,1000.0,0.6699,0.6699,0.6699,0.6699
09-12-2016 13:55:00,100.0,0.67,0.67,0.67,0.67
09-12-2016 13:56:00,1100.0,0.67,0.67,0.67,0.67
09-12-2016 13:57:00,600.0,0.6651,0.67,0.6651,0.67
09-12-2016 13:59:00,100.0,0.67,0.67,0.67,0.67
09-12-2016 14:03:00,300.0,0.6651,0.6651,0.6651,0.6651
09-12-2016 14:07:00,200.0,0.6601,0.6601,0.6601,0.6601
09-12-2016 14:08:00,100.0,0.6601,0.6601,0.6601,0.6601
09-12-2016 14:09:00,100.0,0.67,0.67,0.67,0.67
09-12-2016 14:11:00,100.0,0.67,0.67,0.67,0.67
09-12-2016 14:12:00,100.0,0.67,0.67,0.67,0.67
09-12-2016 14:14:00,300.0,0.67,0.67,0.67,0.67
09-12-2016 14:24:00,2524.0,0.69,0.69,0.66,0.66
09-12-2016 14:26:00,889.0,0.6899,0.6899,0.6899,0.6899
09-12-2016 14:35:00,100.0,0.69,0.69,0.69,0.69
09-12-2016 14:40:00,116.0,0.69,0.69,0.69,0.69
09-12-2016 14:43:00,100.0,0.69,0.69,0.69,0.69
09-12-2016 14:44:00,100.0,0.68,0.68,0.68,0.68
09-12-2016 14:45:00,200.0,0.69,0.69,0.69,0.69
09-12-2016 14:47:00,200.0,0.67,0.67,0.67,0.67
09-12-2016 14:49:00,100.0,0.69,0.69,0.69,0.69
09-12-2016 14:50:00,200.0,0.67,0.67,0.667,0.667
09-12-2016 14:51:00,100.0,0.667,0.667,0.667,0.667
09-12-2016 14:52:00,400.0,0.67,0.67,0.67,0.67
09-12-2016 14:53:00,13001.0,0.67,0.67,0.6671,0.6671
09-12-2016 14:54:00,200.0,0.6671,0.6671,0.6664,0.6664
09-12-2016 14:55:00,200.0,0.6664,0.6664,0.6664,0.6664
09-12-2016 14:56:00,1000.0,0.6671,0.6671,0.6671,0.6671
09-12-2016 15:00:00,576.0,0.7,0.7,0.7,0.7
09-13-2016 08:54:00,100.0,0.69,0.69,0.69,0.69
09-13-2016 09:12:00,100.0,0.69,0.69,0.69,0.69
09-13-2016 09:17:00,120.0,0.6541,0.6541,0.6541,0.6541
09-13-2016 09:21:00,100.0,0.69,0.69,0.69,0.69
09-13-2016 09:27:00,100.0,0.69,0.69,0.69,0.69
09-13-2016 09:29:00,100.0,0.675,0.675,0.675,0.675
09-13-2016 09:30:00,20000.0,0.67,0.67,0.65,0.65
09-13-2016 09:51:00,200.0,0.6505,0.69,0.6505,0.69
09-13-2016 09:57:00,12000.0,0.69,0.69,0.69,0.69
09-13-2016 10:15:00,100.0,0.6525,0.6525,0.6525,0.6525
09-13-2016 10:25:00,306.0,0.6712,0.6712,0.6712,0.6712
09-13-2016 10:28:00,100.0,0.6666,0.6666,0.6666,0.6666
09-13-2016 10:36:00,100.0,0.675,0.675,0.675,0.675
09-13-2016 10:48:00,370.0,0.6757,0.68,0.6757,0.68
09-13-2016 10:54:00,600.0,0.665,0.665,0.665,0.665
09-13-2016 10:57:00,100.0,0.663,0.663,0.663,0.663
09-13-2016 10:58:00,3693.0,0.665,0.665,0.665,0.665
09-13-2016 10:59:00,6007.0,0.664,0.68,0.664,0.68
09-13-2016 11:06:00,100.0,0.68,0.68,0.68,0.68
09-13-2016 11:21:00,1518.0,0.67,0.67,0.67,0.67
09-13-2016 11:25:00,211.0,0.6632,0.6632,0.6632,0.6632
09-13-2016 11:27:00,100.0,0.6716,0.6716,0.6716,0.6716
09-13-2016 11:37:00,7200.0,0.6632,0.6632,0.6525,0.6525
09-13-2016 11:57:00,889.0,0.6573,0.6573,0.6573,0.6573
09-13-2016 12:01:00,5200.0,0.6525,0.6525,0.6525,0.6525
09-13-2016 12:33:00,100.0,0.67,0.67,0.67,0.67
09-13-2016 12:34:00,100.0,0.66,0.66,0.66,0.66
09-13-2016 12:38:00,4600.0,0.67,0.6717,0.66,0.6717
09-13-2016 12:54:00,100.0,0.67,0.67,0.67,0.67
09-13-2016 13:01:00,500.0,0.66,0.66,0.66,0.66
09-13-2016 13:14:00,100.0,0.68,0.68,0.68,0.68
09-13-2016 13:15:00,100.0,0.652,0.652,0.652,0.652
09-13-2016 13:32:00,100.0,0.68,0.68,0.68,0.68
09-13-2016 13:35:00,6200.0,0.6579,0.658,0.65,0.65
09-13-2016 13:37:00,1000.0,0.6501,0.6501,0.65,0.65
09-13-2016 13:39:00,4725.0,0.6503,0.6503,0.65,0.65
09-13-2016 13:40:00,11275.0,0.6503,0.655,0.65,0.65
09-13-2016 13:46:00,1700.0,0.65,0.6512,0.65,0.65
09-13-2016 13:51:00,100.0,0.6578,0.6578,0.6578,0.6578
09-13-2016 13:52:00,100.0,0.65,0.65,0.65,0.65
09-13-2016 13:53:00,2500.0,0.65,0.65,0.65,0.65
09-13-2016 13:54:00,2098.0,0.65,0.65,0.6494,0.6494
09-13-2016 14:02:00,500.0,0.6499,0.6499,0.6499,0.6499
09-13-2016 14:23:00,200.0,0.6498,0.6498,0.642,0.642
09-13-2016 14:24:00,100.0,0.6498,0.6498,0.6498,0.6498
09-13-2016 14:26:00,100.0,0.6432,0.6432,0.6432,0.6432
09-13-2016 14:29:00,900.0,0.642,0.642,0.642,0.642
09-13-2016 14:30:00,100.0,0.6497,0.6497,0.6497,0.6497
09-13-2016 14:32:00,450.0,0.6478,0.6497,0.6478,0.6497
09-13-2016 14:33:00,4700.0,0.6493,0.6496,0.6458,0.646
09-13-2016 14:39:00,100.0,0.6428,0.6428,0.6428,0.6428
09-13-2016 14:43:00,2500.0,0.642,0.6456,0.642,0.6456
09-13-2016 14:45:00,100.0,0.6455,0.6455,0.6455,0.6455
09-13-2016 14:52:00,500.0,0.6425,0.6454,0.6425,0.6454
09-13-2016 14:53:00,100.0,0.6432,0.6432,0.6432,0.6432
09-13-2016 14:54:00,200.0,0.65,0.65,0.65,0.65
09-13-2016 14:55:00,100.0,0.6437,0.6437,0.6437,0.6437
09-13-2016 14:56:00,100.0,0.6498,0.6498,0.6498,0.6498
09-13-2016 14:58:00,100.0,0.6498,0.6498,0.6498,0.6498
09-13-2016 15:00:00,660.0,0.645,0.6496,0.645,0.6496
09-14-2016 08:34:00,1000.0,0.658,0.658,0.6522,0.6522
09-14-2016 09:05:00,900.0,0.6426,0.6426,0.6426,0.6426
09-14-2016 09:06:00,100.0,0.6499,0.6499,0.6499,0.6499
09-14-2016 09:15:00,8300.0,0.658,0.658,0.6427,0.6427
09-14-2016 09:26:00,100.0,0.658,0.658,0.658,0.658
09-14-2016 09:40:00,1410.0,0.68,0.6925,0.6789,0.6789
09-14-2016 10:10:00,100.0,0.68,0.68,0.68,0.68
09-14-2016 10:12:00,100.0,0.68,0.68,0.68,0.68
09-14-2016 10:35:00,100.0,0.68,0.68,0.68,0.68
09-14-2016 11:02:00,100.0,0.68,0.68,0.68,0.68
09-14-2016 11:03:00,695.0,0.6581,0.6581,0.6581,0.6581
09-14-2016 11:14:00,100.0,0.68,0.68,0.68,0.68
09-14-2016 11:16:00,100.0,0.68,0.68,0.68,0.68
09-14-2016 11:27:00,4000.0,0.6637,0.6637,0.6637,0.6637
09-14-2016 11:32:00,100.0,0.665,0.665,0.665,0.665
09-14-2016 11:52:00,200.0,0.6555,0.6555,0.6555,0.6555
09-14-2016 12:05:00,100.0,0.665,0.665,0.665,0.665
09-14-2016 12:37:00,100.0,0.665,0.665,0.665,0.665
09-14-2016 12:39:00,500.0,0.665,0.665,0.665,0.665
09-14-2016 13:07:00,13162.0,0.665,0.665,0.65,0.6575
09-14-2016 13:08:00,300.0,0.665,0.665,0.65,0.65
09-14-2016 13:12:00,358.0,0.6552,0.6552,0.6552,0.6552
09-14-2016 13:35:00,100.0,0.665,0.665,0.665,0.665
09-14-2016 14:02:00,100.0,0.664,0.664,0.664,0.664
09-14-2016 14:06:00,200.0,0.665,0.665,0.665,0.665
09-14-2016 14:22:00,100.0,0.665,0.665,0.665,0.665
09-14-2016 14:25:00,100.0,0.665,0.665,0.665,0.665
09-14-2016 14:42:00,200.0,0.6599,0.6599,0.6598,0.6598
09-14-2016 14:52:00,100.0,0.6594,0.6594,0.6594,0.6594
09-14-2016 14:55:00,200.0,0.65,0.65,0.65,0.65
09-14-2016 14:57:00,100.0,0.6594,0.6594,0.6594,0.6594
09-14-2016 14:58:00,2400.0,0.6575,0.66,0.6575,0.6599
09-14-2016 15:00:00,3516.0,0.65,0.66,0.65,0.66
09-15-2016 08:35:00,4000.0,0.6427,0.6427,0.6427,0.6427
09-15-2016 08:44:00,4008.0,0.7,0.7,0.65,0.652
09-15-2016 09:05:00,4100.0,0.6427,0.6428,0.6427,0.6428
09-15-2016 09:06:00,200.0,0.6427,0.6427,0.6427,0.6427
09-15-2016 09:12:00,100.0,0.6427,0.6427,0.6427,0.6427
09-15-2016 09:19:00,100.0,0.6495,0.6495,0.6495,0.6495
09-15-2016 09:21:00,100.0,0.643,0.643,0.643,0.643
09-15-2016 09:26:00,200.0,0.643,0.643,0.643,0.643
09-15-2016 09:30:00,400.0,0.643,0.643,0.643,0.643
09-15-2016 09:34:00,100.0,0.643,0.643,0.643,0.643
09-15-2016 09:40:00,100.0,0.6493,0.6493,0.6493,0.6493
09-15-2016 09:46:00,100.0,0.6445,0.6445,0.6445,0.6445
09-15-2016 09:58:00,5500.0,0.6445,0.6445,0.643,0.643
09-15-2016 10:05:00,3859.0,0.6482,0.6482,0.643,0.643
09-15-2016 10:09:00,400.0,0.6473,0.6474,0.643,0.643
09-15-2016 10:11:00,4978.0,0.6485,0.65,0.6485,0.65
09-15-2016 10:24:00,100.0,0.668,0.668,0.668,0.668
09-15-2016 10:25:00,1500.0,0.66,0.66,0.66,0.66
09-15-2016 10:26:00,100.0,0.66,0.66,0.66,0.66
09-15-2016 10:32:00,1600.0,0.6652,0.6652,0.66,0.66
09-15-2016 10:43:00,200.0,0.6576,0.6576,0.65,0.65
09-15-2016 10:44:00,3000.0,0.6503,0.6503,0.6503,0.6503
09-15-2016 10:45:00,100.0,0.65,0.65,0.65,0.65
09-15-2016 10:52:00,100.0,0.65,0.65,0.65,0.65
09-15-2016 10:57:00,100.0,0.65,0.65,0.65,0.65
09-15-2016 11:00:00,200.0,0.65,0.65,0.65,0.65
09-15-2016 11:10:00,400.0,0.65,0.65,0.65,0.65
09-15-2016 11:15:00,4322.0,0.65,0.65,0.65,0.65
09-15-2016 11:19:00,800.0,0.6812,0.6812,0.65,0.65
09-15-2016 11:21:00,100.0,0.6812,0.6812,0.6812,0.6812
09-15-2016 11:27:00,2000.0,0.6535,0.6535,0.6535,0.6535
09-15-2016 11:36:00,100.0,0.678,0.678,0.678,0.678
09-15-2016 11:39:00,200.0,0.6512,0.6512,0.6512,0.6512
09-15-2016 11:45:00,100.0,0.65,0.65,0.65,0.65
09-15-2016 11:46:00,500.0,0.67,0.67,0.65,0.65
09-15-2016 12:06:00,100.0,0.65,0.65,0.65,0.65
09-15-2016 12:10:00,100.0,0.651,0.651,0.651,0.651
09-15-2016 12:19:00,200.0,0.67,0.67,0.651,0.651
09-15-2016 12:24:00,100.0,0.651,0.651,0.651,0.651
09-15-2016 12:35:00,100.0,0.651,0.651,0.651,0.651
09-15-2016 12:44:00,100.0,0.651,0.651,0.651,0.651
09-15-2016 12:52:00,100.0,0.651,0.651,0.651,0.651
09-15-2016 13:01:00,3200.0,0.651,0.66,0.651,0.66
09-15-2016 13:06:00,4900.0,0.6605,0.67,0.6605,0.67
09-15-2016 13:25:00,100.0,0.6526,0.6526,0.6526,0.6526
09-15-2016 13:29:00,1700.0,0.656,0.656,0.651,0.651
09-15-2016 13:31:00,100.0,0.651,0.651,0.651,0.651
09-15-2016 13:38:00,100.0,0.651,0.651,0.651,0.651
09-15-2016 13:44:00,100.0,0.651,0.651,0.651,0.651
09-15-2016 13:47:00,600.0,0.67,0.67,0.651,0.651
09-15-2016 13:58:00,300.0,0.651,0.651,0.651,0.651
09-15-2016 14:04:00,100.0,0.651,0.651,0.651,0.651
09-15-2016 14:07:00,100.0,0.651,0.651,0.651,0.651
09-15-2016 14:11:00,450.0,0.651,0.651,0.651,0.651
09-15-2016 14:15:00,100.0,0.651,0.651,0.651,0.651
09-15-2016 14:21:00,100.0,0.651,0.651,0.651,0.651
09-15-2016 14:25:00,100.0,0.6511,0.6511,0.6511,0.6511
09-15-2016 14:28:00,600.0,0.6605,0.6605,0.651,0.651
09-15-2016 14:29:00,366.0,0.651,0.6605,0.651,0.6605
09-15-2016 14:32:00,100.0,0.651,0.651,0.651,0.651
09-15-2016 14:36:00,100.0,0.651,0.651,0.651,0.651
09-15-2016 14:38:00,100.0,0.651,0.651,0.651,0.651
09-15-2016 14:39:00,100.0,0.651,0.651,0.651,0.651
09-15-2016 14:41:00,100.0,0.651,0.651,0.651,0.651
09-15-2016 14:45:00,100.0,0.651,0.651,0.651,0.651
09-15-2016 14:48:00,100.0,0.6511,0.6511,0.6511,0.6511
09-15-2016 14:52:00,100.0,0.6511,0.6511,0.6511,0.6511
09-15-2016 14:53:00,100.0,0.66,0.66,0.66,0.66
09-15-2016 14:54:00,200.0,0.6511,0.6511,0.6511,0.6511
09-15-2016 14:57:00,300.0,0.6511,0.66,0.6511,0.66
09-15-2016 14:59:00,100.0,0.6511,0.6511,0.6511,0.6511
09-15-2016 15:00:00,300.0,0.66,0.66,0.651,0.651
09-16-2016 08:30:00,703.0,0.66,0.66,0.66,0.66
09-16-2016 08:36:00,5900.0,0.665,0.665,0.65,0.65
09-16-2016 09:05:00,600.0,0.665,0.665,0.65,0.65
09-16-2016 09:15:00,100.0,0.6799,0.6799,0.6799,0.6799
09-16-2016 09:23:00,100.0,0.6799,0.6799,0.6799,0.6799
09-16-2016 09:31:00,2000.0,0.65,0.6627,0.65,0.6627
09-16-2016 09:39:00,100.0,0.6799,0.6799,0.6799,0.6799
09-16-2016 10:16:00,100.0,0.6782,0.6782,0.6782,0.6782
09-16-2016 10:36:00,100.0,0.6782,0.6782,0.6782,0.6782
09-16-2016 10:37:00,1625.0,0.6615,0.6615,0.6615,0.6615
09-16-2016 10:40:00,100.0,0.6799,0.6799,0.6799,0.6799
09-16-2016 10:56:00,200.0,0.67,0.67,0.67,0.67
09-16-2016 10:57:00,200.0,0.678,0.678,0.65,0.65
09-16-2016 11:38:00,100.0,0.6772,0.6772,0.6772,0.6772
09-16-2016 11:45:00,100.0,0.6771,0.6771,0.6771,0.6771
09-16-2016 11:46:00,100.0,0.6645,0.6645,0.6645,0.6645
09-16-2016 11:54:00,200.0,0.679,0.679,0.679,0.679
09-16-2016 12:11:00,100.0,0.679,0.679,0.679,0.679
09-16-2016 12:22:00,2200.0,0.6526,0.67,0.65,0.67
09-16-2016 12:36:00,100.0,0.66,0.66,0.66,0.66
09-16-2016 12:37:00,250.0,0.65,0.67,0.65,0.67
09-16-2016 13:01:00,100.0,0.67,0.67,0.67,0.67
09-16-2016 13:11:00,200.0,0.669,0.67,0.669,0.67
09-16-2016 13:14:00,3790.0,0.66,0.6604,0.66,0.66
09-16-2016 13:15:00,200.0,0.67,0.67,0.67,0.67
09-16-2016 13:16:00,4200.0,0.66,0.66,0.66,0.66
09-16-2016 13:46:00,300.0,0.65,0.65,0.65,0.65
09-16-2016 13:49:00,100.0,0.66,0.66,0.66,0.66
09-16-2016 13:51:00,100.0,0.65,0.65,0.65,0.65
09-16-2016 13:55:00,800.0,0.65,0.67,0.65,0.67
09-16-2016 14:00:00,800.0,0.65,0.65,0.65,0.65
09-16-2016 14:01:00,200.0,0.6686,0.6686,0.6686,0.6686
09-16-2016 14:05:00,1000.0,0.6516,0.6516,0.65,0.65
09-16-2016 14:10:00,800.0,0.66,0.66,0.65,0.65
09-16-2016 14:15:00,4572.0,0.65,0.65,0.642,0.642
09-16-2016 14:16:00,20200.0,0.642,0.642,0.635,0.635
09-16-2016 14:17:00,5100.0,0.635,0.635,0.61,0.61
09-16-2016 14:18:00,100.0,0.63,0.63,0.63,0.63
09-16-2016 14:19:00,606.0,0.6233,0.63,0.6233,0.63
09-16-2016 14:20:00,22100.0,0.6103,0.6103,0.6,0.6
09-16-2016 14:21:00,13800.0,0.6,0.61,0.59,0.6025
09-16-2016 14:22:00,26300.0,0.6,0.6001,0.6,0.6
09-16-2016 14:23:00,2050.0,0.6,0.6,0.595,0.6
09-16-2016 14:25:00,100.0,0.6001,0.6001,0.6001,0.6001
09-16-2016 14:26:00,2800.0,0.6,0.6,0.595,0.595
09-16-2016 14:27:00,34800.0,0.59,0.59,0.57,0.5879
09-16-2016 14:28:00,600.0,0.59,0.59,0.59,0.59
09-16-2016 14:33:00,500.0,0.6162,0.6162,0.6162,0.6162
09-16-2016 14:34:00,100.0,0.6182,0.6182,0.6182,0.6182
09-16-2016 14:35:00,10100.0,0.62,0.62,0.6165,0.6165
09-16-2016 14:36:00,12950.0,0.6165,0.6165,0.61,0.61
09-16-2016 14:40:00,6100.0,0.6193,0.62,0.615,0.615
09-16-2016 14:44:00,9726.0,0.62,0.6498,0.62,0.6498
09-16-2016 14:50:00,500.0,0.64,0.64,0.64,0.64
09-16-2016 14:51:00,326.0,0.6162,0.6162,0.6161,0.6161
09-16-2016 14:52:00,100.0,0.6152,0.6152,0.6152,0.6152
09-16-2016 14:56:00,800.0,0.6151,0.6151,0.615,0.615
09-16-2016 14:59:00,100.0,0.6324,0.6324,0.6324,0.6324
09-16-2016 15:00:00,13769.0,0.615,0.6499,0.59,0.59
09-16-2016 15:05:00,100.0,0.59,0.59,0.59,0.59
09-16-2016 16:32:00,970.0,0.54,0.54,0.54,0.54
09-19-2016 08:31:00,1200.0,0.636,0.636,0.6195,0.6195
09-19-2016 08:32:00,1450.0,0.6195,0.6195,0.6195,0.6195
09-19-2016 08:38:00,3300.0,0.61,0.61,0.61,0.61
09-19-2016 08:42:00,10000.0,0.5995,0.5995,0.5995,0.5995
09-19-2016 08:43:00,10000.0,0.6097,0.61,0.6097,0.61
09-19-2016 08:45:00,7000.0,0.6004,0.6004,0.6004,0.6004
09-19-2016 08:46:00,13200.0,0.61,0.61,0.61,0.61
09-19-2016 08:47:00,18500.0,0.59,0.59,0.59,0.59
09-19-2016 08:49:00,20200.0,0.59,0.59,0.59,0.59
09-19-2016 08:50:00,100.0,0.5901,0.5901,0.5901,0.5901
09-19-2016 08:51:00,10200.0,0.5901,0.5901,0.59,0.5901
09-19-2016 08:55:00,7000.0,0.6,0.61,0.6,0.61
09-19-2016 08:59:00,1300.0,0.5962,0.5962,0.5962,0.5962
09-19-2016 09:00:00,1200.0,0.6043,0.6043,0.6043,0.6043
09-19-2016 09:05:00,100.0,0.6,0.6,0.6,0.6
09-19-2016 09:08:00,9000.0,0.594,0.594,0.5935,0.5935
09-19-2016 09:11:00,2000.0,0.6,0.6,0.6,0.6
09-19-2016 09:21:00,5336.0,0.5905,0.5953,0.5905,0.5905
09-19-2016 09:22:00,2000.0,0.5905,0.5905,0.5905,0.5905
09-19-2016 09:26:00,900.0,0.5905,0.5905,0.5905,0.5905
09-19-2016 09:27:00,6300.0,0.5905,0.5905,0.5904,0.5904
09-19-2016 09:28:00,700.0,0.5904,0.5904,0.5904,0.5904
09-19-2016 09:31:00,2500.0,0.5904,0.5904,0.5904,0.5904
09-19-2016 09:50:00,683.0,0.5905,0.5905,0.5905,0.5905
09-19-2016 09:51:00,442.0,0.5964,0.5964,0.5964,0.5964
09-19-2016 09:55:00,9783.0,0.5904,0.5904,0.59,0.59
09-19-2016 10:11:00,3300.0,0.595,0.595,0.59,0.5901
09-19-2016 10:25:00,2500.0,0.5902,0.5902,0.5902,0.5902
09-19-2016 10:38:00,100.0,0.5951,0.5951,0.5951,0.5951
09-19-2016 10:53:00,100.0,0.6,0.6,0.6,0.6
09-19-2016 10:57:00,200.0,0.6,0.6,0.6,0.6
09-19-2016 11:06:00,2000.0,0.6,0.6,0.6,0.6
09-19-2016 11:16:00,1900.0,0.5951,0.5951,0.5951,0.5951
09-19-2016 11:28:00,3100.0,0.5952,0.5952,0.5951,0.5951
09-19-2016 12:33:00,100.0,0.5952,0.5952,0.5952,0.5952
09-19-2016 12:44:00,391.0,0.5952,0.5952,0.5952,0.5952
09-19-2016 12:47:00,500.0,0.5976,0.6,0.5976,0.6
09-19-2016 12:48:00,100.0,0.6,0.6,0.6,0.6
09-19-2016 12:49:00,500.0,0.6,0.6,0.6,0.6
09-19-2016 12:50:00,1100.0,0.6,0.6,0.6,0.6
09-19-2016 12:52:00,5100.0,0.6,0.6,0.6,0.6
09-19-2016 12:55:00,500.0,0.61,0.61,0.61,0.61
09-19-2016 13:00:00,1186.0,0.6195,0.62,0.6195,0.62
09-19-2016 13:01:00,500.0,0.6351,0.6351,0.635,0.6351
09-19-2016 13:02:00,308.0,0.6351,0.6351,0.635,0.635
09-19-2016 13:12:00,100.0,0.635,0.635,0.635,0.635
09-19-2016 13:13:00,200.0,0.631,0.6338,0.631,0.6338
09-19-2016 13:14:00,200.0,0.6251,0.6251,0.6251,0.6251
09-19-2016 13:16:00,100.0,0.625,0.625,0.625,0.625
09-19-2016 13:17:00,2100.0,0.625,0.625,0.5999,0.62
09-19-2016 13:18:00,200.0,0.615,0.615,0.615,0.615
09-19-2016 13:19:00,100.0,0.615,0.615,0.615,0.615
09-19-2016 13:20:00,200.0,0.6299,0.6299,0.614,0.614
09-19-2016 13:29:00,300.0,0.6201,0.6201,0.6201,0.6201
09-19-2016 13:30:00,400.0,0.6201,0.6201,0.6201,0.6201
09-19-2016 13:31:00,100.0,0.6201,0.6201,0.6201,0.6201
09-19-2016 13:33:00,1100.0,0.625,0.625,0.625,0.625
09-19-2016 13:34:00,300.0,0.625,0.625,0.61,0.61
09-19-2016 13:36:00,1500.0,0.62,0.62,0.62,0.62
09-19-2016 13:50:00,100.0,0.615,0.615,0.615,0.615
09-19-2016 13:51:00,600.0,0.6151,0.6151,0.6151,0.6151
09-19-2016 13:52:00,300.0,0.6151,0.6151,0.6151,0.6151
09-19-2016 13:53:00,300.0,0.6151,0.6151,0.6151,0.6151
09-19-2016 13:54:00,100.0,0.6151,0.6151,0.6151,0.6151
09-19-2016 13:55:00,100.0,0.6151,0.6151,0.6151,0.6151
09-19-2016 13:59:00,100.0,0.6151,0.6151,0.6151,0.6151
09-19-2016 14:04:00,100.0,0.615,0.615,0.615,0.615
09-19-2016 14:10:00,100.0,0.615,0.615,0.615,0.615
09-19-2016 14:19:00,300.0,0.605,0.6099,0.605,0.6099
09-19-2016 14:20:00,300.0,0.615,0.615,0.615,0.615
09-19-2016 14:25:00,200.0,0.6101,0.6101,0.6101,0.6101
09-19-2016 14:31:00,100.0,0.62,0.62,0.62,0.62
09-19-2016 14:40:00,300.0,0.5999,0.5999,0.5999,0.5999
09-19-2016 14:47:00,100.0,0.62,0.62,0.62,0.62
09-19-2016 14:56:00,400.0,0.6101,0.6101,0.6101,0.6101
09-19-2016 14:59:00,5173.0,0.5999,0.5999,0.5999,0.5999
09-19-2016 15:00:00,6870.0,0.6034,0.6034,0.6034,0.6034
09-20-2016 08:30:00,100.0,0.613,0.613,0.613,0.613
09-20-2016 08:38:00,12331.0,0.601,0.613,0.601,0.613
09-20-2016 08:39:00,100.0,0.6131,0.6131,0.6131,0.6131
09-20-2016 08:45:00,12870.0,0.62,0.6412,0.62,0.6412
09-20-2016 08:59:00,200.0,0.64,0.64,0.64,0.64
09-20-2016 09:00:00,9250.0,0.631,0.64,0.62,0.62
09-20-2016 09:14:00,5000.0,0.64,0.64,0.64,0.64
09-20-2016 09:19:00,5200.0,0.6268,0.6268,0.62,0.62
09-20-2016 09:27:00,1800.0,0.62,0.62,0.6174,0.6174
09-20-2016 09:40:00,6773.0,0.6051,0.6051,0.605,0.605
09-20-2016 09:49:00,450.0,0.6171,0.6171,0.6171,0.6171
09-20-2016 10:00:00,2600.0,0.6162,0.6162,0.6105,0.6105
09-20-2016 10:24:00,2000.0,0.6139,0.6171,0.6139,0.6171
09-20-2016 10:25:00,4200.0,0.617,0.617,0.6106,0.6106
09-20-2016 10:35:00,300.0,0.6171,0.6171,0.6171,0.6171
09-20-2016 10:36:00,600.0,0.6171,0.6171,0.6171,0.6171
09-20-2016 10:44:00,2400.0,0.6107,0.6107,0.6107,0.6107
09-20-2016 10:53:00,20899.0,0.6109,0.6109,0.5526,0.59
09-20-2016 10:58:00,1700.0,0.58,0.58,0.58,0.58
09-20-2016 11:06:00,100.0,0.58,0.58,0.58,0.58
09-20-2016 11:11:00,100.0,0.61,0.61,0.61,0.61
09-20-2016 11:12:00,6800.0,0.6091,0.6091,0.6091,0.6091
09-20-2016 11:14:00,5199.0,0.6091,0.6092,0.6091,0.6091
09-20-2016 11:16:00,5100.0,0.6091,0.6114,0.609,0.609
09-20-2016 11:18:00,2016.0,0.6091,0.6156,0.609,0.6092
09-20-2016 11:21:00,1850.0,0.58,0.58,0.575,0.575
09-20-2016 11:22:00,300.0,0.6,0.6,0.577,0.577
09-20-2016 11:26:00,200.0,0.5885,0.6,0.5885,0.6
09-20-2016 11:28:00,15000.0,0.6,0.615,0.6,0.615
09-20-2016 11:37:00,600.0,0.5801,0.5801,0.5801,0.5801
09-20-2016 11:42:00,1500.0,0.598,0.598,0.598,0.598
09-20-2016 12:04:00,126.0,0.5812,0.5812,0.5812,0.5812
09-20-2016 12:21:00,200.0,0.574,0.574,0.574,0.574
09-20-2016 12:31:00,200.0,0.5951,0.5951,0.5951,0.5951
09-20-2016 12:44:00,100.0,0.61,0.61,0.61,0.61
09-20-2016 13:17:00,100.0,0.6,0.6,0.6,0.6
09-20-2016 13:18:00,100.0,0.6,0.6,0.6,0.6
09-20-2016 13:37:00,200.0,0.615,0.615,0.615,0.615
09-20-2016 13:53:00,5200.0,0.58,0.58,0.5753,0.5753
09-20-2016 14:06:00,7919.0,0.5814,0.5814,0.5801,0.5801
09-20-2016 14:17:00,2600.0,0.5886,0.5886,0.5857,0.5857
09-20-2016 14:20:00,100.0,0.6087,0.6087,0.6087,0.6087
09-20-2016 14:26:00,100.0,0.5975,0.5975,0.5975,0.5975
09-20-2016 14:35:00,1700.0,0.6001,0.6001,0.6001,0.6001
09-20-2016 14:42:00,12277.0,0.6,0.61,0.585,0.61
09-20-2016 14:48:00,400.0,0.585,0.585,0.585,0.585
09-20-2016 14:51:00,100.0,0.6,0.6,0.6,0.6
09-20-2016 14:56:00,400.0,0.6,0.6,0.6,0.6
09-20-2016 14:57:00,500.0,0.6,0.6,0.6,0.6
09-20-2016 14:58:00,2000.0,0.6002,0.6002,0.6002,0.6002
09-20-2016 14:59:00,11900.0,0.6004,0.61,0.6,0.6001
09-21-2016 08:30:00,3140.0,0.59,0.59,0.59,0.59
09-21-2016 08:31:00,2000.0,0.5901,0.5901,0.59,0.59
09-21-2016 08:34:00,2640.0,0.5901,0.5901,0.59,0.59
09-21-2016 08:45:00,1025.0,0.618,0.618,0.618,0.618
09-21-2016 08:52:00,1710.0,0.604,0.604,0.604,0.604
09-21-2016 09:01:00,100.0,0.61,0.61,0.61,0.61
09-21-2016 09:03:00,100.0,0.61,0.61,0.61,0.61
09-21-2016 09:07:00,3500.0,0.6011,0.6011,0.601,0.601
09-21-2016 09:11:00,4000.0,0.6011,0.6011,0.601,0.601
09-21-2016 09:31:00,1800.0,0.61,0.61,0.61,0.61
09-21-2016 09:37:00,300.0,0.61,0.61,0.61,0.61
09-21-2016 09:42:00,3500.0,0.6054,0.6054,0.59,0.59
09-21-2016 09:43:00,5808.0,0.61,0.6259,0.61,0.6259
09-21-2016 10:14:00,100.0,0.63,0.63,0.63,0.63
09-21-2016 10:16:00,100.0,0.63,0.63,0.63,0.63
09-21-2016 10:19:00,1000.0,0.6201,0.6201,0.6201,0.6201
09-21-2016 10:20:00,800.0,0.629,0.629,0.6281,0.6287
09-21-2016 10:25:00,2000.0,0.6206,0.6206,0.62,0.62
09-21-2016 10:26:00,1800.0,0.6252,0.6252,0.6252,0.6252
09-21-2016 10:27:00,200.0,0.62,0.62,0.61,0.61
09-21-2016 11:02:00,1000.0,0.61,0.61,0.61,0.61
09-21-2016 11:29:00,100.0,0.61,0.61,0.61,0.61
09-21-2016 11:47:00,100.0,0.608,0.608,0.608,0.608
09-21-2016 11:48:00,3450.0,0.59,0.59,0.59,0.59
09-21-2016 12:02:00,800.0,0.59,0.61,0.59,0.61
09-21-2016 12:13:00,5100.0,0.6002,0.6003,0.6,0.6002
09-21-2016 12:14:00,1300.0,0.6001,0.6011,0.6,0.601
09-21-2016 12:15:00,1000.0,0.6001,0.6001,0.6001,0.6001
09-21-2016 12:19:00,948.0,0.604,0.604,0.6,0.6
09-21-2016 12:32:00,3850.0,0.6,0.6,0.6,0.6
09-21-2016 13:18:00,2008.0,0.6,0.6,0.6,0.6
09-21-2016 14:21:00,132.0,0.61,0.61,0.61,0.61
09-21-2016 14:23:00,5000.0,0.604,0.604,0.604,0.604
09-21-2016 14:47:00,100.0,0.61,0.61,0.61,0.61
09-21-2016 14:57:00,2892.0,0.6033,0.6033,0.6033,0.6033
09-21-2016 15:00:00,398.0,0.61,0.61,0.59,0.59
09-22-2016 08:30:00,8000.0,0.62,0.62,0.62,0.62
09-22-2016 08:39:00,3922.0,0.5901,0.603,0.5901,0.603
09-22-2016 08:53:00,2139.0,0.6001,0.6199,0.6001,0.6199
09-22-2016 08:57:00,100.0,0.62,0.62,0.62,0.62
09-22-2016 09:03:00,400.0,0.62,0.62,0.62,0.62
09-22-2016 09:19:00,100.0,0.62,0.62,0.62,0.62
09-22-2016 09:37:00,800.0,0.6051,0.6051,0.6001,0.605
09-22-2016 09:40:00,100.0,0.61,0.61,0.61,0.61
09-22-2016 09:44:00,100.0,0.62,0.62,0.62,0.62
09-22-2016 09:49:00,775.0,0.6101,0.6101,0.6101,0.6101
09-22-2016 09:51:00,3798.0,0.6105,0.62,0.6105,0.62
09-22-2016 09:53:00,348.0,0.6108,0.6108,0.6108,0.6108
09-22-2016 09:56:00,5000.0,0.62,0.625,0.62,0.625
09-22-2016 10:01:00,200.0,0.625,0.625,0.625,0.625
09-22-2016 10:02:00,7600.0,0.6201,0.6201,0.62,0.62
09-22-2016 10:04:00,3000.0,0.6,0.6,0.6,0.6
09-22-2016 10:07:00,100.0,0.62,0.62,0.62,0.62
09-22-2016 10:12:00,200.0,0.6,0.6,0.6,0.6
09-22-2016 10:26:00,4125.0,0.61,0.61,0.5753,0.6
09-22-2016 10:32:00,5600.0,0.58,0.585,0.572,0.572
09-22-2016 10:35:00,200.0,0.6,0.6,0.6,0.6
09-22-2016 10:36:00,373.0,0.58,0.58,0.58,0.58
09-22-2016 10:51:00,1000.0,0.6089,0.6089,0.6089,0.6089
09-22-2016 11:59:00,5200.0,0.603,0.608,0.603,0.608
09-22-2016 12:07:00,100.0,0.608,0.608,0.608,0.608
09-22-2016 12:31:00,200.0,0.608,0.608,0.608,0.608
09-22-2016 12:37:00,4200.0,0.608,0.608,0.6003,0.608
09-22-2016 12:48:00,100.0,0.617,0.617,0.617,0.617
09-22-2016 12:55:00,2000.0,0.6086,0.6086,0.6,0.6
09-22-2016 12:56:00,806.0,0.6001,0.6001,0.6001,0.6001
09-22-2016 13:33:00,2800.0,0.6,0.6,0.6,0.6
09-22-2016 13:35:00,100.0,0.617,0.617,0.617,0.617
09-22-2016 13:37:00,100.0,0.617,0.617,0.617,0.617
09-22-2016 13:49:00,1600.0,0.6085,0.6085,0.6,0.6085
09-22-2016 14:07:00,600.0,0.6086,0.617,0.6086,0.617
09-22-2016 14:10:00,7800.0,0.6121,0.617,0.6121,0.617
09-22-2016 14:16:00,100.0,0.616,0.616,0.616,0.616
09-22-2016 14:17:00,200.0,0.616,0.616,0.616,0.616
09-22-2016 14:21:00,2040.0,0.616,0.616,0.6086,0.6086
09-22-2016 14:24:00,1967.0,0.6,0.6,0.59,0.59
09-22-2016 14:37:00,1600.0,0.5822,0.5822,0.5822,0.5822
09-22-2016 14:44:00,100.0,0.6,0.6,0.6,0.6
09-22-2016 14:49:00,1450.0,0.6,0.6,0.6,0.6
09-22-2016 14:53:00,1100.0,0.591,0.591,0.59,0.59
09-22-2016 14:54:00,600.0,0.59,0.59,0.59,0.59
09-22-2016 14:56:00,100.0,0.59,0.59,0.59,0.59
09-22-2016 14:57:00,1100.0,0.59,0.59,0.59,0.59
09-22-2016 14:59:00,100.0,0.59,0.59,0.59,0.59
09-22-2016 15:00:00,1746.0,0.575,0.575,0.575,0.575
09-23-2016 07:01:00,100.0,0.58,0.58,0.58,0.58
09-23-2016 08:55:00,1000.0,0.59,0.59,0.59,0.59
09-23-2016 09:08:00,800.0,0.6,0.6,0.6,0.6
09-23-2016 09:09:00,2000.0,0.6,0.6,0.6,0.6
09-23-2016 09:11:00,1000.0,0.6,0.6,0.6,0.6
09-23-2016 09:22:00,100.0,0.6,0.6,0.6,0.6
09-23-2016 09:56:00,200.0,0.6,0.6,0.6,0.6
09-23-2016 10:19:00,200.0,0.5925,0.5925,0.58,0.58
09-23-2016 10:30:00,700.0,0.5853,0.5853,0.5853,0.5853
09-23-2016 10:36:00,100.0,0.6049,0.6049,0.6049,0.6049
09-23-2016 11:04:00,100.0,0.6049,0.6049,0.6049,0.6049
09-23-2016 11:13:00,3000.0,0.5949,0.5949,0.59,0.59
09-23-2016 11:58:00,500.0,0.5948,0.5948,0.5948,0.5948
09-23-2016 12:06:00,1000.0,0.6025,0.6025,0.6025,0.6025
09-23-2016 12:07:00,10400.0,0.59,0.6049,0.59,0.6049
09-23-2016 12:15:00,4900.0,0.59,0.5975,0.59,0.5975
09-23-2016 12:38:00,367.0,0.59,0.59,0.59,0.59
09-23-2016 12:57:00,1000.0,0.6049,0.6049,0.6049,0.6049
09-23-2016 13:06:00,100.0,0.6049,0.6049,0.6049,0.6049
09-23-2016 14:06:00,375.0,0.59,0.59,0.59,0.59
09-23-2016 14:51:00,1500.0,0.59,0.59,0.59,0.59
09-23-2016 14:54:00,5200.0,0.6047,0.6047,0.59,0.59
09-23-2016 14:55:00,2100.0,0.59,0.5901,0.59,0.59
09-23-2016 14:59:00,100.0,0.59,0.59,0.59,0.59
09-26-2016 08:47:00,5000.0,0.6,0.6,0.59,0.59
09-26-2016 08:53:00,5000.0,0.6,0.6,0.6,0.6
09-26-2016 09:25:00,600.0,0.608,0.608,0.608,0.608
09-26-2016 09:32:00,4400.0,0.6,0.6,0.6,0.6
09-26-2016 09:36:00,3200.0,0.61,0.61,0.6,0.6
09-26-2016 09:56:00,100.0,0.618,0.618,0.618,0.618
09-26-2016 09:57:00,300.0,0.6001,0.6001,0.6001,0.6001
09-26-2016 10:20:00,800.0,0.61,0.61,0.61,0.61
09-26-2016 10:21:00,100.0,0.61,0.61,0.61,0.61
09-26-2016 10:27:00,300.0,0.61,0.61,0.61,0.61
09-26-2016 10:39:00,312.0,0.6101,0.6101,0.61,0.61
09-26-2016 10:41:00,100.0,0.614,0.614,0.614,0.614
09-26-2016 10:49:00,100.0,0.617,0.617,0.617,0.617
09-26-2016 10:53:00,100.0,0.6102,0.6102,0.6102,0.6102
09-26-2016 10:54:00,200.0,0.61,0.61,0.61,0.61
09-26-2016 11:06:00,5200.0,0.6131,0.6131,0.61,0.61
09-26-2016 11:07:00,200.0,0.61,0.61,0.61,0.61
09-26-2016 11:12:00,100.0,0.61,0.61,0.61,0.61
09-26-2016 11:14:00,200.0,0.6162,0.6162,0.6162,0.6162
09-26-2016 11:21:00,212.0,0.6176,0.6176,0.6176,0.6176
09-26-2016 11:27:00,100.0,0.6162,0.6162,0.6162,0.6162
09-26-2016 11:28:00,200.0,0.6103,0.6103,0.6103,0.6103
09-26-2016 11:32:00,963.0,0.6102,0.6115,0.61,0.61
09-26-2016 11:33:00,3700.0,0.61,0.6101,0.61,0.61
09-26-2016 11:34:00,6900.0,0.61,0.61,0.61,0.61
09-26-2016 11:36:00,2100.0,0.6098,0.6098,0.6063,0.6063
09-26-2016 11:40:00,600.0,0.6,0.6,0.6,0.6
09-26-2016 12:10:00,100.0,0.6097,0.6097,0.6097,0.6097
09-26-2016 12:20:00,1000.0,0.6096,0.6096,0.6096,0.6096
09-26-2016 12:38:00,320.0,0.6,0.6,0.6,0.6
09-26-2016 13:22:00,100.0,0.6092,0.6092,0.6092,0.6092
09-26-2016 13:23:00,623.0,0.609,0.609,0.609,0.609
09-26-2016 13:34:00,300.0,0.6,0.6,0.6,0.6
09-26-2016 13:35:00,300.0,0.6,0.6,0.6,0.6
09-26-2016 13:38:00,300.0,0.6,0.6,0.6,0.6
09-26-2016 14:08:00,3000.0,0.6014,0.6014,0.6014,0.6014
09-26-2016 14:17:00,33534.0,0.6,0.6092,0.59,0.6092
09-26-2016 14:18:00,7200.0,0.6092,0.6098,0.6092,0.6093
09-26-2016 14:19:00,9750.0,0.6092,0.62,0.6092,0.62
09-26-2016 14:20:00,400.0,0.61,0.61,0.61,0.61
09-26-2016 14:27:00,300.0,0.59,0.59,0.59,0.59
09-26-2016 14:32:00,23000.0,0.6079,0.6079,0.6079,0.6079
09-26-2016 14:59:00,100.0,0.595,0.595,0.595,0.595
09-27-2016 08:55:00,100.0,0.61,0.61,0.61,0.61
09-27-2016 09:02:00,100.0,0.61,0.61,0.61,0.61
09-27-2016 09:06:00,700.0,0.595,0.595,0.595,0.595
09-27-2016 09:47:00,100.0,0.61,0.61,0.61,0.61
09-27-2016 09:59:00,2100.0,0.6,0.6,0.6,0.6
09-27-2016 10:20:00,100.0,0.61,0.61,0.61,0.61
09-27-2016 10:25:00,200.0,0.61,0.61,0.61,0.61
09-27-2016 10:59:00,839.0,0.5952,0.5952,0.5952,0.5952
09-27-2016 11:14:00,100.0,0.61,0.61,0.61,0.61
09-27-2016 11:23:00,200.0,0.6,0.6001,0.6,0.6001
09-27-2016 11:59:00,4450.0,0.6,0.6032,0.6,0.6032
09-27-2016 12:06:00,849.0,0.6,0.6,0.6,0.6
09-27-2016 12:08:00,2201.0,0.6,0.6,0.6,0.6
09-27-2016 12:21:00,100.0,0.595,0.595,0.595,0.595
09-27-2016 12:22:00,400.0,0.595,0.595,0.595,0.595
09-27-2016 12:26:00,200.0,0.5998,0.5998,0.5998,0.5998
09-27-2016 12:42:00,300.0,0.595,0.595,0.595,0.595
09-27-2016 12:43:00,100.0,0.595,0.595,0.595,0.595
09-27-2016 12:53:00,4381.0,0.5997,0.605,0.595,0.605
09-27-2016 13:02:00,4000.0,0.6035,0.6035,0.6035,0.6035
09-27-2016 13:14:00,5800.0,0.6094,0.6095,0.6,0.6
09-27-2016 13:55:00,100.0,0.601,0.601,0.601,0.601
09-27-2016 14:00:00,103.0,0.6094,0.6094,0.6094,0.6094
09-27-2016 14:08:00,100.0,0.6094,0.6094,0.6094,0.6094
09-27-2016 14:19:00,2100.0,0.6094,0.6094,0.6,0.6
09-27-2016 14:22:00,200.0,0.6,0.6,0.6,0.6
09-27-2016 14:32:00,1000.0,0.6047,0.6093,0.6047,0.6093
09-27-2016 14:48:00,10400.0,0.6,0.6,0.6,0.6
09-27-2016 14:59:00,100.0,0.6,0.6,0.6,0.6
09-27-2016 15:41:00,2000.0,0.6,0.6,0.58,0.58
