09-07-2016 08:51:00,1100.0,4.31,4.38,4.31,4.31
09-07-2016 08:52:00,2500.0,4.32,4.33,4.31,4.31
09-07-2016 08:53:00,2600.0,4.3101,4.3101,4.3101,4.3101
09-07-2016 08:54:00,3750.0,4.3101,4.3101,4.3,4.3
09-07-2016 08:58:00,1416.0,4.3,4.3204,4.3,4.3204
09-07-2016 09:02:00,1752.0,4.31,4.31,4.24,4.24
09-07-2016 09:08:00,500.0,4.2501,4.2501,4.2501,4.2501
09-07-2016 09:39:00,110.0,4.296,4.296,4.296,4.296
09-07-2016 09:54:00,900.0,4.31,4.32,4.31,4.32
09-07-2016 10:00:00,200.0,4.32,4.32,4.32,4.32
09-07-2016 10:06:00,100.0,4.32,4.32,4.32,4.32
09-07-2016 10:09:00,100.0,4.32,4.32,4.32,4.32
09-07-2016 10:20:00,100.0,4.32,4.32,4.32,4.32
09-07-2016 10:34:00,250.0,4.2801,4.2801,4.2801,4.2801
09-07-2016 10:36:00,100.0,4.31,4.31,4.31,4.31
09-07-2016 10:45:00,100.0,4.32,4.32,4.32,4.32
09-07-2016 11:14:00,100.0,4.32,4.32,4.32,4.32
09-07-2016 11:16:00,150.0,4.2901,4.2901,4.2901,4.2901
09-07-2016 11:36:00,100.0,4.32,4.32,4.32,4.32
09-07-2016 11:53:00,358.0,4.3444,4.3444,4.3444,4.3444
09-07-2016 12:02:00,200.0,4.35,4.35,4.35,4.35
09-07-2016 12:31:00,100.0,4.38,4.38,4.38,4.38
09-07-2016 12:56:00,100.0,4.44,4.44,4.44,4.44
09-07-2016 13:10:00,400.0,4.43,4.43,4.41,4.4108
09-07-2016 13:24:00,200.0,4.4009,4.4009,4.4009,4.4009
09-07-2016 14:35:00,500.0,4.38,4.38,4.38,4.38
09-07-2016 14:44:00,100.0,4.41,4.41,4.41,4.41
09-07-2016 14:50:00,100.0,4.38,4.38,4.38,4.38
09-07-2016 14:57:00,300.0,4.4,4.4,4.4,4.4
09-07-2016 15:00:00,2070.0,4.39,4.39,4.31,4.31
09-08-2016 08:30:00,303.0,4.33,4.33,4.33,4.33
09-08-2016 08:31:00,300.0,4.4516,4.4516,4.31,4.31
09-08-2016 08:50:00,1111.0,4.3416,4.3416,4.3416,4.3416
09-08-2016 08:55:00,1111.0,4.3416,4.3416,4.3416,4.3416
09-08-2016 08:58:00,850.0,4.352,4.352,4.352,4.352
09-08-2016 09:06:00,300.0,4.33,4.33,4.33,4.33
09-08-2016 09:10:00,100.0,4.33,4.33,4.33,4.33
09-08-2016 09:14:00,1111.0,4.3154,4.3154,4.3154,4.3154
09-08-2016 09:16:00,100.0,4.32,4.32,4.32,4.32
09-08-2016 09:17:00,100.0,4.31,4.31,4.31,4.31
09-08-2016 09:18:00,100.0,4.31,4.31,4.31,4.31
09-08-2016 09:19:00,100.0,4.31,4.31,4.31,4.31
09-08-2016 09:20:00,200.0,4.33,4.33,4.33,4.33
09-08-2016 09:41:00,700.0,4.344,4.344,4.33,4.33
09-08-2016 09:53:00,100.0,4.32,4.32,4.32,4.32
09-08-2016 09:54:00,100.0,4.32,4.32,4.32,4.32
09-08-2016 10:03:00,226.0,4.31,4.31,4.31,4.31
09-08-2016 10:04:00,450.0,4.31,4.31,4.31,4.31
09-08-2016 10:15:00,500.0,4.3248,4.3248,4.3248,4.3248
09-08-2016 10:17:00,100.0,4.33,4.33,4.33,4.33
09-08-2016 10:37:00,100.0,4.363,4.363,4.363,4.363
09-08-2016 10:52:00,100.0,4.39,4.39,4.39,4.39
09-08-2016 11:01:00,1230.0,4.4,4.4,4.4,4.4
09-08-2016 11:02:00,102.0,4.4,4.4,4.4,4.4
09-08-2016 11:03:00,100.0,4.38,4.38,4.38,4.38
09-08-2016 11:38:00,500.0,4.365,4.365,4.365,4.365
09-08-2016 13:07:00,1000.0,4.3301,4.3301,4.3301,4.3301
09-08-2016 13:16:00,100.0,4.37,4.37,4.37,4.37
09-08-2016 13:18:00,100.0,4.36,4.36,4.36,4.36
09-08-2016 13:29:00,125.0,4.3713,4.3713,4.3713,4.3713
09-08-2016 13:39:00,500.0,4.34,4.34,4.34,4.34
09-08-2016 13:42:00,500.0,4.3401,4.3401,4.3401,4.3401
09-08-2016 13:48:00,425.0,4.3768,4.3768,4.3768,4.3768
09-08-2016 13:49:00,200.0,4.39,4.39,4.39,4.39
09-08-2016 13:53:00,500.0,4.37,4.37,4.37,4.37
09-08-2016 14:05:00,200.0,4.3999,4.4,4.3999,4.4
09-08-2016 14:06:00,100.0,4.4,4.4,4.4,4.4
09-08-2016 14:20:00,100.0,4.3953,4.3953,4.3953,4.3953
09-08-2016 14:26:00,200.0,4.39,4.39,4.37,4.37
09-08-2016 14:28:00,100.0,4.4,4.4,4.4,4.4
09-08-2016 14:57:00,200.0,4.39,4.39,4.39,4.39
09-08-2016 14:58:00,200.0,4.37,4.37,4.37,4.37
09-09-2016 08:30:00,2875.0,4.3,4.3,4.3,4.3
09-09-2016 08:41:00,200.0,4.29,4.3,4.29,4.3
09-09-2016 08:46:00,2100.0,4.28,4.3,4.2799,4.3
09-09-2016 08:47:00,1066.0,4.355,4.355,4.355,4.355
09-09-2016 08:54:00,778.0,4.345,4.345,4.345,4.345
09-09-2016 09:36:00,200.0,4.35,4.35,4.35,4.35
09-09-2016 10:03:00,500.0,4.346,4.346,4.346,4.346
09-09-2016 10:07:00,500.0,4.33,4.33,4.33,4.33
09-09-2016 10:12:00,100.0,4.34,4.34,4.34,4.34
09-09-2016 10:39:00,100.0,4.35,4.35,4.35,4.35
09-09-2016 10:40:00,100.0,4.33,4.33,4.33,4.33
09-09-2016 10:56:00,3000.0,4.32,4.32,4.32,4.32
09-09-2016 11:05:00,1100.0,4.2822,4.2822,4.26,4.26
09-09-2016 11:07:00,1000.0,4.27,4.27,4.27,4.27
09-09-2016 11:34:00,127.0,4.2501,4.2501,4.2501,4.2501
09-09-2016 11:43:00,3469.0,4.25,4.25,4.21,4.22
09-09-2016 11:50:00,200.0,4.23,4.23,4.23,4.23
09-09-2016 11:52:00,2100.0,4.24,4.24,4.2225,4.2225
09-09-2016 12:16:00,1600.0,4.25,4.27,4.25,4.27
09-09-2016 12:18:00,100.0,4.27,4.27,4.27,4.27
09-09-2016 12:41:00,1000.0,4.25,4.25,4.25,4.25
09-09-2016 12:43:00,561.0,4.25,4.25,4.25,4.25
09-09-2016 13:15:00,101.0,4.2201,4.2201,4.2201,4.2201
09-09-2016 13:19:00,100.0,4.26,4.26,4.26,4.26
09-09-2016 13:27:00,200.0,4.2589,4.2589,4.2495,4.2495
09-09-2016 13:32:00,500.0,4.25,4.25,4.25,4.25
09-09-2016 13:38:00,100.0,4.23,4.23,4.23,4.23
09-09-2016 13:45:00,100.0,4.23,4.23,4.23,4.23
09-09-2016 13:54:00,100.0,4.24,4.24,4.24,4.24
09-09-2016 14:04:00,300.0,4.24,4.24,4.24,4.24
09-09-2016 14:44:00,100.0,4.2298,4.2298,4.2298,4.2298
09-09-2016 14:45:00,100.0,4.22,4.22,4.22,4.22
09-09-2016 14:47:00,300.0,4.22,4.22,4.22,4.22
09-09-2016 14:51:00,235.0,4.2399,4.2399,4.2399,4.2399
09-09-2016 14:56:00,797.0,4.24,4.24,4.22,4.22
09-09-2016 14:57:00,100.0,4.24,4.24,4.24,4.24
09-09-2016 14:59:00,100.0,4.22,4.22,4.22,4.22
09-09-2016 15:00:00,779.0,4.24,4.24,4.22,4.23
09-12-2016 08:33:00,1900.0,4.21,4.21,4.15,4.15
09-12-2016 08:42:00,500.0,4.1829,4.1829,4.1829,4.1829
09-12-2016 09:00:00,100.0,4.22,4.22,4.22,4.22
09-12-2016 09:22:00,824.0,4.22,4.23,4.22,4.23
09-12-2016 09:28:00,800.0,4.22,4.22,4.22,4.22
09-12-2016 09:31:00,100.0,4.2,4.2,4.2,4.2
09-12-2016 09:45:00,100.0,4.19,4.19,4.19,4.19
09-12-2016 10:01:00,125.0,4.19,4.19,4.19,4.19
09-12-2016 10:06:00,4770.0,4.1854,4.1854,4.1854,4.1854
09-12-2016 10:12:00,1900.0,4.1701,4.1701,4.1701,4.1701
09-12-2016 10:20:00,100.0,4.19,4.19,4.19,4.19
09-12-2016 10:39:00,100.0,4.19,4.19,4.19,4.19
09-12-2016 10:44:00,100.0,4.18,4.18,4.18,4.18
09-12-2016 10:47:00,100.0,4.175,4.175,4.175,4.175
09-12-2016 10:48:00,300.0,4.18,4.18,4.175,4.175
09-12-2016 10:52:00,200.0,4.185,4.185,4.185,4.185
09-12-2016 11:20:00,200.0,4.17,4.17,4.17,4.17
09-12-2016 11:24:00,100.0,4.17,4.17,4.17,4.17
09-12-2016 11:53:00,100.0,4.17,4.17,4.17,4.17
09-12-2016 12:16:00,100.0,4.17,4.17,4.17,4.17
09-12-2016 12:24:00,100.0,4.17,4.17,4.17,4.17
09-12-2016 12:48:00,100.0,4.17,4.17,4.17,4.17
09-12-2016 13:16:00,1500.0,4.1501,4.1501,4.15,4.1501
09-12-2016 13:17:00,100.0,4.15,4.15,4.15,4.15
09-12-2016 13:22:00,100.0,4.17,4.17,4.17,4.17
09-12-2016 13:23:00,6972.0,4.15,4.1501,4.02,4.15
09-12-2016 13:24:00,3700.0,4.155,4.17,4.155,4.17
09-12-2016 13:40:00,300.0,4.18,4.18,4.18,4.18
09-12-2016 13:54:00,1300.0,4.17,4.171,4.17,4.17
09-12-2016 13:55:00,100.0,4.1632,4.1632,4.1632,4.1632
09-12-2016 13:57:00,1854.0,4.16,4.165,4.15,4.165
09-12-2016 13:58:00,100.0,4.18,4.18,4.18,4.18
09-12-2016 13:59:00,100.0,4.19,4.19,4.19,4.19
09-12-2016 14:26:00,100.0,4.19,4.19,4.19,4.19
09-12-2016 14:27:00,100.0,4.21,4.21,4.21,4.21
09-12-2016 14:40:00,300.0,4.1832,4.1832,4.1832,4.1832
09-12-2016 14:43:00,100.0,4.2,4.2,4.2,4.2
09-12-2016 14:46:00,1000.0,4.1801,4.1801,4.17,4.17
09-12-2016 14:47:00,200.0,4.1748,4.1748,4.1748,4.1748
09-12-2016 14:50:00,300.0,4.16,4.17,4.16,4.17
09-12-2016 14:51:00,700.0,4.1616,4.17,4.1616,4.17
09-12-2016 14:52:00,200.0,4.17,4.17,4.17,4.17
09-12-2016 14:53:00,1000.0,4.1792,4.1792,4.1792,4.1792
09-12-2016 14:54:00,200.0,4.17,4.17,4.1616,4.1616
09-12-2016 14:55:00,1500.0,4.16,4.178,4.16,4.178
09-12-2016 14:56:00,200.0,4.1764,4.1764,4.1764,4.1764
09-12-2016 14:57:00,100.0,4.17,4.17,4.17,4.17
09-12-2016 14:59:00,300.0,4.17,4.17,4.168,4.168
09-12-2016 15:00:00,200.0,4.1764,4.1764,4.1764,4.1764
09-13-2016 08:30:00,2150.0,4.19,4.19,4.19,4.19
09-13-2016 08:31:00,445.0,4.19,4.19,4.19,4.19
09-13-2016 08:36:00,2676.0,4.13,4.2,4.13,4.2
09-13-2016 08:44:00,4800.0,4.21,4.21,4.1001,4.21
09-13-2016 08:51:00,300.0,4.16,4.16,4.16,4.16
09-13-2016 09:07:00,500.0,4.145,4.145,4.145,4.145
09-13-2016 10:01:00,1444.0,4.155,4.155,4.155,4.155
09-13-2016 10:09:00,1400.0,4.13,4.1432,4.12,4.1432
09-13-2016 10:12:00,100.0,4.17,4.17,4.17,4.17
09-13-2016 10:47:00,200.0,4.13,4.13,4.13,4.13
09-13-2016 10:49:00,700.0,4.12,4.12,4.12,4.12
09-13-2016 11:22:00,200.0,4.11,4.11,4.11,4.11
09-13-2016 12:07:00,600.0,4.13,4.13,4.12,4.13
09-13-2016 12:08:00,1500.0,4.13,4.17,4.13,4.13
09-13-2016 12:09:00,200.0,4.15,4.15,4.15,4.15
09-13-2016 12:11:00,200.0,4.16,4.16,4.1505,4.1505
09-13-2016 12:19:00,700.0,4.15,4.15,4.12,4.12
09-13-2016 12:20:00,350.0,4.11,4.11,4.11,4.11
09-13-2016 12:27:00,200.0,4.12,4.12,4.12,4.12
09-13-2016 13:01:00,3100.0,4.147,4.147,4.12,4.12
09-13-2016 13:12:00,1200.0,4.14,4.14,4.12,4.12
09-13-2016 13:20:00,100.0,4.13,4.13,4.13,4.13
09-13-2016 13:24:00,100.0,4.136,4.136,4.136,4.136
09-13-2016 13:34:00,300.0,4.12,4.12,4.12,4.12
09-13-2016 13:35:00,300.0,4.12,4.12,4.12,4.12
09-13-2016 13:42:00,1000.0,4.14,4.14,4.14,4.14
09-13-2016 13:43:00,675.0,4.14,4.14,4.1399,4.1399
09-13-2016 14:05:00,100.0,4.12,4.12,4.12,4.12
09-13-2016 14:07:00,360.0,4.114,4.114,4.114,4.114
09-13-2016 14:13:00,300.0,4.11,4.115,4.11,4.115
09-13-2016 14:14:00,1470.0,4.12,4.12,4.11,4.11
09-13-2016 14:19:00,400.0,4.12,4.12,4.12,4.12
09-13-2016 14:42:00,100.0,4.1,4.1,4.1,4.1
09-13-2016 14:43:00,100.0,4.1,4.1,4.1,4.1
09-13-2016 14:45:00,200.0,4.1,4.1,4.0989,4.0989
09-13-2016 14:47:00,300.0,4.09,4.09,4.09,4.09
09-13-2016 14:48:00,700.0,4.08,4.08,4.07,4.0799
09-13-2016 14:51:00,400.0,4.08,4.08,4.08,4.08
09-13-2016 14:52:00,100.0,4.075,4.075,4.075,4.075
09-13-2016 14:53:00,1000.0,4.0701,4.0701,4.0701,4.0701
09-13-2016 14:55:00,2700.0,4.0895,4.0895,4.0895,4.0895
09-13-2016 14:59:00,300.0,4.09,4.09,4.09,4.09
09-14-2016 08:31:00,300.0,4.15,4.15,4.1,4.1
09-14-2016 08:32:00,100.0,4.12,4.12,4.12,4.12
09-14-2016 08:33:00,2900.0,4.1,4.1,4.1,4.1
09-14-2016 08:46:00,1000.0,4.058,4.058,4.058,4.058
09-14-2016 09:01:00,1000.0,4.04,4.04,4.04,4.04
09-14-2016 09:03:00,4500.0,4.05,4.05,4.05,4.05
09-14-2016 09:05:00,600.0,4.06,4.06,4.06,4.06
09-14-2016 09:06:00,754.0,4.06,4.1,4.06,4.1
09-14-2016 09:07:00,700.0,4.11,4.11,4.09,4.1
09-14-2016 09:09:00,300.0,4.08,4.12,4.08,4.12
09-14-2016 09:10:00,1400.0,4.05,4.05,4.05,4.05
09-14-2016 09:11:00,754.0,4.12,4.13,4.07,4.07
09-14-2016 09:15:00,200.0,4.07,4.07,4.07,4.07
09-14-2016 09:25:00,100.0,4.1,4.1,4.1,4.1
09-14-2016 09:35:00,1500.0,4.06,4.06,4.03,4.05
09-14-2016 09:36:00,800.0,4.07,4.07,4.02,4.07
09-14-2016 09:37:00,800.0,4.07,4.08,4.07,4.08
09-14-2016 09:38:00,954.0,4.09,4.09,4.08,4.08
09-14-2016 09:43:00,1300.0,4.119,4.119,4.119,4.119
09-14-2016 09:46:00,1276.0,4.0201,4.03,4.02,4.0208
09-14-2016 10:06:00,250.0,4.0602,4.0602,4.0602,4.0602
09-14-2016 10:30:00,7193.0,4.04,4.04,3.98,3.98
09-14-2016 10:32:00,3150.0,3.97,3.97,3.95,3.96
09-14-2016 10:33:00,11500.0,3.95,3.95,3.95,3.95
09-14-2016 10:34:00,7722.0,3.9,3.9,3.87,3.87
09-14-2016 10:35:00,3359.0,3.86,3.86,3.85,3.85
09-14-2016 10:37:00,1100.0,3.77,3.79,3.77,3.79
09-14-2016 10:38:00,3900.0,3.78,3.78,3.75,3.75
09-14-2016 10:39:00,1200.0,3.75,3.76,3.75,3.76
09-14-2016 10:40:00,100.0,3.7747,3.7747,3.7747,3.7747
09-14-2016 10:42:00,2350.0,3.77,3.77,3.6492,3.6492
09-14-2016 10:43:00,500.0,3.66,3.66,3.66,3.66
09-14-2016 10:44:00,12458.0,3.6899,3.79,3.6899,3.79
09-14-2016 10:46:00,3400.0,3.76,3.8,3.745,3.79
09-14-2016 10:47:00,5100.0,3.79,3.85,3.79,3.85
09-14-2016 10:48:00,1850.0,3.8534,3.8534,3.84,3.84
09-14-2016 10:49:00,1100.0,3.8663,3.8663,3.85,3.85
09-14-2016 10:50:00,1104.0,3.83,3.83,3.8,3.8
09-14-2016 10:51:00,1500.0,3.7911,3.7911,3.78,3.78
09-14-2016 10:52:00,1400.0,3.8,3.8,3.78,3.78
09-14-2016 10:53:00,6575.0,3.77,3.8,3.75,3.8
09-14-2016 10:54:00,2205.0,3.81,3.82,3.81,3.82
09-14-2016 10:55:00,3300.0,3.815,3.815,3.81,3.81
09-14-2016 10:57:00,300.0,3.85,3.85,3.85,3.85
09-14-2016 10:58:00,1000.0,3.83,3.83,3.83,3.83
09-14-2016 11:00:00,100.0,3.83,3.83,3.83,3.83
09-14-2016 11:01:00,4877.0,3.8593,3.8595,3.83,3.84
09-14-2016 11:02:00,750.0,3.8499,3.8499,3.8499,3.8499
09-14-2016 11:03:00,1100.0,3.82,3.82,3.7999,3.7999
09-14-2016 11:04:00,500.0,3.78,3.78,3.78,3.78
09-14-2016 11:08:00,1000.0,3.7833,3.7833,3.78,3.78
09-14-2016 11:09:00,500.0,3.785,3.785,3.785,3.785
09-14-2016 11:10:00,3500.0,3.783,3.81,3.783,3.81
09-14-2016 11:11:00,2844.0,3.795,3.82,3.7905,3.7905
09-14-2016 11:12:00,100.0,3.81,3.81,3.81,3.81
09-14-2016 11:14:00,200.0,3.8101,3.8101,3.81,3.81
09-14-2016 11:16:00,2330.0,3.83,3.83,3.81,3.81
09-14-2016 11:17:00,1000.0,3.8348,3.8348,3.8348,3.8348
09-14-2016 11:19:00,3300.0,3.82,3.83,3.82,3.83
09-14-2016 11:26:00,1000.0,3.87,3.87,3.87,3.87
09-14-2016 11:27:00,1100.0,3.87,3.9,3.87,3.9
09-14-2016 11:31:00,2000.0,3.851,3.851,3.851,3.851
09-14-2016 11:32:00,1200.0,3.8555,3.87,3.8555,3.87
09-14-2016 11:45:00,100.0,3.83,3.83,3.83,3.83
09-14-2016 11:57:00,2000.0,3.8999,3.8999,3.8999,3.8999
09-14-2016 12:02:00,1500.0,3.8653,3.8653,3.8653,3.8653
09-14-2016 12:07:00,200.0,3.83,3.8301,3.83,3.8301
09-14-2016 12:11:00,160.0,3.8755,3.8755,3.8755,3.8755
09-14-2016 12:24:00,2100.0,3.86,3.8601,3.86,3.8601
09-14-2016 12:25:00,1000.0,3.86,3.86,3.8301,3.8301
09-14-2016 12:26:00,1000.0,3.86,3.86,3.85,3.85
09-14-2016 12:28:00,400.0,3.88,3.88,3.88,3.88
09-14-2016 12:42:00,2285.0,3.8646,3.8646,3.86,3.86
09-14-2016 12:43:00,700.0,3.86,3.86,3.85,3.85
09-14-2016 12:44:00,200.0,3.83,3.83,3.83,3.83
09-14-2016 12:45:00,2000.0,3.85,3.85,3.85,3.85
09-14-2016 12:51:00,1000.0,3.8301,3.8301,3.8301,3.8301
09-14-2016 12:54:00,500.0,3.85,3.85,3.85,3.85
09-14-2016 12:55:00,100.0,3.83,3.83,3.83,3.83
09-14-2016 12:57:00,1799.0,3.84,3.84,3.81,3.81
09-14-2016 12:59:00,300.0,3.81,3.81,3.81,3.81
09-14-2016 13:01:00,1675.0,3.8365,3.8365,3.8365,3.8365
09-14-2016 13:03:00,100.0,3.81,3.81,3.81,3.81
09-14-2016 13:08:00,200.0,3.81,3.81,3.8001,3.8001
09-14-2016 13:09:00,800.0,3.8,3.8,3.76,3.76
09-14-2016 13:10:00,6314.0,3.76,3.76,3.6845,3.6845
09-14-2016 13:11:00,200.0,3.69,3.69,3.69,3.69
09-14-2016 13:12:00,400.0,3.6401,3.6401,3.64,3.64
09-14-2016 13:13:00,1873.0,3.62,3.62,3.53,3.53
09-14-2016 13:14:00,1963.0,3.5648,3.5648,3.5648,3.5648
09-14-2016 13:16:00,1400.0,3.6035,3.6795,3.6035,3.665
09-14-2016 13:17:00,300.0,3.59,3.59,3.59,3.59
09-14-2016 13:18:00,300.0,3.59,3.59,3.53,3.53
09-14-2016 13:19:00,4300.0,3.58,3.62,3.53,3.62
09-14-2016 13:20:00,3450.0,3.62,3.688,3.62,3.63
09-14-2016 13:22:00,10695.0,3.7,3.77,3.68,3.75
09-14-2016 13:23:00,2200.0,3.66,3.66,3.56,3.56
09-14-2016 13:26:00,12200.0,3.581,3.5883,3.56,3.56
09-14-2016 13:27:00,3050.0,3.57,3.57,3.52,3.52
09-14-2016 13:28:00,1100.0,3.53,3.53,3.53,3.53
09-14-2016 13:29:00,813.0,3.48,3.48,3.48,3.48
09-14-2016 13:31:00,1000.0,3.45,3.45,3.45,3.45
09-14-2016 13:33:00,4930.0,3.48,3.51,3.465,3.51
09-14-2016 13:34:00,100.0,3.46,3.46,3.46,3.46
09-14-2016 13:35:00,900.0,3.48,3.5088,3.47,3.485
09-14-2016 13:36:00,100.0,3.46,3.46,3.46,3.46
09-14-2016 13:39:00,3100.0,3.47,3.47,3.43,3.43
09-14-2016 13:40:00,12500.0,3.4461,3.4547,3.36,3.364
09-14-2016 13:41:00,3582.0,3.371,3.371,3.371,3.371
09-14-2016 13:42:00,8821.0,3.35,3.3621,3.31,3.3621
09-14-2016 13:43:00,9185.0,3.3587,3.3587,3.31,3.333
09-14-2016 13:44:00,6300.0,3.32,3.4299,3.285,3.32
09-14-2016 13:45:00,1000.0,3.336,3.336,3.336,3.336
09-14-2016 13:47:00,6360.0,3.28,3.3064,3.17,3.3
09-14-2016 13:48:00,731.0,3.18,3.18,3.17,3.17
09-14-2016 13:49:00,1443.0,3.18,3.2,3.17,3.17
09-14-2016 13:50:00,11050.0,3.13,3.13,2.92,3.0011
09-14-2016 13:51:00,8913.0,3.08,3.1,3.08,3.1
09-14-2016 13:52:00,1700.0,3.1,3.135,3.06,3.06
09-14-2016 13:53:00,6505.0,3.02,3.0953,3.0,3.0101
09-14-2016 13:54:00,2100.0,3.0,3.0325,2.96,3.0325
09-14-2016 13:55:00,9800.0,3.0,3.13,3.0,3.13
09-14-2016 13:56:00,3825.0,3.1,3.18,3.1,3.12
09-14-2016 13:57:00,400.0,3.19,3.2,3.19,3.2
09-14-2016 13:58:00,1300.0,3.19,3.195,3.19,3.19
09-14-2016 13:59:00,5920.0,3.24,3.279,3.22,3.26
09-14-2016 14:01:00,100.0,3.19,3.19,3.19,3.19
09-14-2016 14:02:00,100.0,3.2194,3.2194,3.2194,3.2194
09-14-2016 14:03:00,4210.0,3.249,3.249,3.12,3.12
09-14-2016 14:04:00,400.0,3.16,3.16,3.13,3.13
09-14-2016 14:05:00,1529.0,3.16,3.16,3.1,3.1
09-14-2016 14:06:00,3865.0,3.05,3.1165,3.03,3.03
09-14-2016 14:07:00,16914.0,3.0,3.01,2.97,2.97
09-14-2016 14:08:00,200.0,3.025,3.025,3.025,3.025
09-14-2016 14:09:00,6400.0,3.03,3.05,2.97,3.0
09-14-2016 14:10:00,6941.0,3.04,3.12,2.97,3.02
09-14-2016 14:11:00,4650.0,3.021,3.122,3.021,3.1142
09-14-2016 14:12:00,7750.0,3.1066,3.13,3.04,3.13
09-14-2016 14:13:00,3350.0,3.05,3.2015,3.05,3.2015
09-14-2016 14:14:00,4100.0,3.17,3.24,3.17,3.1889
09-14-2016 14:15:00,6854.0,3.2399,3.24,3.15,3.2
09-14-2016 14:16:00,3060.0,3.2,3.2001,3.1526,3.1526
09-14-2016 14:17:00,4080.0,3.1171,3.1171,3.07,3.07
09-14-2016 14:18:00,3895.0,3.04,3.1499,3.04,3.132
09-14-2016 14:19:00,1000.0,3.0645,3.0645,3.0645,3.0645
09-14-2016 14:20:00,300.0,3.1,3.188,3.1,3.188
09-14-2016 14:21:00,2700.0,3.1947,3.25,3.1925,3.1925
09-14-2016 14:22:00,5026.0,3.19,3.26,3.06,3.18
09-14-2016 14:23:00,2000.0,3.239,3.239,3.239,3.239
09-14-2016 14:24:00,2200.0,3.1394,3.14,3.1201,3.14
09-14-2016 14:25:00,5250.0,3.1401,3.242,3.1401,3.1676
09-14-2016 14:26:00,250.0,3.2599,3.2599,3.2599,3.2599
09-14-2016 14:27:00,500.0,3.161,3.161,3.161,3.161
09-14-2016 14:28:00,2121.0,3.2599,3.2599,3.259,3.259
09-14-2016 14:29:00,2000.0,3.222,3.222,3.222,3.222
09-14-2016 14:30:00,1349.0,3.1601,3.1966,3.1601,3.1966
09-14-2016 14:31:00,1700.0,3.22,3.26,3.22,3.22
09-14-2016 14:32:00,2900.0,3.21,3.22,3.1729,3.2
09-14-2016 14:33:00,1012.0,3.1501,3.1501,3.1501,3.1501
09-14-2016 14:35:00,2000.0,3.1501,3.259,3.1501,3.259
09-14-2016 14:36:00,7250.0,3.259,3.259,3.1667,3.1667
09-14-2016 14:38:00,600.0,3.22,3.22,3.22,3.22
09-14-2016 14:39:00,1000.0,3.2,3.21,3.2,3.21
09-14-2016 14:40:00,4700.0,3.249,3.249,3.21,3.22
09-14-2016 14:41:00,2000.0,3.251,3.251,3.251,3.251
09-14-2016 14:42:00,6220.0,3.2599,3.2599,3.2,3.2078
09-14-2016 14:44:00,633.0,3.2381,3.2381,3.2,3.2
09-14-2016 14:45:00,500.0,3.21,3.23,3.2099,3.23
09-14-2016 14:46:00,2000.0,3.21,3.26,3.21,3.24
09-14-2016 14:47:00,1150.0,3.25,3.25,3.2313,3.2313
09-14-2016 14:48:00,1857.0,3.24,3.26,3.2387,3.26
09-14-2016 14:49:00,1200.0,3.2524,3.2565,3.2524,3.2565
09-14-2016 14:50:00,775.0,3.2996,3.2996,3.2996,3.2996
09-14-2016 14:51:00,5599.0,3.29,3.33,3.29,3.33
09-14-2016 14:52:00,1350.0,3.338,3.338,3.3301,3.3301
09-14-2016 14:53:00,300.0,3.331,3.331,3.331,3.331
09-14-2016 14:55:00,300.0,3.35,3.35,3.35,3.35
09-14-2016 14:57:00,3228.0,3.34,3.34,3.25,3.3
09-14-2016 14:58:00,300.0,3.3,3.3,3.27,3.27
09-14-2016 14:59:00,4200.0,3.27,3.29,3.25,3.2599
09-14-2016 15:00:00,1800.0,3.24,3.25,3.22,3.22
09-14-2016 15:07:00,100.0,3.25,3.25,3.25,3.25
09-14-2016 15:09:00,100.0,3.25,3.25,3.25,3.25
09-14-2016 15:54:00,200.0,3.26,3.26,3.26,3.26
09-14-2016 18:59:00,1100.0,3.3,3.3,3.3,3.3
09-15-2016 08:07:00,100.0,3.22,3.22,3.22,3.22
09-15-2016 08:28:00,100.0,3.22,3.22,3.22,3.22
09-15-2016 08:29:00,800.0,3.22,3.22,3.22,3.22
09-15-2016 08:30:00,7318.0,3.3,3.3,3.3,3.3
09-15-2016 08:32:00,200.0,3.36,3.36,3.36,3.36
09-15-2016 08:33:00,3400.0,3.3195,3.3195,3.26,3.316
09-15-2016 08:35:00,2100.0,3.26,3.2872,3.25,3.2872
09-15-2016 08:36:00,1000.0,3.2872,3.2872,3.2872,3.2872
09-15-2016 08:37:00,3400.0,3.2306,3.2944,3.2306,3.2578
09-15-2016 08:38:00,1300.0,3.25,3.255,3.22,3.23
09-15-2016 08:39:00,800.0,3.255,3.2642,3.25,3.2642
09-15-2016 08:41:00,4000.0,3.2739,3.2739,3.25,3.25
09-15-2016 08:42:00,1050.0,3.2429,3.2429,3.22,3.22
09-15-2016 08:44:00,5950.0,3.23,3.23,3.1309,3.1309
09-15-2016 08:45:00,200.0,3.14,3.14,3.14,3.14
09-15-2016 08:47:00,2000.0,3.1642,3.1795,3.1642,3.1795
09-15-2016 08:48:00,350.0,3.121,3.121,3.121,3.121
09-15-2016 08:49:00,1319.0,3.1799,3.1799,3.15,3.15
09-15-2016 08:51:00,200.0,3.125,3.125,3.125,3.125
09-15-2016 08:52:00,4500.0,3.18,3.1864,3.16,3.16
09-15-2016 08:53:00,600.0,3.19,3.19,3.19,3.19
09-15-2016 08:55:00,1000.0,3.1742,3.1742,3.1742,3.1742
09-15-2016 08:57:00,250.0,3.1742,3.1742,3.1742,3.1742
09-15-2016 08:58:00,1000.0,3.1742,3.1742,3.1742,3.1742
09-15-2016 09:00:00,1000.0,3.1742,3.1742,3.1742,3.1742
09-15-2016 09:01:00,250.0,3.17,3.17,3.17,3.17
09-15-2016 09:07:00,1202.0,3.1663,3.2,3.16,3.2
09-15-2016 09:09:00,140.0,3.2,3.2,3.2,3.2
09-15-2016 09:10:00,1000.0,3.1856,3.1856,3.1856,3.1856
09-15-2016 09:13:00,720.0,3.18,3.18,3.18,3.18
09-15-2016 09:16:00,3584.0,3.19,3.2,3.19,3.2
09-15-2016 09:32:00,100.0,3.3,3.3,3.3,3.3
09-15-2016 09:33:00,7251.0,3.29,3.3,3.29,3.3
09-15-2016 09:34:00,2901.0,3.36,3.36,3.35,3.36
09-15-2016 09:35:00,1550.0,3.42,3.43,3.4,3.4209
09-15-2016 09:36:00,3400.0,3.4,3.4699,3.4,3.46
09-15-2016 09:37:00,3290.0,3.46,3.49,3.455,3.49
09-15-2016 09:38:00,200.0,3.49,3.49,3.49,3.49
09-15-2016 09:39:00,4783.0,3.4654,3.4654,3.4,3.4
09-15-2016 09:40:00,200.0,3.41,3.41,3.41,3.41
09-15-2016 09:42:00,1000.0,3.4712,3.4712,3.4712,3.4712
09-15-2016 09:45:00,3000.0,3.44,3.44,3.44,3.44
09-15-2016 09:46:00,600.0,3.43,3.43,3.43,3.43
09-15-2016 09:47:00,600.0,3.44,3.45,3.44,3.4495
09-15-2016 09:48:00,3188.0,3.45,3.45,3.45,3.45
09-15-2016 09:49:00,100.0,3.47,3.47,3.47,3.47
09-15-2016 09:50:00,3161.0,3.47,3.54,3.47,3.47
09-15-2016 09:54:00,182.0,3.5175,3.5175,3.5175,3.5175
09-15-2016 09:55:00,1000.0,3.58,3.59,3.58,3.59
09-15-2016 09:57:00,500.0,3.555,3.555,3.555,3.555
09-15-2016 09:58:00,375.0,3.55,3.55,3.55,3.55
09-15-2016 10:01:00,1200.0,3.583,3.583,3.583,3.583
09-15-2016 10:03:00,3861.0,3.52,3.52,3.5,3.5
09-15-2016 10:04:00,1126.0,3.5,3.5,3.5,3.5
09-15-2016 10:07:00,900.0,3.45,3.45,3.45,3.45
09-15-2016 10:08:00,157.0,3.4201,3.4201,3.4201,3.4201
09-15-2016 10:10:00,300.0,3.45,3.45,3.45,3.45
09-15-2016 10:14:00,6684.0,3.45,3.45,3.42,3.44
09-15-2016 10:32:00,500.0,3.4799,3.4799,3.4799,3.4799
09-15-2016 10:40:00,1000.0,3.401,3.401,3.4,3.4
09-15-2016 10:42:00,333.0,3.422,3.422,3.422,3.422
09-15-2016 10:58:00,500.0,3.44,3.44,3.44,3.44
09-15-2016 11:21:00,3900.0,3.39,3.44,3.3801,3.3825
09-15-2016 11:37:00,1400.0,3.37,3.37,3.3601,3.3601
09-15-2016 11:40:00,2000.0,3.3851,3.394,3.3851,3.394
09-15-2016 11:57:00,800.0,3.3625,3.3625,3.3625,3.3625
09-15-2016 11:58:00,300.0,3.376,3.376,3.376,3.376
09-15-2016 12:08:00,650.0,3.3927,3.3927,3.3927,3.3927
09-15-2016 12:09:00,1527.0,3.38,3.42,3.38,3.38
09-15-2016 12:30:00,100.0,3.43,3.43,3.43,3.43
09-15-2016 12:40:00,291.0,3.4112,3.4112,3.4112,3.4112
09-15-2016 12:50:00,1950.0,3.42,3.44,3.42,3.4399
09-15-2016 12:52:00,100.0,3.44,3.44,3.44,3.44
09-15-2016 13:11:00,300.0,3.398,3.398,3.398,3.398
09-15-2016 13:12:00,1500.0,3.3932,3.3932,3.3932,3.3932
09-15-2016 13:13:00,500.0,3.398,3.398,3.398,3.398
09-15-2016 13:58:00,100.0,3.38,3.38,3.38,3.38
09-15-2016 14:20:00,884.0,3.36,3.36,3.36,3.36
09-15-2016 14:21:00,1000.0,3.3578,3.3578,3.3578,3.3578
09-15-2016 14:24:00,1000.0,3.353,3.353,3.353,3.353
09-15-2016 14:32:00,900.0,3.3627,3.3627,3.3627,3.3627
09-15-2016 14:33:00,3170.0,3.3551,3.3551,3.33,3.33
09-15-2016 14:43:00,800.0,3.315,3.32,3.31,3.32
09-15-2016 14:45:00,500.0,3.3148,3.3148,3.3148,3.3148
09-15-2016 14:46:00,100.0,3.31,3.31,3.31,3.31
09-15-2016 14:47:00,600.0,3.305,3.3074,3.305,3.3074
09-15-2016 14:49:00,400.0,3.3001,3.3001,3.3001,3.3001
09-15-2016 14:51:00,1305.0,3.305,3.32,3.305,3.32
09-15-2016 15:14:00,127.0,3.55,3.56,3.55,3.56
09-16-2016 08:30:00,280.0,3.34,3.34,3.34,3.34
09-16-2016 08:35:00,2000.0,3.325,3.325,3.325,3.325
09-16-2016 08:46:00,270.0,3.35,3.35,3.35,3.35
09-16-2016 08:47:00,1100.0,3.49,3.49,3.434,3.434
09-16-2016 08:50:00,1635.0,3.4155,3.49,3.4155,3.49
09-16-2016 08:57:00,700.0,3.49,3.49,3.49,3.49
09-16-2016 08:59:00,500.0,3.42,3.42,3.41,3.41
09-16-2016 09:00:00,200.0,3.4,3.4,3.4,3.4
09-16-2016 09:03:00,200.0,3.44,3.44,3.44,3.44
09-16-2016 09:07:00,100.0,3.52,3.52,3.52,3.52
09-16-2016 09:11:00,100.0,3.4796,3.4796,3.4796,3.4796
09-16-2016 09:17:00,2500.0,3.4785,3.4785,3.4785,3.4785
09-16-2016 09:19:00,4500.0,3.4601,3.4785,3.4601,3.4785
09-16-2016 09:20:00,8600.0,3.4919,3.51,3.4442,3.4442
09-16-2016 09:21:00,5100.0,3.4,3.4296,3.4,3.4296
09-16-2016 09:24:00,2400.0,3.3701,3.3805,3.3701,3.3805
09-16-2016 09:28:00,250.0,3.37,3.37,3.37,3.37
09-16-2016 09:33:00,4030.0,3.4056,3.4056,3.36,3.383
09-16-2016 09:40:00,200.0,3.37,3.37,3.37,3.37
09-16-2016 09:43:00,2800.0,3.35,3.362,3.35,3.362
09-16-2016 09:44:00,100.0,3.37,3.37,3.37,3.37
09-16-2016 09:46:00,2500.0,3.3514,3.3514,3.3445,3.3445
09-16-2016 10:10:00,6444.0,3.32,3.3398,3.32,3.32
09-16-2016 10:11:00,300.0,3.4199,3.4199,3.4199,3.4199
09-16-2016 10:18:00,1000.0,3.37,3.37,3.37,3.37
09-16-2016 10:20:00,2500.0,3.3274,3.3274,3.2925,3.2925
09-16-2016 10:23:00,1700.0,3.3584,3.3584,3.29,3.29
09-16-2016 10:29:00,100.0,3.3085,3.3085,3.3085,3.3085
09-16-2016 10:30:00,175.0,3.3085,3.3085,3.3085,3.3085
09-16-2016 10:32:00,4044.0,3.3189,3.3189,3.255,3.2985
09-16-2016 10:34:00,2300.0,3.409,3.409,3.29,3.3
09-16-2016 10:36:00,2475.0,3.3,3.372,3.3,3.3
09-16-2016 10:49:00,234.0,3.2938,3.2938,3.2938,3.2938
09-16-2016 10:55:00,3162.0,3.2601,3.2699,3.2,3.2699
09-16-2016 11:12:00,676.0,3.21,3.21,3.2,3.2
09-16-2016 11:17:00,300.0,3.2467,3.2467,3.2467,3.2467
09-16-2016 11:18:00,1000.0,3.235,3.235,3.235,3.235
09-16-2016 11:43:00,4000.0,3.28,3.282,3.28,3.282
09-16-2016 11:47:00,100.0,3.2256,3.2256,3.2256,3.2256
09-16-2016 11:48:00,2600.0,3.21,3.24,3.21,3.24
09-16-2016 12:09:00,100.0,3.25,3.25,3.25,3.25
09-16-2016 12:26:00,1500.0,3.2442,3.2442,3.2442,3.2442
09-16-2016 12:37:00,1500.0,3.2442,3.2442,3.2442,3.2442
09-16-2016 12:39:00,600.0,3.21,3.21,3.2,3.2
09-16-2016 12:44:00,200.0,3.2,3.2,3.2,3.2
09-16-2016 12:52:00,3553.0,3.17,3.1848,3.13,3.13
09-16-2016 12:58:00,1100.0,3.1592,3.1592,3.13,3.13
09-16-2016 13:02:00,750.0,3.1699,3.1699,3.1699,3.1699
09-16-2016 13:05:00,125.0,3.1549,3.1549,3.1549,3.1549
09-16-2016 13:09:00,200.0,3.13,3.13,3.13,3.13
09-16-2016 13:13:00,600.0,3.12,3.12,3.12,3.12
09-16-2016 13:21:00,100.0,3.12,3.12,3.12,3.12
09-16-2016 13:24:00,100.0,3.13,3.13,3.13,3.13
09-16-2016 13:25:00,3600.0,3.15,3.15,3.1386,3.1455
09-16-2016 13:27:00,600.0,3.16,3.16,3.15,3.15
09-16-2016 13:29:00,4400.0,3.161,3.1725,3.1386,3.1386
09-16-2016 13:30:00,4974.0,3.15,3.18,3.1401,3.1401
09-16-2016 13:31:00,7500.0,3.1324,3.1324,3.1307,3.132
09-16-2016 13:32:00,200.0,3.2,3.2,3.2,3.2
09-16-2016 13:33:00,400.0,3.2,3.2,3.2,3.2
09-16-2016 13:35:00,1000.0,3.1999,3.1999,3.1999,3.1999
09-16-2016 13:36:00,3100.0,3.2,3.2,3.1775,3.2
09-16-2016 13:39:00,200.0,3.2,3.2,3.2,3.2
09-16-2016 13:42:00,2000.0,3.1886,3.1886,3.1886,3.1886
09-16-2016 13:43:00,2100.0,3.2,3.2,3.2,3.2
09-16-2016 13:44:00,400.0,3.26,3.26,3.26,3.26
09-16-2016 13:46:00,400.0,3.3,3.3,3.3,3.3
09-16-2016 13:54:00,1000.0,3.3556,3.3556,3.3556,3.3556
09-16-2016 13:55:00,100.0,3.2511,3.2511,3.2511,3.2511
09-16-2016 14:07:00,2000.0,3.318,3.318,3.318,3.318
09-16-2016 14:15:00,800.0,3.28,3.28,3.28,3.28
09-16-2016 14:21:00,2000.0,3.278,3.278,3.278,3.278
09-16-2016 14:40:00,2802.0,3.303,3.303,3.303,3.303
09-16-2016 14:43:00,4000.0,3.35,3.35,3.3434,3.3434
09-16-2016 14:46:00,1500.0,3.37,3.37,3.37,3.37
09-16-2016 14:47:00,4300.0,3.38,3.43,3.38,3.43
09-16-2016 14:48:00,1200.0,3.42,3.42,3.42,3.42
09-16-2016 14:49:00,10000.0,3.42,3.42,3.42,3.42
09-16-2016 14:51:00,887.0,3.34,3.34,3.34,3.34
09-16-2016 14:52:00,750.0,3.33,3.33,3.28,3.28
09-16-2016 14:59:00,200.0,3.4199,3.4199,3.4,3.4
09-16-2016 15:00:00,613.0,3.48,3.48,3.48,3.48
09-19-2016 08:30:00,753.0,3.48,3.48,3.48,3.48
09-19-2016 08:32:00,450.0,3.45,3.45,3.45,3.45
09-19-2016 08:37:00,100.0,3.4,3.4,3.4,3.4
09-19-2016 08:41:00,2150.0,3.4372,3.451,3.4,3.451
09-19-2016 08:48:00,1000.0,3.3792,3.3792,3.3792,3.3792
09-19-2016 08:49:00,1000.0,3.3792,3.3792,3.3792,3.3792
09-19-2016 08:50:00,200.0,3.39,3.39,3.39,3.39
09-19-2016 08:52:00,2600.0,3.365,3.43,3.365,3.43
09-19-2016 08:53:00,2973.0,3.44,3.44,3.4334,3.4334
09-19-2016 09:00:00,200.0,3.5,3.5,3.5,3.5
09-19-2016 09:03:00,1000.0,3.56,3.56,3.53,3.53
09-19-2016 09:04:00,200.0,3.5,3.5,3.5,3.5
09-19-2016 09:05:00,225.0,3.5,3.5,3.5,3.5
09-19-2016 09:09:00,100.0,3.46,3.46,3.46,3.46
09-19-2016 09:16:00,1880.0,3.4537,3.4899,3.44,3.4899
09-19-2016 09:18:00,1800.0,3.49,3.655,3.4603,3.4603
09-19-2016 09:22:00,600.0,3.61,3.61,3.4,3.4
09-19-2016 09:30:00,182.0,3.4,3.4,3.4,3.4
09-19-2016 09:39:00,100.0,3.5,3.5,3.5,3.5
09-19-2016 09:41:00,1900.0,3.51,3.6,3.46,3.46
09-19-2016 10:00:00,200.0,3.51,3.52,3.51,3.52
09-19-2016 10:08:00,1990.0,3.56,3.56,3.5402,3.5402
09-19-2016 10:13:00,600.0,3.57,3.57,3.55,3.57
09-19-2016 10:16:00,200.0,3.58,3.58,3.58,3.58
09-19-2016 10:23:00,600.0,3.5751,3.58,3.5751,3.58
09-19-2016 10:31:00,1956.0,3.59,3.62,3.5768,3.5768
09-19-2016 10:39:00,1718.0,3.58,3.58,3.58,3.58
09-19-2016 10:43:00,100.0,3.5754,3.5754,3.5754,3.5754
09-19-2016 10:47:00,2000.0,3.57,3.58,3.535,3.58
09-19-2016 10:56:00,1970.0,3.57,3.59,3.5569,3.5569
09-19-2016 11:18:00,1000.0,3.5455,3.5455,3.5455,3.5455
09-19-2016 11:29:00,1313.0,3.5439,3.5439,3.5439,3.5439
09-19-2016 11:30:00,1200.0,3.5392,3.5392,3.5392,3.5392
09-19-2016 11:50:00,850.0,3.5008,3.5008,3.5008,3.5008
09-19-2016 11:56:00,1000.0,3.52,3.52,3.52,3.52
09-19-2016 11:57:00,1000.0,3.5325,3.5325,3.5325,3.5325
09-19-2016 11:58:00,1000.0,3.5325,3.5325,3.5325,3.5325
09-19-2016 12:24:00,1500.0,3.55,3.55,3.5335,3.5335
09-19-2016 12:35:00,1300.0,3.5161,3.5161,3.5,3.5
09-19-2016 12:54:00,2726.0,3.48,3.48,3.45,3.45
09-19-2016 13:31:00,200.0,3.51,3.51,3.51,3.51
09-19-2016 13:39:00,2500.0,3.351,3.351,3.351,3.351
09-19-2016 13:41:00,100.0,3.41,3.41,3.41,3.41
09-19-2016 13:43:00,2000.0,3.4599,3.4599,3.4369,3.4369
09-19-2016 13:53:00,2000.0,3.4005,3.4005,3.4005,3.4005
09-19-2016 14:47:00,1700.0,3.4,3.4,3.4,3.4
09-19-2016 14:48:00,500.0,3.39,3.39,3.39,3.39
09-19-2016 14:51:00,200.0,3.41,3.41,3.41,3.41
09-19-2016 14:55:00,2000.0,3.41,3.41,3.4034,3.4034
09-19-2016 14:57:00,1500.0,3.41,3.42,3.4034,3.4034
09-20-2016 08:30:00,2430.0,3.5,3.5,3.5,3.5
09-20-2016 08:31:00,839.0,3.5,3.5,3.5,3.5
09-20-2016 08:34:00,2500.0,3.4724,3.5,3.4724,3.5
09-20-2016 08:35:00,1500.0,3.4899,3.4899,3.4899,3.4899
09-20-2016 08:38:00,3000.0,3.5399,3.5399,3.5399,3.5399
09-20-2016 08:42:00,2500.0,3.5,3.54,3.5,3.54
09-20-2016 08:43:00,1200.0,3.52,3.54,3.52,3.54
09-20-2016 08:55:00,650.0,3.5,3.54,3.5,3.54
09-20-2016 08:57:00,200.0,3.5299,3.5299,3.5299,3.5299
09-20-2016 08:58:00,100.0,3.4656,3.4656,3.4656,3.4656
09-20-2016 08:59:00,900.0,3.465,3.465,3.465,3.465
09-20-2016 09:15:00,200.0,3.5,3.5,3.5,3.5
09-20-2016 09:19:00,1000.0,3.496,3.5,3.48,3.48
09-20-2016 09:28:00,250.0,3.4954,3.4954,3.4954,3.4954
09-20-2016 09:36:00,2400.0,3.5,3.5,3.46,3.46
09-20-2016 10:15:00,300.0,3.46,3.46,3.46,3.46
09-20-2016 10:41:00,150.0,3.4,3.4,3.4,3.4
09-20-2016 10:44:00,1000.0,3.4322,3.4322,3.4322,3.4322
09-20-2016 10:45:00,500.0,3.41,3.41,3.4,3.4
09-20-2016 10:48:00,825.0,3.41,3.41,3.37,3.37
09-20-2016 10:50:00,200.0,3.4,3.4,3.4,3.4
09-20-2016 10:51:00,125.0,3.374,3.374,3.374,3.374
09-20-2016 10:52:00,150.0,3.3768,3.3768,3.3768,3.3768
09-20-2016 10:55:00,300.0,3.38,3.38,3.38,3.38
09-20-2016 11:00:00,1000.0,3.3856,3.3856,3.3856,3.3856
09-20-2016 11:08:00,350.0,3.36,3.36,3.36,3.36
09-20-2016 11:12:00,1000.0,3.3822,3.3822,3.3822,3.3822
09-20-2016 11:48:00,250.0,3.369,3.369,3.369,3.369
09-20-2016 11:49:00,229.0,3.4,3.4,3.4,3.4
09-20-2016 11:53:00,2527.0,3.4,3.4,3.4,3.4
09-20-2016 12:02:00,1000.0,3.4014,3.4014,3.4014,3.4014
09-20-2016 12:12:00,1000.0,3.4048,3.4048,3.4048,3.4048
09-20-2016 12:21:00,100.0,3.43,3.43,3.43,3.43
09-20-2016 12:24:00,689.0,3.44,3.44,3.43,3.43
09-20-2016 12:40:00,125.0,3.395,3.395,3.395,3.395
09-20-2016 12:41:00,100.0,3.43,3.43,3.43,3.43
09-20-2016 12:48:00,1290.0,3.4399,3.44,3.4399,3.44
09-20-2016 13:02:00,359.0,3.438,3.438,3.438,3.438
09-20-2016 13:11:00,1000.0,3.425,3.425,3.425,3.425
09-20-2016 13:33:00,1100.0,3.4348,3.4348,3.41,3.41
09-20-2016 13:39:00,850.0,3.4347,3.44,3.4347,3.44
09-20-2016 13:40:00,300.0,3.43,3.43,3.43,3.43
09-20-2016 13:41:00,300.0,3.42,3.42,3.42,3.42
09-20-2016 13:48:00,200.0,3.43,3.45,3.43,3.45
09-20-2016 14:10:00,100.0,3.44,3.44,3.44,3.44
09-20-2016 14:48:00,300.0,3.43,3.43,3.43,3.43
09-20-2016 14:50:00,100.0,3.44,3.44,3.44,3.44
09-20-2016 14:56:00,300.0,3.45,3.45,3.43,3.43
09-20-2016 14:57:00,800.0,3.43,3.43,3.43,3.43
09-20-2016 14:58:00,300.0,3.44,3.45,3.44,3.45
09-20-2016 14:59:00,1100.0,3.45,3.45,3.43,3.43
09-20-2016 15:00:00,100.0,3.44,3.44,3.44,3.44
09-21-2016 08:48:00,1000.0,3.3916,3.3916,3.3916,3.3916
09-21-2016 08:56:00,1000.0,3.4123,3.4123,3.4123,3.4123
09-21-2016 09:01:00,1500.0,3.41,3.4123,3.41,3.4123
09-21-2016 09:06:00,1500.0,3.3901,3.3901,3.3901,3.3901
09-21-2016 09:08:00,1500.0,3.44,3.44,3.4213,3.4213
09-21-2016 09:13:00,1100.0,3.41,3.4249,3.41,3.4249
09-21-2016 09:17:00,1800.0,3.4232,3.4232,3.37,3.4232
09-21-2016 09:29:00,1400.0,3.4,3.4165,3.4,3.4165
09-21-2016 09:30:00,300.0,3.4323,3.4323,3.4323,3.4323
09-21-2016 09:33:00,1600.0,3.41,3.4334,3.41,3.4334
09-21-2016 09:38:00,400.0,3.4399,3.4399,3.4399,3.4399
09-21-2016 09:39:00,280.0,3.4399,3.4399,3.4399,3.4399
09-21-2016 09:40:00,1500.0,3.4134,3.4134,3.4134,3.4134
09-21-2016 10:01:00,3908.0,3.41,3.41,3.38,3.38
09-21-2016 10:07:00,250.0,3.3801,3.3801,3.3801,3.3801
09-21-2016 10:10:00,7900.0,3.39,3.44,3.37,3.44
09-21-2016 10:11:00,2000.0,3.38,3.38,3.37,3.37
09-21-2016 10:14:00,3550.0,3.39,3.4098,3.35,3.4098
09-21-2016 10:22:00,150.0,3.36,3.36,3.36,3.36
09-21-2016 10:25:00,6474.0,3.35,3.39,3.35,3.3764
09-21-2016 10:26:00,4500.0,3.357,3.357,3.35,3.35
09-21-2016 10:27:00,5513.0,3.35,3.35,3.35,3.35
09-21-2016 10:42:00,350.0,3.27,3.27,3.26,3.26
09-21-2016 10:43:00,100.0,3.2699,3.2699,3.2699,3.2699
09-21-2016 10:47:00,500.0,3.269,3.269,3.269,3.269
09-21-2016 10:48:00,3140.0,3.23,3.2525,3.2,3.2
09-21-2016 10:52:00,500.0,3.2699,3.2699,3.2699,3.2699
09-21-2016 10:59:00,900.0,3.26,3.26,3.26,3.26
09-21-2016 11:00:00,3900.0,3.26,3.26,3.1301,3.14
09-21-2016 11:05:00,700.0,3.26,3.26,3.26,3.26
09-21-2016 11:12:00,2500.0,3.2425,3.2425,3.21,3.2425
09-21-2016 11:22:00,5080.0,3.2452,3.2452,3.17,3.2432
09-21-2016 11:23:00,1853.0,3.2637,3.2637,3.2,3.2245
09-21-2016 11:54:00,375.0,3.23,3.23,3.23,3.23
09-21-2016 11:57:00,375.0,3.26,3.26,3.26,3.26
09-21-2016 11:58:00,100.0,3.27,3.27,3.27,3.27
09-21-2016 12:00:00,500.0,3.2699,3.2699,3.2699,3.2699
09-21-2016 12:24:00,100.0,3.27,3.27,3.27,3.27
09-21-2016 12:27:00,100.0,3.27,3.27,3.27,3.27
09-21-2016 12:34:00,8484.0,3.2401,3.27,3.2401,3.2627
09-21-2016 12:58:00,2000.0,3.2627,3.2627,3.2627,3.2627
09-21-2016 12:59:00,5900.0,3.29,3.3475,3.2,3.2001
09-21-2016 13:07:00,176.0,3.36,3.36,3.36,3.36
09-21-2016 13:08:00,100.0,3.36,3.36,3.36,3.36
09-21-2016 13:10:00,4090.0,3.36,3.3775,3.2,3.22
09-21-2016 13:31:00,4100.0,3.24,3.3125,3.2,3.2
09-21-2016 13:37:00,400.0,3.2101,3.2101,3.2101,3.2101
09-21-2016 13:45:00,9300.0,3.22,3.2775,3.2,3.21
09-21-2016 13:52:00,2100.0,3.2615,3.34,3.2615,3.34
09-21-2016 14:01:00,3200.0,3.24,3.2975,3.2,3.24
09-21-2016 14:28:00,1400.0,3.23,3.24,3.2,3.24
09-21-2016 14:37:00,300.0,3.23,3.3022,3.23,3.3022
09-21-2016 14:55:00,100.0,3.21,3.21,3.21,3.21
09-21-2016 14:56:00,500.0,3.23,3.24,3.21,3.22
09-21-2016 14:59:00,1499.0,3.22,3.33,3.21,3.21
09-21-2016 15:00:00,882.0,3.21,3.21,3.2,3.2
09-22-2016 08:30:00,400.0,3.2,3.2,3.2,3.2
09-22-2016 08:37:00,300.0,3.3,3.3,3.3,3.3
09-22-2016 08:43:00,300.0,3.2,3.2,3.2,3.2
09-22-2016 08:44:00,2195.0,3.2184,3.2184,3.12,3.2184
09-22-2016 08:47:00,1000.0,3.26,3.28,3.26,3.28
09-22-2016 08:48:00,2200.0,3.1855,3.28,3.1855,3.28
09-22-2016 09:00:00,100.0,3.34,3.34,3.34,3.34
09-22-2016 09:03:00,150.0,3.295,3.295,3.295,3.295
09-22-2016 09:06:00,100.0,3.3242,3.3242,3.3242,3.3242
09-22-2016 09:12:00,100.0,3.34,3.34,3.34,3.34
09-22-2016 09:19:00,200.0,3.31,3.31,3.31,3.31
09-22-2016 09:21:00,12990.0,3.2503,3.2503,3.25,3.25
09-22-2016 09:30:00,300.0,3.2892,3.2892,3.28,3.28
09-22-2016 09:36:00,1200.0,3.28,3.3055,3.2501,3.2501
09-22-2016 09:56:00,1000.0,3.271,3.271,3.271,3.271
09-22-2016 10:02:00,100.0,3.26,3.26,3.26,3.26
09-22-2016 10:19:00,1400.0,3.3295,3.3351,3.325,3.325
09-22-2016 10:20:00,2000.0,3.334,3.334,3.334,3.334
09-22-2016 10:21:00,949.0,3.338,3.338,3.31,3.31
09-22-2016 10:23:00,100.0,3.28,3.28,3.28,3.28
09-22-2016 10:48:00,100.0,3.33,3.33,3.33,3.33
09-22-2016 10:49:00,200.0,3.33,3.33,3.33,3.33
09-22-2016 11:10:00,200.0,3.32,3.32,3.32,3.32
09-22-2016 11:57:00,500.0,3.34,3.34,3.32,3.32
09-22-2016 12:00:00,2840.0,3.3397,3.3397,3.31,3.31
09-22-2016 12:03:00,300.0,3.28,3.28,3.28,3.28
09-22-2016 12:04:00,3000.0,3.33,3.34,3.33,3.34
09-22-2016 12:07:00,300.0,3.35,3.35,3.35,3.35
09-22-2016 12:10:00,2000.0,3.34,3.34,3.34,3.34
09-22-2016 12:15:00,100.0,3.33,3.33,3.33,3.33
09-22-2016 12:31:00,300.0,3.33,3.33,3.32,3.32
09-22-2016 12:38:00,100.0,3.34,3.34,3.34,3.34
09-22-2016 12:39:00,5700.0,3.35,3.35,3.35,3.35
09-22-2016 12:40:00,300.0,3.35,3.35,3.35,3.35
09-22-2016 12:41:00,100.0,3.35,3.35,3.35,3.35
09-22-2016 12:57:00,100.0,3.35,3.35,3.35,3.35
09-22-2016 12:59:00,100.0,3.33,3.33,3.33,3.33
09-22-2016 13:04:00,5000.0,3.3172,3.3172,3.3172,3.3172
09-22-2016 13:06:00,412.0,3.3104,3.3104,3.31,3.31
09-22-2016 13:18:00,1100.0,3.31,3.31,3.31,3.31
09-22-2016 13:32:00,100.0,3.3,3.3,3.3,3.3
09-22-2016 13:41:00,100.0,3.3189,3.3189,3.3189,3.3189
09-22-2016 13:53:00,1200.0,3.3199,3.3199,3.3199,3.3199
09-22-2016 14:04:00,390.0,3.3,3.3,3.29,3.29
09-22-2016 14:10:00,100.0,3.29,3.29,3.29,3.29
09-22-2016 14:20:00,100.0,3.28,3.28,3.28,3.28
09-22-2016 14:24:00,150.0,3.2853,3.2853,3.2853,3.2853
09-22-2016 14:49:00,300.0,3.28,3.28,3.28,3.28
09-22-2016 14:51:00,200.0,3.292,3.3096,3.292,3.3096
09-22-2016 14:52:00,3025.0,3.31,3.31,3.31,3.31
09-22-2016 14:53:00,1000.0,3.31,3.31,3.27,3.27
09-22-2016 14:55:00,750.0,3.3,3.3,3.3,3.3
09-22-2016 14:58:00,100.0,3.31,3.31,3.31,3.31
09-22-2016 14:59:00,343.0,3.2925,3.2925,3.2925,3.2925
09-22-2016 15:00:00,357.0,3.29,3.29,3.29,3.29
09-22-2016 17:37:00,100.0,3.15,3.15,3.15,3.15
09-23-2016 08:30:00,100.0,3.27,3.27,3.27,3.27
09-23-2016 08:37:00,100.0,3.31,3.31,3.31,3.31
09-23-2016 08:56:00,168.0,3.39,3.39,3.39,3.39
09-23-2016 09:12:00,100.0,3.34,3.34,3.34,3.34
09-23-2016 09:34:00,200.0,3.34,3.34,3.34,3.34
09-23-2016 09:36:00,100.0,3.33,3.33,3.33,3.33
09-23-2016 09:44:00,1200.0,3.35,3.35,3.35,3.35
09-23-2016 09:53:00,1100.0,3.346,3.346,3.33,3.33
09-23-2016 10:00:00,900.0,3.32,3.3234,3.32,3.3234
09-23-2016 10:37:00,760.0,3.329,3.329,3.329,3.329
09-23-2016 11:04:00,180.0,3.322,3.322,3.322,3.322
09-23-2016 11:08:00,400.0,3.32,3.32,3.31,3.31
09-23-2016 11:12:00,900.0,3.3256,3.3256,3.3256,3.3256
09-23-2016 11:21:00,100.0,3.33,3.33,3.33,3.33
09-23-2016 11:47:00,2015.0,3.31,3.31,3.28,3.3
09-23-2016 12:09:00,190.0,3.21,3.21,3.21,3.21
09-23-2016 13:28:00,1000.0,3.26,3.26,3.26,3.26
09-23-2016 13:57:00,125.0,3.2417,3.2417,3.2417,3.2417
09-23-2016 14:47:00,300.0,3.2259,3.2259,3.2259,3.2259
09-23-2016 15:00:00,285.0,3.27,3.27,3.27,3.27
09-26-2016 08:30:00,700.0,3.28,3.28,3.28,3.28
09-26-2016 08:54:00,656.0,3.333,3.333,3.333,3.333
09-26-2016 09:03:00,700.0,3.31,3.31,3.3,3.3
09-26-2016 09:07:00,100.0,3.34,3.34,3.34,3.34
09-26-2016 09:15:00,100.0,3.35,3.35,3.35,3.35
09-26-2016 09:30:00,300.0,3.3399,3.3399,3.3399,3.3399
09-26-2016 09:44:00,300.0,3.3359,3.3359,3.3359,3.3359
09-26-2016 10:05:00,3334.0,3.3293,3.3293,3.3,3.3
09-26-2016 10:07:00,8425.0,3.285,3.285,3.26,3.2844
09-26-2016 10:19:00,200.0,3.2605,3.2605,3.25,3.25
09-26-2016 10:27:00,892.0,3.25,3.25,3.25,3.25
09-26-2016 10:49:00,300.0,3.1883,3.1883,3.1883,3.1883
09-26-2016 10:53:00,200.0,3.21,3.21,3.21,3.21
09-26-2016 10:54:00,100.0,3.21,3.21,3.21,3.21
09-26-2016 11:06:00,300.0,3.266,3.266,3.266,3.266
09-26-2016 11:16:00,1000.0,3.2001,3.2001,3.2001,3.2001
09-26-2016 11:19:00,1000.0,3.2101,3.2101,3.2101,3.2101
09-26-2016 11:27:00,3022.0,3.26,3.28,3.26,3.266
09-26-2016 11:29:00,320.0,3.269,3.269,3.263,3.263
09-26-2016 11:49:00,147.0,3.249,3.249,3.249,3.249
09-26-2016 11:55:00,2000.0,3.2101,3.2101,3.2101,3.2101
09-26-2016 11:58:00,100.0,3.25,3.25,3.25,3.25
09-26-2016 12:16:00,2000.0,3.21,3.21,3.2,3.2
09-26-2016 13:07:00,100.0,3.2,3.2,3.2,3.2
09-26-2016 13:33:00,100.0,3.21,3.21,3.21,3.21
09-26-2016 13:54:00,400.0,3.22,3.22,3.22,3.22
09-26-2016 14:13:00,100.0,3.22,3.22,3.22,3.22
09-26-2016 14:15:00,2771.0,3.2596,3.2596,3.2596,3.2596
09-26-2016 14:30:00,100.0,3.23,3.23,3.23,3.23
09-26-2016 14:41:00,350.0,3.2201,3.2201,3.2201,3.2201
09-26-2016 14:44:00,200.0,3.2201,3.2201,3.2201,3.2201
09-26-2016 14:46:00,2400.0,3.22,3.2425,3.22,3.235
09-26-2016 14:52:00,2030.0,3.25,3.25,3.2368,3.2368
09-26-2016 14:59:00,385.0,3.24,3.25,3.24,3.25
09-26-2016 15:00:00,200.0,3.25,3.25,3.21,3.21
09-27-2016 08:30:00,650.0,3.25,3.25,3.25,3.25
09-27-2016 08:41:00,500.0,3.27,3.28,3.27,3.28
09-27-2016 08:42:00,400.0,3.2899,3.2899,3.26,3.26
09-27-2016 08:55:00,318.0,3.2799,3.2799,3.2799,3.2799
09-27-2016 09:01:00,100.0,3.24,3.24,3.24,3.24
09-27-2016 09:20:00,300.0,3.2512,3.2512,3.2512,3.2512
09-27-2016 09:25:00,4200.0,3.22,3.22,3.2,3.21
09-27-2016 09:26:00,1750.0,3.1822,3.1822,3.1822,3.1822
09-27-2016 09:30:00,100.0,3.17,3.17,3.17,3.17
09-27-2016 09:37:00,1000.0,3.2108,3.2108,3.2108,3.2108
09-27-2016 09:45:00,1100.0,3.219,3.22,3.218,3.218
09-27-2016 10:56:00,200.0,3.2,3.2,3.2,3.2
09-27-2016 11:11:00,1000.0,3.191,3.2066,3.191,3.2066
09-27-2016 11:28:00,200.0,3.19,3.19,3.19,3.19
09-27-2016 11:38:00,636.0,3.22,3.22,3.1901,3.1901
09-27-2016 12:10:00,889.0,3.205,3.205,3.205,3.205
09-27-2016 12:48:00,100.0,3.27,3.27,3.27,3.27
09-27-2016 12:50:00,3000.0,3.231,3.231,3.231,3.231
09-27-2016 13:22:00,676.0,3.21,3.21,3.21,3.21
09-27-2016 13:48:00,100.0,3.24,3.24,3.24,3.24
09-27-2016 14:17:00,100.0,3.22,3.22,3.22,3.22
09-27-2016 14:24:00,800.0,3.22,3.22,3.22,3.22
09-27-2016 14:31:00,100.0,3.19,3.19,3.19,3.19
09-27-2016 14:33:00,2500.0,3.19,3.19,3.17,3.17
09-27-2016 14:35:00,100.0,3.15,3.15,3.15,3.15
09-27-2016 14:44:00,100.0,3.15,3.15,3.15,3.15
09-27-2016 14:46:00,200.0,3.1564,3.1564,3.1564,3.1564
09-27-2016 14:47:00,100.0,3.16,3.16,3.16,3.16
09-27-2016 14:48:00,100.0,3.1548,3.1548,3.1548,3.1548
09-27-2016 14:55:00,500.0,3.1582,3.1582,3.1582,3.1582
09-27-2016 14:56:00,100.0,3.155,3.155,3.155,3.155
09-27-2016 14:58:00,200.0,3.15,3.15,3.15,3.15
09-27-2016 15:00:00,3100.0,3.16,3.19,3.1506,3.18
