09-07-2016 08:42:00,2000.0,2.9524,2.9524,2.9524,2.9524
09-07-2016 08:45:00,1000.0,2.95,2.95,2.95,2.95
09-07-2016 08:52:00,700.0,2.9652,2.9652,2.9652,2.9652
09-07-2016 08:55:00,4100.0,2.96,2.9601,2.95,2.95
09-07-2016 08:56:00,300.0,2.95,2.95,2.95,2.95
09-07-2016 09:06:00,1903.0,2.97,2.98,2.97,2.97
09-07-2016 09:09:00,1900.0,2.98,3.01,2.98,3.01
09-07-2016 09:15:00,2300.0,2.98,2.99,2.97,2.97
09-07-2016 09:32:00,994.0,2.98,2.99,2.9767,2.9767
09-07-2016 09:35:00,436.0,2.99,2.99,2.99,2.99
09-07-2016 09:37:00,100.0,2.98,2.98,2.98,2.98
09-07-2016 09:41:00,100.0,2.99,2.99,2.99,2.99
09-07-2016 09:54:00,2000.0,2.9731,2.9731,2.9731,2.9731
09-07-2016 10:09:00,100.0,2.98,2.98,2.98,2.98
09-07-2016 10:12:00,740.0,2.98,2.99,2.98,2.99
09-07-2016 10:13:00,3300.0,2.99,2.99,2.99,2.99
09-07-2016 10:14:00,100.0,2.99,2.99,2.99,2.99
09-07-2016 10:28:00,100.0,2.99,2.99,2.99,2.99
09-07-2016 10:30:00,5648.0,2.98,2.9801,2.98,2.98
09-07-2016 10:37:00,100.0,2.99,2.99,2.99,2.99
09-07-2016 10:40:00,100.0,3.0,3.0,3.0,3.0
09-07-2016 10:57:00,333.0,2.982,2.982,2.982,2.982
09-07-2016 11:06:00,2000.0,2.9892,2.9892,2.9892,2.9892
09-07-2016 11:08:00,100.0,2.99,2.99,2.99,2.99
09-07-2016 11:09:00,100.0,2.97,2.97,2.97,2.97
09-07-2016 11:23:00,100.0,2.97,2.97,2.97,2.97
09-07-2016 11:26:00,1500.0,2.98,2.98,2.97,2.97
09-07-2016 11:33:00,861.0,2.99,2.99,2.99,2.99
09-07-2016 11:44:00,530.0,3.0,3.01,3.0,3.01
09-07-2016 11:45:00,700.0,3.01,3.01,3.0,3.0
09-07-2016 12:01:00,200.0,3.01,3.01,3.01,3.01
09-07-2016 12:02:00,17540.0,3.01,3.0799,3.0,3.0455
09-07-2016 12:03:00,10100.0,3.02,3.0885,3.015,3.015
09-07-2016 12:04:00,3000.0,3.04,3.08,3.04,3.08
09-07-2016 12:05:00,11200.0,3.07,3.0799,3.04,3.04
09-07-2016 12:06:00,25710.0,3.07,3.1499,3.06,3.14
09-07-2016 12:07:00,49050.0,3.13,3.16,3.08,3.14
09-07-2016 12:08:00,4184.0,3.1298,3.14,3.1214,3.14
09-07-2016 12:09:00,20632.0,3.14,3.1666,3.11,3.12
09-07-2016 12:10:00,7700.0,3.146,3.1599,3.13,3.15
09-07-2016 12:11:00,6600.0,3.145,3.1601,3.13,3.13
09-07-2016 12:12:00,6715.0,3.1599,3.16,3.11,3.1231
09-07-2016 12:13:00,1200.0,3.12,3.13,3.12,3.13
09-07-2016 12:14:00,3155.0,3.1101,3.1299,3.1,3.1299
09-07-2016 12:15:00,3795.0,3.129,3.129,3.1,3.1
09-07-2016 12:16:00,1300.0,3.1,3.1207,3.1,3.1
09-07-2016 12:17:00,1180.0,3.1299,3.1299,3.11,3.11
09-07-2016 12:18:00,200.0,3.114,3.114,3.11,3.11
09-07-2016 12:19:00,9400.0,3.12,3.13,3.12,3.1299
09-07-2016 12:20:00,12696.0,3.12,3.16,3.12,3.1595
09-07-2016 12:21:00,13932.0,3.1531,3.1984,3.15,3.16
09-07-2016 12:22:00,12600.0,3.18,3.2,3.16,3.17
09-07-2016 12:23:00,22627.0,3.18,3.19,3.16,3.1799
09-07-2016 12:24:00,9897.0,3.17,3.22,3.17,3.195
09-07-2016 12:25:00,5675.0,3.2,3.21,3.1907,3.2
09-07-2016 12:26:00,10934.0,3.2,3.2,3.18,3.19
09-07-2016 12:27:00,18049.0,3.1893,3.19,3.16,3.17
09-07-2016 12:28:00,800.0,3.17,3.17,3.1678,3.1678
09-07-2016 12:29:00,5654.0,3.16,3.16,3.13,3.13
09-07-2016 12:30:00,825.0,3.13,3.13,3.12,3.12
09-07-2016 12:31:00,100.0,3.15,3.15,3.15,3.15
09-07-2016 12:32:00,1300.0,3.1599,3.1599,3.136,3.136
09-07-2016 12:34:00,2700.0,3.1201,3.142,3.1201,3.142
09-07-2016 12:36:00,6400.0,3.15,3.16,3.15,3.155
09-07-2016 12:37:00,5932.0,3.165,3.165,3.11,3.11
09-07-2016 12:38:00,1300.0,3.135,3.1492,3.135,3.1492
09-07-2016 12:39:00,1200.0,3.14,3.1499,3.14,3.1499
09-07-2016 12:41:00,580.0,3.14,3.14,3.14,3.14
09-07-2016 12:42:00,4781.0,3.145,3.145,3.11,3.11
09-07-2016 12:44:00,800.0,3.11,3.11,3.1,3.1
09-07-2016 12:45:00,2100.0,3.11,3.11,3.1,3.1
09-07-2016 12:48:00,6170.0,3.11,3.13,3.1,3.13
09-07-2016 12:49:00,1600.0,3.1296,3.1296,3.12,3.12
09-07-2016 12:50:00,3968.0,3.13,3.14,3.12,3.14
09-07-2016 12:51:00,5250.0,3.132,3.14,3.12,3.1331
09-07-2016 12:52:00,850.0,3.136,3.136,3.13,3.13
09-07-2016 12:53:00,33209.0,3.14,3.1682,3.13,3.1682
09-07-2016 12:54:00,4561.0,3.165,3.17,3.16,3.16
09-07-2016 12:55:00,3950.0,3.17,3.1995,3.165,3.1995
09-07-2016 12:56:00,12750.0,3.18,3.21,3.18,3.19
09-07-2016 12:57:00,42600.0,3.19,3.22,3.19,3.21
09-07-2016 12:58:00,52300.0,3.21,3.23,3.2,3.22
09-07-2016 12:59:00,10500.0,3.215,3.215,3.21,3.21
09-07-2016 13:00:00,9800.0,3.22,3.2298,3.2,3.2
09-07-2016 13:01:00,5500.0,3.2,3.2,3.18,3.18
09-07-2016 13:02:00,12169.0,3.188,3.1998,3.18,3.1831
09-07-2016 13:03:00,17200.0,3.18,3.2,3.18,3.19
09-07-2016 13:05:00,626.0,3.184,3.184,3.184,3.184
09-07-2016 13:08:00,12298.0,3.1738,3.1738,3.12,3.12
09-07-2016 13:09:00,4550.0,3.131,3.1579,3.13,3.13
09-07-2016 13:14:00,200.0,3.17,3.17,3.17,3.17
09-07-2016 13:15:00,1000.0,3.17,3.17,3.1699,3.1699
09-07-2016 13:17:00,400.0,3.17,3.17,3.15,3.15
09-07-2016 13:18:00,500.0,3.17,3.17,3.1699,3.1699
09-07-2016 13:20:00,900.0,3.1699,3.1699,3.16,3.166
09-07-2016 13:21:00,500.0,3.1699,3.17,3.1699,3.17
09-07-2016 13:23:00,1050.0,3.165,3.165,3.16,3.16
09-07-2016 13:24:00,450.0,3.17,3.17,3.17,3.17
09-07-2016 13:26:00,200.0,3.1699,3.1699,3.1699,3.1699
09-07-2016 13:27:00,600.0,3.1699,3.1699,3.1699,3.1699
09-07-2016 13:28:00,900.0,3.1686,3.1686,3.1686,3.1686
09-07-2016 13:29:00,700.0,3.1699,3.1699,3.1656,3.1656
09-07-2016 13:30:00,450.0,3.17,3.17,3.17,3.17
09-07-2016 13:32:00,250.0,3.17,3.17,3.17,3.17
09-07-2016 13:34:00,600.0,3.1699,3.1699,3.1699,3.1699
09-07-2016 13:35:00,1550.0,3.17,3.17,3.1699,3.1699
09-07-2016 13:36:00,500.0,3.1656,3.1699,3.15,3.1699
09-07-2016 13:37:00,800.0,3.17,3.17,3.156,3.17
09-07-2016 13:38:00,1400.0,3.1699,3.1699,3.162,3.162
09-07-2016 13:40:00,300.0,3.17,3.17,3.17,3.17
09-07-2016 13:41:00,600.0,3.17,3.17,3.17,3.17
09-07-2016 13:42:00,5960.0,3.1699,3.18,3.1699,3.1799
09-07-2016 13:43:00,3552.0,3.188,3.2,3.188,3.1986
09-07-2016 13:44:00,10955.0,3.2,3.23,3.2,3.22
09-07-2016 13:46:00,5862.0,3.21,3.2101,3.2,3.205
09-07-2016 13:47:00,600.0,3.2099,3.2099,3.2099,3.2099
09-07-2016 13:48:00,2000.0,3.21,3.21,3.21,3.21
09-07-2016 13:49:00,8870.0,3.21,3.23,3.21,3.2299
09-07-2016 13:50:00,1247.0,3.2294,3.2294,3.21,3.21
09-07-2016 13:51:00,7413.0,3.21,3.23,3.21,3.23
09-07-2016 13:52:00,1800.0,3.2211,3.2211,3.2211,3.2211
09-07-2016 13:53:00,10416.0,3.22,3.23,3.22,3.2299
09-07-2016 13:54:00,1989.0,3.218,3.23,3.218,3.23
09-07-2016 13:55:00,4705.0,3.23,3.27,3.23,3.26
09-07-2016 13:56:00,25849.0,3.26,3.29,3.26,3.27
09-07-2016 13:57:00,3482.0,3.29,3.29,3.27,3.27
09-07-2016 13:58:00,7560.0,3.2899,3.2899,3.24,3.26
09-07-2016 13:59:00,850.0,3.26,3.27,3.26,3.27
09-07-2016 14:00:00,8616.0,3.27,3.29,3.27,3.29
09-07-2016 14:01:00,30885.0,3.3,3.3,3.29,3.3
09-07-2016 14:02:00,6200.0,3.3,3.3,3.28,3.28
09-07-2016 14:03:00,9000.0,3.2986,3.3,3.27,3.28
09-07-2016 14:04:00,6582.0,3.2805,3.2959,3.27,3.2959
09-07-2016 14:05:00,850.0,3.27,3.2999,3.27,3.27
09-07-2016 14:06:00,10900.0,3.29,3.3,3.2802,3.2802
09-07-2016 14:07:00,9950.0,3.2993,3.35,3.2989,3.33
09-07-2016 14:08:00,18401.0,3.3486,3.37,3.33,3.36
09-07-2016 14:09:00,10535.0,3.36,3.37,3.35,3.36
09-07-2016 14:10:00,4536.0,3.36,3.37,3.32,3.32
09-07-2016 14:11:00,10650.0,3.329,3.33,3.3,3.3
09-07-2016 14:12:00,10375.0,3.2999,3.33,3.275,3.315
09-07-2016 14:13:00,1800.0,3.35,3.35,3.34,3.35
09-07-2016 14:14:00,6640.0,3.33,3.34,3.3,3.3
09-07-2016 14:15:00,5600.0,3.315,3.3299,3.3,3.3
09-07-2016 14:16:00,1600.0,3.31,3.32,3.3,3.3
09-07-2016 14:17:00,5440.0,3.3,3.32,3.3,3.3175
09-07-2016 14:18:00,3794.0,3.31,3.32,3.31,3.315
09-07-2016 14:19:00,1300.0,3.315,3.32,3.31,3.32
09-07-2016 14:20:00,2687.0,3.3192,3.32,3.315,3.315
09-07-2016 14:21:00,4490.0,3.315,3.32,3.3101,3.315
09-07-2016 14:22:00,4540.0,3.32,3.35,3.31,3.33
09-07-2016 14:23:00,9299.0,3.32,3.33,3.3,3.315
09-07-2016 14:28:00,300.0,3.32,3.32,3.32,3.32
09-07-2016 14:29:00,8457.0,3.3013,3.3013,3.28,3.28
09-07-2016 14:30:00,2200.0,3.28,3.28,3.27,3.27
09-07-2016 14:32:00,1500.0,3.2778,3.2778,3.2778,3.2778
09-07-2016 14:33:00,700.0,3.27,3.2903,3.27,3.2903
09-07-2016 14:34:00,1300.0,3.29,3.29,3.27,3.28
09-07-2016 14:35:00,2972.0,3.28,3.2899,3.27,3.27
09-07-2016 14:38:00,5400.0,3.29,3.308,3.29,3.29
09-07-2016 14:39:00,3900.0,3.3099,3.32,3.3,3.3186
09-07-2016 14:40:00,500.0,3.32,3.32,3.31,3.3153
09-07-2016 14:41:00,7097.0,3.31,3.33,3.31,3.32
09-07-2016 14:42:00,1106.0,3.33,3.33,3.325,3.3299
09-07-2016 14:43:00,3300.0,3.311,3.316,3.3,3.3
09-07-2016 14:44:00,125.0,3.29,3.29,3.29,3.29
09-07-2016 14:46:00,2300.0,3.31,3.31,3.3,3.31
09-07-2016 14:47:00,3600.0,3.3,3.3156,3.29,3.3008
09-07-2016 14:48:00,100.0,3.3,3.3,3.3,3.3
09-07-2016 14:49:00,2600.0,3.2938,3.3,3.29,3.3
09-07-2016 14:50:00,4059.0,3.3,3.3028,3.29,3.3
09-07-2016 14:51:00,5160.0,3.3,3.3,3.27,3.29
09-07-2016 14:52:00,2090.0,3.27,3.2899,3.27,3.28
09-07-2016 14:53:00,18641.0,3.27,3.2705,3.23,3.2572
09-07-2016 14:54:00,4700.0,3.23,3.27,3.23,3.27
09-07-2016 14:55:00,14843.0,3.27,3.2993,3.2695,3.2897
09-07-2016 14:56:00,14804.0,3.2601,3.281,3.25,3.262
09-07-2016 14:57:00,5800.0,3.2695,3.3,3.2695,3.29
09-07-2016 14:58:00,2900.0,3.29,3.3,3.275,3.28
09-07-2016 14:59:00,23475.0,3.27,3.27,3.25,3.27
09-07-2016 15:00:00,13437.0,3.27,3.27,3.25,3.25
09-07-2016 15:01:00,400.0,3.25,3.25,3.25,3.25
09-07-2016 15:03:00,1200.0,3.23,3.23,3.22,3.22
09-07-2016 15:17:00,1000.0,3.25,3.25,3.25,3.25
09-07-2016 15:53:00,300.0,3.23,3.23,3.23,3.23
09-07-2016 16:37:00,300.0,3.22,3.22,3.22,3.22
09-07-2016 16:39:00,100.0,3.18,3.18,3.18,3.18
09-08-2016 05:14:00,200.0,3.29,3.29,3.29,3.29
09-08-2016 05:20:00,100.0,3.29,3.29,3.29,3.29
09-08-2016 05:21:00,100.0,3.29,3.29,3.29,3.29
09-08-2016 06:38:00,300.0,3.29,3.29,3.29,3.29
09-08-2016 06:54:00,180.0,3.26,3.26,3.26,3.26
09-08-2016 06:57:00,849.0,3.26,3.26,3.25,3.25
09-08-2016 07:00:00,1020.0,3.29,3.29,3.29,3.29
09-08-2016 07:01:00,1712.0,3.25,3.25,3.25,3.25
09-08-2016 07:09:00,500.0,3.29,3.29,3.29,3.29
09-08-2016 07:10:00,1000.0,3.29,3.29,3.29,3.29
09-08-2016 07:14:00,300.0,3.29,3.29,3.29,3.29
09-08-2016 07:15:00,1000.0,3.29,3.29,3.29,3.29
09-08-2016 07:16:00,240.0,3.29,3.29,3.29,3.29
09-08-2016 07:17:00,2400.0,3.29,3.29,3.29,3.29
09-08-2016 07:21:00,1000.0,3.34,3.34,3.34,3.34
09-08-2016 07:23:00,407.0,3.31,3.31,3.31,3.31
09-08-2016 07:26:00,193.0,3.31,3.31,3.31,3.31
09-08-2016 07:27:00,300.0,3.31,3.31,3.31,3.31
09-08-2016 07:28:00,500.0,3.3,3.3,3.3,3.3
09-08-2016 07:29:00,300.0,3.29,3.29,3.29,3.29
09-08-2016 07:33:00,400.0,3.29,3.29,3.29,3.29
09-08-2016 07:55:00,1100.0,3.26,3.26,3.26,3.26
09-08-2016 08:28:00,70.0,3.29,3.29,3.29,3.29
09-08-2016 08:29:00,240.0,3.29,3.29,3.29,3.29
09-08-2016 08:30:00,1472.0,3.23,3.23,3.23,3.23
09-08-2016 08:31:00,14400.0,3.31,3.31,3.265,3.265
09-08-2016 08:32:00,839.0,3.2999,3.2999,3.258,3.258
09-08-2016 08:33:00,46820.0,3.28,3.41,3.28,3.32
09-08-2016 08:34:00,15192.0,3.34,3.4,3.34,3.39
09-08-2016 08:35:00,28126.0,3.3899,3.39,3.34,3.39
09-08-2016 08:36:00,73349.0,3.39,3.48,3.3701,3.446
09-08-2016 08:37:00,92672.0,3.45,3.47,3.22,3.2755
09-08-2016 08:38:00,3466.0,3.24,3.33,3.23,3.3199
09-08-2016 08:39:00,14514.0,3.26,3.32,3.25,3.2898
09-08-2016 08:40:00,5690.0,3.2701,3.356,3.2701,3.356
09-08-2016 08:41:00,10199.0,3.35,3.38,3.34,3.355
09-08-2016 08:42:00,7650.0,3.3799,3.3799,3.36,3.36
09-08-2016 08:43:00,2925.0,3.36,3.36,3.35,3.35
09-08-2016 08:44:00,4700.0,3.359,3.36,3.34,3.34
09-08-2016 08:45:00,15501.0,3.35,3.39,3.35,3.37
09-08-2016 08:46:00,2580.0,3.3799,3.4061,3.3799,3.4061
09-08-2016 08:47:00,3700.0,3.4,3.41,3.395,3.4
09-08-2016 08:48:00,4580.0,3.39,3.3963,3.38,3.38
09-08-2016 08:49:00,411.0,3.3969,3.3969,3.38,3.38
09-08-2016 08:50:00,11370.0,3.3801,3.4,3.3801,3.3801
09-08-2016 08:51:00,1850.0,3.3999,3.4,3.385,3.39
09-08-2016 08:52:00,5526.0,3.4,3.4,3.393,3.3933
09-08-2016 08:53:00,12947.0,3.3974,3.44,3.3974,3.4399
09-08-2016 08:54:00,12350.0,3.43,3.44,3.41,3.44
09-08-2016 08:55:00,18390.0,3.45,3.45,3.3973,3.3973
09-08-2016 08:56:00,5900.0,3.3747,3.3937,3.3601,3.3937
09-08-2016 08:57:00,2000.0,3.4,3.4,3.4,3.4
09-08-2016 08:58:00,3533.0,3.384,3.4,3.38,3.4
09-08-2016 08:59:00,2450.0,3.4,3.41,3.395,3.4077
09-08-2016 09:00:00,2050.0,3.398,3.41,3.398,3.4
09-08-2016 09:02:00,280.0,3.4,3.4,3.4,3.4
09-08-2016 09:03:00,5375.0,3.4,3.4,3.394,3.4
09-08-2016 09:05:00,6184.0,3.4,3.4,3.3811,3.3811
09-08-2016 09:06:00,3039.0,3.3804,3.3924,3.38,3.3924
09-08-2016 09:08:00,6623.0,3.38,3.3882,3.32,3.3258
09-08-2016 09:09:00,750.0,3.3398,3.3398,3.32,3.3201
09-08-2016 09:10:00,8365.0,3.36,3.36,3.27,3.27
09-08-2016 09:11:00,4200.0,3.28,3.28,3.27,3.27
09-08-2016 09:12:00,800.0,3.325,3.3399,3.31,3.3376
09-08-2016 09:13:00,950.0,3.3304,3.3304,3.3304,3.3304
09-08-2016 09:14:00,3000.0,3.3341,3.34,3.3341,3.3399
09-08-2016 09:17:00,100.0,3.355,3.355,3.355,3.355
09-08-2016 09:18:00,500.0,3.35,3.35,3.35,3.35
09-08-2016 09:19:00,940.0,3.3687,3.3687,3.34,3.36
09-08-2016 09:21:00,200.0,3.34,3.357,3.34,3.357
09-08-2016 09:22:00,800.0,3.33,3.33,3.33,3.33
09-08-2016 09:24:00,1840.0,3.3259,3.3377,3.3223,3.3377
09-08-2016 09:25:00,500.0,3.3337,3.3337,3.3337,3.3337
09-08-2016 09:27:00,175.0,3.33,3.33,3.33,3.33
09-08-2016 09:28:00,1000.0,3.3301,3.335,3.33,3.33
09-08-2016 09:29:00,800.0,3.34,3.34,3.34,3.34
09-08-2016 09:31:00,3500.0,3.3304,3.3304,3.33,3.3304
09-08-2016 09:32:00,300.0,3.34,3.34,3.34,3.34
09-08-2016 09:33:00,1585.0,3.3399,3.34,3.3399,3.34
09-08-2016 09:34:00,300.0,3.3425,3.3425,3.3425,3.3425
09-08-2016 09:35:00,1080.0,3.3484,3.35,3.3426,3.35
09-08-2016 09:38:00,300.0,3.3668,3.3668,3.3668,3.3668
09-08-2016 09:40:00,1631.0,3.374,3.374,3.35,3.35
09-08-2016 09:41:00,9147.0,3.35,3.38,3.3393,3.36
09-08-2016 09:43:00,5000.0,3.3301,3.3301,3.3301,3.3301
09-08-2016 09:44:00,2200.0,3.36,3.36,3.33,3.33
09-08-2016 09:45:00,1320.0,3.3284,3.33,3.32,3.33
09-08-2016 09:46:00,3200.0,3.3286,3.33,3.3,3.315
09-08-2016 09:47:00,200.0,3.31,3.31,3.31,3.31
09-08-2016 09:48:00,1800.0,3.3101,3.32,3.31,3.32
09-08-2016 09:50:00,4966.0,3.3299,3.33,3.3299,3.33
09-08-2016 09:51:00,1200.0,3.34,3.34,3.335,3.335
09-08-2016 09:52:00,500.0,3.35,3.35,3.3432,3.3432
09-08-2016 09:53:00,8630.0,3.345,3.345,3.33,3.335
09-08-2016 09:56:00,400.0,3.3314,3.3449,3.3314,3.3449
09-08-2016 10:02:00,200.0,3.35,3.354,3.35,3.354
09-08-2016 10:04:00,6694.0,3.35,3.35,3.32,3.324
09-08-2016 10:06:00,5300.0,3.3499,3.3499,3.3293,3.3293
09-08-2016 10:07:00,300.0,3.335,3.335,3.335,3.335
09-08-2016 10:09:00,100.0,3.325,3.325,3.325,3.325
09-08-2016 10:10:00,750.0,3.325,3.3252,3.325,3.3252
09-08-2016 10:11:00,100.0,3.325,3.325,3.325,3.325
09-08-2016 10:12:00,650.0,3.325,3.325,3.32,3.32
09-08-2016 10:13:00,100.0,3.325,3.325,3.325,3.325
09-08-2016 10:14:00,200.0,3.32,3.325,3.32,3.325
09-08-2016 10:15:00,6248.0,3.32,3.32,3.3,3.3161
09-08-2016 10:17:00,100.0,3.32,3.32,3.32,3.32
09-08-2016 10:19:00,1541.0,3.32,3.335,3.3199,3.335
09-08-2016 10:20:00,200.0,3.32,3.32,3.32,3.32
09-08-2016 10:21:00,300.0,3.32,3.32,3.32,3.32
09-08-2016 10:22:00,1000.0,3.3169,3.3169,3.3169,3.3169
09-08-2016 10:26:00,400.0,3.32,3.32,3.3199,3.3199
09-08-2016 10:27:00,1878.0,3.32,3.32,3.32,3.32
09-08-2016 10:28:00,350.0,3.3217,3.3217,3.3217,3.3217
09-08-2016 10:30:00,200.0,3.3399,3.3399,3.3399,3.3399
09-08-2016 10:31:00,400.0,3.3304,3.3304,3.3304,3.3304
09-08-2016 10:35:00,1500.0,3.325,3.325,3.325,3.325
09-08-2016 10:37:00,200.0,3.325,3.325,3.325,3.325
09-08-2016 10:38:00,1450.0,3.3362,3.3362,3.3362,3.3362
09-08-2016 10:43:00,125.0,3.3101,3.3101,3.3101,3.3101
09-08-2016 10:44:00,500.0,3.3101,3.3101,3.3101,3.3101
09-08-2016 10:51:00,5300.0,3.3269,3.33,3.32,3.32
09-08-2016 10:52:00,100.0,3.3207,3.3207,3.3207,3.3207
09-08-2016 10:54:00,3900.0,3.33,3.36,3.3299,3.36
09-08-2016 11:01:00,500.0,3.3472,3.3472,3.3472,3.3472
09-08-2016 11:02:00,1000.0,3.342,3.36,3.342,3.36
09-08-2016 11:04:00,595.0,3.3539,3.3539,3.3539,3.3539
09-08-2016 11:06:00,2000.0,3.35,3.3699,3.35,3.3699
09-08-2016 11:08:00,300.0,3.36,3.36,3.35,3.35
09-08-2016 11:13:00,800.0,3.33,3.3436,3.33,3.3436
09-08-2016 11:16:00,250.0,3.3599,3.3599,3.3599,3.3599
09-08-2016 11:17:00,1100.0,3.35,3.36,3.35,3.36
09-08-2016 11:23:00,300.0,3.35,3.35,3.35,3.35
09-08-2016 11:27:00,2800.0,3.355,3.3598,3.35,3.3545
09-08-2016 11:30:00,200.0,3.355,3.355,3.355,3.355
09-08-2016 11:31:00,1400.0,3.3501,3.3501,3.34,3.35
09-08-2016 11:33:00,5686.0,3.3499,3.35,3.33,3.33
09-08-2016 11:34:00,1200.0,3.331,3.34,3.331,3.34
09-08-2016 11:38:00,300.0,3.3311,3.3321,3.33,3.33
09-08-2016 11:42:00,601.0,3.3329,3.3329,3.3329,3.3329
09-08-2016 11:45:00,100.0,3.3599,3.3599,3.3599,3.3599
09-08-2016 11:53:00,200.0,3.34,3.34,3.34,3.34
09-08-2016 11:54:00,100.0,3.345,3.345,3.345,3.345
09-08-2016 11:56:00,1000.0,3.3504,3.3504,3.3504,3.3504
09-08-2016 11:59:00,1600.0,3.3301,3.3321,3.3301,3.3321
09-08-2016 12:12:00,700.0,3.34,3.35,3.34,3.35
09-08-2016 12:16:00,250.0,3.3525,3.3525,3.3525,3.3525
09-08-2016 12:20:00,1380.0,3.3401,3.3401,3.3401,3.3401
09-08-2016 12:25:00,1000.0,3.34,3.34,3.34,3.34
09-08-2016 12:44:00,500.0,3.3599,3.3599,3.3599,3.3599
09-08-2016 12:46:00,600.0,3.35,3.35,3.35,3.35
09-08-2016 12:47:00,900.0,3.355,3.3599,3.35,3.35
09-08-2016 12:48:00,1600.0,3.35,3.359,3.35,3.359
09-08-2016 12:50:00,949.0,3.35,3.35,3.35,3.35
09-08-2016 12:52:00,3040.0,3.35,3.36,3.35,3.355
09-08-2016 12:53:00,1200.0,3.355,3.355,3.355,3.355
09-08-2016 12:54:00,250.0,3.3501,3.3501,3.3501,3.3501
09-08-2016 12:58:00,1000.0,3.3503,3.3503,3.3503,3.3503
09-08-2016 13:04:00,1000.0,3.3503,3.3503,3.3503,3.3503
09-08-2016 13:13:00,141.0,3.35,3.35,3.35,3.35
09-08-2016 13:15:00,100.0,3.34,3.34,3.34,3.34
09-08-2016 13:18:00,700.0,3.34,3.35,3.34,3.35
09-08-2016 13:20:00,2400.0,3.34,3.341,3.34,3.341
09-08-2016 13:24:00,1800.0,3.34,3.34,3.3336,3.3336
09-08-2016 13:31:00,2000.0,3.33,3.33,3.33,3.33
09-08-2016 13:32:00,1200.0,3.335,3.335,3.33,3.3301
09-08-2016 13:39:00,1300.0,3.33,3.33,3.33,3.33
09-08-2016 13:42:00,100.0,3.33,3.33,3.33,3.33
09-08-2016 13:45:00,890.0,3.3217,3.3217,3.3217,3.3217
09-08-2016 13:47:00,1120.0,3.32,3.32,3.32,3.32
09-08-2016 13:54:00,100.0,3.33,3.33,3.33,3.33
09-08-2016 14:06:00,1000.0,3.322,3.322,3.322,3.322
09-08-2016 14:17:00,11448.0,3.32,3.32,3.3,3.31
09-08-2016 14:18:00,3900.0,3.31,3.3101,3.31,3.31
09-08-2016 14:20:00,11405.0,3.31,3.32,3.3099,3.32
09-08-2016 14:22:00,4100.0,3.32,3.33,3.31,3.3101
09-08-2016 14:23:00,300.0,3.31,3.31,3.31,3.31
09-08-2016 14:26:00,2600.0,3.314,3.314,3.314,3.314
09-08-2016 14:28:00,200.0,3.31,3.31,3.31,3.31
09-08-2016 14:29:00,800.0,3.31,3.31,3.31,3.31
09-08-2016 14:30:00,100.0,3.31,3.31,3.31,3.31
09-08-2016 14:35:00,4944.0,3.3,3.31,3.3,3.31
09-08-2016 14:37:00,600.0,3.3001,3.3001,3.3001,3.3001
09-08-2016 14:41:00,1039.0,3.31,3.31,3.31,3.31
09-08-2016 14:43:00,1300.0,3.3001,3.305,3.3001,3.305
09-08-2016 14:44:00,4000.0,3.3,3.305,3.3,3.305
09-08-2016 14:45:00,4000.0,3.3097,3.31,3.305,3.305
09-08-2016 14:46:00,10130.0,3.3036,3.3036,3.3,3.301
09-08-2016 14:48:00,300.0,3.2901,3.2901,3.2901,3.2901
09-08-2016 14:53:00,6100.0,3.2906,3.3,3.2901,3.2901
09-08-2016 14:54:00,2500.0,3.31,3.31,3.2901,3.2901
09-08-2016 14:55:00,1696.0,3.3,3.31,3.3,3.3074
09-08-2016 14:56:00,290.0,3.2935,3.2935,3.2935,3.2935
09-08-2016 14:57:00,500.0,3.2914,3.2914,3.2914,3.2914
09-08-2016 14:58:00,2788.0,3.2901,3.2901,3.28,3.28
09-08-2016 15:00:00,404.0,3.2935,3.3,3.2935,3.3
09-09-2016 07:01:00,1000.0,3.31,3.31,3.31,3.31
09-09-2016 07:12:00,1000.0,3.33,3.33,3.33,3.33
09-09-2016 08:30:00,776.0,3.39,3.39,3.39,3.39
09-09-2016 08:31:00,1200.0,3.35,3.35,3.3,3.3399
09-09-2016 08:32:00,1500.0,3.3,3.3199,3.3,3.3171
09-09-2016 08:35:00,1600.0,3.3,3.3,3.3,3.3
09-09-2016 08:40:00,3650.0,3.255,3.26,3.2393,3.2393
09-09-2016 08:41:00,1931.0,3.23,3.25,3.23,3.25
09-09-2016 08:42:00,670.0,3.2601,3.2601,3.2601,3.2601
09-09-2016 08:43:00,200.0,3.2698,3.2799,3.2698,3.2799
09-09-2016 08:44:00,450.0,3.2799,3.2799,3.26,3.26
09-09-2016 08:45:00,600.0,3.28,3.28,3.28,3.28
09-09-2016 08:47:00,11666.0,3.271,3.271,3.26,3.26
09-09-2016 08:48:00,1260.0,3.24,3.24,3.23,3.23
09-09-2016 08:49:00,1000.0,3.23,3.2301,3.23,3.2301
09-09-2016 08:50:00,718.0,3.2216,3.23,3.2216,3.23
09-09-2016 08:51:00,700.0,3.27,3.27,3.27,3.27
09-09-2016 09:04:00,242.0,3.2301,3.2301,3.2301,3.2301
09-09-2016 09:06:00,600.0,3.2554,3.2554,3.2423,3.2423
09-09-2016 09:07:00,440.0,3.2401,3.2401,3.2401,3.2401
09-09-2016 09:08:00,3600.0,3.26,3.27,3.26,3.264
09-09-2016 09:09:00,400.0,3.2601,3.2601,3.2601,3.2601
09-09-2016 09:11:00,900.0,3.265,3.27,3.2449,3.2449
09-09-2016 09:14:00,1000.0,3.2487,3.2487,3.2487,3.2487
09-09-2016 09:22:00,400.0,3.2401,3.2421,3.24,3.2421
09-09-2016 09:23:00,400.0,3.24,3.24,3.24,3.24
09-09-2016 09:24:00,1000.0,3.2572,3.2572,3.2572,3.2572
09-09-2016 09:26:00,500.0,3.2401,3.2401,3.2401,3.2401
09-09-2016 09:32:00,5059.0,3.24,3.27,3.24,3.27
09-09-2016 09:33:00,1441.0,3.25,3.25,3.23,3.23
09-09-2016 09:36:00,110.0,3.26,3.26,3.26,3.26
09-09-2016 09:37:00,750.0,3.2493,3.2493,3.2493,3.2493
09-09-2016 09:39:00,4807.0,3.23,3.23,3.22,3.22
09-09-2016 09:40:00,300.0,3.198,3.198,3.198,3.198
09-09-2016 09:42:00,3175.0,3.18,3.1887,3.18,3.1887
09-09-2016 09:43:00,2000.0,3.18,3.18,3.18,3.18
09-09-2016 09:46:00,695.0,3.1848,3.185,3.1848,3.185
09-09-2016 09:48:00,159.0,3.1801,3.1801,3.1801,3.1801
09-09-2016 09:49:00,1500.0,3.19,3.19,3.1899,3.19
09-09-2016 09:54:00,1925.0,3.2,3.24,3.2,3.24
09-09-2016 09:58:00,800.0,3.24,3.24,3.24,3.24
09-09-2016 09:59:00,2265.0,3.27,3.27,3.2643,3.2643
09-09-2016 10:03:00,1800.0,3.2668,3.2668,3.2668,3.2668
09-09-2016 10:05:00,3990.0,3.28,3.28,3.2725,3.28
09-09-2016 10:07:00,4000.0,3.27,3.2701,3.27,3.2701
09-09-2016 10:12:00,100.0,3.28,3.28,3.28,3.28
09-09-2016 10:14:00,200.0,3.28,3.28,3.28,3.28
09-09-2016 10:15:00,400.0,3.29,3.29,3.29,3.29
09-09-2016 10:16:00,300.0,3.3,3.3,3.29,3.29
09-09-2016 10:19:00,1155.0,3.2899,3.2899,3.2899,3.2899
09-09-2016 10:23:00,2000.0,3.2701,3.2726,3.2701,3.2726
09-09-2016 10:24:00,3100.0,3.27,3.2713,3.27,3.2713
09-09-2016 10:27:00,1000.0,3.242,3.242,3.242,3.242
09-09-2016 10:35:00,1000.0,3.2443,3.2443,3.2443,3.2443
09-09-2016 10:37:00,315.0,3.2299,3.2299,3.2299,3.2299
09-09-2016 10:39:00,100.0,3.21,3.21,3.21,3.21
09-09-2016 10:47:00,1000.0,3.225,3.225,3.225,3.225
09-09-2016 10:51:00,400.0,3.23,3.23,3.22,3.22
09-09-2016 10:52:00,625.0,3.2299,3.2299,3.2299,3.2299
09-09-2016 10:54:00,100.0,3.2262,3.2262,3.2262,3.2262
09-09-2016 10:57:00,500.0,3.23,3.23,3.2245,3.2245
09-09-2016 11:04:00,1000.0,3.215,3.215,3.215,3.215
09-09-2016 11:06:00,100.0,3.2,3.2,3.2,3.2
09-09-2016 11:08:00,1000.0,3.2001,3.2001,3.2001,3.2001
09-09-2016 11:11:00,600.0,3.2,3.2,3.2,3.2
09-09-2016 11:21:00,300.0,3.2,3.2,3.2,3.2
09-09-2016 11:27:00,1000.0,3.22,3.22,3.21,3.21
09-09-2016 11:28:00,400.0,3.21,3.22,3.21,3.22
09-09-2016 11:31:00,1600.0,3.21,3.216,3.21,3.216
09-09-2016 11:32:00,2500.0,3.23,3.23,3.23,3.23
09-09-2016 11:34:00,300.0,3.2299,3.2299,3.2299,3.2299
09-09-2016 11:42:00,250.0,3.2174,3.2174,3.2174,3.2174
09-09-2016 11:50:00,100.0,3.2,3.2,3.2,3.2
09-09-2016 11:54:00,1100.0,3.2,3.2,3.2,3.2
09-09-2016 12:04:00,1000.0,3.2222,3.23,3.2222,3.23
09-09-2016 12:06:00,100.0,3.2,3.2,3.2,3.2
09-09-2016 12:10:00,1000.0,3.2147,3.2147,3.2147,3.2147
09-09-2016 12:12:00,750.0,3.2,3.2227,3.2,3.2227
09-09-2016 12:13:00,10968.0,3.2,3.2,3.16,3.17
09-09-2016 12:14:00,10396.0,3.16,3.18,3.15,3.18
09-09-2016 12:15:00,370.0,3.17,3.17,3.17,3.17
09-09-2016 12:16:00,200.0,3.16,3.16,3.16,3.16
09-09-2016 12:19:00,300.0,3.15,3.15,3.15,3.15
09-09-2016 12:20:00,6495.0,3.1514,3.1514,3.15,3.15
09-09-2016 12:21:00,300.0,3.13,3.13,3.13,3.13
09-09-2016 12:24:00,1600.0,3.1345,3.1345,3.1345,3.1345
09-09-2016 12:25:00,8180.0,3.11,3.12,3.11,3.12
09-09-2016 12:26:00,299.0,3.13,3.1399,3.13,3.1399
09-09-2016 12:32:00,1200.0,3.13,3.13,3.12,3.1285
09-09-2016 12:34:00,500.0,3.117,3.117,3.117,3.117
09-09-2016 12:36:00,400.0,3.1272,3.1272,3.11,3.11
09-09-2016 12:39:00,3932.0,3.1301,3.14,3.13,3.14
09-09-2016 12:41:00,100.0,3.1264,3.1264,3.1264,3.1264
09-09-2016 12:42:00,100.0,3.11,3.11,3.11,3.11
09-09-2016 12:43:00,600.0,3.1161,3.12,3.1161,3.12
09-09-2016 12:44:00,300.0,3.12,3.12,3.12,3.12
09-09-2016 12:45:00,200.0,3.11,3.11,3.1,3.1
09-09-2016 12:46:00,2650.0,3.11,3.11,3.1,3.1
09-09-2016 12:53:00,12383.0,3.1,3.117,3.06,3.06
09-09-2016 12:55:00,784.0,3.0701,3.0721,3.0701,3.0721
09-09-2016 12:56:00,5610.0,3.09,3.1,3.05,3.0722
09-09-2016 13:00:00,100.0,3.1093,3.1093,3.1093,3.1093
09-09-2016 13:07:00,200.0,3.1,3.1,3.1,3.1
09-09-2016 13:08:00,997.0,3.0999,3.0999,3.0999,3.0999
09-09-2016 13:16:00,1600.0,3.09,3.09,3.08,3.08
09-09-2016 13:18:00,1700.0,3.0899,3.095,3.0899,3.0901
09-09-2016 13:19:00,10800.0,3.08,3.1056,3.07,3.07
09-09-2016 13:22:00,200.0,3.0998,3.0998,3.0998,3.0998
09-09-2016 13:25:00,500.0,3.12,3.13,3.12,3.13
09-09-2016 13:29:00,5500.0,3.1,3.14,3.1,3.14
09-09-2016 13:32:00,200.0,3.14,3.14,3.14,3.14
09-09-2016 13:37:00,500.0,3.1689,3.17,3.16,3.1692
09-09-2016 13:38:00,500.0,3.17,3.17,3.17,3.17
09-09-2016 13:42:00,599.0,3.1699,3.1699,3.1699,3.1699
09-09-2016 13:47:00,100.0,3.11,3.11,3.11,3.11
09-09-2016 13:49:00,200.0,3.15,3.15,3.15,3.15
09-09-2016 13:51:00,100.0,3.13,3.13,3.13,3.13
09-09-2016 13:54:00,200.0,3.168,3.168,3.168,3.168
09-09-2016 13:59:00,175.0,3.1687,3.1687,3.1687,3.1687
09-09-2016 14:03:00,600.0,3.154,3.154,3.154,3.154
09-09-2016 14:09:00,1900.0,3.13,3.13,3.13,3.13
09-09-2016 14:11:00,2100.0,3.17,3.17,3.17,3.17
09-09-2016 14:14:00,1000.0,3.164,3.164,3.164,3.164
09-09-2016 14:15:00,1100.0,3.1615,3.17,3.1615,3.17
09-09-2016 14:20:00,700.0,3.17,3.175,3.17,3.17
09-09-2016 14:29:00,1800.0,3.17,3.17,3.17,3.17
09-09-2016 14:30:00,2400.0,3.1699,3.18,3.1699,3.18
09-09-2016 14:31:00,1100.0,3.18,3.19,3.18,3.19
09-09-2016 14:38:00,7324.0,3.1882,3.1882,3.18,3.18
09-09-2016 14:39:00,500.0,3.17,3.17,3.17,3.17
09-09-2016 14:44:00,6175.0,3.142,3.15,3.142,3.15
09-09-2016 14:46:00,1250.0,3.1356,3.15,3.1356,3.15
09-09-2016 14:47:00,4990.0,3.15,3.18,3.1434,3.18
09-09-2016 14:49:00,200.0,3.17,3.17,3.17,3.17
09-09-2016 14:52:00,600.0,3.15,3.15,3.15,3.15
09-09-2016 14:54:00,1980.0,3.14,3.143,3.14,3.143
09-09-2016 14:56:00,200.0,3.1401,3.1401,3.1401,3.1401
09-09-2016 14:58:00,1500.0,3.109,3.13,3.109,3.13
09-09-2016 14:59:00,100.0,3.13,3.13,3.13,3.13
09-09-2016 15:00:00,623.0,3.13,3.17,3.13,3.17
09-09-2016 15:38:00,15.0,3.32,3.32,3.32,3.32
09-12-2016 03:00:00,400.0,3.33,3.33,3.33,3.33
09-12-2016 07:01:00,440.0,3.2,3.2,3.2,3.2
09-12-2016 08:04:00,500.0,3.19,3.2,3.19,3.2
09-12-2016 08:30:00,5070.0,3.24,3.24,3.24,3.24
09-12-2016 08:31:00,200.0,3.2,3.2,3.2,3.2
09-12-2016 08:32:00,200.0,3.2,3.2002,3.2,3.2002
09-12-2016 08:33:00,500.0,3.16,3.164,3.1501,3.164
09-12-2016 08:36:00,150.0,3.1514,3.1514,3.1514,3.1514
09-12-2016 08:42:00,2250.0,3.1699,3.1699,3.153,3.1692
09-12-2016 08:44:00,1500.0,3.1654,3.1654,3.1654,3.1654
09-12-2016 08:46:00,100.0,3.15,3.15,3.15,3.15
09-12-2016 08:47:00,150.0,3.1125,3.1125,3.1125,3.1125
09-12-2016 08:50:00,500.0,3.1056,3.1056,3.1056,3.1056
09-12-2016 08:54:00,100.0,3.11,3.11,3.11,3.11
09-12-2016 08:56:00,100.0,3.12,3.12,3.12,3.12
09-12-2016 08:57:00,100.0,3.11,3.11,3.11,3.11
09-12-2016 09:03:00,400.0,3.1399,3.1399,3.1399,3.1399
09-12-2016 09:05:00,200.0,3.13,3.13,3.13,3.13
09-12-2016 09:06:00,743.0,3.14,3.15,3.14,3.15
09-12-2016 09:07:00,100.0,3.15,3.15,3.15,3.15
09-12-2016 09:08:00,300.0,3.15,3.16,3.15,3.16
09-12-2016 09:09:00,1850.0,3.17,3.1799,3.1601,3.1799
09-12-2016 09:10:00,750.0,3.1767,3.1767,3.1767,3.1767
09-12-2016 09:12:00,3300.0,3.1799,3.18,3.16,3.16
09-12-2016 09:13:00,3400.0,3.13,3.17,3.13,3.17
09-12-2016 09:25:00,300.0,3.17,3.17,3.17,3.17
09-12-2016 09:33:00,200.0,3.1784,3.1784,3.1784,3.1784
09-12-2016 09:43:00,2000.0,3.1716,3.18,3.1716,3.18
09-12-2016 09:48:00,200.0,3.1884,3.1884,3.1884,3.1884
09-12-2016 09:51:00,100.0,3.18,3.18,3.18,3.18
09-12-2016 09:52:00,361.0,3.17,3.1701,3.17,3.1701
09-12-2016 10:15:00,100.0,3.18,3.18,3.18,3.18
09-12-2016 10:17:00,400.0,3.18,3.18,3.17,3.17
09-12-2016 10:27:00,1500.0,3.1697,3.1697,3.1697,3.1697
09-12-2016 10:50:00,600.0,3.1529,3.1529,3.1529,3.1529
09-12-2016 10:54:00,892.0,3.1529,3.1529,3.1529,3.1529
09-12-2016 11:02:00,150.0,3.1662,3.1662,3.1662,3.1662
09-12-2016 11:03:00,835.0,3.1699,3.1699,3.1699,3.1699
09-12-2016 11:04:00,250.0,3.1504,3.1504,3.1504,3.1504
09-12-2016 11:16:00,5075.0,3.1008,3.12,3.1001,3.1001
09-12-2016 11:18:00,2600.0,3.1057,3.1299,3.1057,3.1299
09-12-2016 11:20:00,100.0,3.13,3.13,3.13,3.13
09-12-2016 11:21:00,100.0,3.13,3.13,3.13,3.13
09-12-2016 11:31:00,400.0,3.14,3.14,3.14,3.14
09-12-2016 11:35:00,5400.0,3.1193,3.14,3.1193,3.14
09-12-2016 11:42:00,100.0,3.11,3.11,3.11,3.11
09-12-2016 11:50:00,618.0,3.11,3.1205,3.11,3.1205
09-12-2016 12:01:00,100.0,3.11,3.11,3.11,3.11
09-12-2016 12:02:00,1100.0,3.1154,3.1154,3.1154,3.1154
09-12-2016 12:12:00,100.0,3.1233,3.1233,3.1233,3.1233
09-12-2016 12:42:00,400.0,3.1668,3.1668,3.1668,3.1668
09-12-2016 12:44:00,100.0,3.13,3.13,3.13,3.13
09-12-2016 12:49:00,200.0,3.1491,3.1491,3.1491,3.1491
09-12-2016 12:50:00,5000.0,3.1442,3.1442,3.1442,3.1442
09-12-2016 13:06:00,100.0,3.155,3.155,3.155,3.155
09-12-2016 13:12:00,500.0,3.17,3.18,3.17,3.18
09-12-2016 13:13:00,400.0,3.18,3.2,3.17,3.2
09-12-2016 13:14:00,300.0,3.19,3.2,3.19,3.2
09-12-2016 13:15:00,1600.0,3.2,3.2495,3.1999,3.2495
09-12-2016 13:16:00,3443.0,3.25,3.25,3.22,3.22
09-12-2016 13:19:00,400.0,3.2,3.2,3.2,3.2
09-12-2016 13:20:00,200.0,3.2,3.2,3.2,3.2
09-12-2016 13:21:00,120.0,3.1837,3.1837,3.1837,3.1837
09-12-2016 13:26:00,12200.0,3.2,3.24,3.1997,3.23
09-12-2016 13:28:00,8700.0,3.2399,3.2399,3.21,3.2356
09-12-2016 13:29:00,200.0,3.21,3.21,3.21,3.21
09-12-2016 13:47:00,100.0,3.16,3.16,3.16,3.16
09-12-2016 13:48:00,100.0,3.16,3.16,3.16,3.16
09-12-2016 13:55:00,100.0,3.17,3.17,3.17,3.17
09-12-2016 13:56:00,188.0,3.17,3.17,3.17,3.17
09-12-2016 13:57:00,2000.0,3.181,3.181,3.18,3.18
09-12-2016 13:59:00,100.0,3.15,3.15,3.15,3.15
09-12-2016 14:00:00,300.0,3.15,3.15,3.15,3.15
09-12-2016 14:02:00,388.0,3.15,3.15,3.15,3.15
09-12-2016 14:04:00,200.0,3.15,3.15,3.15,3.15
09-12-2016 14:06:00,600.0,3.18,3.18,3.151,3.151
09-12-2016 14:07:00,15400.0,3.15,3.18,3.15,3.18
09-12-2016 14:10:00,180.0,3.1999,3.1999,3.1999,3.1999
09-12-2016 14:11:00,200.0,3.2,3.2,3.2,3.2
09-12-2016 14:14:00,1389.0,3.19,3.19,3.18,3.18
09-12-2016 14:15:00,100.0,3.18,3.18,3.18,3.18
09-12-2016 14:16:00,200.0,3.1899,3.1899,3.1899,3.1899
09-12-2016 14:19:00,398.0,3.1884,3.1884,3.18,3.18
09-12-2016 14:23:00,100.0,3.1816,3.1816,3.1816,3.1816
09-12-2016 14:27:00,300.0,3.185,3.185,3.185,3.185
09-12-2016 14:34:00,100.0,3.19,3.19,3.19,3.19
09-12-2016 14:36:00,800.0,3.2,3.2,3.2,3.2
09-12-2016 14:37:00,1000.0,3.2384,3.2384,3.2384,3.2384
09-12-2016 14:38:00,600.0,3.2376,3.2376,3.19,3.19
09-12-2016 14:40:00,500.0,3.2216,3.2216,3.2216,3.2216
09-12-2016 14:42:00,100.0,3.24,3.24,3.24,3.24
09-12-2016 14:43:00,1100.0,3.26,3.26,3.23,3.23
09-12-2016 14:44:00,300.0,3.22,3.225,3.22,3.225
09-12-2016 14:45:00,1000.0,3.22,3.22,3.22,3.22
09-12-2016 14:46:00,335.0,3.24,3.24,3.2101,3.2101
09-12-2016 14:48:00,300.0,3.2354,3.2354,3.2354,3.2354
09-12-2016 14:51:00,270.0,3.24,3.24,3.24,3.24
09-12-2016 14:53:00,752.0,3.23,3.239,3.23,3.237
09-12-2016 14:55:00,400.0,3.23,3.23,3.21,3.21
09-12-2016 14:57:00,420.0,3.212,3.212,3.212,3.212
09-12-2016 14:58:00,1765.0,3.2101,3.2101,3.21,3.21
09-12-2016 15:00:00,252.0,3.24,3.24,3.24,3.24
09-12-2016 15:29:00,250.0,3.21,3.21,3.21,3.21
09-12-2016 16:09:00,200.0,3.25,3.25,3.25,3.25
09-12-2016 16:23:00,400.0,3.25,3.25,3.25,3.25
09-12-2016 16:25:00,300.0,3.25,3.25,3.25,3.25
09-12-2016 17:05:00,300.0,3.25,3.25,3.25,3.25
09-12-2016 17:12:00,600.0,3.25,3.25,3.25,3.25
09-13-2016 08:03:00,600.0,3.25,3.25,3.25,3.25
09-13-2016 08:07:00,500.0,3.23,3.23,3.23,3.23
09-13-2016 08:11:00,100.0,3.23,3.23,3.23,3.23
09-13-2016 08:30:00,8559.0,3.21,3.21,3.21,3.21
09-13-2016 08:31:00,2615.0,3.1901,3.2299,3.1901,3.2299
09-13-2016 08:32:00,750.0,3.1959,3.1959,3.1605,3.1605
09-13-2016 08:34:00,5665.0,3.1901,3.2299,3.1525,3.1525
09-13-2016 08:35:00,300.0,3.19,3.19,3.19,3.19
09-13-2016 08:36:00,400.0,3.15,3.2099,3.15,3.15
09-13-2016 08:37:00,100.0,3.186,3.186,3.186,3.186
09-13-2016 08:38:00,1300.0,3.178,3.178,3.1525,3.1525
09-13-2016 08:47:00,1800.0,3.1504,3.1504,3.1504,3.1504
09-13-2016 08:49:00,100.0,3.15,3.15,3.15,3.15
09-13-2016 08:55:00,125.0,3.1701,3.1701,3.1701,3.1701
09-13-2016 08:56:00,500.0,3.1714,3.1899,3.1714,3.1899
09-13-2016 08:57:00,1650.0,3.1714,3.1714,3.16,3.16
09-13-2016 08:59:00,901.0,3.1535,3.1535,3.1535,3.1535
09-13-2016 09:04:00,2000.0,3.1501,3.1501,3.1501,3.1501
09-13-2016 09:10:00,1520.0,3.1632,3.1632,3.1632,3.1632
09-13-2016 09:11:00,1000.0,3.1899,3.1899,3.1899,3.1899
09-13-2016 09:23:00,913.0,3.16,3.16,3.14,3.14
09-13-2016 09:29:00,300.0,3.14,3.14,3.14,3.14
09-13-2016 09:30:00,100.0,3.14,3.14,3.14,3.14
09-13-2016 09:32:00,2700.0,3.12,3.1263,3.12,3.1263
09-13-2016 09:33:00,1958.0,3.08,3.08,3.0312,3.05
09-13-2016 09:34:00,900.0,3.05,3.05,3.05,3.05
09-13-2016 09:35:00,400.0,3.08,3.08,3.06,3.06
09-13-2016 09:39:00,3650.0,3.09,3.09,3.078,3.078
09-13-2016 09:42:00,4200.0,3.0702,3.09,3.0702,3.09
09-13-2016 09:43:00,741.0,3.081,3.09,3.081,3.09
09-13-2016 09:44:00,380.0,3.0948,3.0948,3.0948,3.0948
09-13-2016 09:47:00,600.0,3.082,3.0846,3.082,3.0846
09-13-2016 09:48:00,100.0,3.11,3.11,3.11,3.11
09-13-2016 09:57:00,300.0,3.09,3.09,3.09,3.09
09-13-2016 10:00:00,1900.0,3.0801,3.0801,3.08,3.0801
09-13-2016 10:01:00,200.0,3.08,3.08,3.08,3.08
09-13-2016 10:02:00,100.0,3.08,3.08,3.08,3.08
09-13-2016 10:03:00,1000.0,3.08,3.08,3.08,3.08
09-13-2016 10:04:00,200.0,3.08,3.08,3.08,3.08
09-13-2016 10:14:00,100.0,3.08,3.08,3.08,3.08
09-13-2016 10:15:00,400.0,3.081,3.081,3.081,3.081
09-13-2016 10:16:00,315.0,3.09,3.09,3.09,3.09
09-13-2016 10:17:00,1500.0,3.0866,3.0866,3.0866,3.0866
09-13-2016 10:19:00,1800.0,3.09,3.09,3.09,3.09
09-13-2016 10:21:00,600.0,3.1,3.1,3.1,3.1
09-13-2016 10:23:00,300.0,3.09,3.09,3.08,3.08
09-13-2016 10:41:00,32020.0,3.11,3.24,3.11,3.24
09-13-2016 10:58:00,100.0,3.16,3.16,3.16,3.16
09-13-2016 11:01:00,4000.0,3.19,3.2199,3.19,3.2199
09-13-2016 11:05:00,1100.0,3.21,3.21,3.21,3.21
09-13-2016 11:09:00,100.0,3.204,3.204,3.204,3.204
09-13-2016 11:13:00,100.0,3.22,3.22,3.22,3.22
09-13-2016 11:18:00,200.0,3.17,3.17,3.17,3.17
09-13-2016 11:23:00,202.0,3.1778,3.1778,3.1778,3.1778
09-13-2016 11:48:00,850.0,3.21,3.21,3.21,3.21
09-13-2016 11:55:00,700.0,3.21,3.21,3.21,3.21
09-13-2016 11:56:00,200.0,3.19,3.19,3.19,3.19
09-13-2016 11:58:00,900.0,3.19,3.19,3.19,3.19
09-13-2016 12:04:00,3000.0,3.18,3.1884,3.18,3.18
09-13-2016 12:07:00,655.0,3.1836,3.1836,3.1836,3.1836
09-13-2016 12:12:00,2000.0,3.1806,3.1806,3.1806,3.1806
09-13-2016 12:13:00,3654.0,3.18,3.1801,3.18,3.1801
09-13-2016 12:18:00,200.0,3.17,3.17,3.17,3.17
09-13-2016 12:20:00,300.0,3.21,3.21,3.21,3.21
09-13-2016 12:32:00,400.0,3.195,3.195,3.19,3.19
09-13-2016 12:34:00,100.0,3.19,3.19,3.19,3.19
09-13-2016 12:38:00,9800.0,3.19,3.1901,3.19,3.1901
09-13-2016 12:42:00,300.0,3.1732,3.1732,3.17,3.17
09-13-2016 12:52:00,1200.0,3.18,3.18,3.17,3.17
09-13-2016 12:53:00,4700.0,3.17,3.1701,3.17,3.1701
09-13-2016 12:57:00,500.0,3.18,3.18,3.17,3.17
09-13-2016 13:00:00,1700.0,3.17,3.17,3.17,3.17
09-13-2016 13:09:00,4000.0,3.1205,3.1205,3.1205,3.1205
09-13-2016 13:12:00,100.0,3.145,3.145,3.145,3.145
09-13-2016 13:15:00,100.0,3.17,3.17,3.17,3.17
09-13-2016 13:16:00,1000.0,3.155,3.155,3.155,3.155
09-13-2016 13:25:00,100.0,3.15,3.15,3.15,3.15
09-13-2016 13:26:00,100.0,3.12,3.12,3.12,3.12
09-13-2016 13:39:00,1000.0,3.12,3.12,3.12,3.12
09-13-2016 13:40:00,100.0,3.11,3.11,3.11,3.11
09-13-2016 13:41:00,2000.0,3.12,3.12,3.12,3.12
09-13-2016 13:47:00,150.0,3.13,3.13,3.13,3.13
09-13-2016 13:48:00,105.0,3.1166,3.1166,3.1166,3.1166
09-13-2016 13:50:00,100.0,3.13,3.13,3.13,3.13
09-13-2016 13:57:00,500.0,3.1301,3.14,3.1301,3.1308
09-13-2016 14:00:00,2700.0,3.15,3.15,3.13,3.13
09-13-2016 14:17:00,8431.0,3.13,3.14,3.13,3.14
09-13-2016 14:30:00,176.0,3.1332,3.1332,3.1332,3.1332
09-13-2016 14:33:00,200.0,3.1473,3.1473,3.1473,3.1473
09-13-2016 14:54:00,100.0,3.16,3.16,3.16,3.16
09-13-2016 14:55:00,100.0,3.15,3.15,3.15,3.15
09-13-2016 14:56:00,500.0,3.1585,3.1585,3.1585,3.1585
09-13-2016 14:58:00,1647.0,3.15,3.15,3.13,3.13
09-13-2016 14:59:00,900.0,3.1499,3.15,3.1499,3.15
09-13-2016 15:00:00,252.0,3.15,3.15,3.15,3.15
09-14-2016 08:30:00,264.0,3.15,3.15,3.15,3.15
09-14-2016 08:34:00,100.0,3.15,3.15,3.15,3.15
09-14-2016 08:36:00,200.0,3.2,3.2,3.2,3.2
09-14-2016 08:37:00,4300.0,3.2063,3.21,3.2,3.21
09-14-2016 08:39:00,700.0,3.21,3.21,3.2,3.2
09-14-2016 08:42:00,3976.0,3.2,3.2,3.2,3.2
09-14-2016 08:48:00,700.0,3.1822,3.1822,3.1822,3.1822
09-14-2016 08:49:00,4300.0,3.16,3.1601,3.15,3.1501
09-14-2016 08:52:00,2120.0,3.1001,3.1001,3.1,3.1
09-14-2016 08:53:00,400.0,3.1202,3.1202,3.1202,3.1202
09-14-2016 09:02:00,500.0,3.13,3.13,3.13,3.13
09-14-2016 09:03:00,500.0,3.13,3.13,3.13,3.13
09-14-2016 09:04:00,600.0,3.15,3.15,3.12,3.12
09-14-2016 09:05:00,160.0,3.1479,3.1479,3.1479,3.1479
09-14-2016 09:19:00,800.0,3.13,3.155,3.13,3.155
09-14-2016 09:20:00,423.0,3.16,3.16,3.16,3.16
09-14-2016 09:25:00,1000.0,3.16,3.16,3.16,3.16
09-14-2016 09:28:00,9260.0,3.16,3.17,3.159,3.17
09-14-2016 09:29:00,400.0,3.17,3.17,3.17,3.17
09-14-2016 09:36:00,100.0,3.17,3.17,3.17,3.17
09-14-2016 09:37:00,400.0,3.17,3.17,3.17,3.17
09-14-2016 09:39:00,139.0,3.1531,3.1531,3.1531,3.1531
09-14-2016 09:46:00,485.0,3.15,3.15,3.15,3.15
09-14-2016 09:47:00,554.0,3.1522,3.1522,3.15,3.15
09-14-2016 09:48:00,2450.0,3.15,3.15,3.15,3.15
09-14-2016 09:50:00,17722.0,3.1456,3.1456,3.11,3.1101
09-14-2016 09:51:00,500.0,3.13,3.13,3.13,3.13
09-14-2016 09:55:00,100.0,3.12,3.12,3.12,3.12
09-14-2016 09:56:00,500.0,3.16,3.16,3.16,3.16
09-14-2016 09:59:00,1290.0,3.1235,3.1235,3.1235,3.1235
09-14-2016 10:00:00,200.0,3.15,3.15,3.15,3.15
09-14-2016 10:16:00,500.0,3.1664,3.1664,3.1664,3.1664
09-14-2016 10:38:00,900.0,3.1411,3.1428,3.14,3.14
09-14-2016 10:39:00,400.0,3.145,3.145,3.14,3.14
09-14-2016 10:43:00,200.0,3.13,3.1301,3.13,3.1301
09-14-2016 10:44:00,1130.0,3.125,3.125,3.12,3.123
09-14-2016 10:46:00,500.0,3.115,3.115,3.115,3.115
09-14-2016 10:47:00,710.0,3.114,3.114,3.114,3.114
09-14-2016 10:53:00,200.0,3.11,3.11,3.11,3.11
09-14-2016 10:56:00,1500.0,3.0931,3.0931,3.0931,3.0931
09-14-2016 10:57:00,1000.0,3.1024,3.1024,3.1024,3.1024
09-14-2016 11:10:00,1201.0,3.0902,3.0902,3.09,3.09
09-14-2016 11:15:00,1200.0,3.0903,3.0903,3.0903,3.0903
09-14-2016 11:27:00,1000.0,3.115,3.115,3.1,3.1
09-14-2016 11:30:00,800.0,3.109,3.109,3.109,3.109
09-14-2016 11:48:00,2775.0,3.129,3.129,3.128,3.128
09-14-2016 11:49:00,1400.0,3.12,3.125,3.11,3.125
09-14-2016 11:53:00,200.0,3.1299,3.1299,3.1299,3.1299
09-14-2016 12:21:00,400.0,3.0901,3.0901,3.09,3.09
09-14-2016 12:24:00,5644.0,3.09,3.0901,3.09,3.09
09-14-2016 12:57:00,1400.0,3.11,3.11,3.09,3.09
09-14-2016 13:24:00,500.0,3.12,3.12,3.12,3.12
09-14-2016 13:36:00,235.0,3.1108,3.1108,3.1108,3.1108
09-14-2016 13:56:00,100.0,3.115,3.115,3.115,3.115
09-14-2016 14:10:00,500.0,3.1199,3.1199,3.1199,3.1199
09-14-2016 14:12:00,500.0,3.1156,3.1156,3.1156,3.1156
09-14-2016 14:19:00,100.0,3.1084,3.1084,3.1084,3.1084
09-14-2016 14:28:00,500.0,3.1001,3.1001,3.1001,3.1001
09-14-2016 14:46:00,100.0,3.13,3.13,3.13,3.13
09-14-2016 14:52:00,700.0,3.12,3.12,3.11,3.11
09-14-2016 14:55:00,300.0,3.12,3.12,3.12,3.12
09-14-2016 14:56:00,100.0,3.11,3.11,3.11,3.11
09-14-2016 14:57:00,100.0,3.12,3.12,3.12,3.12
09-14-2016 14:59:00,2200.0,3.12,3.14,3.12,3.14
09-14-2016 15:00:00,266.0,3.15,3.15,3.15,3.15
09-15-2016 08:30:00,500.0,3.16,3.16,3.16,3.16
09-15-2016 08:31:00,1000.0,3.16,3.16,3.16,3.16
09-15-2016 08:33:00,200.0,3.19,3.19,3.19,3.19
09-15-2016 08:36:00,440.0,3.2,3.2,3.2,3.2
09-15-2016 08:38:00,300.0,3.199,3.199,3.199,3.199
09-15-2016 08:39:00,4588.0,3.2,3.25,3.2,3.2
09-15-2016 08:41:00,4500.0,3.24,3.24,3.2,3.2
09-15-2016 08:43:00,100.0,3.2,3.2,3.2,3.2
09-15-2016 08:47:00,5200.0,3.25,3.25,3.2,3.2
09-15-2016 08:48:00,335.0,3.1986,3.1986,3.1986,3.1986
09-15-2016 08:50:00,3500.0,3.2,3.25,3.2,3.2
09-15-2016 08:53:00,2375.0,3.2,3.2299,3.2,3.21
09-15-2016 08:54:00,3942.0,3.23,3.23,3.21,3.21
09-15-2016 08:55:00,173.0,3.2268,3.2268,3.2268,3.2268
09-15-2016 08:56:00,450.0,3.2287,3.23,3.215,3.23
09-15-2016 08:57:00,1700.0,3.2176,3.2176,3.21,3.21
09-15-2016 08:59:00,100.0,3.23,3.23,3.23,3.23
09-15-2016 09:01:00,100.0,3.22,3.22,3.22,3.22
09-15-2016 09:02:00,100.0,3.22,3.22,3.22,3.22
09-15-2016 09:04:00,1400.0,3.2174,3.22,3.21,3.22
09-15-2016 09:05:00,218.0,3.2116,3.2116,3.21,3.21
09-15-2016 09:07:00,800.0,3.21,3.2135,3.21,3.21
09-15-2016 09:10:00,609.0,3.2086,3.2086,3.2,3.2
09-15-2016 09:11:00,5185.0,3.1899,3.19,3.15,3.15
09-15-2016 09:14:00,3990.0,3.15,3.15,3.15,3.15
09-15-2016 09:18:00,200.0,3.19,3.22,3.19,3.22
09-15-2016 09:19:00,200.0,3.22,3.22,3.22,3.22
09-15-2016 09:22:00,100.0,3.2,3.2,3.2,3.2
09-15-2016 09:23:00,100.0,3.2,3.2,3.2,3.2
09-15-2016 09:24:00,1300.0,3.1802,3.22,3.1802,3.22
09-15-2016 09:26:00,640.0,3.2,3.22,3.2,3.22
09-15-2016 09:27:00,100.0,3.24,3.24,3.24,3.24
09-15-2016 09:30:00,100.0,3.23,3.23,3.23,3.23
09-15-2016 09:31:00,700.0,3.25,3.25,3.23,3.23
09-15-2016 09:33:00,1200.0,3.25,3.25,3.24,3.24
09-15-2016 09:34:00,1900.0,3.2499,3.25,3.244,3.244
09-15-2016 09:35:00,2875.0,3.25,3.25,3.245,3.245
09-15-2016 09:37:00,100.0,3.25,3.25,3.25,3.25
09-15-2016 09:39:00,100.0,3.25,3.25,3.25,3.25
09-15-2016 09:41:00,100.0,3.25,3.25,3.25,3.25
09-15-2016 09:42:00,2100.0,3.24,3.245,3.24,3.245
09-15-2016 09:43:00,1900.0,3.24,3.2442,3.24,3.24
09-15-2016 09:49:00,2200.0,3.25,3.25,3.245,3.245
09-15-2016 09:51:00,200.0,3.24,3.24,3.24,3.24
09-15-2016 09:53:00,400.0,3.23,3.23,3.23,3.23
09-15-2016 09:57:00,1736.0,3.2467,3.25,3.24,3.24
09-15-2016 10:01:00,6425.0,3.24,3.24,3.22,3.22
09-15-2016 10:14:00,100.0,3.24,3.24,3.24,3.24
09-15-2016 10:15:00,2200.0,3.24,3.24,3.22,3.22
09-15-2016 10:17:00,100.0,3.22,3.22,3.22,3.22
09-15-2016 10:19:00,200.0,3.24,3.24,3.24,3.24
09-15-2016 10:23:00,100.0,3.24,3.24,3.24,3.24
09-15-2016 10:24:00,100.0,3.24,3.24,3.24,3.24
09-15-2016 10:28:00,100.0,3.24,3.24,3.24,3.24
09-15-2016 10:29:00,100.0,3.24,3.24,3.24,3.24
09-15-2016 10:32:00,200.0,3.24,3.24,3.2399,3.2399
09-15-2016 10:33:00,300.0,3.2369,3.2399,3.22,3.2399
09-15-2016 10:34:00,300.0,3.24,3.24,3.2399,3.24
09-15-2016 10:36:00,700.0,3.2399,3.24,3.22,3.24
09-15-2016 10:37:00,1000.0,3.2399,3.24,3.23,3.2399
09-15-2016 10:38:00,400.0,3.2369,3.2399,3.2369,3.2399
09-15-2016 10:39:00,400.0,3.24,3.24,3.2399,3.24
09-15-2016 10:41:00,100.0,3.24,3.24,3.24,3.24
09-15-2016 10:42:00,300.0,3.2327,3.2327,3.2327,3.2327
09-15-2016 10:44:00,600.0,3.22,3.24,3.22,3.24
09-15-2016 10:46:00,100.0,3.24,3.24,3.24,3.24
09-15-2016 10:49:00,225.0,3.24,3.24,3.23,3.23
09-15-2016 10:50:00,500.0,3.22,3.22,3.22,3.22
09-15-2016 10:51:00,900.0,3.23,3.24,3.23,3.24
09-15-2016 10:55:00,100.0,3.24,3.24,3.24,3.24
09-15-2016 10:56:00,100.0,3.24,3.24,3.24,3.24
09-15-2016 11:00:00,100.0,3.24,3.24,3.24,3.24
09-15-2016 11:01:00,100.0,3.24,3.24,3.24,3.24
09-15-2016 11:05:00,1333.0,3.22,3.22,3.213,3.213
09-15-2016 11:11:00,100.0,3.23,3.23,3.23,3.23
09-15-2016 11:12:00,500.0,3.23,3.23,3.23,3.23
09-15-2016 11:13:00,256.0,3.24,3.24,3.24,3.24
09-15-2016 11:17:00,200.0,3.24,3.24,3.24,3.24
09-15-2016 11:19:00,400.0,3.24,3.24,3.235,3.235
09-15-2016 11:23:00,200.0,3.24,3.24,3.24,3.24
09-15-2016 11:28:00,100.0,3.24,3.24,3.24,3.24
09-15-2016 11:29:00,100.0,3.24,3.24,3.24,3.24
09-15-2016 11:33:00,100.0,3.24,3.24,3.24,3.24
09-15-2016 11:35:00,100.0,3.24,3.24,3.24,3.24
09-15-2016 11:38:00,16693.0,3.24,3.25,3.24,3.245
09-15-2016 11:39:00,1200.0,3.25,3.25,3.25,3.25
09-15-2016 11:40:00,2400.0,3.25,3.26,3.25,3.26
09-15-2016 11:41:00,3100.0,3.27,3.29,3.27,3.28
09-15-2016 11:44:00,2700.0,3.29,3.29,3.27,3.27
09-15-2016 11:51:00,1100.0,3.255,3.255,3.25,3.25
09-15-2016 11:53:00,200.0,3.26,3.26,3.26,3.26
09-15-2016 11:55:00,200.0,3.2507,3.255,3.2507,3.255
09-15-2016 11:56:00,800.0,3.26,3.26,3.26,3.26
09-15-2016 11:58:00,100.0,3.255,3.255,3.255,3.255
09-15-2016 11:59:00,300.0,3.2575,3.2575,3.2575,3.2575
09-15-2016 12:01:00,100.0,3.255,3.255,3.255,3.255
09-15-2016 12:05:00,200.0,3.255,3.26,3.255,3.26
09-15-2016 12:06:00,300.0,3.26,3.26,3.26,3.26
09-15-2016 12:07:00,100.0,3.255,3.255,3.255,3.255
09-15-2016 12:08:00,1075.0,3.2574,3.2574,3.2574,3.2574
09-15-2016 12:11:00,100.0,3.255,3.255,3.255,3.255
09-15-2016 12:12:00,400.0,3.255,3.255,3.255,3.255
09-15-2016 12:13:00,100.0,3.255,3.255,3.255,3.255
09-15-2016 12:14:00,3464.0,3.255,3.2599,3.255,3.255
09-15-2016 12:17:00,100.0,3.255,3.255,3.255,3.255
09-15-2016 12:18:00,400.0,3.25,3.25,3.25,3.25
09-15-2016 12:23:00,300.0,3.2404,3.2404,3.2404,3.2404
09-15-2016 12:24:00,100.0,3.25,3.25,3.25,3.25
09-15-2016 12:28:00,4078.0,3.2301,3.2425,3.2301,3.24
09-15-2016 12:29:00,1050.0,3.25,3.25,3.2375,3.25
09-15-2016 12:32:00,2000.0,3.2301,3.2301,3.2301,3.2301
09-15-2016 12:33:00,300.0,3.25,3.25,3.25,3.25
09-15-2016 12:34:00,900.0,3.25,3.255,3.25,3.25
09-15-2016 12:35:00,200.0,3.255,3.255,3.255,3.255
09-15-2016 12:36:00,100.0,3.26,3.26,3.26,3.26
09-15-2016 12:40:00,200.0,3.275,3.275,3.275,3.275
09-15-2016 12:45:00,100.0,3.275,3.275,3.275,3.275
09-15-2016 12:46:00,100.0,3.275,3.275,3.275,3.275
09-15-2016 12:51:00,100.0,3.275,3.275,3.275,3.275
09-15-2016 12:52:00,100.0,3.275,3.275,3.275,3.275
09-15-2016 12:56:00,100.0,3.275,3.275,3.275,3.275
09-15-2016 13:04:00,435.0,3.29,3.29,3.29,3.29
09-15-2016 13:13:00,1819.0,3.29,3.29,3.28,3.2801
09-15-2016 13:38:00,500.0,3.27,3.27,3.27,3.27
09-15-2016 13:50:00,300.0,3.26,3.26,3.26,3.26
09-15-2016 13:55:00,1789.0,3.2726,3.2726,3.26,3.26
09-15-2016 14:01:00,4350.0,3.26,3.26,3.23,3.24
09-15-2016 14:07:00,200.0,3.2799,3.2799,3.2799,3.2799
09-15-2016 14:09:00,275.0,3.2548,3.2548,3.2509,3.2509
09-15-2016 14:10:00,4001.0,3.24,3.2575,3.23,3.24
09-15-2016 14:32:00,4078.0,3.24,3.24,3.23,3.23
09-15-2016 14:36:00,100.0,3.25,3.25,3.25,3.25
09-15-2016 14:37:00,1450.0,3.25,3.25,3.23,3.23
09-15-2016 14:40:00,835.0,3.23,3.23,3.23,3.23
09-15-2016 14:41:00,225.0,3.2363,3.2363,3.2363,3.2363
09-15-2016 14:43:00,1687.0,3.23,3.237,3.23,3.237
09-15-2016 14:46:00,1753.0,3.1952,3.1952,3.1952,3.1952
09-15-2016 14:48:00,200.0,3.2,3.2,3.2,3.2
09-15-2016 14:49:00,400.0,3.22,3.22,3.2199,3.22
09-15-2016 14:50:00,13600.0,3.22,3.23,3.2,3.21
09-15-2016 14:51:00,1000.0,3.208,3.208,3.208,3.208
09-15-2016 14:52:00,1950.0,3.2,3.2,3.19,3.19
09-15-2016 14:55:00,850.0,3.19,3.19,3.19,3.19
09-15-2016 14:57:00,1300.0,3.1888,3.1888,3.1888,3.1888
09-15-2016 15:00:00,864.0,3.15,3.23,3.15,3.23
09-16-2016 08:30:00,264.0,3.21,3.21,3.21,3.21
09-16-2016 08:32:00,100.0,3.1601,3.1601,3.1601,3.1601
09-16-2016 08:35:00,300.0,3.1853,3.1853,3.1853,3.1853
09-16-2016 08:40:00,166.0,3.1501,3.1501,3.1501,3.1501
09-16-2016 08:43:00,2835.0,3.2037,3.2037,3.15,3.16
09-16-2016 08:44:00,1500.0,3.1713,3.1713,3.1713,3.1713
09-16-2016 08:45:00,165.0,3.1819,3.1819,3.1819,3.1819
09-16-2016 09:00:00,2020.0,3.2299,3.2299,3.2299,3.2299
09-16-2016 09:18:00,1000.0,3.2199,3.2199,3.2199,3.2199
09-16-2016 09:47:00,9712.0,3.1901,3.22,3.1777,3.19
09-16-2016 09:49:00,200.0,3.2,3.2,3.2,3.2
09-16-2016 09:57:00,1000.0,3.1922,3.1922,3.1922,3.1922
09-16-2016 10:00:00,5292.0,3.1898,3.195,3.18,3.1897
09-16-2016 10:13:00,600.0,3.2,3.205,3.2,3.2
09-16-2016 10:21:00,3700.0,3.2,3.2002,3.2,3.2002
09-16-2016 10:29:00,1000.0,3.1953,3.1953,3.1953,3.1953
09-16-2016 10:52:00,200.0,3.21,3.21,3.2,3.2
09-16-2016 11:07:00,200.0,3.2,3.2,3.2,3.2
09-16-2016 11:13:00,100.0,3.2,3.2,3.2,3.2
09-16-2016 11:16:00,1000.0,3.2048,3.2048,3.2,3.2
09-16-2016 11:46:00,100.0,3.21,3.21,3.21,3.21
09-16-2016 11:48:00,500.0,3.22,3.2458,3.22,3.2458
09-16-2016 11:51:00,200.0,3.22,3.22,3.22,3.22
09-16-2016 12:05:00,129.0,3.2454,3.2454,3.2454,3.2454
09-16-2016 12:08:00,195.0,3.23,3.23,3.23,3.23
09-16-2016 12:10:00,295.0,3.23,3.23,3.22,3.22
09-16-2016 12:14:00,1000.0,3.212,3.212,3.212,3.212
09-16-2016 12:19:00,100.0,3.21,3.21,3.21,3.21
09-16-2016 12:24:00,1000.0,3.21,3.21,3.19,3.19
09-16-2016 12:41:00,2300.0,3.19,3.1902,3.19,3.1902
09-16-2016 12:48:00,8500.0,3.18,3.2,3.18,3.2
09-16-2016 13:08:00,105.0,3.18,3.18,3.18,3.18
09-16-2016 13:18:00,2500.0,3.1801,3.1801,3.1801,3.1801
09-16-2016 13:46:00,155.0,3.1969,3.1969,3.1969,3.1969
09-16-2016 14:09:00,1000.0,3.1925,3.1925,3.1925,3.1925
09-16-2016 14:11:00,400.0,3.1899,3.1899,3.1899,3.1899
09-16-2016 14:17:00,1800.0,3.19,3.19,3.18,3.181
09-16-2016 14:18:00,1700.0,3.18,3.1885,3.18,3.1885
09-16-2016 14:58:00,464.0,3.18,3.19,3.18,3.19
09-16-2016 14:59:00,300.0,3.2,3.2,3.2,3.2
09-16-2016 15:00:00,359.0,3.2,3.2,3.19,3.19
09-19-2016 08:30:00,259.0,3.16,3.16,3.16,3.16
09-19-2016 08:33:00,310.0,3.19,3.19,3.1638,3.1638
09-19-2016 08:36:00,6400.0,3.16,3.16,3.1,3.1
09-19-2016 08:39:00,1740.0,3.1378,3.1378,3.1378,3.1378
09-19-2016 09:05:00,100.0,3.18,3.18,3.18,3.18
09-19-2016 09:09:00,225.0,3.17,3.17,3.17,3.17
09-19-2016 09:14:00,270.0,3.1999,3.1999,3.1999,3.1999
09-19-2016 09:34:00,100.0,3.19,3.19,3.19,3.19
09-19-2016 09:37:00,850.0,3.19,3.2,3.17,3.2
09-19-2016 09:40:00,1000.0,3.185,3.185,3.185,3.185
09-19-2016 09:43:00,400.0,3.19,3.19,3.19,3.19
09-19-2016 10:07:00,600.0,3.1937,3.1937,3.18,3.18
09-19-2016 10:12:00,100.0,3.2,3.2,3.2,3.2
09-19-2016 10:13:00,100.0,3.2,3.2,3.2,3.2
09-19-2016 10:16:00,225.0,3.1917,3.1917,3.1917,3.1917
09-19-2016 10:26:00,500.0,3.1966,3.1966,3.1966,3.1966
09-19-2016 10:31:00,100.0,3.2,3.2,3.2,3.2
09-19-2016 10:34:00,100.0,3.2,3.2,3.2,3.2
09-19-2016 10:35:00,200.0,3.2,3.2,3.2,3.2
09-19-2016 10:43:00,1800.0,3.2,3.2,3.1999,3.1999
09-19-2016 10:44:00,200.0,3.2,3.2,3.2,3.2
09-19-2016 10:53:00,200.0,3.2,3.2,3.2,3.2
09-19-2016 10:54:00,2100.0,3.2,3.21,3.19,3.21
09-19-2016 11:04:00,700.0,3.2,3.2199,3.2,3.2199
09-19-2016 11:05:00,1800.0,3.2199,3.2199,3.2,3.2
09-19-2016 11:10:00,100.0,3.22,3.22,3.22,3.22
09-19-2016 11:11:00,100.0,3.2,3.2,3.2,3.2
09-19-2016 11:17:00,500.0,3.2209,3.2209,3.2209,3.2209
09-19-2016 11:18:00,100.0,3.2,3.2,3.2,3.2
09-19-2016 11:28:00,100.0,3.2,3.2,3.2,3.2
09-19-2016 11:49:00,100.0,3.1916,3.1916,3.1916,3.1916
09-19-2016 11:50:00,200.0,3.19,3.1901,3.19,3.1901
09-19-2016 11:51:00,3000.0,3.19,3.19,3.19,3.19
09-19-2016 12:02:00,2661.0,3.18,3.18,3.17,3.17
09-19-2016 12:04:00,250.0,3.1701,3.1701,3.17,3.17
09-19-2016 12:06:00,3627.0,3.17,3.18,3.17,3.18
09-19-2016 12:31:00,100.0,3.1501,3.1501,3.1501,3.1501
09-19-2016 12:32:00,400.0,3.1593,3.1593,3.1501,3.1501
09-19-2016 12:33:00,500.0,3.1592,3.1592,3.1592,3.1592
09-19-2016 12:37:00,800.0,3.165,3.165,3.15,3.1503
09-19-2016 12:40:00,100.0,3.18,3.18,3.18,3.18
09-19-2016 12:48:00,5400.0,3.1501,3.18,3.1501,3.18
09-19-2016 12:55:00,2619.0,3.1501,3.1501,3.1501,3.1501
09-19-2016 13:24:00,2800.0,3.17,3.171,3.15,3.171
09-19-2016 13:25:00,1500.0,3.1471,3.15,3.1471,3.15
09-19-2016 13:31:00,2373.0,3.1646,3.1646,3.1646,3.1646
09-19-2016 13:43:00,1500.0,3.1501,3.1501,3.1501,3.1501
09-19-2016 13:55:00,1000.0,3.17,3.17,3.15,3.15
09-19-2016 13:56:00,2700.0,3.13,3.13,3.13,3.13
09-19-2016 14:17:00,500.0,3.1295,3.1295,3.1295,3.1295
09-19-2016 14:24:00,33198.0,3.12,3.125,3.06,3.11
09-19-2016 14:27:00,100.0,3.09,3.09,3.09,3.09
09-19-2016 14:29:00,300.0,3.0964,3.0964,3.0964,3.0964
09-19-2016 14:33:00,400.0,3.085,3.09,3.0701,3.0701
09-19-2016 14:34:00,915.0,3.08,3.09,3.07,3.09
09-19-2016 14:36:00,1000.0,3.09,3.09,3.09,3.09
09-19-2016 14:43:00,300.0,3.1,3.1,3.1,3.1
09-19-2016 14:47:00,897.0,3.0801,3.0801,3.08,3.08
09-19-2016 14:48:00,500.0,3.1099,3.1099,3.09,3.1
09-19-2016 14:50:00,729.0,3.1,3.1,3.09,3.1
09-19-2016 14:51:00,900.0,3.119,3.119,3.09,3.09
09-19-2016 14:56:00,400.0,3.1,3.1,3.1,3.1
09-19-2016 14:57:00,100.0,3.1,3.1,3.1,3.1
09-19-2016 14:58:00,300.0,3.09,3.09,3.09,3.09
09-19-2016 14:59:00,250.0,3.1033,3.1033,3.09,3.09
09-19-2016 15:00:00,600.0,3.095,3.11,3.09,3.09
09-20-2016 08:35:00,500.0,3.13,3.13,3.13,3.13
09-20-2016 08:39:00,200.0,3.1111,3.1111,3.1111,3.1111
09-20-2016 08:41:00,3000.0,3.11,3.11,3.11,3.11
09-20-2016 08:48:00,800.0,3.12,3.12,3.11,3.11
09-20-2016 09:11:00,215.0,3.1296,3.1296,3.1296,3.1296
09-20-2016 09:14:00,500.0,3.0938,3.0938,3.0938,3.0938
09-20-2016 09:20:00,100.0,3.0901,3.0901,3.0901,3.0901
09-20-2016 09:21:00,200.0,3.0958,3.0958,3.0958,3.0958
09-20-2016 09:24:00,2600.0,3.1,3.1,3.1,3.1
09-20-2016 09:25:00,100.0,3.11,3.11,3.11,3.11
09-20-2016 09:28:00,2275.0,3.09,3.095,3.06,3.09
09-20-2016 09:30:00,3800.0,3.0744,3.09,3.06,3.09
09-20-2016 09:32:00,400.0,3.11,3.11,3.0701,3.0701
09-20-2016 09:34:00,200.0,3.084,3.084,3.084,3.084
09-20-2016 09:41:00,100.0,3.08,3.08,3.08,3.08
09-20-2016 09:43:00,200.0,3.0988,3.0988,3.0988,3.0988
09-20-2016 09:44:00,100.0,3.09,3.09,3.09,3.09
09-20-2016 09:45:00,400.0,3.1,3.1,3.1,3.1
09-20-2016 09:54:00,100.0,3.09,3.09,3.09,3.09
09-20-2016 09:58:00,100.0,3.1,3.1,3.1,3.1
09-20-2016 10:02:00,2000.0,3.105,3.11,3.105,3.11
09-20-2016 10:05:00,200.0,3.15,3.15,3.13,3.13
09-20-2016 10:06:00,500.0,3.12,3.12,3.11,3.11
09-20-2016 10:08:00,400.0,3.1351,3.1351,3.1351,3.1351
09-20-2016 10:09:00,150.0,3.11,3.11,3.11,3.11
09-20-2016 10:17:00,600.0,3.11,3.11,3.1,3.1
09-20-2016 10:18:00,500.0,3.09,3.09,3.09,3.09
09-20-2016 10:19:00,1600.0,3.11,3.11,3.0958,3.0958
09-20-2016 10:22:00,100.0,3.09,3.09,3.09,3.09
09-20-2016 10:23:00,300.0,3.11,3.11,3.11,3.11
09-20-2016 10:26:00,650.0,3.1332,3.1383,3.1332,3.1383
09-20-2016 10:27:00,100.0,3.1,3.1,3.1,3.1
09-20-2016 10:28:00,200.0,3.11,3.11,3.11,3.11
09-20-2016 10:32:00,100.0,3.08,3.08,3.08,3.08
09-20-2016 10:35:00,200.0,3.11,3.11,3.11,3.11
09-20-2016 10:38:00,100.0,3.1,3.1,3.1,3.1
09-20-2016 10:45:00,100.0,3.1,3.1,3.1,3.1
09-20-2016 10:52:00,100.0,3.1,3.1,3.1,3.1
09-20-2016 10:54:00,4000.0,3.09,3.14,3.09,3.14
09-20-2016 10:58:00,100.0,3.09,3.09,3.09,3.09
09-20-2016 11:00:00,150.0,3.09,3.09,3.09,3.09
09-20-2016 11:08:00,2000.0,3.09,3.093,3.09,3.093
09-20-2016 11:11:00,1000.0,3.0982,3.0982,3.0982,3.0982
09-20-2016 11:12:00,450.0,3.09,3.09,3.09,3.09
09-20-2016 11:14:00,100.0,3.095,3.095,3.095,3.095
09-20-2016 11:18:00,100.0,3.09,3.09,3.09,3.09
09-20-2016 11:23:00,100.0,3.09,3.09,3.09,3.09
09-20-2016 11:27:00,500.0,3.09,3.09,3.09,3.09
09-20-2016 11:30:00,400.0,3.09,3.09,3.085,3.0899
09-20-2016 11:35:00,400.0,3.09,3.09,3.085,3.09
09-20-2016 11:36:00,500.0,3.11,3.11,3.11,3.11
09-20-2016 11:48:00,250.0,3.1065,3.1065,3.1065,3.1065
09-20-2016 11:51:00,100.0,3.09,3.09,3.09,3.09
09-20-2016 11:53:00,250.0,3.11,3.11,3.11,3.11
09-20-2016 11:56:00,450.0,3.11,3.11,3.1,3.1
09-20-2016 11:59:00,300.0,3.1,3.1,3.1,3.1
09-20-2016 12:01:00,100.0,3.08,3.08,3.08,3.08
09-20-2016 12:02:00,200.0,3.09,3.09,3.09,3.09
09-20-2016 12:08:00,100.0,3.09,3.09,3.09,3.09
09-20-2016 12:13:00,400.0,3.09,3.09,3.09,3.09
09-20-2016 12:24:00,1698.0,3.0807,3.0807,3.0807,3.0807
09-20-2016 12:26:00,100.0,3.08,3.08,3.08,3.08
09-20-2016 12:28:00,1150.0,3.09,3.09,3.085,3.09
09-20-2016 12:34:00,1100.0,3.085,3.1,3.085,3.1
09-20-2016 12:35:00,1200.0,3.0801,3.0801,3.0801,3.0801
09-20-2016 12:36:00,500.0,3.09,3.09,3.08,3.08
09-20-2016 12:43:00,100.0,3.08,3.08,3.08,3.08
09-20-2016 12:53:00,100.0,3.08,3.08,3.08,3.08
09-20-2016 12:58:00,100.0,3.08,3.08,3.08,3.08
09-20-2016 13:03:00,100.0,3.08,3.08,3.08,3.08
09-20-2016 13:15:00,100.0,3.08,3.08,3.08,3.08
09-20-2016 13:22:00,100.0,3.08,3.08,3.08,3.08
09-20-2016 13:28:00,100.0,3.08,3.08,3.08,3.08
09-20-2016 13:35:00,100.0,3.08,3.08,3.08,3.08
09-20-2016 13:41:00,100.0,3.08,3.08,3.08,3.08
09-20-2016 13:47:00,100.0,3.08,3.08,3.08,3.08
09-20-2016 13:53:00,100.0,3.08,3.08,3.08,3.08
09-20-2016 13:57:00,500.0,3.0852,3.0852,3.0852,3.0852
09-20-2016 13:59:00,600.0,3.09,3.09,3.08,3.08
09-20-2016 14:03:00,400.0,3.0801,3.0801,3.08,3.08
09-20-2016 14:07:00,100.0,3.08,3.08,3.08,3.08
09-20-2016 14:09:00,445.0,3.08,3.08,3.08,3.08
09-20-2016 14:11:00,100.0,3.07,3.07,3.07,3.07
09-20-2016 14:12:00,500.0,3.0886,3.0886,3.0886,3.0886
09-20-2016 14:14:00,100.0,3.07,3.07,3.07,3.07
09-20-2016 14:15:00,1000.0,3.07,3.07,3.07,3.07
09-20-2016 14:17:00,100.0,3.07,3.07,3.07,3.07
09-20-2016 14:20:00,100.0,3.07,3.07,3.07,3.07
09-20-2016 14:23:00,100.0,3.07,3.07,3.07,3.07
09-20-2016 14:27:00,1100.0,3.06,3.0805,3.06,3.0805
09-20-2016 14:30:00,100.0,3.06,3.06,3.06,3.06
09-20-2016 14:34:00,1265.0,3.07,3.075,3.07,3.07
09-20-2016 14:36:00,550.0,3.0799,3.0799,3.0799,3.0799
09-20-2016 14:42:00,100.0,3.06,3.06,3.06,3.06
09-20-2016 14:43:00,300.0,3.07,3.07,3.065,3.07
09-20-2016 14:48:00,100.0,3.07,3.07,3.07,3.07
09-20-2016 14:51:00,100.0,3.075,3.075,3.075,3.075
09-20-2016 14:52:00,100.0,3.07,3.07,3.07,3.07
09-20-2016 14:53:00,1500.0,3.0652,3.0652,3.0652,3.0652
09-20-2016 14:54:00,600.0,3.06,3.08,3.06,3.08
09-20-2016 14:55:00,100.0,3.05,3.05,3.05,3.05
09-20-2016 14:57:00,5241.0,3.06,3.09,3.06,3.09
09-20-2016 14:58:00,200.0,3.09,3.09,3.09,3.09
09-20-2016 15:00:00,3306.0,3.0801,3.09,3.0699,3.09
09-21-2016 08:31:00,600.0,3.15,3.16,3.12,3.16
09-21-2016 08:43:00,400.0,3.09,3.09,3.09,3.09
09-21-2016 08:46:00,2000.0,3.0601,3.0601,3.0601,3.0601
09-21-2016 08:47:00,120.0,3.0601,3.0601,3.0601,3.0601
09-21-2016 08:56:00,132.0,3.0701,3.0701,3.0701,3.0701
09-21-2016 09:04:00,308.0,3.0948,3.0948,3.07,3.07
09-21-2016 09:08:00,500.0,3.08,3.08,3.08,3.08
09-21-2016 09:15:00,1087.0,3.0999,3.1,3.0999,3.1
09-21-2016 09:24:00,150.0,3.1,3.1,3.1,3.1
09-21-2016 09:27:00,1500.0,3.1035,3.1035,3.1035,3.1035
09-21-2016 09:31:00,450.0,3.11,3.11,3.11,3.11
09-21-2016 09:33:00,450.0,3.11,3.11,3.11,3.11
09-21-2016 09:41:00,600.0,3.11,3.1199,3.11,3.1199
09-21-2016 09:42:00,474.0,3.1399,3.14,3.1399,3.14
09-21-2016 09:46:00,200.0,3.1108,3.1108,3.1108,3.1108
09-21-2016 09:48:00,100.0,3.1273,3.1273,3.1273,3.1273
09-21-2016 09:51:00,3000.0,3.123,3.13,3.123,3.13
09-21-2016 09:56:00,2000.0,3.1075,3.1075,3.1075,3.1075
09-21-2016 10:16:00,2000.0,3.14,3.14,3.14,3.14
09-21-2016 10:22:00,258.0,3.14,3.14,3.14,3.14
09-21-2016 10:36:00,200.0,3.12,3.12,3.12,3.12
09-21-2016 10:43:00,132.0,3.1101,3.1101,3.1101,3.1101
09-21-2016 10:44:00,2000.0,3.11,3.11,3.11,3.11
09-21-2016 10:45:00,4750.0,3.1321,3.14,3.12,3.12
09-21-2016 10:54:00,200.0,3.12,3.12,3.12,3.12
09-21-2016 11:09:00,100.0,3.11,3.11,3.11,3.11
09-21-2016 11:21:00,2000.0,3.125,3.1299,3.125,3.1299
09-21-2016 11:37:00,1400.0,3.11,3.11,3.11,3.11
09-21-2016 12:15:00,1100.0,3.09,3.09,3.09,3.09
09-21-2016 12:22:00,139.0,3.07,3.07,3.07,3.07
09-21-2016 12:23:00,1800.0,3.07,3.07,3.07,3.07
09-21-2016 12:27:00,1000.0,3.06,3.06,3.06,3.06
09-21-2016 13:02:00,400.0,3.06,3.06,3.06,3.06
09-21-2016 13:13:00,200.0,3.0601,3.0601,3.0601,3.0601
09-21-2016 13:15:00,1738.0,3.08,3.08,3.0799,3.0799
09-21-2016 13:17:00,2431.0,3.09,3.0934,3.08,3.08
09-21-2016 13:24:00,2600.0,3.1,3.1,3.096,3.096
09-21-2016 14:24:00,500.0,3.115,3.115,3.115,3.115
09-21-2016 14:32:00,5300.0,3.1148,3.13,3.11,3.13
09-21-2016 14:39:00,700.0,3.12,3.12,3.12,3.12
09-21-2016 14:41:00,1700.0,3.12,3.12,3.12,3.12
09-21-2016 14:44:00,400.0,3.12,3.13,3.12,3.13
09-21-2016 14:45:00,2000.0,3.12,3.12,3.12,3.12
09-21-2016 14:46:00,950.0,3.13,3.13,3.13,3.13
09-21-2016 14:48:00,2600.0,3.14,3.14,3.14,3.14
09-21-2016 14:49:00,1100.0,3.1307,3.14,3.1307,3.14
09-21-2016 14:50:00,1000.0,3.14,3.14,3.14,3.14
09-21-2016 14:51:00,5050.0,3.14,3.14,3.14,3.14
09-21-2016 14:53:00,8900.0,3.14,3.14,3.14,3.14
09-21-2016 14:57:00,2000.0,3.1399,3.1399,3.13,3.1399
09-21-2016 14:58:00,1800.0,3.1201,3.1201,3.1201,3.1201
09-21-2016 15:00:00,269.0,3.139,3.14,3.139,3.14
09-21-2016 18:19:00,400.0,3.22,3.22,3.22,3.22
09-21-2016 18:40:00,50.0,3.27,3.27,3.27,3.27
09-22-2016 08:30:00,3279.0,3.14,3.14,3.14,3.14
09-22-2016 08:31:00,1500.0,3.0701,3.0701,3.0701,3.0701
09-22-2016 08:34:00,5325.0,3.112,3.14,3.112,3.14
09-22-2016 08:38:00,300.0,3.105,3.105,3.105,3.105
09-22-2016 08:50:00,100.0,3.1324,3.1324,3.1324,3.1324
09-22-2016 08:53:00,1000.0,3.13,3.14,3.13,3.13
09-22-2016 08:54:00,100.0,3.1399,3.1399,3.1399,3.1399
09-22-2016 08:55:00,1400.0,3.13,3.14,3.1283,3.1283
09-22-2016 08:56:00,1000.0,3.14,3.14,3.14,3.14
09-22-2016 09:06:00,500.0,3.14,3.14,3.14,3.14
09-22-2016 09:17:00,1000.0,3.14,3.14,3.14,3.14
09-22-2016 09:22:00,100.0,3.1899,3.1899,3.1899,3.1899
09-22-2016 09:23:00,379.0,3.19,3.19,3.19,3.19
09-22-2016 09:33:00,100.0,3.19,3.19,3.19,3.19
09-22-2016 09:35:00,200.0,3.2,3.2,3.1962,3.1962
09-22-2016 09:36:00,2700.0,3.2,3.2,3.19,3.19
09-22-2016 09:37:00,400.0,3.1885,3.1885,3.17,3.17
09-22-2016 09:50:00,100.0,3.1946,3.1946,3.1946,3.1946
09-22-2016 09:52:00,300.0,3.2,3.2,3.2,3.2
09-22-2016 10:01:00,100.0,3.2,3.2,3.2,3.2
09-22-2016 10:09:00,200.0,3.2,3.2,3.2,3.2
09-22-2016 10:16:00,125.0,3.1829,3.1829,3.1829,3.1829
09-22-2016 10:21:00,800.0,3.2,3.2,3.2,3.2
09-22-2016 10:26:00,1000.0,3.2,3.2,3.1999,3.1999
09-22-2016 10:27:00,5252.0,3.2,3.2,3.18,3.1999
09-22-2016 10:28:00,300.0,3.23,3.24,3.23,3.24
09-22-2016 10:29:00,150.0,3.2386,3.2386,3.2386,3.2386
09-22-2016 10:34:00,600.0,3.2281,3.2281,3.21,3.21
09-22-2016 10:36:00,500.0,3.21,3.2392,3.21,3.2392
09-22-2016 10:39:00,200.0,3.2244,3.2244,3.22,3.22
09-22-2016 10:40:00,3400.0,3.2399,3.2399,3.21,3.21
09-22-2016 10:43:00,100.0,3.21,3.21,3.21,3.21
09-22-2016 10:44:00,1139.0,3.23,3.2369,3.23,3.2369
09-22-2016 10:48:00,1600.0,3.2395,3.24,3.2395,3.2399
09-22-2016 10:49:00,100.0,3.24,3.24,3.24,3.24
09-22-2016 10:51:00,3200.0,3.2496,3.25,3.2496,3.25
09-22-2016 10:53:00,800.0,3.2563,3.2563,3.2563,3.2563
09-22-2016 10:56:00,200.0,3.25,3.25,3.25,3.25
09-22-2016 11:01:00,4200.0,3.2688,3.2688,3.25,3.25
09-22-2016 11:03:00,300.0,3.2699,3.2699,3.2699,3.2699
09-22-2016 11:08:00,1380.0,3.25,3.25,3.25,3.25
09-22-2016 11:09:00,800.0,3.24,3.24,3.24,3.24
09-22-2016 11:12:00,600.0,3.24,3.24,3.24,3.24
09-22-2016 11:14:00,270.0,3.2475,3.2475,3.2475,3.2475
09-22-2016 11:15:00,400.0,3.2496,3.2496,3.2496,3.2496
09-22-2016 11:17:00,2000.0,3.2499,3.2499,3.2499,3.2499
09-22-2016 11:22:00,3200.0,3.2304,3.25,3.2304,3.25
09-22-2016 11:26:00,2000.0,3.2422,3.2422,3.2422,3.2422
09-22-2016 11:27:00,2700.0,3.2499,3.25,3.2349,3.25
09-22-2016 11:34:00,400.0,3.23,3.23,3.23,3.23
09-22-2016 11:38:00,145.0,3.2227,3.2227,3.2227,3.2227
09-22-2016 12:03:00,100.0,3.2499,3.2499,3.2499,3.2499
09-22-2016 12:05:00,300.0,3.22,3.22,3.22,3.22
09-22-2016 12:30:00,1000.0,3.2499,3.2499,3.2499,3.2499
09-22-2016 12:42:00,100.0,3.2499,3.2499,3.2499,3.2499
09-22-2016 12:47:00,1500.0,3.235,3.25,3.235,3.248
09-22-2016 12:55:00,200.0,3.25,3.25,3.25,3.25
09-22-2016 12:56:00,100.0,3.25,3.25,3.25,3.25
09-22-2016 12:57:00,200.0,3.25,3.25,3.25,3.25
09-22-2016 12:58:00,1000.0,3.25,3.25,3.25,3.25
09-22-2016 13:00:00,100.0,3.245,3.245,3.245,3.245
09-22-2016 13:01:00,1700.0,3.245,3.25,3.245,3.25
09-22-2016 13:05:00,600.0,3.25,3.25,3.25,3.25
09-22-2016 13:06:00,245.0,3.25,3.25,3.25,3.25
09-22-2016 13:07:00,1695.0,3.25,3.25,3.25,3.25
09-22-2016 13:18:00,500.0,3.24,3.24,3.24,3.24
09-22-2016 13:20:00,2000.0,3.2195,3.2195,3.2195,3.2195
09-22-2016 13:21:00,100.0,3.2397,3.2397,3.2397,3.2397
09-22-2016 13:22:00,1200.0,3.2244,3.2244,3.2244,3.2244
09-22-2016 13:24:00,200.0,3.24,3.24,3.24,3.24
09-22-2016 13:39:00,2100.0,3.2397,3.2397,3.2397,3.2397
09-22-2016 13:42:00,300.0,3.23,3.23,3.23,3.23
09-22-2016 13:49:00,10200.0,3.225,3.23,3.21,3.23
09-22-2016 13:52:00,700.0,3.2103,3.23,3.2103,3.23
09-22-2016 13:56:00,100.0,3.2201,3.2201,3.2201,3.2201
09-22-2016 14:07:00,900.0,3.24,3.24,3.22,3.23
09-22-2016 14:08:00,400.0,3.23,3.23,3.23,3.23
09-22-2016 14:10:00,800.0,3.24,3.24,3.24,3.24
09-22-2016 14:21:00,300.0,3.22,3.24,3.22,3.24
09-22-2016 14:22:00,100.0,3.24,3.24,3.24,3.24
09-22-2016 14:26:00,100.0,3.24,3.24,3.24,3.24
09-22-2016 14:27:00,1350.0,3.24,3.2499,3.24,3.245
09-22-2016 14:30:00,200.0,3.24,3.24,3.23,3.23
09-22-2016 14:31:00,100.0,3.23,3.23,3.23,3.23
09-22-2016 14:32:00,150.0,3.2499,3.2499,3.2499,3.2499
09-22-2016 14:33:00,100.0,3.23,3.23,3.23,3.23
09-22-2016 14:34:00,100.0,3.23,3.23,3.23,3.23
09-22-2016 14:36:00,100.0,3.23,3.23,3.23,3.23
09-22-2016 14:37:00,100.0,3.23,3.23,3.23,3.23
09-22-2016 14:38:00,100.0,3.23,3.23,3.23,3.23
09-22-2016 14:39:00,100.0,3.23,3.23,3.23,3.23
09-22-2016 14:41:00,415.0,3.23,3.23,3.23,3.23
09-22-2016 14:43:00,200.0,3.23,3.23,3.23,3.23
09-22-2016 14:44:00,100.0,3.21,3.21,3.21,3.21
09-22-2016 14:46:00,100.0,3.21,3.21,3.21,3.21
09-22-2016 14:47:00,100.0,3.21,3.21,3.21,3.21
09-22-2016 14:48:00,100.0,3.21,3.21,3.21,3.21
09-22-2016 14:49:00,100.0,3.21,3.21,3.21,3.21
09-22-2016 14:50:00,1260.0,3.21,3.2299,3.21,3.2299
09-22-2016 14:51:00,200.0,3.21,3.21,3.21,3.21
09-22-2016 14:52:00,200.0,3.21,3.21,3.21,3.21
09-22-2016 14:53:00,200.0,3.21,3.21,3.21,3.21
09-22-2016 14:54:00,100.0,3.21,3.21,3.21,3.21
09-22-2016 14:55:00,200.0,3.21,3.21,3.21,3.21
09-22-2016 14:56:00,200.0,3.2,3.2,3.2,3.2
09-22-2016 14:57:00,300.0,3.2,3.2,3.2,3.2
09-22-2016 14:58:00,200.0,3.2,3.2,3.2,3.2
09-22-2016 14:59:00,200.0,3.2,3.2,3.2,3.2
09-22-2016 15:00:00,4512.0,3.2,3.22,3.2,3.22
09-23-2016 08:31:00,500.0,3.22,3.23,3.22,3.23
09-23-2016 08:34:00,760.0,3.2224,3.2224,3.2,3.2
09-23-2016 08:36:00,5600.0,3.2234,3.2234,3.2,3.2
09-23-2016 08:38:00,150.0,3.2271,3.2271,3.2271,3.2271
09-23-2016 08:41:00,1700.0,3.2279,3.23,3.221,3.221
09-23-2016 08:46:00,1563.0,3.23,3.23,3.23,3.23
09-23-2016 08:52:00,600.0,3.25,3.25,3.2441,3.25
09-23-2016 08:59:00,1000.0,3.2499,3.2499,3.2499,3.2499
09-23-2016 09:00:00,600.0,3.25,3.265,3.25,3.265
09-23-2016 09:01:00,1000.0,3.265,3.265,3.25,3.25
09-23-2016 09:04:00,825.0,3.25,3.25,3.243,3.243
09-23-2016 09:07:00,100.0,3.22,3.22,3.22,3.22
09-23-2016 09:08:00,250.0,3.2389,3.2389,3.2389,3.2389
09-23-2016 09:12:00,400.0,3.25,3.25,3.25,3.25
09-23-2016 09:31:00,6200.0,3.24,3.26,3.24,3.26
09-23-2016 09:36:00,100.0,3.23,3.23,3.23,3.23
09-23-2016 09:52:00,4735.0,3.22,3.25,3.181,3.25
09-23-2016 09:56:00,400.0,3.24,3.2499,3.24,3.2499
09-23-2016 09:57:00,400.0,3.19,3.22,3.19,3.22
09-23-2016 09:59:00,3546.0,3.2197,3.24,3.2197,3.24
09-23-2016 10:00:00,100.0,3.18,3.18,3.18,3.18
09-23-2016 10:15:00,2200.0,3.2101,3.22,3.21,3.21
09-23-2016 10:19:00,200.0,3.21,3.21,3.21,3.21
09-23-2016 10:32:00,100.0,3.249,3.249,3.249,3.249
09-23-2016 10:41:00,128.0,3.2499,3.2499,3.2499,3.2499
09-23-2016 11:10:00,315.0,3.21,3.21,3.21,3.21
09-23-2016 11:16:00,143.0,3.2371,3.2371,3.2371,3.2371
09-23-2016 11:19:00,500.0,3.21,3.21,3.21,3.21
09-23-2016 11:25:00,1000.0,3.2,3.2,3.2,3.2
09-23-2016 11:55:00,875.0,3.2072,3.2072,3.2072,3.2072
09-23-2016 12:04:00,247.0,3.2185,3.2185,3.2185,3.2185
09-23-2016 12:10:00,901.0,3.21,3.21,3.2,3.21
09-23-2016 12:12:00,100.0,3.2328,3.2328,3.2328,3.2328
09-23-2016 12:15:00,100.0,3.19,3.19,3.19,3.19
09-23-2016 12:25:00,2320.0,3.2001,3.2001,3.2001,3.2001
09-23-2016 12:26:00,2000.0,3.205,3.205,3.205,3.205
09-23-2016 12:34:00,100.0,3.23,3.23,3.23,3.23
09-23-2016 12:47:00,100.0,3.21,3.21,3.21,3.21
09-23-2016 13:05:00,285.0,3.21,3.21,3.21,3.21
09-23-2016 13:12:00,199.0,3.2101,3.2101,3.2101,3.2101
09-23-2016 13:17:00,4100.0,3.2101,3.2101,3.21,3.2101
09-23-2016 13:19:00,400.0,3.207,3.21,3.207,3.21
09-23-2016 13:26:00,4000.0,3.2,3.201,3.1967,3.1967
09-23-2016 13:35:00,200.0,3.19,3.19,3.19,3.19
09-23-2016 13:37:00,150.0,3.1999,3.1999,3.1999,3.1999
09-23-2016 13:42:00,500.0,3.196,3.196,3.196,3.196
09-23-2016 13:52:00,500.0,3.2,3.2,3.2,3.2
09-23-2016 13:53:00,200.0,3.2,3.2,3.2,3.2
09-23-2016 13:56:00,10000.0,3.2039,3.2092,3.2039,3.2039
09-23-2016 13:58:00,2600.0,3.21,3.2101,3.2,3.2
09-23-2016 14:07:00,1200.0,3.23,3.235,3.23,3.235
09-23-2016 14:08:00,1000.0,3.235,3.235,3.235,3.235
09-23-2016 14:09:00,1100.0,3.2495,3.2495,3.235,3.235
09-23-2016 14:10:00,237.0,3.235,3.24,3.235,3.24
09-23-2016 14:11:00,3155.0,3.24,3.245,3.24,3.245
09-23-2016 14:12:00,3390.0,3.24,3.2401,3.24,3.2401
09-23-2016 14:16:00,1100.0,3.2495,3.2495,3.2253,3.2253
09-23-2016 14:17:00,100.0,3.235,3.235,3.235,3.235
09-23-2016 14:21:00,1323.0,3.21,3.235,3.21,3.235
09-23-2016 14:24:00,1000.0,3.235,3.2369,3.235,3.2369
09-23-2016 14:31:00,200.0,3.22,3.235,3.22,3.235
09-23-2016 14:33:00,1000.0,3.24,3.25,3.24,3.25
09-23-2016 14:41:00,100.0,3.24,3.24,3.24,3.24
09-23-2016 14:42:00,100.0,3.24,3.24,3.24,3.24
09-23-2016 14:43:00,200.0,3.24,3.25,3.24,3.25
09-23-2016 14:45:00,200.0,3.24,3.24,3.24,3.24
09-23-2016 14:46:00,100.0,3.24,3.24,3.24,3.24
09-23-2016 14:47:00,200.0,3.24,3.24,3.24,3.24
09-23-2016 14:48:00,100.0,3.25,3.25,3.25,3.25
09-23-2016 14:49:00,200.0,3.25,3.25,3.25,3.25
09-23-2016 14:50:00,100.0,3.25,3.25,3.25,3.25
09-23-2016 14:51:00,300.0,3.25,3.25,3.25,3.25
09-23-2016 14:52:00,300.0,3.24,3.24,3.24,3.24
09-23-2016 14:53:00,800.0,3.24,3.25,3.24,3.245
09-23-2016 14:55:00,100.0,3.24,3.24,3.24,3.24
09-23-2016 14:56:00,200.0,3.24,3.24,3.24,3.24
09-23-2016 14:57:00,200.0,3.24,3.24,3.24,3.24
09-23-2016 14:58:00,580.0,3.24,3.25,3.24,3.25
09-23-2016 14:59:00,4730.0,3.245,3.26,3.24,3.2597
09-23-2016 15:00:00,3420.0,3.24,3.25,3.24,3.25
09-26-2016 08:30:00,756.0,3.27,3.27,3.26,3.26
09-26-2016 08:33:00,2461.0,3.26,3.26,3.24,3.24
09-26-2016 08:34:00,1000.0,3.24,3.24,3.24,3.24
09-26-2016 08:35:00,1000.0,3.225,3.225,3.225,3.225
09-26-2016 08:52:00,400.0,3.27,3.27,3.27,3.27
09-26-2016 08:57:00,959.0,3.27,3.27,3.2616,3.2658
09-26-2016 08:58:00,3700.0,3.2775,3.28,3.2775,3.28
09-26-2016 09:00:00,2271.0,3.29,3.29,3.28,3.29
09-26-2016 09:01:00,5425.0,3.2935,3.3,3.2935,3.3
09-26-2016 09:02:00,2000.0,3.2952,3.2952,3.2952,3.2952
09-26-2016 09:03:00,10900.0,3.299,3.31,3.299,3.3
09-26-2016 09:04:00,5800.0,3.31,3.31,3.3,3.31
09-26-2016 09:05:00,2424.0,3.31,3.34,3.3099,3.32
09-26-2016 09:06:00,8788.0,3.3299,3.3315,3.3,3.3
09-26-2016 09:07:00,10414.0,3.31,3.31,3.28,3.28
09-26-2016 09:09:00,1000.0,3.285,3.285,3.28,3.28
09-26-2016 09:13:00,139.0,3.28,3.28,3.28,3.28
09-26-2016 09:15:00,275.0,3.29,3.29,3.28,3.28
09-26-2016 09:23:00,864.0,3.3,3.3,3.2991,3.3
09-26-2016 09:24:00,900.0,3.3,3.3,3.29,3.29
09-26-2016 09:26:00,200.0,3.2988,3.2988,3.2988,3.2988
09-26-2016 09:27:00,1000.0,3.3,3.3,3.3,3.3
09-26-2016 09:28:00,5720.0,3.3,3.31,3.2999,3.31
09-26-2016 09:35:00,100.0,3.3085,3.3085,3.3085,3.3085
09-26-2016 09:43:00,300.0,3.29,3.3028,3.29,3.3028
09-26-2016 09:45:00,211.0,3.31,3.31,3.31,3.31
09-26-2016 09:54:00,6553.0,3.2973,3.3,3.2902,3.3
09-26-2016 09:57:00,100.0,3.3,3.3,3.3,3.3
09-26-2016 10:07:00,600.0,3.3,3.3,3.3,3.3
09-26-2016 10:12:00,100.0,3.3,3.3,3.3,3.3
09-26-2016 10:30:00,100.0,3.29,3.29,3.29,3.29
09-26-2016 10:34:00,225.0,3.3099,3.31,3.3099,3.31
09-26-2016 10:35:00,200.0,3.3,3.3,3.3,3.3
09-26-2016 10:38:00,2600.0,3.3,3.3,3.29,3.29
09-26-2016 10:43:00,500.0,3.3,3.3,3.3,3.3
09-26-2016 10:51:00,1200.0,3.291,3.291,3.29,3.29
09-26-2016 10:55:00,1500.0,3.29,3.2901,3.29,3.2901
09-26-2016 11:04:00,500.0,3.296,3.296,3.296,3.296
09-26-2016 11:05:00,8931.0,3.3,3.31,3.3,3.31
09-26-2016 11:06:00,200.0,3.31,3.31,3.31,3.31
09-26-2016 11:07:00,9286.0,3.31,3.31,3.3,3.3
09-26-2016 11:09:00,100.0,3.305,3.305,3.305,3.305
09-26-2016 11:21:00,1160.0,3.3,3.3,3.3,3.3
09-26-2016 11:26:00,2000.0,3.3,3.3,3.3,3.3
09-26-2016 11:34:00,200.0,3.29,3.29,3.29,3.29
09-26-2016 11:35:00,950.0,3.29,3.29,3.29,3.29
09-26-2016 11:49:00,1050.0,3.29,3.29,3.29,3.29
09-26-2016 11:52:00,100.0,3.28,3.28,3.28,3.28
09-26-2016 11:58:00,200.0,3.28,3.28,3.28,3.28
09-26-2016 12:11:00,400.0,3.29,3.29,3.29,3.29
09-26-2016 12:30:00,5316.0,3.28,3.285,3.28,3.285
09-26-2016 12:32:00,100.0,3.27,3.27,3.27,3.27
09-26-2016 12:33:00,100.0,3.2793,3.2793,3.2793,3.2793
09-26-2016 12:47:00,100.0,3.28,3.28,3.28,3.28
09-26-2016 12:48:00,305.0,3.2799,3.2799,3.2799,3.2799
09-26-2016 12:51:00,500.0,3.28,3.28,3.2799,3.28
09-26-2016 13:03:00,1000.0,3.2864,3.2864,3.2864,3.2864
09-26-2016 13:32:00,600.0,3.285,3.285,3.285,3.285
09-26-2016 13:40:00,500.0,3.2868,3.2868,3.2868,3.2868
09-26-2016 13:47:00,1100.0,3.285,3.285,3.28,3.28
09-26-2016 13:51:00,100.0,3.285,3.285,3.285,3.285
09-26-2016 14:03:00,200.0,3.28,3.28,3.28,3.28
09-26-2016 14:04:00,100.0,3.28,3.28,3.28,3.28
09-26-2016 14:07:00,975.0,3.2799,3.2799,3.2799,3.2799
09-26-2016 14:35:00,200.0,3.27,3.27,3.26,3.26
09-26-2016 14:37:00,100.0,3.27,3.27,3.27,3.27
09-26-2016 14:38:00,200.0,3.2733,3.2733,3.27,3.27
09-26-2016 14:44:00,1119.0,3.27,3.27,3.27,3.27
09-26-2016 14:50:00,129.0,3.2659,3.2659,3.2659,3.2659
09-26-2016 14:56:00,100.0,3.27,3.27,3.27,3.27
09-27-2016 08:30:00,200.0,3.24,3.24,3.24,3.24
09-27-2016 08:31:00,100.0,3.25,3.25,3.25,3.25
09-27-2016 08:32:00,142.0,3.24,3.24,3.24,3.24
09-27-2016 08:33:00,900.0,3.2687,3.29,3.2687,3.29
09-27-2016 08:36:00,100.0,3.26,3.26,3.26,3.26
09-27-2016 08:37:00,400.0,3.3,3.3,3.2999,3.2999
09-27-2016 08:42:00,200.0,3.3,3.3,3.3,3.3
09-27-2016 08:43:00,1375.0,3.3,3.3,3.3,3.3
09-27-2016 08:44:00,6599.0,3.3,3.32,3.2999,3.3
09-27-2016 08:46:00,1400.0,3.31,3.32,3.31,3.32
09-27-2016 08:48:00,300.0,3.31,3.32,3.31,3.32
09-27-2016 08:49:00,3193.0,3.31,3.31,3.31,3.31
09-27-2016 08:51:00,1000.0,3.32,3.32,3.3158,3.32
09-27-2016 08:52:00,100.0,3.32,3.32,3.32,3.32
09-27-2016 08:54:00,1825.0,3.32,3.33,3.315,3.33
09-27-2016 08:55:00,5200.0,3.33,3.33,3.3,3.33
09-27-2016 08:58:00,900.0,3.33,3.34,3.33,3.335
09-27-2016 08:59:00,100.0,3.34,3.34,3.34,3.34
09-27-2016 09:05:00,300.0,3.34,3.34,3.33,3.33
09-27-2016 09:06:00,100.0,3.34,3.34,3.34,3.34
09-27-2016 09:08:00,400.0,3.33,3.33,3.32,3.32
09-27-2016 09:09:00,300.0,3.33,3.33,3.33,3.33
09-27-2016 09:12:00,100.0,3.339,3.339,3.339,3.339
09-27-2016 09:13:00,100.0,3.33,3.33,3.33,3.33
09-27-2016 09:16:00,100.0,3.33,3.33,3.33,3.33
09-27-2016 09:17:00,300.0,3.3285,3.3285,3.3285,3.3285
09-27-2016 09:20:00,1803.0,3.33,3.341,3.33,3.33
09-27-2016 09:21:00,1000.0,3.3291,3.3291,3.3291,3.3291
09-27-2016 09:24:00,5600.0,3.32,3.325,3.3,3.3
09-27-2016 09:26:00,2900.0,3.3165,3.3299,3.3165,3.3299
09-27-2016 09:27:00,1240.0,3.3093,3.3093,3.3,3.3
09-27-2016 09:34:00,1000.0,3.3192,3.3192,3.3192,3.3192
09-27-2016 09:35:00,2000.0,3.33,3.33,3.323,3.323
09-27-2016 09:36:00,57774.0,3.33,3.48,3.33,3.39
09-27-2016 09:37:00,188608.0,3.39,3.75,3.38,3.68
09-27-2016 09:38:00,108880.0,3.68,3.74,3.59,3.6
09-27-2016 09:39:00,129482.0,3.65,3.83,3.59,3.71
09-27-2016 09:40:00,132490.0,3.6995,3.809,3.65,3.78
09-27-2016 09:41:00,49585.0,3.7652,3.78,3.68,3.69
09-27-2016 09:42:00,73916.0,3.69,3.71,3.6,3.64
09-27-2016 09:43:00,50539.0,3.62,3.7299,3.61,3.715
09-27-2016 09:44:00,48078.0,3.7023,3.79,3.7023,3.72
09-27-2016 09:45:00,11325.0,3.7361,3.7361,3.66,3.67
09-27-2016 09:46:00,29387.0,3.6628,3.73,3.6628,3.67
09-27-2016 09:47:00,89136.0,3.7,3.81,3.7,3.8
09-27-2016 09:48:00,116225.0,3.8007,3.81,3.75,3.76
09-27-2016 09:49:00,45255.0,3.77,3.82,3.76,3.7883
09-27-2016 09:50:00,85094.0,3.8,3.82,3.73,3.78
09-27-2016 09:51:00,75369.0,3.77,3.79,3.66,3.72
09-27-2016 09:52:00,24462.0,3.7124,3.79,3.7124,3.77
09-27-2016 09:53:00,50980.0,3.7799,3.8,3.73,3.75
09-27-2016 09:54:00,25220.0,3.7502,3.83,3.75,3.83
09-27-2016 09:55:00,204791.0,3.83,4.01,3.83,4.0047
09-27-2016 09:56:00,130071.0,3.9895,4.0,3.92,3.9516
09-27-2016 09:57:00,187080.0,3.95,4.08,3.95,3.9864
09-27-2016 09:58:00,83854.0,3.9899,4.12,3.98,4.1
09-27-2016 09:59:00,117341.0,4.0938,4.15,4.04,4.128
09-27-2016 10:00:00,120221.0,4.12,4.15,4.0,4.01
09-27-2016 10:01:00,82287.0,4.0278,4.04,3.95,3.95
09-27-2016 10:02:00,60061.0,3.96,3.99,3.92,3.96
09-27-2016 10:03:00,53167.0,3.95,3.972,3.91,3.972
09-27-2016 10:04:00,25162.0,3.9762,3.9762,3.93,3.95
09-27-2016 10:05:00,67005.0,3.94,3.9586,3.85,3.85
09-27-2016 10:06:00,37505.0,3.85,3.89,3.85,3.89
09-27-2016 10:07:00,43869.0,3.89,3.92,3.88,3.89
09-27-2016 10:08:00,114987.0,3.88,3.9,3.79,3.79
09-27-2016 10:09:00,31583.0,3.8062,3.83,3.8,3.83
09-27-2016 10:10:00,24613.0,3.83,3.87,3.82,3.87
09-27-2016 10:11:00,55482.0,3.87,3.9,3.87,3.89
09-27-2016 10:12:00,33803.0,3.9,3.92,3.85,3.89
09-27-2016 10:13:00,11826.0,3.89,3.9,3.8815,3.8954
09-27-2016 10:14:00,14213.0,3.895,3.895,3.85,3.8785
09-27-2016 10:15:00,5900.0,3.8728,3.889,3.87,3.88
09-27-2016 10:16:00,18735.0,3.88,3.88,3.84,3.87
09-27-2016 10:17:00,12335.0,3.86,3.86,3.83,3.85
09-27-2016 10:18:00,8600.0,3.85,3.87,3.8499,3.85
09-27-2016 10:19:00,15305.0,3.86,3.86,3.84,3.85
09-27-2016 10:20:00,33839.0,3.84,3.84,3.77,3.7922
09-27-2016 10:21:00,29180.0,3.8,3.81,3.76,3.7699
09-27-2016 10:22:00,79603.0,3.7719,3.7719,3.7,3.74
09-27-2016 10:23:00,25518.0,3.75,3.75,3.72,3.73
09-27-2016 10:24:00,9210.0,3.73,3.78,3.73,3.77
09-27-2016 10:25:00,13509.0,3.7777,3.8595,3.7777,3.8223
09-27-2016 10:26:00,7100.0,3.829,3.83,3.81,3.83
09-27-2016 10:27:00,5300.0,3.82,3.8299,3.8175,3.825
09-27-2016 10:28:00,15435.0,3.82,3.82,3.7715,3.7866
09-27-2016 10:29:00,4400.0,3.7628,3.8142,3.7628,3.8142
09-27-2016 10:30:00,3528.0,3.8123,3.8123,3.78,3.78
09-27-2016 10:31:00,5812.0,3.78,3.8,3.78,3.78
09-27-2016 10:32:00,6370.0,3.79,3.8,3.78,3.786
09-27-2016 10:33:00,9800.0,3.78,3.7998,3.78,3.78
09-27-2016 10:34:00,1081.0,3.78,3.78,3.77,3.77
09-27-2016 10:35:00,2154.0,3.77,3.78,3.76,3.78
09-27-2016 10:36:00,14400.0,3.78,3.79,3.76,3.77
09-27-2016 10:37:00,21869.0,3.76,3.7601,3.7,3.71
09-27-2016 10:38:00,56711.0,3.72,3.73,3.62,3.63
09-27-2016 10:39:00,17859.0,3.64,3.67,3.62,3.67
09-27-2016 10:40:00,10400.0,3.6664,3.7088,3.66,3.67
09-27-2016 10:41:00,5490.0,3.68,3.7,3.65,3.68
09-27-2016 10:42:00,12947.0,3.68,3.69,3.66,3.69
09-27-2016 10:43:00,9612.0,3.68,3.69,3.67,3.6801
09-27-2016 10:44:00,7757.0,3.7,3.71,3.68,3.6821
09-27-2016 10:45:00,250.0,3.7099,3.7099,3.7099,3.7099
09-27-2016 10:46:00,5804.0,3.71,3.73,3.7099,3.7101
09-27-2016 10:47:00,11680.0,3.71,3.71,3.67,3.69
09-27-2016 10:48:00,22398.0,3.69,3.69,3.65,3.6786
09-27-2016 10:49:00,21024.0,3.66,3.68,3.64,3.65
09-27-2016 10:50:00,4650.0,3.662,3.6708,3.6501,3.6514
09-27-2016 10:51:00,6195.0,3.6512,3.68,3.64,3.6466
09-27-2016 10:52:00,2680.0,3.66,3.66,3.65,3.66
09-27-2016 10:53:00,13055.0,3.67,3.68,3.6583,3.6799
09-27-2016 10:54:00,11000.0,3.6686,3.6686,3.6552,3.6552
09-27-2016 10:55:00,9417.0,3.67,3.7,3.6697,3.7
09-27-2016 10:56:00,21856.0,3.7,3.78,3.7,3.7512
09-27-2016 10:57:00,44583.0,3.768,3.83,3.75,3.76
09-27-2016 10:58:00,1000.0,3.75,3.75,3.75,3.75
09-27-2016 10:59:00,3450.0,3.7201,3.75,3.7201,3.7466
09-27-2016 11:00:00,850.0,3.7399,3.7399,3.72,3.72
09-27-2016 11:01:00,1271.0,3.7201,3.7315,3.72,3.7315
09-27-2016 11:02:00,66205.0,3.74,3.77,3.72,3.77
09-27-2016 11:03:00,23950.0,3.77,3.8,3.75,3.75
09-27-2016 11:04:00,33579.0,3.79,3.84,3.75,3.7999
09-27-2016 11:05:00,35638.0,3.7999,3.86,3.7999,3.8489
09-27-2016 11:06:00,12100.0,3.82,3.85,3.82,3.823
09-27-2016 11:07:00,7780.0,3.82,3.84,3.82,3.83
09-27-2016 11:08:00,36549.0,3.83,3.86,3.825,3.84
09-27-2016 11:09:00,8825.0,3.84,3.84,3.8201,3.8399
09-27-2016 11:10:00,10896.0,3.83,3.84,3.8,3.8201
09-27-2016 11:11:00,100.0,3.83,3.83,3.83,3.83
09-27-2016 11:12:00,300.0,3.81,3.8399,3.81,3.8399
09-27-2016 11:13:00,7200.0,3.8152,3.84,3.8101,3.84
09-27-2016 11:14:00,4709.0,3.83,3.83,3.8051,3.8051
09-27-2016 11:15:00,3889.0,3.8,3.8,3.7801,3.8
09-27-2016 11:16:00,1000.0,3.7802,3.7802,3.7802,3.7802
09-27-2016 11:17:00,3000.0,3.785,3.8,3.78,3.79
09-27-2016 11:18:00,6429.0,3.79,3.82,3.7875,3.8048
09-27-2016 11:19:00,5000.0,3.7901,3.82,3.79,3.8192
09-27-2016 11:20:00,2302.0,3.82,3.82,3.82,3.82
09-27-2016 11:21:00,24635.0,3.83,3.86,3.8203,3.8478
09-27-2016 11:22:00,9451.0,3.85,3.88,3.8499,3.88
09-27-2016 11:23:00,10350.0,3.84,3.88,3.835,3.88
09-27-2016 11:24:00,35267.0,3.88,3.9,3.862,3.8879
09-27-2016 11:25:00,700.0,3.8786,3.9,3.8786,3.9
09-27-2016 11:26:00,7219.0,3.895,3.895,3.875,3.89
09-27-2016 11:27:00,6911.0,3.875,3.9,3.875,3.9
09-27-2016 11:28:00,20150.0,3.88,3.89,3.86,3.88
09-27-2016 11:29:00,11400.0,3.88,3.89,3.8679,3.8899
09-27-2016 11:30:00,9498.0,3.8601,3.8601,3.82,3.85
09-27-2016 11:31:00,9272.0,3.8599,3.86,3.8312,3.86
09-27-2016 11:32:00,5190.0,3.88,3.89,3.8779,3.8779
09-27-2016 11:33:00,13400.0,3.8511,3.8525,3.8,3.8
09-27-2016 11:34:00,900.0,3.81,3.81,3.8,3.81
09-27-2016 11:35:00,1300.0,3.8108,3.83,3.8108,3.82
09-27-2016 11:36:00,2000.0,3.83,3.84,3.8,3.8
09-27-2016 11:38:00,8706.0,3.81,3.84,3.8001,3.8228
09-27-2016 11:41:00,40163.0,3.83,3.83,3.74,3.77
09-27-2016 11:42:00,3000.0,3.77,3.7753,3.76,3.7753
09-27-2016 11:44:00,100.0,3.78,3.78,3.78,3.78
09-27-2016 11:45:00,3100.0,3.79,3.8,3.79,3.8
09-27-2016 11:46:00,5500.0,3.7801,3.7809,3.78,3.7809
09-27-2016 11:47:00,875.0,3.7924,3.7924,3.78,3.78
09-27-2016 11:50:00,200.0,3.79,3.79,3.79,3.79
09-27-2016 11:51:00,11309.0,3.79,3.7901,3.75,3.76
09-27-2016 11:52:00,137.0,3.7751,3.7751,3.7751,3.7751
09-27-2016 11:53:00,4553.0,3.76,3.78,3.75,3.77
09-27-2016 11:54:00,6700.0,3.7624,3.77,3.75,3.77
09-27-2016 11:55:00,4400.0,3.75,3.755,3.74,3.755
09-27-2016 11:56:00,25686.0,3.74,3.742,3.62,3.68
09-27-2016 11:57:00,1327.0,3.67,3.71,3.67,3.6956
09-27-2016 11:58:00,10744.0,3.6746,3.78,3.6746,3.72
09-27-2016 11:59:00,3000.0,3.6992,3.6992,3.6992,3.6992
09-27-2016 12:01:00,1600.0,3.714,3.714,3.71,3.71
09-27-2016 12:03:00,500.0,3.7658,3.7658,3.7658,3.7658
09-27-2016 12:05:00,5000.0,3.765,3.7758,3.7508,3.7508
09-27-2016 12:06:00,400.0,3.71,3.71,3.7,3.7
09-27-2016 12:07:00,500.0,3.7,3.7,3.7,3.7
09-27-2016 12:08:00,100.0,3.71,3.71,3.71,3.71
09-27-2016 12:09:00,4535.0,3.7301,3.7499,3.73,3.7499
09-27-2016 12:10:00,1700.0,3.735,3.76,3.7321,3.75
09-27-2016 12:11:00,1100.0,3.74,3.75,3.74,3.75
09-27-2016 12:13:00,3856.0,3.74,3.7427,3.74,3.7427
09-27-2016 12:14:00,600.0,3.73,3.73,3.71,3.71
09-27-2016 12:15:00,8000.0,3.7291,3.74,3.72,3.72
09-27-2016 12:16:00,100.0,3.7,3.7,3.7,3.7
09-27-2016 12:17:00,1800.0,3.73,3.75,3.73,3.75
09-27-2016 12:20:00,2300.0,3.75,3.7655,3.75,3.7655
09-27-2016 12:21:00,150.0,3.7678,3.7678,3.7678,3.7678
09-27-2016 12:25:00,200.0,3.7794,3.7794,3.7794,3.7794
09-27-2016 12:26:00,400.0,3.7676,3.78,3.7676,3.78
09-27-2016 12:28:00,1100.0,3.7724,3.7724,3.76,3.76
09-27-2016 12:30:00,400.0,3.78,3.78,3.76,3.76
09-27-2016 12:31:00,3434.0,3.75,3.76,3.75,3.76
09-27-2016 12:32:00,3000.0,3.7503,3.7503,3.7501,3.7501
09-27-2016 12:33:00,1200.0,3.7699,3.7699,3.75,3.75
09-27-2016 12:34:00,9145.0,3.77,3.78,3.75,3.78
09-27-2016 12:35:00,6245.0,3.7656,3.8186,3.7656,3.8186
09-27-2016 12:36:00,15250.0,3.82,3.84,3.81,3.8366
09-27-2016 12:37:00,10910.0,3.8416,3.85,3.79,3.79
09-27-2016 12:38:00,132.0,3.8318,3.8318,3.8318,3.8318
09-27-2016 12:42:00,4600.0,3.8348,3.84,3.814,3.814
09-27-2016 12:43:00,1900.0,3.8101,3.8101,3.8101,3.8101
09-27-2016 12:45:00,5500.0,3.815,3.84,3.815,3.84
09-27-2016 12:46:00,5325.0,3.8399,3.84,3.81,3.84
09-27-2016 12:47:00,3200.0,3.83,3.85,3.83,3.8488
09-27-2016 12:48:00,29407.0,3.8511,3.9,3.85,3.85
09-27-2016 12:49:00,600.0,3.86,3.86,3.86,3.86
09-27-2016 12:50:00,5692.0,3.8867,3.8899,3.86,3.8899
09-27-2016 12:51:00,500.0,3.89,3.89,3.89,3.89
09-27-2016 12:52:00,4000.0,3.8701,3.8899,3.8701,3.8899
09-27-2016 12:53:00,1500.0,3.89,3.89,3.8801,3.8801
09-27-2016 12:54:00,2500.0,3.89,3.89,3.875,3.88
09-27-2016 12:55:00,9345.0,3.87,3.88,3.81,3.8333
09-27-2016 12:56:00,400.0,3.8599,3.8599,3.8523,3.8523
09-27-2016 12:57:00,2800.0,3.8359,3.85,3.8359,3.8401
09-27-2016 12:59:00,1600.0,3.85,3.8501,3.85,3.8501
09-27-2016 13:00:00,3500.0,3.84,3.8675,3.84,3.85
09-27-2016 13:01:00,6000.0,3.8401,3.8404,3.8401,3.8404
09-27-2016 13:02:00,1400.0,3.88,3.88,3.85,3.8501
09-27-2016 13:03:00,5500.0,3.865,3.8735,3.85,3.8601
09-27-2016 13:04:00,200.0,3.8547,3.8547,3.8547,3.8547
09-27-2016 13:05:00,24714.0,3.85,3.86,3.81,3.86
09-27-2016 13:06:00,200.0,3.86,3.86,3.86,3.86
09-27-2016 13:08:00,100.0,3.85,3.85,3.85,3.85
09-27-2016 13:09:00,1492.0,3.8248,3.8248,3.8237,3.8237
09-27-2016 13:10:00,300.0,3.82,3.82,3.82,3.82
09-27-2016 13:11:00,1568.0,3.84,3.84,3.8101,3.8101
09-27-2016 13:13:00,6400.0,3.83,3.8301,3.81,3.8301
09-27-2016 13:14:00,100.0,3.82,3.82,3.82,3.82
09-27-2016 13:16:00,10000.0,3.835,3.835,3.834,3.834
09-27-2016 13:17:00,7200.0,3.84,3.85,3.84,3.845
09-27-2016 13:19:00,13096.0,3.8451,3.89,3.8437,3.89
09-27-2016 13:20:00,20862.0,3.89,3.92,3.87,3.895
09-27-2016 13:21:00,11950.0,3.9,3.94,3.9,3.91
09-27-2016 13:22:00,15178.0,3.93,3.94,3.91,3.91
09-27-2016 13:23:00,12570.0,3.9102,3.9225,3.87,3.87
09-27-2016 13:24:00,5000.0,3.8929,3.91,3.889,3.9
09-27-2016 13:25:00,6800.0,3.92,3.93,3.9088,3.9088
09-27-2016 13:26:00,3000.0,3.91,3.91,3.9,3.9
09-27-2016 13:27:00,1600.0,3.88,3.9,3.88,3.8988
09-27-2016 13:28:00,4452.0,3.88,3.88,3.87,3.87
09-27-2016 13:29:00,5693.0,3.88,3.88,3.83,3.83
09-27-2016 13:30:00,9019.0,3.84,3.85,3.8,3.8386
09-27-2016 13:31:00,100.0,3.83,3.83,3.83,3.83
09-27-2016 13:32:00,2702.0,3.8575,3.9,3.8575,3.8999
09-27-2016 13:33:00,2120.0,3.874,3.9,3.874,3.8812
09-27-2016 13:35:00,501.0,3.8872,3.8872,3.8872,3.8872
09-27-2016 13:37:00,1126.0,3.85,3.86,3.85,3.86
09-27-2016 13:38:00,4870.0,3.87,3.87,3.826,3.826
09-27-2016 13:39:00,300.0,3.8634,3.8634,3.8634,3.8634
09-27-2016 13:42:00,200.0,3.8745,3.8745,3.8745,3.8745
09-27-2016 13:43:00,380.0,3.8899,3.8899,3.85,3.85
09-27-2016 13:46:00,4310.0,3.8637,3.89,3.85,3.85
09-27-2016 13:47:00,9572.0,3.889,3.89,3.866,3.89
09-27-2016 13:48:00,4400.0,3.89,3.89,3.8869,3.8869
09-27-2016 13:49:00,14248.0,3.89,3.89,3.8889,3.8889
09-27-2016 13:50:00,860.0,3.8799,3.8799,3.8799,3.8799
09-27-2016 13:51:00,7000.0,3.8687,3.8687,3.85,3.86
09-27-2016 13:52:00,5500.0,3.85,3.8593,3.85,3.8593
09-27-2016 13:53:00,2600.0,3.85,3.86,3.85,3.8553
09-27-2016 13:55:00,12380.0,3.86,3.89,3.86,3.8899
09-27-2016 13:56:00,10400.0,3.89,3.9,3.88,3.88
09-27-2016 13:57:00,1300.0,3.8842,3.9,3.8842,3.9
09-27-2016 13:58:00,300.0,3.88,3.9,3.88,3.9
09-27-2016 13:59:00,3200.0,3.9,3.9,3.8707,3.9
09-27-2016 14:00:00,13068.0,3.9,3.95,3.8999,3.95
09-27-2016 14:01:00,31208.0,3.9401,3.97,3.94,3.9401
09-27-2016 14:02:00,12424.0,3.96,3.97,3.9403,3.9403
09-27-2016 14:03:00,3300.0,3.97,3.97,3.9613,3.9613
09-27-2016 14:04:00,300.0,3.9699,3.9699,3.9699,3.9699
09-27-2016 14:05:00,6399.0,3.9565,3.97,3.9417,3.9637
09-27-2016 14:06:00,7550.0,3.97,3.9711,3.9558,3.97
09-27-2016 14:07:00,4900.0,3.9696,3.97,3.9608,3.9608
09-27-2016 14:08:00,9840.0,3.97,3.99,3.9695,3.99
09-27-2016 14:09:00,14518.0,3.98,3.98,3.957,3.957
09-27-2016 14:10:00,26139.0,3.96,3.975,3.8947,3.9104
09-27-2016 14:11:00,5400.0,3.92,3.92,3.9,3.9
09-27-2016 14:12:00,4315.0,3.9,3.92,3.9,3.92
09-27-2016 14:13:00,8840.0,3.936,3.936,3.9,3.9339
09-27-2016 14:14:00,600.0,3.9348,3.9348,3.92,3.92
09-27-2016 14:15:00,2510.0,3.93,3.93,3.91,3.92
09-27-2016 14:16:00,4020.0,3.92,3.92,3.89,3.89
09-27-2016 14:18:00,710.0,3.9,3.9099,3.8998,3.8998
09-27-2016 14:19:00,25884.0,3.89,3.89,3.8356,3.8523
09-27-2016 14:20:00,15957.0,3.87,3.87,3.83,3.87
09-27-2016 14:22:00,1488.0,3.8799,3.88,3.85,3.85
09-27-2016 14:23:00,12800.0,3.85,3.85,3.808,3.81
09-27-2016 14:24:00,5400.0,3.8246,3.838,3.82,3.8348
09-27-2016 14:25:00,2300.0,3.8486,3.85,3.82,3.82
09-27-2016 14:26:00,1277.0,3.84,3.85,3.8229,3.85
09-27-2016 14:27:00,2200.0,3.8419,3.8419,3.83,3.83
09-27-2016 14:28:00,1200.0,3.8413,3.8413,3.84,3.84
09-27-2016 14:29:00,500.0,3.83,3.83,3.83,3.83
09-27-2016 14:31:00,10100.0,3.83,3.8377,3.82,3.8377
09-27-2016 14:32:00,1200.0,3.8513,3.8513,3.842,3.842
09-27-2016 14:34:00,12841.0,3.83,3.83,3.8,3.8
09-27-2016 14:35:00,26875.0,3.8,3.81,3.75,3.7584
09-27-2016 14:36:00,11200.0,3.76,3.7614,3.75,3.7614
09-27-2016 14:37:00,339.0,3.78,3.7914,3.78,3.7914
09-27-2016 14:39:00,7550.0,3.7996,3.7996,3.75,3.76
09-27-2016 14:40:00,2899.0,3.75,3.75,3.74,3.75
09-27-2016 14:41:00,200.0,3.75,3.75,3.75,3.75
09-27-2016 14:42:00,100.0,3.75,3.75,3.75,3.75
09-27-2016 14:43:00,7092.0,3.75,3.7667,3.73,3.75
09-27-2016 14:44:00,1100.0,3.7856,3.7856,3.7528,3.7528
09-27-2016 14:46:00,2510.0,3.79,3.79,3.7733,3.7848
09-27-2016 14:47:00,22500.0,3.78,3.8,3.76,3.779
09-27-2016 14:48:00,5500.0,3.7799,3.83,3.7799,3.83
09-27-2016 14:49:00,1575.0,3.84,3.84,3.82,3.83
09-27-2016 14:50:00,20150.0,3.83,3.83,3.74,3.7994
09-27-2016 14:51:00,3300.0,3.8,3.8,3.788,3.79
09-27-2016 14:52:00,10245.0,3.79,3.81,3.78,3.78
09-27-2016 14:53:00,6594.0,3.7988,3.7988,3.75,3.75
09-27-2016 14:54:00,11300.0,3.78,3.78,3.74,3.75
09-27-2016 14:55:00,600.0,3.7662,3.7698,3.7662,3.769
09-27-2016 14:56:00,3205.0,3.7684,3.78,3.7684,3.7789
09-27-2016 14:57:00,10929.0,3.7798,3.8,3.7766,3.8
09-27-2016 14:58:00,4317.0,3.8,3.84,3.78,3.8327
09-27-2016 14:59:00,13341.0,3.82,3.8313,3.78,3.799
09-27-2016 15:00:00,17349.0,3.79,3.8099,3.62,3.62
09-27-2016 15:01:00,500.0,3.76,3.76,3.76,3.76
09-27-2016 15:03:00,2000.0,3.7,3.7,3.7,3.7
09-27-2016 15:07:00,1000.0,3.7,3.7,3.7,3.7
09-27-2016 15:39:00,100.0,3.72,3.72,3.72,3.72
09-27-2016 15:44:00,1700.0,3.71,3.71,3.71,3.71
09-27-2016 16:16:00,100.0,3.71,3.71,3.71,3.71
09-27-2016 16:19:00,900.0,3.63,3.64,3.63,3.64
09-27-2016 16:22:00,300.0,3.71,3.71,3.71,3.71
09-27-2016 16:23:00,145.0,3.79,3.79,3.64,3.64
09-27-2016 17:09:00,1000.0,3.69,3.69,3.69,3.69
09-27-2016 17:15:00,50.0,3.79,3.79,3.79,3.79
