09-07-2016 08:30:00,150.0,2.32,2.32,2.32,2.32
09-07-2016 08:35:00,1946.0,2.32,2.32,2.32,2.32
09-07-2016 08:36:00,500.0,2.32,2.32,2.32,2.32
09-07-2016 08:40:00,300.0,2.32,2.32,2.32,2.32
09-07-2016 08:51:00,300.0,2.32,2.32,2.32,2.32
09-07-2016 08:52:00,1000.0,2.32,2.32,2.32,2.32
09-07-2016 08:59:00,3804.0,2.32,2.32,2.32,2.32
09-07-2016 09:12:00,3798.0,2.39,2.39,2.3301,2.3301
09-07-2016 09:28:00,1750.0,2.35,2.35,2.35,2.35
09-07-2016 09:34:00,100.0,2.37,2.37,2.37,2.37
09-07-2016 09:41:00,400.0,2.365,2.365,2.36,2.36
09-07-2016 10:06:00,200.0,2.37,2.37,2.37,2.37
09-07-2016 10:10:00,2200.0,2.36,2.3659,2.35,2.3501
09-07-2016 10:14:00,200.0,2.35,2.35,2.35,2.35
09-07-2016 10:49:00,100.0,2.35,2.35,2.35,2.35
09-07-2016 10:58:00,500.0,2.35,2.35,2.3301,2.331
09-07-2016 11:12:00,100.0,2.35,2.35,2.35,2.35
09-07-2016 11:52:00,300.0,2.35,2.35,2.35,2.35
09-07-2016 11:53:00,100.0,2.35,2.35,2.35,2.35
09-07-2016 12:36:00,700.0,2.35,2.35,2.35,2.35
09-07-2016 12:45:00,2000.0,2.3401,2.3401,2.32,2.32
09-07-2016 12:46:00,4000.0,2.31,2.3101,2.31,2.3101
09-07-2016 13:44:00,300.0,2.35,2.35,2.35,2.35
09-07-2016 13:52:00,100.0,2.35,2.35,2.35,2.35
09-07-2016 14:22:00,100.0,2.35,2.35,2.35,2.35
09-07-2016 14:23:00,100.0,2.35,2.35,2.35,2.35
09-07-2016 14:26:00,100.0,2.35,2.35,2.35,2.35
09-07-2016 14:34:00,100.0,2.35,2.35,2.35,2.35
09-07-2016 14:38:00,100.0,2.35,2.35,2.35,2.35
09-07-2016 14:41:00,100.0,2.35,2.35,2.35,2.35
09-07-2016 14:42:00,1000.0,2.349,2.349,2.349,2.349
09-07-2016 14:43:00,200.0,2.35,2.35,2.35,2.35
09-07-2016 14:44:00,250.0,2.35,2.35,2.35,2.35
09-07-2016 14:50:00,400.0,2.35,2.35,2.34,2.34
09-07-2016 14:51:00,100.0,2.34,2.34,2.34,2.34
09-07-2016 14:57:00,100.0,2.33,2.33,2.33,2.33
09-07-2016 15:00:00,5496.0,2.31,2.31,2.31,2.31
09-08-2016 10:48:00,1690.0,2.33,2.33,2.31,2.31
09-08-2016 11:04:00,100.0,2.33,2.33,2.33,2.33
09-08-2016 11:14:00,200.0,2.35,2.35,2.33,2.33
09-08-2016 11:47:00,100.0,2.35,2.35,2.35,2.35
09-08-2016 12:23:00,100.0,2.36,2.36,2.36,2.36
09-08-2016 13:12:00,100.0,2.36,2.36,2.36,2.36
09-08-2016 13:26:00,100.0,2.35,2.35,2.35,2.35
09-08-2016 13:31:00,448.0,2.32,2.3303,2.31,2.31
09-08-2016 14:27:00,100.0,2.36,2.36,2.36,2.36
09-08-2016 14:31:00,500.0,2.335,2.335,2.335,2.335
09-08-2016 14:32:00,200.0,2.31,2.31,2.31,2.31
09-08-2016 14:46:00,350.0,2.36,2.36,2.3403,2.3403
09-09-2016 08:30:00,500.0,2.34,2.34,2.34,2.34
09-09-2016 08:45:00,100.0,2.31,2.31,2.31,2.31
09-09-2016 08:47:00,100.0,2.31,2.31,2.31,2.31
09-09-2016 08:48:00,100.0,2.31,2.31,2.31,2.31
09-09-2016 08:50:00,200.0,2.31,2.31,2.31,2.31
09-09-2016 08:52:00,624.0,2.31,2.31,2.31,2.31
09-09-2016 08:53:00,100.0,2.31,2.31,2.31,2.31
09-09-2016 08:55:00,100.0,2.31,2.31,2.31,2.31
09-09-2016 08:56:00,100.0,2.31,2.31,2.31,2.31
09-09-2016 08:57:00,400.0,2.31,2.31,2.31,2.31
09-09-2016 08:58:00,100.0,2.31,2.31,2.31,2.31
09-09-2016 09:00:00,100.0,2.31,2.31,2.31,2.31
09-09-2016 09:01:00,100.0,2.31,2.31,2.31,2.31
09-09-2016 09:03:00,100.0,2.31,2.31,2.31,2.31
09-09-2016 09:04:00,100.0,2.31,2.31,2.31,2.31
09-09-2016 09:06:00,100.0,2.31,2.31,2.31,2.31
09-09-2016 09:08:00,100.0,2.31,2.31,2.31,2.31
09-09-2016 09:09:00,200.0,2.31,2.31,2.31,2.31
09-09-2016 09:11:00,100.0,2.31,2.31,2.31,2.31
09-09-2016 09:12:00,1755.0,2.31,2.31,2.31,2.31
09-09-2016 09:13:00,100.0,2.3,2.3,2.3,2.3
09-09-2016 09:14:00,100.0,2.3,2.3,2.3,2.3
09-09-2016 09:16:00,100.0,2.3,2.3,2.3,2.3
09-09-2016 09:18:00,100.0,2.3,2.3,2.3,2.3
09-09-2016 09:19:00,100.0,2.3,2.3,2.3,2.3
09-09-2016 09:21:00,100.0,2.3,2.3,2.3,2.3
09-09-2016 09:23:00,100.0,2.3,2.3,2.3,2.3
09-09-2016 09:24:00,100.0,2.3,2.3,2.3,2.3
09-09-2016 09:26:00,100.0,2.3,2.3,2.3,2.3
09-09-2016 09:28:00,100.0,2.3,2.3,2.3,2.3
09-09-2016 09:29:00,100.0,2.3,2.3,2.3,2.3
09-09-2016 09:31:00,100.0,2.3,2.3,2.3,2.3
09-09-2016 09:33:00,100.0,2.3,2.3,2.3,2.3
09-09-2016 09:35:00,100.0,2.3,2.3,2.3,2.3
09-09-2016 09:36:00,100.0,2.3,2.3,2.3,2.3
09-09-2016 09:38:00,100.0,2.3,2.3,2.3,2.3
09-09-2016 09:40:00,100.0,2.3,2.3,2.3,2.3
09-09-2016 09:42:00,100.0,2.3,2.3,2.3,2.3
09-09-2016 09:43:00,100.0,2.3,2.3,2.3,2.3
09-09-2016 09:45:00,100.0,2.3,2.3,2.3,2.3
09-09-2016 09:47:00,100.0,2.3,2.3,2.3,2.3
09-09-2016 09:49:00,100.0,2.3,2.3,2.3,2.3
09-09-2016 09:51:00,2446.0,2.3,2.3,2.3,2.3
09-09-2016 09:52:00,100.0,2.3,2.3,2.3,2.3
09-09-2016 09:53:00,100.0,2.3,2.3,2.3,2.3
09-09-2016 09:54:00,200.0,2.3,2.3,2.3,2.3
09-09-2016 09:55:00,100.0,2.3,2.3,2.3,2.3
09-09-2016 09:56:00,200.0,2.31,2.31,2.31,2.31
09-09-2016 09:58:00,100.0,2.3,2.3,2.3,2.3
09-09-2016 10:00:00,100.0,2.3,2.3,2.3,2.3
09-09-2016 10:02:00,100.0,2.3,2.3,2.3,2.3
09-09-2016 10:04:00,100.0,2.3,2.3,2.3,2.3
09-09-2016 10:06:00,100.0,2.3,2.3,2.3,2.3
09-09-2016 10:08:00,100.0,2.3,2.3,2.3,2.3
09-09-2016 10:10:00,100.0,2.3,2.3,2.3,2.3
09-09-2016 10:12:00,100.0,2.3,2.3,2.3,2.3
09-09-2016 10:14:00,100.0,2.3,2.3,2.3,2.3
09-09-2016 10:16:00,100.0,2.3,2.3,2.3,2.3
09-09-2016 10:18:00,100.0,2.3,2.3,2.3,2.3
09-09-2016 10:20:00,100.0,2.3,2.3,2.3,2.3
09-09-2016 10:22:00,100.0,2.3,2.3,2.3,2.3
09-09-2016 10:24:00,100.0,2.3,2.3,2.3,2.3
09-09-2016 10:26:00,100.0,2.3,2.3,2.3,2.3
09-09-2016 10:28:00,200.0,2.3,2.3,2.3,2.3
09-09-2016 10:31:00,100.0,2.3,2.3,2.3,2.3
09-09-2016 10:33:00,100.0,2.3,2.3,2.3,2.3
09-09-2016 10:35:00,100.0,2.3,2.3,2.3,2.3
09-09-2016 10:37:00,100.0,2.3,2.3,2.3,2.3
09-09-2016 10:39:00,100.0,2.3,2.3,2.3,2.3
09-09-2016 10:41:00,100.0,2.3,2.3,2.3,2.3
09-09-2016 10:44:00,100.0,2.3,2.3,2.3,2.3
09-09-2016 10:46:00,100.0,2.3,2.3,2.3,2.3
09-09-2016 10:48:00,100.0,2.3,2.3,2.3,2.3
09-09-2016 10:50:00,5072.0,2.3,2.3,2.3,2.3
09-09-2016 10:53:00,100.0,2.3,2.3,2.3,2.3
09-09-2016 10:55:00,100.0,2.3,2.3,2.3,2.3
09-09-2016 10:57:00,100.0,2.3,2.3,2.3,2.3
09-09-2016 10:59:00,400.0,2.3,2.3,2.3,2.3
09-09-2016 11:00:00,300.0,2.3,2.3,2.3,2.3
09-09-2016 11:01:00,100.0,2.3,2.3,2.3,2.3
09-09-2016 11:02:00,200.0,2.3,2.3,2.3,2.3
09-09-2016 11:04:00,200.0,2.3,2.3,2.3,2.3
09-09-2016 11:05:00,100.0,2.3,2.3,2.3,2.3
09-09-2016 11:06:00,100.0,2.3,2.3,2.3,2.3
09-09-2016 11:07:00,200.0,2.3,2.3,2.3,2.3
09-09-2016 11:09:00,1300.0,2.3,2.309,2.3,2.309
09-09-2016 11:10:00,1100.0,2.3,2.3,2.27,2.27
09-09-2016 11:12:00,100.0,2.27,2.27,2.27,2.27
09-09-2016 11:14:00,100.0,2.27,2.27,2.27,2.27
09-09-2016 11:17:00,100.0,2.27,2.27,2.27,2.27
09-09-2016 11:20:00,100.0,2.27,2.27,2.27,2.27
09-09-2016 11:22:00,100.0,2.27,2.27,2.27,2.27
09-09-2016 11:25:00,100.0,2.27,2.27,2.27,2.27
09-09-2016 11:27:00,100.0,2.27,2.27,2.27,2.27
09-09-2016 11:33:00,100.0,2.26,2.26,2.26,2.26
09-09-2016 11:35:00,100.0,2.26,2.26,2.26,2.26
09-09-2016 11:36:00,100.0,2.26,2.26,2.26,2.26
09-09-2016 11:38:00,100.0,2.26,2.26,2.26,2.26
09-09-2016 11:41:00,100.0,2.26,2.26,2.26,2.26
09-09-2016 11:44:00,429.0,2.26,2.26,2.26,2.26
09-09-2016 11:47:00,100.0,2.23,2.23,2.23,2.23
09-09-2016 11:49:00,100.0,2.23,2.23,2.23,2.23
09-09-2016 11:52:00,100.0,2.23,2.23,2.23,2.23
09-09-2016 11:55:00,100.0,2.23,2.23,2.23,2.23
09-09-2016 11:58:00,100.0,2.24,2.24,2.24,2.24
09-09-2016 12:01:00,100.0,2.23,2.23,2.23,2.23
09-09-2016 12:03:00,100.0,2.23,2.23,2.23,2.23
09-09-2016 12:09:00,100.0,2.23,2.23,2.23,2.23
09-09-2016 12:12:00,100.0,2.2,2.2,2.2,2.2
09-09-2016 12:13:00,350.0,2.25,2.25,2.25,2.25
09-09-2016 12:15:00,200.0,2.2,2.2,2.2,2.2
09-09-2016 12:17:00,200.0,2.2,2.2,2.2,2.2
09-09-2016 12:18:00,100.0,2.2,2.2,2.2,2.2
09-09-2016 12:19:00,100.0,2.21,2.21,2.21,2.21
09-09-2016 12:20:00,200.0,2.2,2.2,2.2,2.2
09-09-2016 12:22:00,163.0,2.2,2.2,2.2,2.2
09-09-2016 12:23:00,100.0,2.2,2.2,2.2,2.2
09-09-2016 12:26:00,100.0,2.2,2.2,2.2,2.2
09-09-2016 12:28:00,100.0,2.2,2.2,2.2,2.2
09-09-2016 12:29:00,1600.0,2.2099,2.21,2.205,2.205
09-09-2016 12:42:00,600.0,2.2399,2.2399,2.21,2.21
09-09-2016 12:45:00,600.0,2.21,2.2197,2.21,2.2197
09-09-2016 12:47:00,1000.0,2.21,2.22,2.21,2.21
09-09-2016 12:52:00,100.0,2.21,2.21,2.21,2.21
09-09-2016 12:58:00,100.0,2.21,2.21,2.21,2.21
09-09-2016 13:01:00,100.0,2.21,2.21,2.21,2.21
09-09-2016 13:03:00,100.0,2.21,2.21,2.21,2.21
09-09-2016 13:06:00,5500.0,2.22,2.22,2.2199,2.2199
09-09-2016 13:08:00,100.0,2.21,2.21,2.21,2.21
09-09-2016 13:11:00,500.0,2.21,2.21,2.21,2.21
09-09-2016 13:13:00,100.0,2.21,2.21,2.21,2.21
09-09-2016 13:16:00,100.0,2.21,2.21,2.21,2.21
09-09-2016 13:18:00,800.0,2.2199,2.2199,2.2199,2.2199
09-09-2016 13:19:00,100.0,2.21,2.21,2.21,2.21
09-09-2016 13:21:00,100.0,2.21,2.21,2.21,2.21
09-09-2016 13:24:00,100.0,2.21,2.21,2.21,2.21
09-09-2016 13:26:00,100.0,2.21,2.21,2.21,2.21
09-09-2016 13:29:00,2100.0,2.21,2.2196,2.21,2.2196
09-09-2016 13:31:00,100.0,2.21,2.21,2.21,2.21
09-09-2016 13:34:00,100.0,2.21,2.21,2.21,2.21
09-09-2016 13:36:00,100.0,2.21,2.21,2.21,2.21
09-09-2016 13:38:00,100.0,2.21,2.21,2.21,2.21
09-09-2016 13:41:00,100.0,2.21,2.21,2.21,2.21
09-09-2016 13:43:00,100.0,2.21,2.21,2.21,2.21
09-09-2016 13:45:00,100.0,2.22,2.22,2.22,2.22
09-09-2016 13:46:00,100.0,2.21,2.21,2.21,2.21
09-09-2016 13:50:00,100.0,2.21,2.21,2.21,2.21
09-09-2016 13:53:00,100.0,2.21,2.21,2.21,2.21
09-09-2016 13:55:00,100.0,2.21,2.21,2.21,2.21
09-09-2016 13:57:00,100.0,2.21,2.21,2.21,2.21
09-09-2016 13:59:00,100.0,2.21,2.21,2.21,2.21
09-09-2016 14:02:00,100.0,2.21,2.21,2.21,2.21
09-09-2016 14:04:00,200.0,2.21,2.21,2.21,2.21
09-09-2016 14:06:00,400.0,2.21,2.21,2.21,2.21
09-09-2016 14:08:00,100.0,2.2,2.2,2.2,2.2
09-09-2016 14:10:00,100.0,2.2,2.2,2.2,2.2
09-09-2016 14:12:00,100.0,2.2,2.2,2.2,2.2
09-09-2016 14:14:00,100.0,2.2,2.2,2.2,2.2
09-09-2016 14:16:00,100.0,2.2,2.2,2.2,2.2
09-09-2016 14:18:00,100.0,2.2,2.2,2.2,2.2
09-09-2016 14:20:00,700.0,2.2199,2.22,2.218,2.22
09-09-2016 14:23:00,100.0,2.21,2.21,2.21,2.21
09-09-2016 14:25:00,100.0,2.2,2.2,2.2,2.2
09-09-2016 14:27:00,100.0,2.21,2.21,2.21,2.21
09-09-2016 14:29:00,100.0,2.21,2.21,2.21,2.21
09-09-2016 14:30:00,100.0,2.21,2.21,2.21,2.21
09-09-2016 14:32:00,100.0,2.21,2.21,2.21,2.21
09-09-2016 14:34:00,100.0,2.215,2.215,2.215,2.215
09-09-2016 14:36:00,100.0,2.21,2.21,2.21,2.21
09-09-2016 14:37:00,100.0,2.21,2.21,2.21,2.21
09-09-2016 14:38:00,100.0,2.21,2.21,2.21,2.21
09-09-2016 14:40:00,100.0,2.21,2.21,2.21,2.21
09-09-2016 14:41:00,100.0,2.21,2.21,2.21,2.21
09-09-2016 14:43:00,100.0,2.21,2.21,2.21,2.21
09-09-2016 14:44:00,500.0,2.21,2.21,2.21,2.21
09-09-2016 14:45:00,100.0,2.21,2.21,2.21,2.21
09-09-2016 14:46:00,2400.0,2.21,2.22,2.21,2.22
09-09-2016 14:47:00,2100.0,2.2196,2.22,2.2196,2.22
09-09-2016 14:48:00,100.0,2.21,2.21,2.21,2.21
09-09-2016 14:49:00,100.0,2.21,2.21,2.21,2.21
09-09-2016 14:50:00,100.0,2.2,2.2,2.2,2.2
09-09-2016 14:51:00,200.0,2.2,2.2,2.2,2.2
09-09-2016 14:52:00,100.0,2.2,2.2,2.2,2.2
09-09-2016 14:53:00,200.0,2.2,2.2,2.2,2.2
09-09-2016 14:54:00,300.0,2.2,2.21,2.2,2.2
09-09-2016 14:55:00,300.0,2.2,2.2,2.2,2.2
09-09-2016 14:56:00,200.0,2.2,2.2,2.2,2.2
09-09-2016 14:57:00,400.0,2.2,2.2,2.2,2.2
09-09-2016 14:58:00,200.0,2.16,2.16,2.16,2.16
09-09-2016 14:59:00,300.0,2.16,2.19,2.16,2.19
09-09-2016 15:00:00,500.0,2.19,2.2,2.19,2.19
09-12-2016 08:52:00,100.0,2.24,2.24,2.24,2.24
09-12-2016 09:21:00,100.0,2.23,2.23,2.23,2.23
09-12-2016 09:27:00,100.0,2.23,2.23,2.23,2.23
09-12-2016 09:29:00,790.0,2.23,2.24,2.23,2.2385
09-12-2016 09:58:00,200.0,2.22,2.22,2.22,2.22
09-12-2016 10:26:00,1100.0,2.22,2.22,2.22,2.22
09-12-2016 11:10:00,4920.0,2.21,2.21,2.2055,2.21
09-12-2016 11:12:00,1000.0,2.21,2.21,2.21,2.21
09-12-2016 11:22:00,100.0,2.21,2.21,2.21,2.21
09-12-2016 11:27:00,1000.0,2.22,2.22,2.22,2.22
09-12-2016 11:30:00,2200.0,2.22,2.22,2.22,2.22
09-12-2016 11:37:00,100.0,2.25,2.25,2.25,2.25
09-12-2016 11:49:00,200.0,2.26,2.26,2.22,2.22
09-12-2016 12:13:00,100.0,2.26,2.26,2.26,2.26
09-12-2016 12:16:00,100.0,2.2599,2.2599,2.2599,2.2599
09-12-2016 12:20:00,1600.0,2.26,2.26,2.26,2.26
09-12-2016 12:22:00,200.0,2.26,2.26,2.26,2.26
09-12-2016 12:23:00,500.0,2.26,2.2601,2.26,2.2601
09-12-2016 12:25:00,200.0,2.26,2.26,2.26,2.26
09-12-2016 12:26:00,200.0,2.26,2.26,2.26,2.26
09-12-2016 12:28:00,500.0,2.25,2.25,2.25,2.25
09-12-2016 12:32:00,2222.0,2.2499,2.2499,2.2499,2.2499
09-12-2016 12:34:00,100.0,2.25,2.25,2.25,2.25
09-12-2016 13:01:00,100.0,2.25,2.25,2.25,2.25
09-12-2016 13:03:00,100.0,2.2501,2.2501,2.2501,2.2501
09-12-2016 13:05:00,100.0,2.25,2.25,2.25,2.25
09-12-2016 13:07:00,100.0,2.2501,2.2501,2.2501,2.2501
09-12-2016 13:09:00,100.0,2.2501,2.2501,2.2501,2.2501
09-12-2016 13:11:00,100.0,2.25,2.25,2.25,2.25
09-12-2016 13:13:00,100.0,2.25,2.25,2.25,2.25
09-12-2016 13:15:00,100.0,2.2501,2.2501,2.2501,2.2501
09-12-2016 13:17:00,200.0,2.251,2.28,2.251,2.28
09-12-2016 13:19:00,100.0,2.2501,2.2501,2.2501,2.2501
09-12-2016 13:21:00,100.0,2.25,2.25,2.25,2.25
09-12-2016 13:23:00,100.0,2.25,2.25,2.25,2.25
09-12-2016 13:25:00,200.0,2.25,2.26,2.25,2.26
09-12-2016 13:47:00,100.0,2.25,2.25,2.25,2.25
09-12-2016 13:48:00,399.0,2.2601,2.2601,2.2601,2.2601
09-12-2016 13:49:00,100.0,2.26,2.26,2.26,2.26
09-12-2016 13:50:00,4000.0,2.28,2.3,2.28,2.3
09-12-2016 13:51:00,100.0,2.3101,2.3101,2.3101,2.3101
09-12-2016 13:52:00,100.0,2.35,2.35,2.35,2.35
09-12-2016 13:53:00,100.0,2.31,2.31,2.31,2.31
09-12-2016 13:54:00,100.0,2.3101,2.3101,2.3101,2.3101
09-12-2016 13:56:00,200.0,2.33,2.34,2.33,2.34
09-12-2016 13:58:00,100.0,2.31,2.31,2.31,2.31
09-12-2016 13:59:00,100.0,2.311,2.311,2.311,2.311
09-12-2016 14:01:00,100.0,2.3101,2.3101,2.3101,2.3101
09-12-2016 14:02:00,100.0,2.3101,2.3101,2.3101,2.3101
09-12-2016 14:04:00,100.0,2.311,2.311,2.311,2.311
09-12-2016 14:06:00,100.0,2.3,2.3,2.3,2.3
09-12-2016 14:07:00,100.0,2.3,2.3,2.3,2.3
09-12-2016 14:08:00,100.0,2.3,2.3,2.3,2.3
09-12-2016 14:10:00,100.0,2.3,2.3,2.3,2.3
09-12-2016 14:11:00,100.0,2.3,2.3,2.3,2.3
09-12-2016 14:13:00,100.0,2.3,2.3,2.3,2.3
09-12-2016 14:14:00,100.0,2.3,2.3,2.3,2.3
09-12-2016 14:16:00,100.0,2.3,2.3,2.3,2.3
09-12-2016 14:17:00,100.0,2.3,2.3,2.3,2.3
09-12-2016 14:18:00,100.0,2.3,2.3,2.3,2.3
09-12-2016 14:20:00,200.0,2.3,2.32,2.3,2.32
09-12-2016 14:21:00,5199.0,2.3,2.31,2.3,2.31
09-12-2016 14:22:00,100.0,2.25,2.25,2.25,2.25
09-12-2016 14:24:00,100.0,2.25,2.25,2.25,2.25
09-12-2016 14:25:00,100.0,2.25,2.25,2.25,2.25
09-12-2016 14:30:00,100.0,2.24,2.24,2.24,2.24
09-12-2016 14:44:00,100.0,2.25,2.25,2.25,2.25
09-12-2016 14:46:00,100.0,2.25,2.25,2.25,2.25
09-12-2016 14:47:00,500.0,2.25,2.25,2.25,2.25
09-12-2016 14:51:00,100.0,2.25,2.25,2.25,2.25
09-12-2016 14:52:00,1000.0,2.2501,2.2501,2.2501,2.2501
09-12-2016 14:53:00,400.0,2.2501,2.2501,2.2501,2.2501
09-12-2016 14:54:00,400.0,2.2501,2.2501,2.2501,2.2501
09-12-2016 14:55:00,300.0,2.2501,2.2501,2.2501,2.2501
09-12-2016 14:56:00,400.0,2.2501,2.2501,2.2501,2.2501
09-12-2016 14:57:00,600.0,2.25,2.25,2.248,2.248
09-12-2016 14:58:00,300.0,2.25,2.25,2.25,2.25
09-12-2016 15:00:00,2800.0,2.25,2.25,2.2497,2.2499
09-13-2016 08:30:00,216.0,2.22,2.22,2.22,2.22
09-13-2016 09:10:00,1000.0,2.2382,2.2382,2.2382,2.2382
09-13-2016 09:14:00,100.0,2.29,2.29,2.29,2.29
09-13-2016 09:42:00,100.0,2.2731,2.2731,2.2731,2.2731
09-13-2016 10:07:00,108.0,2.27,2.27,2.27,2.27
09-13-2016 10:17:00,100.0,2.25,2.25,2.25,2.25
09-13-2016 10:28:00,100.0,2.25,2.25,2.25,2.25
09-13-2016 10:29:00,400.0,2.2548,2.2548,2.25,2.25
09-13-2016 10:30:00,200.0,2.2501,2.2501,2.25,2.25
09-13-2016 10:31:00,100.0,2.2501,2.2501,2.2501,2.2501
09-13-2016 10:33:00,100.0,2.2501,2.2501,2.2501,2.2501
09-13-2016 10:36:00,100.0,2.2544,2.2544,2.2544,2.2544
09-13-2016 10:38:00,200.0,2.25,2.29,2.25,2.29
09-13-2016 10:40:00,100.0,2.2501,2.2501,2.2501,2.2501
09-13-2016 10:42:00,100.0,2.2535,2.2535,2.2535,2.2535
09-13-2016 10:45:00,100.0,2.2535,2.2535,2.2535,2.2535
09-13-2016 10:47:00,100.0,2.25,2.25,2.25,2.25
09-13-2016 10:50:00,100.0,2.2535,2.2535,2.2535,2.2535
09-13-2016 10:52:00,100.0,2.2501,2.2501,2.2501,2.2501
09-13-2016 10:55:00,1140.0,2.25,2.25,2.25,2.25
09-13-2016 11:25:00,100.0,2.25,2.25,2.25,2.25
09-13-2016 11:58:00,100.0,2.25,2.25,2.25,2.25
09-13-2016 12:12:00,200.0,2.25,2.25,2.25,2.25
09-13-2016 13:30:00,200.0,2.24,2.25,2.24,2.25
09-13-2016 13:37:00,100.0,2.25,2.25,2.25,2.25
09-13-2016 13:41:00,100.0,2.25,2.25,2.25,2.25
09-13-2016 14:11:00,100.0,2.25,2.25,2.25,2.25
09-13-2016 14:34:00,100.0,2.25,2.25,2.25,2.25
09-13-2016 14:53:00,122.0,2.24,2.24,2.24,2.24
09-13-2016 14:58:00,400.0,2.2401,2.2401,2.24,2.24
09-13-2016 15:00:00,736.0,2.2499,2.25,2.24,2.24
09-14-2016 08:58:00,200.0,2.29,2.29,2.29,2.29
09-14-2016 09:37:00,5000.0,2.263,2.28,2.26,2.26
09-14-2016 10:00:00,100.0,2.27,2.27,2.27,2.27
09-14-2016 10:19:00,100.0,2.2701,2.2701,2.2701,2.2701
09-14-2016 10:21:00,100.0,2.27,2.27,2.27,2.27
09-14-2016 10:22:00,300.0,2.2999,2.2999,2.27,2.27
09-14-2016 10:24:00,100.0,2.27,2.27,2.27,2.27
09-14-2016 10:25:00,1100.0,2.27,2.2973,2.27,2.2973
09-14-2016 10:27:00,100.0,2.27,2.27,2.27,2.27
09-14-2016 10:29:00,200.0,2.27,2.27,2.27,2.27
09-14-2016 10:30:00,200.0,2.28,2.28,2.28,2.28
09-14-2016 10:32:00,100.0,2.28,2.28,2.28,2.28
09-14-2016 10:33:00,100.0,2.2801,2.2801,2.2801,2.2801
09-14-2016 10:35:00,100.0,2.28,2.28,2.28,2.28
09-14-2016 10:36:00,200.0,2.28,2.28,2.28,2.28
09-14-2016 10:38:00,100.0,2.28,2.28,2.28,2.28
09-14-2016 10:39:00,100.0,2.27,2.27,2.27,2.27
09-14-2016 10:41:00,100.0,2.28,2.28,2.28,2.28
09-14-2016 10:45:00,1100.0,2.2801,2.2986,2.2801,2.2986
09-14-2016 10:46:00,1100.0,2.2986,2.2986,2.2801,2.2801
09-14-2016 10:48:00,100.0,2.28,2.28,2.28,2.28
09-14-2016 10:49:00,100.0,2.28,2.28,2.28,2.28
09-14-2016 10:51:00,100.0,2.272,2.272,2.272,2.272
09-14-2016 10:53:00,100.0,2.2701,2.2701,2.2701,2.2701
09-14-2016 10:54:00,100.0,2.28,2.28,2.28,2.28
09-14-2016 10:56:00,100.0,2.28,2.28,2.28,2.28
09-14-2016 10:57:00,100.0,2.28,2.28,2.28,2.28
09-14-2016 10:59:00,100.0,2.28,2.28,2.28,2.28
09-14-2016 11:00:00,200.0,2.2801,2.2801,2.2801,2.2801
09-14-2016 11:02:00,900.0,2.29,2.29,2.29,2.29
09-14-2016 11:04:00,100.0,2.2801,2.2801,2.2801,2.2801
09-14-2016 11:07:00,100.0,2.28,2.28,2.28,2.28
09-14-2016 11:08:00,100.0,2.2801,2.2801,2.2801,2.2801
09-14-2016 11:10:00,100.0,2.28,2.28,2.28,2.28
09-14-2016 11:11:00,100.0,2.2801,2.2801,2.2801,2.2801
09-14-2016 11:13:00,100.0,2.3,2.3,2.3,2.3
09-14-2016 11:14:00,100.0,2.28,2.28,2.28,2.28
09-14-2016 11:16:00,200.0,2.28,2.28,2.28,2.28
09-14-2016 11:17:00,100.0,2.28,2.28,2.28,2.28
09-14-2016 11:19:00,100.0,2.28,2.28,2.28,2.28
09-14-2016 11:22:00,100.0,2.2701,2.2701,2.2701,2.2701
09-14-2016 11:24:00,100.0,2.2701,2.2701,2.2701,2.2701
09-14-2016 11:25:00,200.0,2.2701,2.2701,2.2701,2.2701
09-14-2016 11:27:00,590.0,2.2899,2.2899,2.2899,2.2899
09-14-2016 11:28:00,100.0,2.28,2.28,2.28,2.28
09-14-2016 11:30:00,100.0,2.2801,2.2801,2.2801,2.2801
09-14-2016 11:32:00,100.0,2.28,2.28,2.28,2.28
09-14-2016 11:34:00,100.0,2.28,2.28,2.28,2.28
09-14-2016 11:35:00,100.0,2.2801,2.2801,2.2801,2.2801
09-14-2016 11:37:00,100.0,2.2801,2.2801,2.2801,2.2801
09-14-2016 11:38:00,200.0,2.2801,2.2801,2.28,2.28
09-14-2016 11:40:00,100.0,2.2701,2.2701,2.2701,2.2701
09-14-2016 11:41:00,100.0,2.2728,2.2728,2.2728,2.2728
09-14-2016 11:42:00,100.0,2.27,2.27,2.27,2.27
09-14-2016 11:43:00,100.0,2.2717,2.2717,2.2717,2.2717
09-14-2016 11:45:00,100.0,2.29,2.29,2.29,2.29
09-14-2016 11:47:00,100.0,2.27,2.27,2.27,2.27
09-14-2016 11:50:00,100.0,2.2701,2.2701,2.2701,2.2701
09-14-2016 11:52:00,100.0,2.27,2.27,2.27,2.27
09-14-2016 11:53:00,100.0,2.2701,2.2701,2.2701,2.2701
09-14-2016 11:55:00,100.0,2.27,2.27,2.27,2.27
09-14-2016 11:56:00,100.0,2.2701,2.2701,2.2701,2.2701
09-14-2016 11:58:00,100.0,2.2711,2.2711,2.2711,2.2711
09-14-2016 12:00:00,200.0,2.2701,2.2701,2.27,2.27
09-14-2016 12:01:00,200.0,2.27,2.27,2.27,2.27
09-14-2016 12:03:00,196.0,2.27,2.27,2.27,2.27
09-14-2016 12:04:00,100.0,2.2601,2.2601,2.2601,2.2601
09-14-2016 12:06:00,100.0,2.2601,2.2601,2.2601,2.2601
09-14-2016 12:09:00,100.0,2.2611,2.2611,2.2611,2.2611
09-14-2016 12:11:00,100.0,2.2601,2.2601,2.2601,2.2601
09-14-2016 12:12:00,100.0,2.2601,2.2601,2.2601,2.2601
09-14-2016 12:14:00,200.0,2.2601,2.2601,2.26,2.26
09-14-2016 12:16:00,100.0,2.2601,2.2601,2.2601,2.2601
09-14-2016 12:17:00,100.0,2.2601,2.2601,2.2601,2.2601
09-14-2016 12:19:00,100.0,2.26,2.26,2.26,2.26
09-14-2016 12:20:00,100.0,2.2611,2.2611,2.2611,2.2611
09-14-2016 12:22:00,100.0,2.26,2.26,2.26,2.26
09-14-2016 12:23:00,100.0,2.2611,2.2611,2.2611,2.2611
09-14-2016 12:25:00,100.0,2.2601,2.2601,2.2601,2.2601
09-14-2016 12:26:00,200.0,2.28,2.28,2.2611,2.2611
09-14-2016 12:28:00,100.0,2.26,2.26,2.26,2.26
09-14-2016 12:30:00,200.0,2.26,2.26,2.26,2.26
09-14-2016 12:31:00,100.0,2.2601,2.2601,2.2601,2.2601
09-14-2016 12:33:00,100.0,2.2601,2.2601,2.2601,2.2601
09-14-2016 12:34:00,100.0,2.2601,2.2601,2.2601,2.2601
09-14-2016 12:36:00,100.0,2.26,2.26,2.26,2.26
09-14-2016 12:37:00,100.0,2.261,2.261,2.261,2.261
09-14-2016 12:39:00,100.0,2.26,2.26,2.26,2.26
09-14-2016 12:40:00,100.0,2.2601,2.2601,2.2601,2.2601
09-14-2016 12:42:00,100.0,2.26,2.26,2.26,2.26
09-14-2016 12:44:00,100.0,2.26,2.26,2.26,2.26
09-14-2016 12:45:00,200.0,2.2601,2.2601,2.2601,2.2601
09-14-2016 12:47:00,100.0,2.26,2.26,2.26,2.26
09-14-2016 12:49:00,100.0,2.2601,2.2601,2.2601,2.2601
09-14-2016 12:50:00,100.0,2.26,2.26,2.26,2.26
09-14-2016 12:52:00,100.0,2.261,2.261,2.261,2.261
09-14-2016 12:53:00,100.0,2.261,2.261,2.261,2.261
09-14-2016 12:55:00,100.0,2.2601,2.2601,2.2601,2.2601
09-14-2016 12:56:00,100.0,2.26,2.26,2.26,2.26
09-14-2016 12:58:00,300.0,2.2601,2.2601,2.26,2.26
09-14-2016 12:59:00,200.0,2.26,2.26,2.26,2.26
09-14-2016 13:00:00,4623.0,2.26,2.26,2.26,2.26
09-14-2016 13:05:00,100.0,2.28,2.28,2.28,2.28
09-14-2016 13:22:00,100.0,2.28,2.28,2.28,2.28
09-14-2016 14:12:00,1500.0,2.2601,2.2601,2.2601,2.2601
09-14-2016 14:29:00,4758.0,2.2613,2.2613,2.25,2.2601
09-14-2016 15:00:00,200.0,2.25,2.25,2.25,2.25
09-15-2016 08:30:00,500.0,2.28,2.28,2.28,2.28
09-15-2016 08:32:00,87000.0,2.27,2.27,2.27,2.27
09-15-2016 08:51:00,2000.0,2.2988,2.2988,2.2988,2.2988
09-15-2016 08:52:00,1000.0,2.28,2.28,2.28,2.28
09-15-2016 08:54:00,100.0,2.27,2.27,2.27,2.27
09-15-2016 09:21:00,500.0,2.3,2.3,2.3,2.3
09-15-2016 09:23:00,586.0,2.3099,2.31,2.3099,2.31
09-15-2016 09:32:00,14500.0,2.36,2.39,2.36,2.36
09-15-2016 09:33:00,6000.0,2.3895,2.3895,2.3895,2.3895
09-15-2016 09:34:00,1500.0,2.3994,2.3994,2.3969,2.3969
09-15-2016 09:35:00,100.0,2.3921,2.3921,2.3921,2.3921
09-15-2016 09:37:00,200.0,2.3921,2.3921,2.3921,2.3921
09-15-2016 09:39:00,350.0,2.4,2.4,2.4,2.4
09-15-2016 09:48:00,1000.0,2.39,2.39,2.39,2.39
09-15-2016 10:05:00,1300.0,2.361,2.361,2.361,2.361
09-15-2016 10:06:00,100.0,2.39,2.39,2.39,2.39
09-15-2016 10:17:00,100.0,2.3899,2.3899,2.3899,2.3899
09-15-2016 10:25:00,2100.0,2.3775,2.39,2.3775,2.39
09-15-2016 10:37:00,490.0,2.39,2.39,2.39,2.39
09-15-2016 10:56:00,2900.0,2.39,2.4,2.39,2.39
09-15-2016 11:06:00,14589.0,2.393,2.4,2.3804,2.3815
09-15-2016 11:24:00,3000.0,2.39,2.3934,2.39,2.39
09-15-2016 11:39:00,1700.0,2.4,2.4,2.39,2.4
09-15-2016 11:48:00,4500.0,2.39,2.4,2.39,2.4
09-15-2016 11:52:00,2900.0,2.39,2.4,2.39,2.4
09-15-2016 11:57:00,400.0,2.42,2.42,2.405,2.405
09-15-2016 12:04:00,600.0,2.43,2.43,2.42,2.42
09-15-2016 12:05:00,100.0,2.42,2.42,2.42,2.42
09-15-2016 12:07:00,2100.0,2.42,2.42,2.39,2.39
09-15-2016 12:10:00,300.0,2.39,2.39,2.39,2.39
09-15-2016 12:22:00,100.0,2.4599,2.4599,2.4599,2.4599
09-15-2016 12:27:00,200.0,2.44,2.44,2.44,2.44
09-15-2016 12:44:00,100.0,2.42,2.42,2.42,2.42
09-15-2016 12:49:00,400.0,2.42,2.455,2.41,2.455
09-15-2016 12:59:00,400.0,2.42,2.42,2.41,2.41
09-15-2016 13:02:00,800.0,2.41,2.41,2.4,2.4
09-15-2016 13:03:00,100.0,2.4,2.4,2.4,2.4
09-15-2016 13:07:00,2000.0,2.4126,2.4126,2.4126,2.4126
09-15-2016 13:09:00,3300.0,2.425,2.46,2.4,2.4125
09-15-2016 13:21:00,100.0,2.4,2.4,2.4,2.4
09-15-2016 13:39:00,400.0,2.4253,2.4253,2.4253,2.4253
09-15-2016 13:41:00,100.0,2.42,2.42,2.42,2.42
09-15-2016 14:09:00,500.0,2.43,2.43,2.43,2.43
09-15-2016 14:11:00,800.0,2.46,2.46,2.455,2.455
09-15-2016 14:16:00,1421.0,2.43,2.43,2.43,2.43
09-15-2016 14:51:00,200.0,2.41,2.43,2.41,2.43
09-15-2016 14:56:00,1063.0,2.4146,2.4146,2.4146,2.4146
09-15-2016 14:57:00,100.0,2.41,2.41,2.41,2.41
09-15-2016 14:59:00,100.0,2.4,2.4,2.4,2.4
09-15-2016 15:00:00,200.0,2.43,2.43,2.42,2.42
09-16-2016 08:33:00,300.0,2.3701,2.3701,2.3701,2.3701
09-16-2016 08:49:00,3800.0,2.4899,2.49,2.44,2.4892
09-16-2016 08:52:00,500.0,2.4892,2.4892,2.4892,2.4892
09-16-2016 09:00:00,100.0,2.45,2.45,2.45,2.45
09-16-2016 09:02:00,200.0,2.45,2.45,2.45,2.45
09-16-2016 09:18:00,100.0,2.44,2.44,2.44,2.44
09-16-2016 09:52:00,400.0,2.43,2.43,2.43,2.43
09-16-2016 09:54:00,2000.0,2.4352,2.4352,2.4352,2.4352
09-16-2016 10:11:00,1950.0,2.43,2.43,2.42,2.4251
09-16-2016 10:16:00,100.0,2.42,2.42,2.42,2.42
09-16-2016 10:18:00,579.0,2.43,2.43,2.43,2.43
09-16-2016 10:21:00,500.0,2.449,2.449,2.449,2.449
09-16-2016 10:30:00,300.0,2.43,2.43,2.43,2.43
09-16-2016 10:41:00,100.0,2.44,2.44,2.44,2.44
09-16-2016 11:06:00,100.0,2.44,2.44,2.44,2.44
09-16-2016 11:27:00,100.0,2.44,2.44,2.44,2.44
09-16-2016 11:28:00,925.0,2.43,2.43,2.43,2.43
09-16-2016 11:34:00,100.0,2.45,2.45,2.45,2.45
09-16-2016 11:38:00,100.0,2.44,2.44,2.44,2.44
09-16-2016 11:46:00,100.0,2.44,2.44,2.44,2.44
09-16-2016 12:36:00,1900.0,2.42,2.42,2.4,2.4045
09-16-2016 12:43:00,570.0,2.4001,2.4001,2.4,2.4
09-16-2016 12:44:00,447.0,2.4,2.4,2.4,2.4
09-16-2016 12:47:00,200.0,2.44,2.44,2.43,2.43
09-16-2016 12:56:00,950.0,2.43,2.43,2.43,2.43
09-16-2016 14:03:00,100.0,2.44,2.44,2.44,2.44
09-16-2016 14:18:00,100.0,2.43,2.43,2.43,2.43
09-16-2016 14:44:00,200.0,2.41,2.42,2.41,2.42
09-16-2016 14:45:00,200.0,2.43,2.43,2.43,2.43
09-16-2016 14:50:00,2000.0,2.44,2.44,2.44,2.44
09-16-2016 14:52:00,100.0,2.44,2.44,2.44,2.44
09-16-2016 14:53:00,100.0,2.44,2.44,2.44,2.44
09-16-2016 14:54:00,100.0,2.44,2.44,2.44,2.44
09-16-2016 14:55:00,100.0,2.44,2.44,2.44,2.44
09-16-2016 15:00:00,6751.0,2.44,2.44,2.44,2.44
09-16-2016 15:01:00,200.0,2.44,2.44,2.44,2.44
09-19-2016 08:30:00,483.0,2.45,2.45,2.45,2.45
09-19-2016 08:31:00,5300.0,2.47,2.52,2.47,2.52
09-19-2016 08:46:00,498.0,2.47,2.47,2.47,2.47
09-19-2016 08:53:00,2000.0,2.47,2.47,2.47,2.47
09-19-2016 09:00:00,1688.0,2.47,2.47,2.47,2.47
09-19-2016 09:47:00,100.0,2.4801,2.4801,2.4801,2.4801
09-19-2016 09:49:00,1000.0,2.4929,2.4929,2.4929,2.4929
09-19-2016 10:07:00,4086.0,2.49,2.5,2.49,2.495
09-19-2016 10:20:00,120.0,2.493,2.493,2.493,2.493
09-19-2016 10:31:00,100.0,2.495,2.495,2.495,2.495
09-19-2016 10:34:00,1860.0,2.491,2.4995,2.48,2.4995
09-19-2016 10:47:00,100.0,2.48,2.48,2.48,2.48
09-19-2016 10:49:00,100.0,2.4801,2.4801,2.4801,2.4801
09-19-2016 10:50:00,300.0,2.4815,2.4815,2.4815,2.4815
09-19-2016 10:52:00,2200.0,2.48,2.48,2.47,2.47
09-19-2016 10:53:00,290.0,2.47,2.47,2.47,2.47
09-19-2016 10:55:00,750.0,2.4599,2.4599,2.4599,2.4599
09-19-2016 11:18:00,1000.0,2.4588,2.4588,2.4588,2.4588
09-19-2016 11:26:00,100.0,2.43,2.43,2.43,2.43
09-19-2016 12:12:00,100.0,2.46,2.46,2.46,2.46
09-19-2016 12:34:00,200.0,2.45,2.45,2.45,2.45
09-19-2016 12:35:00,100.0,2.45,2.45,2.45,2.45
09-19-2016 12:38:00,100.0,2.45,2.45,2.45,2.45
09-19-2016 12:40:00,100.0,2.45,2.45,2.45,2.45
09-19-2016 13:18:00,100.0,2.46,2.46,2.46,2.46
09-19-2016 14:05:00,300.0,2.4557,2.4557,2.4557,2.4557
09-19-2016 14:30:00,200.0,2.46,2.46,2.46,2.46
09-19-2016 14:40:00,100.0,2.46,2.46,2.46,2.46
09-19-2016 14:55:00,100.0,2.46,2.46,2.46,2.46
09-20-2016 06:48:00,2500.0,2.5,2.5,2.5,2.5
09-20-2016 07:57:00,5000.0,2.49,2.49,2.49,2.49
09-20-2016 08:51:00,250.0,2.4999,2.4999,2.4999,2.4999
09-20-2016 09:24:00,100.0,2.46,2.46,2.46,2.46
09-20-2016 09:28:00,500.0,2.46,2.46,2.46,2.46
09-20-2016 09:47:00,100.0,2.46,2.46,2.46,2.46
09-20-2016 09:55:00,5050.0,2.46,2.47,2.46,2.46
09-20-2016 11:07:00,308.0,2.4529,2.4529,2.4529,2.4529
09-20-2016 12:43:00,256.0,2.4599,2.4599,2.4599,2.4599
09-20-2016 13:06:00,100.0,2.46,2.46,2.46,2.46
09-20-2016 13:31:00,100.0,2.46,2.46,2.46,2.46
09-20-2016 13:50:00,100.0,2.46,2.46,2.46,2.46
09-20-2016 14:23:00,100.0,2.46,2.46,2.46,2.46
09-20-2016 14:41:00,1100.0,2.44,2.44,2.44,2.44
09-20-2016 14:45:00,500.0,2.46,2.46,2.46,2.46
09-20-2016 14:52:00,4399.0,2.45,2.4501,2.44,2.44
09-20-2016 14:54:00,2500.0,2.4499,2.4499,2.4499,2.4499
09-20-2016 14:57:00,2000.0,2.4445,2.4445,2.4445,2.4445
09-21-2016 08:30:00,1265.0,2.47,2.47,2.47,2.47
09-21-2016 08:58:00,100.0,2.5,2.5,2.5,2.5
09-21-2016 09:15:00,100.0,2.5,2.5,2.5,2.5
09-21-2016 09:19:00,2400.0,2.47,2.5,2.47,2.47
09-21-2016 09:24:00,600.0,2.5,2.5,2.47,2.47
09-21-2016 09:27:00,100.0,2.51,2.51,2.51,2.51
09-21-2016 09:50:00,100.0,2.51,2.51,2.51,2.51
09-21-2016 09:57:00,100.0,2.5,2.5,2.5,2.5
09-21-2016 10:00:00,200.0,2.46,2.46,2.46,2.46
09-21-2016 10:01:00,200.0,2.46,2.46,2.46,2.46
09-21-2016 10:02:00,100.0,2.46,2.46,2.46,2.46
09-21-2016 10:03:00,100.0,2.46,2.46,2.46,2.46
09-21-2016 10:04:00,100.0,2.46,2.46,2.46,2.46
09-21-2016 10:05:00,100.0,2.46,2.46,2.46,2.46
09-21-2016 10:06:00,100.0,2.4601,2.4601,2.4601,2.4601
09-21-2016 10:08:00,100.0,2.46,2.46,2.46,2.46
09-21-2016 10:09:00,100.0,2.4601,2.4601,2.4601,2.4601
09-21-2016 10:10:00,100.0,2.4624,2.4624,2.4624,2.4624
09-21-2016 10:12:00,100.0,2.4601,2.4601,2.4601,2.4601
09-21-2016 10:13:00,200.0,2.47,2.47,2.47,2.47
09-21-2016 10:14:00,100.0,2.4601,2.4601,2.4601,2.4601
09-21-2016 10:16:00,100.0,2.4601,2.4601,2.4601,2.4601
09-21-2016 10:17:00,100.0,2.46,2.46,2.46,2.46
09-21-2016 10:18:00,100.0,2.46,2.46,2.46,2.46
09-21-2016 10:19:00,200.0,2.47,2.47,2.47,2.47
09-21-2016 10:21:00,100.0,2.4601,2.4601,2.4601,2.4601
09-21-2016 10:22:00,200.0,2.49,2.49,2.4601,2.4601
09-21-2016 10:23:00,100.0,2.4601,2.4601,2.4601,2.4601
09-21-2016 10:25:00,100.0,2.4601,2.4601,2.4601,2.4601
09-21-2016 10:26:00,100.0,2.46,2.46,2.46,2.46
09-21-2016 10:27:00,100.0,2.4601,2.4601,2.4601,2.4601
09-21-2016 10:28:00,243.0,2.4788,2.4788,2.4788,2.4788
09-21-2016 10:29:00,703.0,2.46,2.46,2.43,2.43
09-21-2016 10:40:00,700.0,2.4576,2.4576,2.43,2.43
09-21-2016 10:41:00,200.0,2.43,2.43,2.43,2.43
09-21-2016 10:43:00,100.0,2.43,2.43,2.43,2.43
09-21-2016 10:52:00,2200.0,2.42,2.42,2.41,2.41
09-21-2016 11:10:00,2600.0,2.4287,2.4287,2.4,2.4
09-21-2016 11:11:00,100.0,2.45,2.45,2.45,2.45
09-21-2016 11:36:00,8700.0,2.41,2.44,2.41,2.4212
09-21-2016 11:39:00,200.0,2.41,2.41,2.41,2.41
09-21-2016 11:49:00,100.0,2.4028,2.4028,2.4028,2.4028
09-21-2016 11:52:00,100.0,2.4028,2.4028,2.4028,2.4028
09-21-2016 11:54:00,1800.0,2.4,2.4028,2.4,2.4
09-21-2016 11:56:00,100.0,2.4,2.4,2.4,2.4
09-21-2016 11:57:00,100.0,2.4,2.4,2.4,2.4
09-21-2016 12:00:00,200.0,2.39,2.4,2.39,2.4
09-21-2016 12:02:00,100.0,2.38,2.38,2.38,2.38
09-21-2016 12:03:00,2500.0,2.3882,2.3882,2.3882,2.3882
09-21-2016 12:04:00,100.0,2.376,2.376,2.376,2.376
09-21-2016 12:06:00,100.0,2.376,2.376,2.376,2.376
09-21-2016 12:07:00,100.0,2.4,2.4,2.4,2.4
09-21-2016 12:08:00,100.0,2.393,2.393,2.393,2.393
09-21-2016 12:09:00,1100.0,2.39,2.39,2.39,2.39
09-21-2016 12:10:00,100.0,2.393,2.393,2.393,2.393
09-21-2016 12:14:00,1230.0,2.393,2.4,2.392,2.4
09-21-2016 12:16:00,100.0,2.393,2.393,2.393,2.393
09-21-2016 12:20:00,100.0,2.393,2.393,2.393,2.393
09-21-2016 12:22:00,100.0,2.39,2.39,2.39,2.39
09-21-2016 12:24:00,100.0,2.39,2.39,2.39,2.39
09-21-2016 12:29:00,200.0,2.4,2.41,2.4,2.41
09-21-2016 12:30:00,200.0,2.39,2.39,2.38,2.38
09-21-2016 12:31:00,1000.0,2.37,2.37,2.37,2.37
09-21-2016 12:32:00,100.0,2.36,2.36,2.36,2.36
09-21-2016 12:39:00,100.0,2.3675,2.3675,2.3675,2.3675
09-21-2016 12:41:00,100.0,2.3675,2.3675,2.3675,2.3675
09-21-2016 12:43:00,500.0,2.3675,2.3675,2.3615,2.3615
09-21-2016 12:45:00,200.0,2.3675,2.3675,2.3675,2.3675
09-21-2016 12:49:00,100.0,2.3675,2.3675,2.3675,2.3675
09-21-2016 12:51:00,100.0,2.3675,2.3675,2.3675,2.3675
09-21-2016 12:53:00,100.0,2.3635,2.3635,2.3635,2.3635
09-21-2016 12:57:00,100.0,2.37,2.37,2.37,2.37
09-21-2016 12:59:00,100.0,2.36,2.36,2.36,2.36
09-21-2016 13:01:00,100.0,2.36,2.36,2.36,2.36
09-21-2016 13:03:00,400.0,2.36,2.3635,2.36,2.3635
09-21-2016 13:07:00,100.0,2.36,2.36,2.36,2.36
09-21-2016 13:09:00,100.0,2.37,2.37,2.37,2.37
09-21-2016 13:11:00,100.0,2.3675,2.3675,2.3675,2.3675
09-21-2016 13:13:00,100.0,2.3675,2.3675,2.3675,2.3675
09-21-2016 13:15:00,700.0,2.3675,2.3675,2.36,2.36
09-21-2016 13:19:00,100.0,2.37,2.37,2.37,2.37
09-21-2016 13:21:00,100.0,2.37,2.37,2.37,2.37
09-21-2016 13:23:00,100.0,2.37,2.37,2.37,2.37
09-21-2016 13:25:00,100.0,2.37,2.37,2.37,2.37
09-21-2016 13:26:00,3000.0,2.3978,2.3978,2.3978,2.3978
09-21-2016 13:28:00,100.0,2.37,2.37,2.37,2.37
09-21-2016 13:30:00,100.0,2.37,2.37,2.37,2.37
09-21-2016 13:32:00,100.0,2.37,2.37,2.37,2.37
09-21-2016 13:34:00,200.0,2.37,2.37,2.37,2.37
09-21-2016 13:38:00,100.0,2.37,2.37,2.37,2.37
09-21-2016 13:40:00,100.0,2.37,2.37,2.37,2.37
09-21-2016 13:42:00,100.0,2.37,2.37,2.37,2.37
09-21-2016 13:44:00,100.0,2.37,2.37,2.37,2.37
09-21-2016 13:45:00,100.0,2.4,2.4,2.4,2.4
09-21-2016 13:46:00,2100.0,2.38,2.4,2.38,2.4
09-21-2016 13:48:00,100.0,2.37,2.37,2.37,2.37
09-21-2016 13:50:00,100.0,2.37,2.37,2.37,2.37
09-21-2016 13:52:00,200.0,2.37,2.37,2.37,2.37
09-21-2016 13:54:00,8100.0,2.4,2.4,2.4,2.4
09-21-2016 13:55:00,1500.0,2.4,2.4,2.38,2.38
09-21-2016 13:56:00,100.0,2.37,2.37,2.37,2.37
09-21-2016 13:58:00,100.0,2.37,2.37,2.37,2.37
09-21-2016 14:00:00,100.0,2.3675,2.3675,2.3675,2.3675
09-21-2016 14:06:00,100.0,2.366,2.366,2.366,2.366
09-21-2016 14:08:00,200.0,2.37,2.37,2.37,2.37
09-21-2016 14:12:00,100.0,2.366,2.366,2.366,2.366
09-21-2016 14:14:00,100.0,2.366,2.366,2.366,2.366
09-21-2016 14:16:00,100.0,2.366,2.366,2.366,2.366
09-21-2016 14:19:00,100.0,2.3628,2.3628,2.3628,2.3628
09-21-2016 14:21:00,100.0,2.37,2.37,2.37,2.37
09-21-2016 14:23:00,100.0,2.37,2.37,2.37,2.37
09-21-2016 14:25:00,100.0,2.37,2.37,2.37,2.37
09-21-2016 14:27:00,100.0,2.39,2.39,2.39,2.39
09-21-2016 14:29:00,300.0,2.39,2.39,2.39,2.39
09-21-2016 14:35:00,100.0,2.366,2.366,2.366,2.366
09-21-2016 14:37:00,100.0,2.37,2.37,2.37,2.37
09-21-2016 14:38:00,100.0,2.37,2.37,2.37,2.37
09-21-2016 14:40:00,100.0,2.366,2.366,2.366,2.366
09-21-2016 14:43:00,100.0,2.36,2.36,2.36,2.36
09-21-2016 14:44:00,100.0,2.366,2.366,2.366,2.366
09-21-2016 14:46:00,100.0,2.366,2.366,2.366,2.366
09-21-2016 14:47:00,100.0,2.366,2.366,2.366,2.366
09-21-2016 14:49:00,100.0,2.3628,2.3628,2.3628,2.3628
09-21-2016 14:50:00,100.0,2.3628,2.3628,2.3628,2.3628
09-21-2016 14:51:00,100.0,2.37,2.37,2.37,2.37
09-21-2016 14:53:00,200.0,2.37,2.4,2.37,2.4
09-21-2016 14:54:00,745.0,2.37,2.383,2.36,2.36
09-21-2016 14:57:00,100.0,2.3645,2.3645,2.3645,2.3645
09-21-2016 14:59:00,100.0,2.37,2.37,2.37,2.37
09-21-2016 15:00:00,416.0,2.3645,2.3645,2.36,2.36
09-22-2016 08:30:00,515.0,2.36,2.36,2.36,2.36
09-22-2016 08:37:00,25800.0,2.36,2.36,2.32,2.35
09-22-2016 08:53:00,100.0,2.35,2.35,2.35,2.35
09-22-2016 08:55:00,200.0,2.35,2.35,2.35,2.35
09-22-2016 09:03:00,100.0,2.35,2.35,2.35,2.35
09-22-2016 09:15:00,5400.0,2.35,2.35,2.349,2.349
09-22-2016 09:18:00,100.0,2.35,2.35,2.35,2.35
09-22-2016 09:28:00,2000.0,2.35,2.35,2.3499,2.3499
09-22-2016 09:31:00,100.0,2.35,2.35,2.35,2.35
09-22-2016 09:40:00,200.0,2.35,2.35,2.35,2.35
09-22-2016 09:51:00,100.0,2.35,2.35,2.35,2.35
09-22-2016 10:19:00,300.0,2.35,2.35,2.35,2.35
09-22-2016 10:23:00,100.0,2.35,2.35,2.35,2.35
09-22-2016 10:36:00,300.0,2.35,2.35,2.35,2.35
09-22-2016 10:47:00,1000.0,2.34,2.34,2.34,2.34
09-22-2016 10:50:00,550.0,2.3399,2.3399,2.3399,2.3399
09-22-2016 10:56:00,400.0,2.32,2.32,2.32,2.32
09-22-2016 12:02:00,100.0,2.35,2.35,2.35,2.35
09-22-2016 12:06:00,100.0,2.35,2.35,2.35,2.35
09-22-2016 12:11:00,3700.0,2.3498,2.35,2.3498,2.3499
09-22-2016 12:17:00,100.0,2.38,2.38,2.38,2.38
09-22-2016 12:28:00,300.0,2.4,2.4,2.4,2.4
09-22-2016 12:29:00,100.0,2.4,2.4,2.4,2.4
09-22-2016 12:33:00,800.0,2.39,2.39,2.39,2.39
09-22-2016 12:37:00,200.0,2.4,2.4,2.4,2.4
09-22-2016 13:05:00,2300.0,2.399,2.4,2.399,2.3997
09-22-2016 13:24:00,100.0,2.4,2.4,2.4,2.4
09-22-2016 13:43:00,1200.0,2.38,2.38,2.38,2.38
09-22-2016 13:49:00,100.0,2.4,2.4,2.4,2.4
09-22-2016 13:51:00,100.0,2.4,2.4,2.4,2.4
09-22-2016 13:53:00,400.0,2.39,2.39,2.39,2.39
09-22-2016 13:56:00,100.0,2.4,2.4,2.4,2.4
09-22-2016 13:58:00,100.0,2.4,2.4,2.4,2.4
09-22-2016 14:12:00,1339.0,2.37,2.37,2.37,2.37
09-22-2016 14:13:00,300.0,2.37,2.37,2.37,2.37
09-22-2016 14:29:00,1000.0,2.38,2.38,2.38,2.38
09-22-2016 14:30:00,100.0,2.38,2.38,2.38,2.38
09-22-2016 14:46:00,100.0,2.38,2.38,2.38,2.38
09-22-2016 14:51:00,100.0,2.37,2.37,2.37,2.37
09-22-2016 14:54:00,2000.0,2.3701,2.3701,2.3701,2.3701
09-22-2016 15:00:00,1517.0,2.37,2.37,2.37,2.37
09-23-2016 08:37:00,570.0,2.37,2.37,2.37,2.37
09-23-2016 08:39:00,352.0,2.38,2.38,2.3673,2.3673
09-23-2016 08:40:00,425.0,2.362,2.362,2.362,2.362
09-23-2016 08:56:00,5100.0,2.3484,2.3484,2.33,2.3375
09-23-2016 09:07:00,950.0,2.38,2.38,2.38,2.38
09-23-2016 09:20:00,525.0,2.35,2.375,2.35,2.375
09-23-2016 09:33:00,400.0,2.37,2.37,2.34,2.34
09-23-2016 09:57:00,100.0,2.34,2.34,2.34,2.34
09-23-2016 10:05:00,100.0,2.38,2.38,2.38,2.38
09-23-2016 10:14:00,3700.0,2.399,2.4,2.3733,2.4
09-23-2016 10:15:00,100.0,2.4,2.4,2.4,2.4
09-23-2016 10:34:00,750.0,2.4,2.4,2.4,2.4
09-23-2016 10:42:00,300.0,2.4,2.4,2.39,2.39
09-23-2016 11:07:00,700.0,2.36,2.36,2.36,2.36
09-23-2016 11:10:00,100.0,2.39,2.39,2.39,2.39
09-23-2016 11:21:00,100.0,2.389,2.389,2.389,2.389
09-23-2016 11:31:00,100.0,2.369,2.369,2.369,2.369
09-23-2016 11:38:00,500.0,2.37,2.37,2.37,2.37
09-23-2016 12:15:00,1300.0,2.37,2.37,2.37,2.37
09-23-2016 12:21:00,100.0,2.39,2.39,2.39,2.39
09-23-2016 12:22:00,100.0,2.37,2.37,2.37,2.37
09-23-2016 12:25:00,100.0,2.39,2.39,2.39,2.39
09-23-2016 12:29:00,200.0,2.38,2.39,2.38,2.39
09-23-2016 12:30:00,100.0,2.37,2.37,2.37,2.37
09-23-2016 13:18:00,100.0,2.37,2.37,2.37,2.37
09-23-2016 13:28:00,100.0,2.38,2.38,2.38,2.38
09-23-2016 13:40:00,2500.0,2.36,2.36,2.35,2.35
09-23-2016 13:51:00,100.0,2.34,2.34,2.34,2.34
09-23-2016 14:24:00,2000.0,2.3855,2.3855,2.3855,2.3855
09-23-2016 14:26:00,100.0,2.36,2.36,2.36,2.36
09-23-2016 14:33:00,700.0,2.38,2.38,2.38,2.38
09-23-2016 14:51:00,2300.0,2.36,2.3755,2.36,2.3755
09-23-2016 14:59:00,2200.0,2.3838,2.3838,2.3838,2.3838
09-23-2016 15:00:00,966.0,2.39,2.39,2.39,2.39
09-26-2016 08:53:00,6900.0,2.36,2.3751,2.36,2.366
09-26-2016 08:56:00,200.0,2.385,2.39,2.385,2.39
09-26-2016 08:58:00,100.0,2.37,2.37,2.37,2.37
09-26-2016 09:00:00,100.0,2.3851,2.3851,2.3851,2.3851
09-26-2016 09:09:00,400.0,2.37,2.37,2.37,2.37
09-26-2016 09:10:00,494.0,2.36,2.36,2.36,2.36
09-26-2016 09:13:00,200.0,2.34,2.34,2.34,2.34
09-26-2016 09:14:00,100.0,2.33,2.33,2.33,2.33
09-26-2016 09:17:00,1400.0,2.32,2.32,2.32,2.32
09-26-2016 09:19:00,500.0,2.35,2.35,2.35,2.35
09-26-2016 09:21:00,100.0,2.331,2.331,2.331,2.331
09-26-2016 09:22:00,300.0,2.35,2.35,2.34,2.34
09-26-2016 09:23:00,100.0,2.34,2.34,2.34,2.34
09-26-2016 09:26:00,100.0,2.38,2.38,2.38,2.38
09-26-2016 09:28:00,400.0,2.38,2.38,2.34,2.34
09-26-2016 09:32:00,100.0,2.34,2.34,2.34,2.34
09-26-2016 09:34:00,2950.0,2.34,2.34,2.31,2.31
09-26-2016 09:35:00,100.0,2.3,2.3,2.3,2.3
09-26-2016 09:47:00,100.0,2.33,2.33,2.33,2.33
09-26-2016 09:50:00,200.0,2.33,2.33,2.33,2.33
09-26-2016 09:51:00,100.0,2.33,2.33,2.33,2.33
09-26-2016 09:54:00,100.0,2.32,2.32,2.32,2.32
09-26-2016 10:01:00,100.0,2.32,2.32,2.32,2.32
09-26-2016 10:02:00,100.0,2.32,2.32,2.32,2.32
09-26-2016 10:04:00,100.0,2.3275,2.3275,2.3275,2.3275
09-26-2016 10:05:00,100.0,2.3,2.3,2.3,2.3
09-26-2016 10:13:00,13700.0,2.31,2.3132,2.3,2.3
09-26-2016 10:39:00,100.0,2.35,2.35,2.35,2.35
09-26-2016 10:41:00,100.0,2.36,2.36,2.36,2.36
09-26-2016 10:52:00,4900.0,2.36,2.38,2.36,2.37
09-26-2016 11:30:00,2100.0,2.36,2.37,2.36,2.37
09-26-2016 12:10:00,2000.0,2.36,2.36,2.36,2.36
09-26-2016 12:15:00,2100.0,2.35,2.35,2.35,2.35
09-26-2016 12:23:00,1949.0,2.365,2.39,2.365,2.388
09-26-2016 12:39:00,100000.0,2.36,2.36,2.36,2.36
09-26-2016 12:46:00,400.0,2.36,2.36,2.36,2.36
09-26-2016 12:48:00,100.0,2.38,2.38,2.38,2.38
09-26-2016 13:01:00,100.0,2.38,2.38,2.38,2.38
09-26-2016 13:49:00,1000.0,2.3535,2.3535,2.3535,2.3535
09-26-2016 13:58:00,1000.0,2.35,2.35,2.35,2.35
09-26-2016 14:25:00,100.0,2.36,2.36,2.36,2.36
09-26-2016 14:31:00,100.0,2.34,2.34,2.34,2.34
09-26-2016 14:38:00,500.0,2.36,2.36,2.36,2.36
09-26-2016 14:42:00,200.0,2.36,2.37,2.36,2.37
09-26-2016 14:44:00,100.0,2.36,2.36,2.36,2.36
09-26-2016 14:46:00,200.0,2.3781,2.3781,2.3781,2.3781
09-27-2016 08:30:00,700.0,2.35,2.35,2.35,2.35
09-27-2016 08:35:00,8600.0,2.365,2.365,2.365,2.365
09-27-2016 08:38:00,200.0,2.3799,2.3799,2.3799,2.3799
09-27-2016 08:45:00,100.0,2.37,2.37,2.37,2.37
09-27-2016 08:58:00,100.0,2.38,2.38,2.38,2.38
09-27-2016 09:15:00,200.0,2.37,2.38,2.37,2.38
09-27-2016 09:16:00,200.0,2.36,2.36,2.36,2.36
09-27-2016 09:31:00,200.0,2.36,2.36,2.36,2.36
09-27-2016 09:47:00,300.0,2.36,2.36,2.36,2.36
09-27-2016 10:02:00,100.0,2.36,2.36,2.36,2.36
09-27-2016 10:17:00,300.0,2.36,2.36,2.36,2.36
09-27-2016 10:18:00,1000.0,2.37,2.38,2.3695,2.3695
09-27-2016 10:30:00,100.0,2.36,2.36,2.36,2.36
09-27-2016 10:33:00,200.0,2.36,2.36,2.36,2.36
09-27-2016 10:35:00,100.0,2.37,2.37,2.37,2.37
09-27-2016 10:48:00,100.0,2.36,2.36,2.36,2.36
09-27-2016 11:03:00,100.0,2.36,2.36,2.36,2.36
09-27-2016 11:14:00,100.0,2.37,2.37,2.37,2.37
09-27-2016 11:18:00,200.0,2.3601,2.3601,2.3601,2.3601
09-27-2016 11:29:00,1400.0,2.37,2.37,2.36,2.36
09-27-2016 11:36:00,100.0,2.37,2.37,2.37,2.37
09-27-2016 11:39:00,100.0,2.36,2.36,2.36,2.36
09-27-2016 11:49:00,100.0,2.36,2.36,2.36,2.36
09-27-2016 12:04:00,300.0,2.37,2.37,2.36,2.36
09-27-2016 12:21:00,200.0,2.36,2.37,2.36,2.37
09-27-2016 12:28:00,3330.0,2.38,2.38,2.38,2.38
09-27-2016 12:31:00,1500.0,2.38,2.38,2.38,2.38
09-27-2016 12:32:00,150.0,2.38,2.38,2.38,2.38
09-27-2016 12:46:00,100.0,2.38,2.38,2.38,2.38
09-27-2016 13:20:00,100.0,2.38,2.38,2.38,2.38
09-27-2016 13:59:00,300.0,2.36,2.36,2.36,2.36
09-27-2016 14:00:00,500.0,2.35,2.35,2.35,2.35
09-27-2016 14:41:00,100.0,2.38,2.38,2.38,2.38
09-27-2016 14:47:00,100.0,2.39,2.39,2.39,2.39
09-27-2016 14:55:00,162.0,2.39,2.39,2.39,2.39
09-27-2016 14:58:00,100.0,2.39,2.39,2.39,2.39
09-27-2016 14:59:00,200.0,2.35,2.35,2.35,2.35
09-27-2016 15:00:00,2397.0,2.38,2.39,2.38,2.39
