09-07-2016 08:30:00,2346.0,6.88,6.88,6.88,6.88
09-07-2016 08:32:00,300.0,7.051,7.051,7.051,7.051
09-07-2016 08:33:00,2000.0,7.08,7.08,7.08,7.08
09-07-2016 08:34:00,900.0,7.05,7.07,6.88,6.88
09-07-2016 08:37:00,500.0,6.9336,6.9336,6.9336,6.9336
09-07-2016 08:38:00,3100.0,6.91,7.08,6.905,7.08
09-07-2016 08:39:00,100.0,7.08,7.08,7.08,7.08
09-07-2016 08:47:00,2777.0,7.0808,7.21,7.0808,7.21
09-07-2016 08:48:00,1400.0,7.23,7.35,7.23,7.35
09-07-2016 08:49:00,100.0,7.325,7.325,7.325,7.325
09-07-2016 08:50:00,1900.0,7.36,7.37,7.14,7.14
09-07-2016 08:51:00,1000.0,7.215,7.28,7.215,7.2548
09-07-2016 08:54:00,100.0,7.2332,7.2332,7.2332,7.2332
09-07-2016 08:56:00,200.0,7.22,7.22,7.17,7.17
09-07-2016 09:00:00,500.0,7.21,7.25,7.18,7.18
09-07-2016 09:01:00,100.0,7.26,7.26,7.26,7.26
09-07-2016 09:03:00,959.0,7.274,7.32,7.2166,7.275
09-07-2016 09:07:00,100.0,7.34,7.34,7.34,7.34
09-07-2016 09:08:00,194.0,7.285,7.285,7.285,7.285
09-07-2016 09:09:00,1300.0,7.3,7.35,7.3,7.35
09-07-2016 09:10:00,100.0,7.37,7.37,7.37,7.37
09-07-2016 09:14:00,1828.0,7.38,7.3801,7.26,7.26
09-07-2016 09:17:00,1322.0,7.37,7.38,7.335,7.335
09-07-2016 09:18:00,100.0,7.38,7.38,7.38,7.38
09-07-2016 09:19:00,396.0,7.38,7.38,7.3276,7.3276
09-07-2016 09:21:00,3038.0,7.38,7.4887,7.3569,7.4887
09-07-2016 09:22:00,7298.0,7.53,7.62,7.4487,7.58
09-07-2016 09:23:00,2000.0,7.6699,7.6699,7.6699,7.6699
09-07-2016 09:24:00,600.0,7.655,7.7527,7.655,7.7527
09-07-2016 09:25:00,500.0,7.72,7.72,7.7,7.7
09-07-2016 09:26:00,1100.0,7.72,7.73,7.635,7.635
09-07-2016 09:31:00,500.0,7.501,7.501,7.501,7.501
09-07-2016 09:35:00,600.0,7.7075,7.7075,7.7,7.7
09-07-2016 09:37:00,300.0,7.695,7.695,7.695,7.695
09-07-2016 09:39:00,1300.0,7.66,7.66,7.55,7.55
09-07-2016 09:40:00,360.0,7.56,7.56,7.55,7.55
09-07-2016 09:41:00,300.0,7.54,7.5499,7.54,7.5499
09-07-2016 09:42:00,990.0,7.51,7.51,7.4,7.4
09-07-2016 09:43:00,330.0,7.5381,7.5381,7.5381,7.5381
09-07-2016 09:46:00,500.0,7.5233,7.5233,7.5233,7.5233
09-07-2016 09:49:00,3200.0,7.528,7.528,7.44,7.44
09-07-2016 09:59:00,100.0,7.59,7.59,7.59,7.59
09-07-2016 10:02:00,100.0,7.525,7.525,7.525,7.525
09-07-2016 10:05:00,2890.0,7.53,7.68,7.506,7.585
09-07-2016 10:06:00,717.0,7.61,7.62,7.572,7.61
09-07-2016 10:07:00,129.0,7.57,7.57,7.57,7.57
09-07-2016 10:10:00,200.0,7.595,7.595,7.595,7.595
09-07-2016 10:11:00,4998.0,7.67,7.72,7.595,7.595
09-07-2016 10:14:00,1100.0,7.665,7.79,7.665,7.79
09-07-2016 10:15:00,600.0,7.67,7.67,7.57,7.57
09-07-2016 10:21:00,200.0,7.645,7.645,7.645,7.645
09-07-2016 10:22:00,2169.0,7.65,7.75,7.65,7.65
09-07-2016 10:23:00,100.0,7.75,7.75,7.75,7.75
09-07-2016 10:25:00,1021.0,7.65,7.75,7.65,7.735
09-07-2016 10:26:00,100.0,7.73,7.73,7.73,7.73
09-07-2016 10:27:00,1200.0,7.7,7.75,7.7,7.75
09-07-2016 10:29:00,400.0,7.73,7.73,7.73,7.73
09-07-2016 10:30:00,650.0,7.76,7.76,7.7001,7.7042
09-07-2016 10:31:00,100.0,7.76,7.76,7.76,7.76
09-07-2016 10:32:00,589.0,7.7196,7.76,7.7196,7.76
09-07-2016 10:33:00,100.0,7.76,7.76,7.76,7.76
09-07-2016 10:35:00,250.0,7.785,7.8,7.785,7.8
09-07-2016 10:36:00,6600.0,7.8,7.85,7.782,7.84
09-07-2016 10:37:00,900.0,7.82,7.88,7.82,7.8289
09-07-2016 10:38:00,10176.0,7.88,7.99,7.8388,7.88
09-07-2016 10:39:00,300.0,7.895,7.895,7.885,7.885
09-07-2016 10:40:00,2750.0,7.88,7.88,7.8275,7.8275
09-07-2016 10:41:00,7400.0,7.8615,7.95,7.84,7.91
09-07-2016 10:42:00,6300.0,7.9,8.025,7.9,8.025
09-07-2016 10:43:00,6649.0,8.0,8.08,7.95,8.0
09-07-2016 10:44:00,10049.0,7.99,8.038,7.83,7.83
09-07-2016 10:45:00,3000.0,8.0096,8.0096,7.95,8.0
09-07-2016 10:46:00,1200.0,7.99,7.99,7.99,7.99
09-07-2016 10:47:00,8950.0,7.9926,8.01,7.84,8.01
09-07-2016 10:48:00,3090.0,7.98,8.0,7.79,7.79
09-07-2016 10:49:00,6914.0,7.76,7.89,7.6037,7.6037
09-07-2016 10:50:00,5400.0,7.64,7.9,7.57,7.57
09-07-2016 10:51:00,2200.0,7.68,7.7,7.68,7.7
09-07-2016 10:52:00,5399.0,7.65,7.93,7.5834,7.5834
09-07-2016 10:53:00,4600.0,7.71,7.94,7.6582,7.73
09-07-2016 10:54:00,200.0,7.8307,7.8307,7.8307,7.8307
09-07-2016 10:57:00,1000.0,7.8861,7.91,7.8861,7.91
09-07-2016 10:58:00,700.0,7.88,7.88,7.83,7.88
09-07-2016 10:59:00,5015.0,7.8667,7.8667,7.78,7.834
09-07-2016 11:00:00,7100.0,7.9083,7.9083,7.82,7.87
09-07-2016 11:01:00,7065.0,7.92,7.95,7.84,7.8788
09-07-2016 11:02:00,4700.0,7.91,7.91,7.862,7.862
09-07-2016 11:03:00,650.0,7.7948,7.7948,7.739,7.739
09-07-2016 11:05:00,100.0,7.7302,7.7302,7.7302,7.7302
09-07-2016 11:10:00,100.0,7.67,7.67,7.67,7.67
09-07-2016 11:12:00,318.0,7.87,7.9,7.87,7.9
09-07-2016 11:13:00,350.0,7.715,7.8153,7.715,7.8153
09-07-2016 11:15:00,400.0,7.8,7.845,7.8,7.845
09-07-2016 11:17:00,3293.0,7.82,7.855,7.7863,7.8
09-07-2016 11:18:00,1720.0,7.77,7.775,7.7294,7.744
09-07-2016 11:21:00,100.0,7.75,7.75,7.75,7.75
09-07-2016 11:24:00,100.0,7.72,7.72,7.72,7.72
09-07-2016 11:25:00,100.0,7.78,7.78,7.78,7.78
09-07-2016 11:28:00,300.0,7.73,7.805,7.73,7.805
09-07-2016 11:29:00,650.0,7.785,7.785,7.785,7.785
09-07-2016 11:30:00,100.0,7.77,7.77,7.77,7.77
09-07-2016 11:31:00,1250.0,7.76,7.83,7.76,7.8299
09-07-2016 11:34:00,200.0,7.74,7.8,7.74,7.8
09-07-2016 11:35:00,200.0,7.73,7.73,7.72,7.72
09-07-2016 11:36:00,250.0,7.8,7.8,7.8,7.8
09-07-2016 11:38:00,1000.0,7.8,7.8,7.8,7.8
09-07-2016 11:39:00,100.0,7.8,7.8,7.8,7.8
09-07-2016 11:41:00,200.0,7.72,7.72,7.71,7.71
09-07-2016 11:42:00,100.0,7.775,7.775,7.775,7.775
09-07-2016 11:43:00,1000.0,7.7938,7.7938,7.7938,7.7938
09-07-2016 11:44:00,200.0,7.775,7.775,7.73,7.73
09-07-2016 11:45:00,200.0,7.8232,7.8232,7.73,7.73
09-07-2016 11:46:00,300.0,7.8099,7.81,7.8,7.8
09-07-2016 11:47:00,200.0,7.74,7.74,7.73,7.73
09-07-2016 11:49:00,600.0,7.7796,7.81,7.7796,7.81
09-07-2016 11:50:00,100.0,7.74,7.74,7.74,7.74
09-07-2016 11:51:00,100.0,7.73,7.73,7.73,7.73
09-07-2016 11:54:00,300.0,7.76,7.76,7.72,7.72
09-07-2016 11:57:00,200.0,7.71,7.71,7.71,7.71
09-07-2016 12:00:00,200.0,7.71,7.71,7.71,7.71
09-07-2016 12:03:00,100.0,7.71,7.71,7.71,7.71
09-07-2016 12:06:00,800.0,7.71,7.821,7.7,7.821
09-07-2016 12:09:00,200.0,7.66,7.75,7.66,7.75
09-07-2016 12:12:00,200.0,7.66,7.66,7.66,7.66
09-07-2016 12:13:00,100.0,7.693,7.693,7.693,7.693
09-07-2016 12:15:00,400.0,7.66,7.765,7.66,7.76
09-07-2016 12:18:00,200.0,7.655,7.765,7.655,7.765
09-07-2016 12:19:00,200.0,7.66,7.66,7.655,7.655
09-07-2016 12:22:00,100.0,7.66,7.66,7.66,7.66
09-07-2016 12:23:00,800.0,7.65,7.65,7.65,7.65
09-07-2016 12:24:00,1423.0,7.51,7.53,7.48,7.5
09-07-2016 12:25:00,4652.0,7.54,7.7292,7.528,7.61
09-07-2016 12:28:00,300.0,7.63,7.63,7.63,7.63
09-07-2016 12:38:00,1000.0,7.7,7.74,7.6223,7.6223
09-07-2016 12:39:00,200.0,7.65,7.655,7.65,7.655
09-07-2016 12:40:00,500.0,7.675,7.695,7.64,7.695
09-07-2016 12:41:00,600.0,7.7,7.7,7.7,7.7
09-07-2016 12:42:00,2950.0,7.7077,7.77,7.7,7.71
09-07-2016 12:45:00,3591.0,7.735,7.7517,7.69,7.725
09-07-2016 12:46:00,200.0,7.68,7.68,7.67,7.67
09-07-2016 12:49:00,200.0,7.61,7.61,7.61,7.61
09-07-2016 12:52:00,300.0,7.6,7.68,7.6,7.61
09-07-2016 12:55:00,300.0,7.615,7.69,7.615,7.69
09-07-2016 12:58:00,300.0,7.7,7.7,7.64,7.64
09-07-2016 12:59:00,600.0,7.6766,7.6766,7.6766,7.6766
09-07-2016 13:01:00,300.0,7.61,7.655,7.61,7.655
09-07-2016 13:04:00,200.0,7.61,7.61,7.61,7.61
09-07-2016 13:07:00,100.0,7.645,7.645,7.645,7.645
09-07-2016 13:08:00,200.0,7.65,7.65,7.65,7.65
09-07-2016 13:11:00,100.0,7.65,7.65,7.65,7.65
09-07-2016 13:13:00,200.0,7.65,7.65,7.65,7.65
09-07-2016 13:15:00,100.0,7.665,7.665,7.665,7.665
09-07-2016 13:16:00,500.0,7.68,7.68,7.67,7.67
09-07-2016 13:17:00,100.0,7.675,7.675,7.675,7.675
09-07-2016 13:18:00,200.0,7.675,7.675,7.675,7.675
09-07-2016 13:21:00,328.0,7.7,7.7,7.65,7.65
09-07-2016 13:23:00,3556.0,7.65,7.74,7.65,7.725
09-07-2016 13:24:00,1100.0,7.745,7.77,7.72,7.77
09-07-2016 13:25:00,3000.0,7.745,7.838,7.745,7.838
09-07-2016 13:26:00,944.0,7.8384,7.8384,7.82,7.83
09-07-2016 13:29:00,1200.0,7.82,7.82,7.8,7.8
09-07-2016 13:30:00,300.0,7.81,7.81,7.8,7.8
09-07-2016 13:32:00,200.0,7.77,7.77,7.77,7.77
09-07-2016 13:34:00,400.0,7.8,7.8,7.775,7.775
09-07-2016 13:36:00,200.0,7.8,7.8,7.8,7.8
09-07-2016 13:37:00,200.0,7.75,7.8,7.75,7.8
09-07-2016 13:39:00,200.0,7.75,7.75,7.75,7.75
09-07-2016 13:40:00,2000.0,7.795,7.813,7.795,7.813
09-07-2016 13:42:00,100.0,7.76,7.76,7.76,7.76
09-07-2016 13:43:00,400.0,7.805,7.805,7.8,7.8
09-07-2016 13:45:00,200.0,7.75,7.75,7.75,7.75
09-07-2016 13:48:00,200.0,7.75,7.75,7.75,7.75
09-07-2016 13:50:00,700.0,7.75,7.7501,7.75,7.7501
09-07-2016 13:51:00,200.0,7.805,7.805,7.75,7.75
09-07-2016 13:54:00,200.0,7.75,7.75,7.75,7.75
09-07-2016 13:57:00,300.0,7.75,7.8,7.75,7.8
09-07-2016 14:05:00,400.0,7.8,7.85,7.78,7.78
09-07-2016 14:07:00,200.0,7.77,7.77,7.77,7.77
09-07-2016 14:10:00,100.0,7.77,7.77,7.77,7.77
09-07-2016 14:12:00,1100.0,7.76,7.805,7.76,7.805
09-07-2016 14:13:00,200.0,7.76,7.76,7.76,7.76
09-07-2016 14:15:00,200.0,7.765,7.765,7.765,7.765
09-07-2016 14:16:00,11000.0,7.76,7.77,7.74,7.75
09-07-2016 14:17:00,100.0,7.725,7.725,7.725,7.725
09-07-2016 14:20:00,100.0,7.695,7.695,7.695,7.695
09-07-2016 14:22:00,100.0,7.73,7.73,7.73,7.73
09-07-2016 14:23:00,200.0,7.695,7.695,7.695,7.695
09-07-2016 14:25:00,100.0,7.74,7.74,7.74,7.74
09-07-2016 14:26:00,300.0,7.71,7.76,7.71,7.76
09-07-2016 14:27:00,1800.0,7.715,7.715,7.715,7.715
09-07-2016 14:29:00,100.0,7.71,7.71,7.71,7.71
09-07-2016 14:30:00,3490.0,7.72,7.72,7.7,7.7001
09-07-2016 14:31:00,4005.0,7.755,7.81,7.7,7.7
09-07-2016 14:32:00,100.0,7.74,7.74,7.74,7.74
09-07-2016 14:33:00,100.0,7.7,7.7,7.7,7.7
09-07-2016 14:37:00,100.0,7.73,7.73,7.73,7.73
09-07-2016 14:39:00,100.0,7.7,7.7,7.7,7.7
09-07-2016 14:42:00,200.0,7.69,7.72,7.69,7.72
09-07-2016 14:43:00,350.0,7.7075,7.7075,7.7075,7.7075
09-07-2016 14:46:00,250.0,7.705,7.7148,7.705,7.7148
09-07-2016 14:47:00,5310.0,7.6801,7.6801,7.64,7.64
09-07-2016 14:49:00,1600.0,7.7,7.7,7.655,7.655
09-07-2016 14:50:00,100.0,7.62,7.62,7.62,7.62
09-07-2016 14:51:00,400.0,7.62,7.63,7.6,7.6
09-07-2016 14:52:00,100.0,7.585,7.585,7.585,7.585
09-07-2016 14:53:00,100.0,7.55,7.55,7.55,7.55
09-07-2016 14:54:00,5927.0,7.57,7.59,7.5,7.52
09-07-2016 14:55:00,1294.0,7.572,7.572,7.508,7.51
09-07-2016 14:56:00,300.0,7.51,7.54,7.51,7.54
09-07-2016 14:57:00,2723.0,7.51,7.55,7.51,7.54
09-07-2016 14:58:00,400.0,7.54,7.57,7.54,7.55
09-07-2016 14:59:00,2377.0,7.58,7.58,7.54,7.55
09-07-2016 15:00:00,4634.0,7.5499,7.6,7.52,7.54
09-08-2016 08:30:00,1259.0,7.57,7.57,7.57,7.57
09-08-2016 08:33:00,1000.0,7.7203,7.7203,7.7203,7.7203
09-08-2016 08:34:00,130.0,7.6065,7.6065,7.6065,7.6065
09-08-2016 08:36:00,6749.0,7.7,7.84,7.644,7.71
09-08-2016 08:37:00,1500.0,7.5801,7.624,7.5801,7.624
09-08-2016 08:38:00,1000.0,7.5801,7.5801,7.5801,7.5801
09-08-2016 08:42:00,1700.0,7.6,7.6,7.58,7.58
09-08-2016 08:45:00,2600.0,7.6243,7.6243,7.58,7.58
09-08-2016 08:46:00,600.0,7.6,7.6,7.5999,7.5999
09-08-2016 08:48:00,200.0,7.58,7.58,7.58,7.58
09-08-2016 08:49:00,1850.0,7.55,7.55,7.5,7.5
09-08-2016 08:50:00,250.0,7.5,7.5,7.5,7.5
09-08-2016 08:51:00,2000.0,7.55,7.55,7.55,7.55
09-08-2016 08:58:00,800.0,7.55,7.55,7.5184,7.5184
09-08-2016 08:59:00,100.0,7.5427,7.5427,7.5427,7.5427
09-08-2016 09:13:00,100.0,7.5001,7.5001,7.5001,7.5001
09-08-2016 09:18:00,3524.0,7.539,7.54,7.52,7.5399
09-08-2016 09:24:00,100.0,7.54,7.54,7.54,7.54
09-08-2016 09:28:00,300.0,7.62,7.62,7.62,7.62
09-08-2016 09:31:00,100.0,7.65,7.65,7.65,7.65
09-08-2016 09:32:00,525.0,7.6499,7.6499,7.6064,7.6064
09-08-2016 09:37:00,100.0,7.64,7.64,7.64,7.64
09-08-2016 09:44:00,100.0,7.65,7.65,7.65,7.65
09-08-2016 09:45:00,1400.0,7.63,7.63,7.63,7.63
09-08-2016 09:46:00,566.0,7.63,7.65,7.6234,7.6234
09-08-2016 09:51:00,100.0,7.63,7.63,7.63,7.63
09-08-2016 09:57:00,1500.0,7.62,7.62,7.61,7.61
09-08-2016 09:58:00,100.0,7.65,7.65,7.65,7.65
09-08-2016 10:01:00,600.0,7.65,7.65,7.65,7.65
09-08-2016 10:05:00,300.0,7.65,7.65,7.649,7.649
09-08-2016 10:06:00,100.0,7.72,7.72,7.72,7.72
09-08-2016 10:08:00,500.0,7.7,7.7,7.6675,7.6732
09-08-2016 10:13:00,100.0,7.69,7.69,7.69,7.69
09-08-2016 10:14:00,805.0,7.71,7.735,7.71,7.735
09-08-2016 10:16:00,500.0,7.745,7.745,7.745,7.745
09-08-2016 10:17:00,200.0,7.72,7.735,7.72,7.735
09-08-2016 10:19:00,300.0,7.72,7.72,7.72,7.72
09-08-2016 10:20:00,1900.0,7.72,7.7443,7.72,7.72
09-08-2016 10:26:00,1000.0,7.725,7.7299,7.725,7.725
09-08-2016 10:27:00,100.0,7.725,7.725,7.725,7.725
09-08-2016 10:28:00,100.0,7.725,7.725,7.725,7.725
09-08-2016 10:36:00,100.0,7.725,7.725,7.725,7.725
09-08-2016 10:37:00,2900.0,7.725,7.74,7.725,7.73
09-08-2016 10:44:00,100.0,7.735,7.735,7.735,7.735
09-08-2016 10:46:00,200.0,7.735,7.74,7.735,7.74
09-08-2016 10:48:00,400.0,7.735,7.745,7.735,7.74
09-08-2016 10:51:00,2100.0,7.74,7.74,7.74,7.74
09-08-2016 10:52:00,7400.0,7.74,7.745,7.72,7.72
09-08-2016 10:53:00,200.0,7.735,7.735,7.735,7.735
09-08-2016 10:54:00,6720.0,7.72,7.75,7.72,7.75
09-08-2016 10:58:00,5421.0,7.72,7.72,7.72,7.72
09-08-2016 11:01:00,400.0,7.715,7.74,7.715,7.715
09-08-2016 11:08:00,100.0,7.73,7.73,7.73,7.73
09-08-2016 11:11:00,100.0,7.72,7.72,7.72,7.72
09-08-2016 11:19:00,100.0,7.73,7.73,7.73,7.73
09-08-2016 11:21:00,100.0,7.735,7.735,7.735,7.735
09-08-2016 11:29:00,600.0,7.72,7.72,7.72,7.72
09-08-2016 11:33:00,100.0,7.82,7.82,7.82,7.82
09-08-2016 11:40:00,100.0,7.77,7.77,7.77,7.77
09-08-2016 11:47:00,2600.0,7.77,7.8,7.74,7.74
09-08-2016 12:01:00,100.0,7.8,7.8,7.8,7.8
09-08-2016 12:02:00,800.0,7.8,7.8,7.72,7.72
09-08-2016 12:03:00,200.0,7.76,7.76,7.7572,7.7572
09-08-2016 12:04:00,100.0,7.75,7.75,7.75,7.75
09-08-2016 12:06:00,1200.0,7.74,7.75,7.74,7.74
09-08-2016 12:22:00,100.0,7.77,7.77,7.77,7.77
09-08-2016 12:32:00,300.0,7.77,7.77,7.77,7.77
09-08-2016 12:41:00,100.0,7.77,7.77,7.77,7.77
09-08-2016 12:42:00,200.0,7.77,7.77,7.75,7.75
09-08-2016 12:43:00,100.0,7.77,7.77,7.77,7.77
09-08-2016 12:45:00,1100.0,7.764,7.764,7.75,7.75
09-08-2016 12:52:00,100.0,7.77,7.77,7.77,7.77
09-08-2016 12:58:00,2050.0,7.77,7.77,7.77,7.77
09-08-2016 12:59:00,100.0,7.79,7.79,7.79,7.79
09-08-2016 13:00:00,100.0,7.8,7.8,7.8,7.8
09-08-2016 13:04:00,5115.0,7.8,7.9,7.79,7.79
09-08-2016 13:05:00,100.0,7.825,7.825,7.825,7.825
09-08-2016 13:07:00,1100.0,7.85,7.85,7.8,7.8
09-08-2016 13:10:00,100.0,7.825,7.825,7.825,7.825
09-08-2016 13:13:00,1100.0,7.825,7.84,7.8,7.8
09-08-2016 13:22:00,1100.0,7.835,7.849,7.82,7.82
09-08-2016 13:28:00,1750.0,7.82,7.82,7.77,7.77
09-08-2016 13:29:00,523.0,7.79,7.8,7.75,7.75
09-08-2016 13:30:00,3825.0,7.76,7.76,7.7,7.75
09-08-2016 13:31:00,100.0,7.72,7.72,7.72,7.72
09-08-2016 13:35:00,100.0,7.84,7.84,7.84,7.84
09-08-2016 13:40:00,300.0,7.83,7.83,7.8299,7.8299
09-08-2016 13:42:00,1500.0,7.8,7.86,7.72,7.72
09-08-2016 14:00:00,1500.0,7.7734,7.7734,7.73,7.765
09-08-2016 14:02:00,900.0,7.76,7.7601,7.72,7.76
09-08-2016 14:03:00,2502.0,7.76,7.84,7.7,7.7
09-08-2016 14:06:00,100.0,7.76,7.76,7.76,7.76
09-08-2016 14:14:00,1700.0,7.83,7.84,7.77,7.82
09-08-2016 14:16:00,100.0,7.8,7.8,7.8,7.8
09-08-2016 14:18:00,300.0,7.8,7.82,7.8,7.82
09-08-2016 14:26:00,1700.0,7.86,7.86,7.8,7.8
09-08-2016 14:34:00,1100.0,7.8,7.805,7.76,7.805
09-08-2016 14:36:00,100.0,7.79,7.79,7.79,7.79
09-08-2016 14:44:00,200.0,7.89,7.9,7.89,7.9
09-08-2016 14:45:00,279.0,7.89,7.89,7.88,7.88
09-08-2016 14:46:00,300.0,7.83,7.83,7.83,7.83
09-08-2016 14:47:00,100.0,7.89,7.89,7.89,7.89
09-08-2016 14:51:00,4071.0,7.9,7.9,7.79,7.8
09-08-2016 14:55:00,400.0,7.88,7.88,7.8307,7.8307
09-08-2016 14:56:00,100.0,7.89,7.89,7.89,7.89
09-08-2016 14:57:00,400.0,7.89,7.9,7.89,7.9
09-08-2016 14:59:00,200.0,7.9,7.9,7.9,7.9
09-08-2016 15:00:00,4132.0,7.9,7.9,7.88,7.9
09-08-2016 18:54:00,1000.0,7.9,7.9,7.9,7.9
09-09-2016 08:30:00,2606.0,7.75,7.75,7.75,7.75
09-09-2016 08:31:00,330.0,7.6934,7.6934,7.6934,7.6934
09-09-2016 08:32:00,350.0,7.7775,7.7775,7.7775,7.7775
09-09-2016 08:35:00,800.0,7.7768,7.8,7.768,7.768
09-09-2016 08:41:00,200.0,7.8158,7.8158,7.78,7.78
09-09-2016 08:44:00,100.0,7.82,7.82,7.82,7.82
09-09-2016 08:48:00,100.0,7.81,7.81,7.81,7.81
09-09-2016 08:54:00,300.0,7.81,7.81,7.81,7.81
09-09-2016 08:55:00,100.0,7.84,7.84,7.84,7.84
09-09-2016 09:00:00,1100.0,7.76,7.76,7.73,7.73
09-09-2016 09:01:00,100.0,7.76,7.76,7.76,7.76
09-09-2016 09:05:00,500.0,7.6414,7.69,7.6414,7.69
09-09-2016 09:08:00,100.0,7.7,7.7,7.7,7.7
09-09-2016 09:11:00,100.0,7.77,7.77,7.77,7.77
09-09-2016 09:14:00,100.0,7.7394,7.7394,7.7394,7.7394
09-09-2016 09:15:00,100.0,7.8,7.8,7.8,7.8
09-09-2016 09:21:00,100.0,7.745,7.745,7.745,7.745
09-09-2016 09:22:00,100.0,7.79,7.79,7.79,7.79
09-09-2016 09:23:00,100.0,7.75,7.75,7.75,7.75
09-09-2016 09:29:00,100.0,7.79,7.79,7.79,7.79
09-09-2016 09:45:00,100.0,7.81,7.81,7.81,7.81
09-09-2016 09:47:00,300.0,7.81,7.81,7.81,7.81
09-09-2016 09:49:00,3300.0,7.81,7.84,7.77,7.77
09-09-2016 09:51:00,100.0,7.78,7.78,7.78,7.78
09-09-2016 10:00:00,100.0,7.81,7.81,7.81,7.81
09-09-2016 10:03:00,400.0,7.81,7.81,7.81,7.81
09-09-2016 10:13:00,1000.0,7.78,7.78,7.77,7.77
09-09-2016 10:17:00,100.0,7.79,7.79,7.79,7.79
09-09-2016 10:25:00,100.0,7.79,7.79,7.79,7.79
09-09-2016 10:34:00,100.0,7.79,7.79,7.79,7.79
09-09-2016 10:43:00,100.0,7.79,7.79,7.79,7.79
09-09-2016 10:46:00,100.0,7.75,7.75,7.75,7.75
09-09-2016 10:51:00,1400.0,7.76,7.8,7.71,7.71
09-09-2016 10:53:00,100.0,7.78,7.78,7.78,7.78
09-09-2016 11:03:00,100.0,7.75,7.75,7.75,7.75
09-09-2016 11:06:00,1200.0,7.73,7.73,7.67,7.71
09-09-2016 11:07:00,100.0,7.71,7.71,7.71,7.71
09-09-2016 11:20:00,100.0,7.66,7.66,7.66,7.66
09-09-2016 11:21:00,200.0,7.66,7.66,7.66,7.66
09-09-2016 11:22:00,12655.0,7.665,7.665,7.59,7.64
09-09-2016 11:23:00,100.0,7.62,7.62,7.62,7.62
09-09-2016 11:24:00,400.0,7.62,7.62,7.58,7.58
09-09-2016 11:27:00,100.0,7.61,7.61,7.61,7.61
09-09-2016 11:28:00,1100.0,7.61,7.629,7.61,7.629
09-09-2016 11:46:00,200.0,7.64,7.64,7.64,7.64
09-09-2016 11:47:00,100.0,7.64,7.64,7.64,7.64
09-09-2016 11:59:00,400.0,7.62,7.62,7.5925,7.62
09-09-2016 12:00:00,300.0,7.605,7.605,7.57,7.57
09-09-2016 12:05:00,2500.0,7.63,7.63,7.63,7.63
09-09-2016 12:12:00,100.0,7.62,7.62,7.62,7.62
09-09-2016 12:20:00,100.0,7.61,7.61,7.61,7.61
09-09-2016 12:21:00,2980.0,7.609,7.64,7.609,7.6199
09-09-2016 12:23:00,100.0,7.6,7.6,7.6,7.6
09-09-2016 12:24:00,100.0,7.62,7.62,7.62,7.62
09-09-2016 12:27:00,100.0,7.61,7.61,7.61,7.61
09-09-2016 12:29:00,872.0,7.619,7.64,7.6,7.6
09-09-2016 12:33:00,100.0,7.61,7.61,7.61,7.61
09-09-2016 12:44:00,599.0,7.61,7.61,7.61,7.61
09-09-2016 12:47:00,2300.0,7.6126,7.62,7.6116,7.6116
09-09-2016 12:58:00,100.0,7.62,7.62,7.62,7.62
09-09-2016 13:06:00,200.0,7.615,7.615,7.6,7.6
09-09-2016 13:10:00,375.0,7.6,7.6,7.6,7.6
09-09-2016 13:12:00,400.0,7.6,7.6,7.6,7.6
09-09-2016 13:25:00,100.0,7.62,7.62,7.62,7.62
09-09-2016 13:33:00,488.0,7.62,7.62,7.6199,7.62
09-09-2016 13:34:00,100.0,7.625,7.625,7.625,7.625
09-09-2016 13:35:00,100.0,7.625,7.625,7.625,7.625
09-09-2016 13:52:00,100.0,7.62,7.62,7.62,7.62
09-09-2016 13:54:00,100.0,7.63,7.63,7.63,7.63
09-09-2016 13:59:00,1100.0,7.581,7.581,7.58,7.58
09-09-2016 14:03:00,300.0,7.63,7.63,7.59,7.6
09-09-2016 14:08:00,400.0,7.6,7.6,7.6,7.6
09-09-2016 14:12:00,1200.0,7.6078,7.6078,7.6069,7.6069
09-09-2016 14:14:00,100.0,7.61,7.61,7.61,7.61
09-09-2016 14:17:00,100.0,7.59,7.59,7.59,7.59
09-09-2016 14:20:00,100.0,7.62,7.62,7.62,7.62
09-09-2016 14:24:00,600.0,7.63,7.645,7.62,7.645
09-09-2016 14:28:00,100.0,7.69,7.69,7.69,7.69
09-09-2016 14:30:00,200.0,7.69,7.69,7.62,7.62
09-09-2016 14:33:00,200.0,7.66,7.69,7.66,7.69
09-09-2016 14:37:00,100.0,7.69,7.69,7.69,7.69
09-09-2016 14:39:00,200.0,7.68,7.68,7.676,7.676
09-09-2016 14:42:00,500.0,7.72,7.72,7.65,7.65
09-09-2016 14:44:00,300.0,7.65,7.65,7.65,7.65
09-09-2016 14:48:00,300.0,7.65,7.66,7.65,7.65
09-09-2016 14:50:00,2100.0,7.65,7.66,7.65,7.66
09-09-2016 14:51:00,200.0,7.66,7.66,7.65,7.65
09-09-2016 14:52:00,100.0,7.68,7.68,7.68,7.68
09-09-2016 14:53:00,1054.0,7.65,7.65,7.65,7.65
09-09-2016 14:54:00,600.0,7.67,7.6899,7.67,7.6899
09-09-2016 14:55:00,100.0,7.67,7.67,7.67,7.67
09-09-2016 14:56:00,291.0,7.68,7.68,7.68,7.68
09-09-2016 14:57:00,325.0,7.6899,7.6899,7.6899,7.6899
09-09-2016 14:58:00,1642.0,7.69,7.69,7.6801,7.69
09-09-2016 14:59:00,670.0,7.675,7.68,7.675,7.68
09-09-2016 15:00:00,1709.0,7.64,7.695,7.64,7.69
09-12-2016 08:30:00,1760.0,7.69,7.69,7.69,7.69
09-12-2016 08:31:00,100.0,7.745,7.745,7.745,7.745
09-12-2016 08:37:00,618.0,7.7,7.7,7.69,7.695
09-12-2016 08:40:00,2450.0,7.695,7.8007,7.69,7.69
09-12-2016 08:44:00,100.0,7.715,7.715,7.715,7.715
09-12-2016 08:47:00,778.0,7.69,7.69,7.69,7.69
09-12-2016 08:55:00,1600.0,7.69,7.69,7.6584,7.6584
09-12-2016 09:01:00,100.0,7.69,7.69,7.69,7.69
09-12-2016 09:14:00,3100.0,7.69,7.69,7.64,7.64
09-12-2016 09:22:00,100.0,7.73,7.73,7.73,7.73
09-12-2016 09:25:00,200.0,7.724,7.724,7.724,7.724
09-12-2016 09:27:00,800.0,7.7,7.75,7.7,7.75
09-12-2016 09:28:00,300.0,7.69,7.7,7.66,7.7
09-12-2016 09:29:00,100.0,7.7,7.7,7.7,7.7
09-12-2016 09:32:00,700.0,7.7,7.7,7.7,7.7
09-12-2016 09:37:00,1700.0,7.705,7.75,7.697,7.75
09-12-2016 09:38:00,400.0,7.75,7.75,7.705,7.705
09-12-2016 09:41:00,200.0,7.6763,7.68,7.6763,7.68
09-12-2016 09:47:00,400.0,7.7,7.7,7.7,7.7
09-12-2016 09:52:00,100.0,7.7,7.7,7.7,7.7
09-12-2016 10:01:00,500.0,7.7,7.7,7.7,7.7
09-12-2016 10:04:00,400.0,7.7,7.75,7.7,7.75
09-12-2016 10:05:00,927.0,7.69,7.7,7.68,7.68
09-12-2016 10:09:00,100.0,7.74,7.74,7.74,7.74
09-12-2016 10:15:00,200.0,7.74,7.74,7.725,7.725
09-12-2016 10:17:00,100.0,7.75,7.75,7.75,7.75
09-12-2016 10:20:00,300.0,7.75,7.75,7.75,7.75
09-12-2016 10:23:00,400.0,7.76,7.76,7.76,7.76
09-12-2016 10:25:00,100.0,7.79,7.79,7.79,7.79
09-12-2016 10:26:00,250.0,7.7708,7.7708,7.7708,7.7708
09-12-2016 10:34:00,100.0,7.79,7.79,7.79,7.79
09-12-2016 10:39:00,200.0,7.79,7.79,7.79,7.79
09-12-2016 10:40:00,500.0,7.75,7.75,7.75,7.75
09-12-2016 10:53:00,100.0,7.75,7.75,7.75,7.75
09-12-2016 10:54:00,200.0,7.75,7.75,7.75,7.75
09-12-2016 11:01:00,100.0,7.75,7.75,7.75,7.75
09-12-2016 11:03:00,1700.0,7.75,7.83,7.738,7.78
09-12-2016 11:11:00,100.0,7.78,7.78,7.78,7.78
09-12-2016 11:14:00,100.0,7.78,7.78,7.78,7.78
09-12-2016 11:25:00,100.0,7.78,7.78,7.78,7.78
09-12-2016 11:27:00,349.0,7.775,7.775,7.75,7.75
09-12-2016 11:31:00,150.0,7.7748,7.7748,7.7748,7.7748
09-12-2016 11:36:00,100.0,7.8,7.8,7.8,7.8
09-12-2016 11:38:00,100.0,7.8,7.8,7.8,7.8
09-12-2016 11:44:00,1000.0,7.78,7.78,7.78,7.78
09-12-2016 11:47:00,100.0,7.8,7.8,7.8,7.8
09-12-2016 11:51:00,151.0,7.7999,7.7999,7.7999,7.7999
09-12-2016 11:53:00,300.0,7.8,7.8,7.8,7.8
09-12-2016 11:59:00,100.0,7.84,7.84,7.84,7.84
09-12-2016 12:06:00,300.0,7.84,7.84,7.84,7.84
09-12-2016 12:10:00,100.0,7.84,7.84,7.84,7.84
09-12-2016 12:11:00,2000.0,7.8,7.82,7.8,7.8
09-12-2016 12:12:00,100.0,7.8,7.8,7.8,7.8
09-12-2016 12:16:00,792.0,7.8,7.8,7.8,7.8
09-12-2016 12:30:00,600.0,7.79,7.79,7.79,7.79
09-12-2016 12:31:00,200.0,7.79,7.79,7.79,7.79
09-12-2016 12:35:00,300.0,7.7999,7.7999,7.7999,7.7999
09-12-2016 12:41:00,108.0,7.8,7.8,7.8,7.8
09-12-2016 12:54:00,300.0,7.79,7.79,7.79,7.79
09-12-2016 13:00:00,1000.0,7.79,7.8,7.78,7.78
09-12-2016 13:06:00,100.0,7.78,7.78,7.78,7.78
09-12-2016 13:13:00,500.0,7.77,7.77,7.76,7.76
09-12-2016 13:22:00,100.0,7.77,7.77,7.77,7.77
09-12-2016 13:24:00,2500.0,7.7601,7.7601,7.7601,7.7601
09-12-2016 13:26:00,100.0,7.785,7.785,7.785,7.785
09-12-2016 13:35:00,100.0,7.785,7.785,7.785,7.785
09-12-2016 13:40:00,200.0,7.79,7.79,7.79,7.79
09-12-2016 13:43:00,100.0,7.79,7.79,7.79,7.79
09-12-2016 13:44:00,700.0,7.79,7.81,7.79,7.81
09-12-2016 13:45:00,100.0,7.8,7.8,7.8,7.8
09-12-2016 13:53:00,100.0,7.81,7.81,7.81,7.81
09-12-2016 13:54:00,100.0,7.8,7.8,7.8,7.8
09-12-2016 13:57:00,100.0,7.81,7.81,7.81,7.81
09-12-2016 14:01:00,100.0,7.8,7.8,7.8,7.8
09-12-2016 14:03:00,100.0,7.8,7.8,7.8,7.8
09-12-2016 14:12:00,300.0,7.8,7.8,7.8,7.8
09-12-2016 14:13:00,100.0,7.8,7.8,7.8,7.8
09-12-2016 14:20:00,100.0,7.8,7.8,7.8,7.8
09-12-2016 14:26:00,200.0,7.8,7.81,7.8,7.81
09-12-2016 14:27:00,100.0,7.8,7.8,7.8,7.8
09-12-2016 14:31:00,100.0,7.81,7.81,7.81,7.81
09-12-2016 14:33:00,100.0,7.8,7.8,7.8,7.8
09-12-2016 14:35:00,100.0,7.81,7.81,7.81,7.81
09-12-2016 14:36:00,2957.0,7.81,7.88,7.805,7.88
09-12-2016 14:37:00,200.0,7.89,7.89,7.862,7.862
09-12-2016 14:41:00,300.0,7.9,7.9,7.8925,7.9
09-12-2016 14:44:00,200.0,7.87,7.87,7.87,7.87
09-12-2016 14:46:00,400.0,7.87,7.87,7.84,7.86
09-12-2016 14:47:00,100.0,7.84,7.84,7.84,7.84
09-12-2016 14:48:00,100.0,7.85,7.85,7.85,7.85
09-12-2016 14:49:00,200.0,7.83,7.83,7.83,7.83
09-12-2016 14:50:00,200.0,7.79,7.79,7.79,7.79
09-12-2016 14:51:00,300.0,7.79,7.81,7.79,7.81
09-12-2016 14:52:00,500.0,7.79,7.79,7.79,7.79
09-12-2016 14:53:00,200.0,7.79,7.79,7.79,7.79
09-12-2016 14:54:00,785.0,7.78,7.87,7.77,7.87
09-12-2016 14:55:00,100.0,7.78,7.78,7.78,7.78
09-12-2016 14:56:00,400.0,7.76,7.76,7.76,7.76
09-12-2016 14:57:00,400.0,7.79,7.79,7.77,7.77
09-12-2016 14:58:00,1200.0,7.77,7.78,7.75,7.75
09-12-2016 14:59:00,600.0,7.76,7.88,7.76,7.88
09-12-2016 15:00:00,1974.0,7.87,7.88,7.77,7.77
09-12-2016 16:11:00,800.0,7.9,7.9,7.9,7.9
09-13-2016 07:56:00,991.0,7.89,7.9,7.89,7.9
09-13-2016 08:00:00,509.0,8.0,8.0,7.9,7.9
09-13-2016 08:09:00,500.0,7.91,7.91,7.91,7.91
09-13-2016 08:28:00,21.0,7.88,7.88,7.88,7.88
09-13-2016 08:30:00,2687.0,7.8,7.8,7.8,7.8
09-13-2016 08:32:00,100.0,7.98,7.98,7.98,7.98
09-13-2016 08:33:00,1743.0,7.999,8.0,7.9257,7.9257
09-13-2016 08:34:00,200.0,7.86,7.925,7.86,7.925
09-13-2016 08:35:00,400.0,7.9293,8.0,7.9293,8.0
09-13-2016 08:36:00,3042.0,7.9,8.0,7.9,8.0
09-13-2016 08:37:00,2921.0,8.0,8.0,7.95,7.95
09-13-2016 08:38:00,100.0,7.95,7.95,7.95,7.95
09-13-2016 08:39:00,1000.0,7.96,7.96,7.945,7.945
09-13-2016 08:40:00,200.0,7.96,7.97,7.96,7.97
09-13-2016 08:41:00,1000.0,7.97,8.0,7.97,7.9801
09-13-2016 08:42:00,8900.0,7.99,8.29,7.99,8.19
09-13-2016 08:43:00,2000.0,8.2,8.27,8.1416,8.175
09-13-2016 08:44:00,2757.0,8.185,8.27,8.185,8.2632
09-13-2016 08:45:00,1900.0,8.25,8.2799,8.19,8.19
09-13-2016 08:46:00,800.0,8.24,8.28,8.2,8.24
09-13-2016 08:49:00,3400.0,8.2799,8.2799,8.19,8.19
09-13-2016 08:50:00,200.0,8.19,8.19,8.19,8.19
09-13-2016 08:52:00,3795.0,8.15,8.15,8.091,8.091
09-13-2016 08:53:00,325.0,8.13,8.172,8.13,8.172
09-13-2016 08:54:00,355.0,8.1737,8.1737,8.12,8.12
09-13-2016 09:01:00,1300.0,8.091,8.125,8.09,8.0997
09-13-2016 09:02:00,1310.0,8.0994,8.1001,8.09,8.1001
09-13-2016 09:03:00,375.0,8.1057,8.1057,8.1057,8.1057
09-13-2016 09:04:00,100.0,8.14,8.14,8.14,8.14
09-13-2016 09:05:00,400.0,8.14,8.14,8.14,8.14
09-13-2016 09:08:00,100.0,8.14,8.14,8.14,8.14
09-13-2016 09:09:00,100.0,8.18,8.18,8.18,8.18
09-13-2016 09:10:00,385.0,8.18,8.18,8.18,8.18
09-13-2016 09:11:00,500.0,8.15,8.15,8.14,8.14
09-13-2016 09:12:00,1000.0,8.099,8.099,8.099,8.099
09-13-2016 09:13:00,9160.0,8.139,8.249,8.135,8.222
09-13-2016 09:14:00,200.0,8.225,8.225,8.225,8.225
09-13-2016 09:15:00,100.0,8.2175,8.2175,8.2175,8.2175
09-13-2016 09:17:00,2500.0,8.225,8.25,8.21,8.21
09-13-2016 09:22:00,100.0,8.22,8.22,8.22,8.22
09-13-2016 09:25:00,1800.0,8.21,8.215,8.2025,8.2125
09-13-2016 09:28:00,400.0,8.205,8.205,8.205,8.205
09-13-2016 09:29:00,220.0,8.207,8.207,8.205,8.205
09-13-2016 09:30:00,250.0,8.209,8.209,8.209,8.209
09-13-2016 09:33:00,900.0,8.2,8.2001,8.2,8.2
09-13-2016 09:41:00,1000.0,8.19,8.2,8.134,8.144
09-13-2016 09:42:00,200.0,8.2,8.2,8.1653,8.1653
09-13-2016 09:44:00,400.0,8.2,8.2,8.2,8.2
09-13-2016 09:49:00,200.0,8.15,8.15,8.15,8.15
09-13-2016 09:51:00,2553.0,8.19,8.23,8.1675,8.21
09-13-2016 09:52:00,2700.0,8.2,8.2888,8.1996,8.2293
09-13-2016 09:53:00,100.0,8.2,8.2,8.2,8.2
09-13-2016 09:57:00,1000.0,8.2,8.2,8.1999,8.1999
09-13-2016 09:58:00,225.0,8.2,8.2,8.1864,8.1864
09-13-2016 10:00:00,1000.0,8.2,8.2,8.18,8.18
09-13-2016 10:04:00,1230.0,8.2,8.2,8.1999,8.1999
09-13-2016 10:07:00,600.0,8.1962,8.1962,8.1901,8.1901
09-13-2016 10:09:00,500.0,8.19,8.2,8.19,8.2
09-13-2016 10:10:00,4575.0,8.195,8.2,8.19,8.2
09-13-2016 10:11:00,200.0,8.15,8.16,8.15,8.16
09-13-2016 10:12:00,1800.0,8.16,8.2,8.1599,8.1599
09-13-2016 10:13:00,1800.0,8.19,8.23,8.18,8.2
09-13-2016 10:14:00,125.0,8.1898,8.1898,8.1898,8.1898
09-13-2016 10:25:00,200.0,8.2,8.2,8.2,8.2
09-13-2016 10:35:00,650.0,8.17,8.1731,8.17,8.17
09-13-2016 10:44:00,3100.0,8.171,8.171,8.17,8.17
09-13-2016 10:48:00,100.0,8.19,8.19,8.19,8.19
09-13-2016 10:55:00,100.0,8.19,8.19,8.19,8.19
09-13-2016 11:03:00,100.0,8.19,8.19,8.19,8.19
09-13-2016 11:06:00,150.0,8.1783,8.1783,8.1783,8.1783
09-13-2016 11:11:00,9100.0,8.2,8.23,8.2,8.2
09-13-2016 11:12:00,100.0,8.22,8.22,8.22,8.22
09-13-2016 11:13:00,1800.0,8.22,8.245,8.22,8.24
09-13-2016 11:14:00,500.0,8.23,8.24,8.23,8.24
09-13-2016 11:15:00,3100.0,8.32,8.38,8.32,8.37
09-13-2016 11:16:00,8700.0,8.3799,8.499,8.34,8.499
09-13-2016 11:17:00,3500.0,8.4794,8.64,8.4794,8.639
09-13-2016 11:18:00,5352.0,8.62,8.65,8.6106,8.6106
09-13-2016 11:19:00,2500.0,8.6,8.6,8.4,8.4
09-13-2016 11:20:00,7940.0,8.375,8.43,8.32,8.32
09-13-2016 11:21:00,2300.0,8.41,8.4399,8.385,8.43
09-13-2016 11:23:00,4300.0,8.425,8.485,8.41,8.41
09-13-2016 11:24:00,11900.0,8.47,8.5063,8.45,8.45
09-13-2016 11:26:00,100.0,8.42,8.42,8.42,8.42
09-13-2016 11:37:00,200.0,8.3401,8.37,8.3401,8.37
09-13-2016 11:38:00,1100.0,8.3793,8.3793,8.34,8.34
09-13-2016 11:39:00,600.0,8.3491,8.35,8.3491,8.35
09-13-2016 11:40:00,600.0,8.37,8.37,8.35,8.35
09-13-2016 11:42:00,5800.0,8.39,8.39,8.31,8.385
09-13-2016 11:43:00,519.0,8.33,8.3521,8.31,8.3521
09-13-2016 11:46:00,100.0,8.31,8.31,8.31,8.31
09-13-2016 11:52:00,2100.0,8.3207,8.3447,8.32,8.32
09-13-2016 11:53:00,200.0,8.335,8.335,8.3,8.3
09-13-2016 11:54:00,400.0,8.345,8.37,8.34,8.37
09-13-2016 11:55:00,700.0,8.375,8.375,8.37,8.37
09-13-2016 12:01:00,2202.0,8.3042,8.3682,8.3042,8.3682
09-13-2016 12:03:00,7300.0,8.31,8.3101,8.24,8.2775
09-13-2016 12:05:00,6287.0,8.24,8.26,8.2,8.25
09-13-2016 12:06:00,1000.0,8.31,8.3199,8.31,8.3199
09-13-2016 12:10:00,100.0,8.24,8.24,8.24,8.24
09-13-2016 12:11:00,200.0,8.24,8.24,8.24,8.24
09-13-2016 12:15:00,100.0,8.25,8.25,8.25,8.25
09-13-2016 12:16:00,500.0,8.26,8.26,8.26,8.26
09-13-2016 12:18:00,200.0,8.25,8.25,8.24,8.24
09-13-2016 12:19:00,2500.0,8.25,8.25,8.23,8.23
09-13-2016 12:21:00,1400.0,8.2044,8.23,8.2044,8.23
09-13-2016 12:22:00,1200.0,8.23,8.245,8.23,8.2408
09-13-2016 12:25:00,250.0,8.25,8.25,8.24,8.24
09-13-2016 12:26:00,100.0,8.25,8.25,8.25,8.25
09-13-2016 12:34:00,2303.0,8.24,8.25,8.2,8.2
09-13-2016 12:37:00,200.0,8.23,8.23,8.22,8.22
09-13-2016 12:39:00,1081.0,8.2,8.229,8.2,8.229
09-13-2016 12:41:00,1000.0,8.2112,8.2112,8.2112,8.2112
09-13-2016 12:54:00,100.0,8.23,8.23,8.23,8.23
09-13-2016 12:56:00,400.0,8.1994,8.23,8.1994,8.23
09-13-2016 12:59:00,600.0,8.15,8.27,8.15,8.27
09-13-2016 13:01:00,300.0,8.25,8.3,8.24,8.3
09-13-2016 13:02:00,100.0,8.29,8.29,8.29,8.29
09-13-2016 13:03:00,400.0,8.255,8.26,8.24,8.24
09-13-2016 13:05:00,4631.0,8.1701,8.1904,8.1701,8.1904
09-13-2016 13:06:00,100.0,8.25,8.25,8.25,8.25
09-13-2016 13:09:00,100.0,8.28,8.28,8.28,8.28
09-13-2016 13:10:00,300.0,8.24,8.24,8.23,8.24
09-13-2016 13:13:00,200.0,8.25,8.25,8.25,8.25
09-13-2016 13:14:00,400.0,8.27,8.27,8.25,8.27
09-13-2016 13:16:00,135.0,8.2465,8.2465,8.2465,8.2465
09-13-2016 13:17:00,100.0,8.25,8.25,8.25,8.25
09-13-2016 13:18:00,135.0,8.2558,8.2558,8.2558,8.2558
09-13-2016 13:29:00,100.0,8.26,8.26,8.26,8.26
09-13-2016 13:30:00,100.0,8.25,8.25,8.25,8.25
09-13-2016 13:31:00,100.0,8.24,8.24,8.24,8.24
09-13-2016 13:32:00,1200.0,8.234,8.234,8.234,8.234
09-13-2016 13:33:00,300.0,8.21,8.23,8.21,8.21
09-13-2016 13:36:00,100.0,8.22,8.22,8.22,8.22
09-13-2016 13:38:00,100.0,8.218,8.218,8.218,8.218
09-13-2016 13:39:00,500.0,8.21,8.228,8.21,8.228
09-13-2016 13:40:00,100.0,8.24,8.24,8.24,8.24
09-13-2016 13:41:00,200.0,8.24,8.24,8.24,8.24
09-13-2016 13:42:00,100.0,8.24,8.24,8.24,8.24
09-13-2016 13:43:00,500.0,8.24,8.24,8.24,8.24
09-13-2016 13:44:00,100.0,8.24,8.24,8.24,8.24
09-13-2016 13:47:00,200.0,8.22,8.22,8.22,8.22
09-13-2016 13:50:00,500.0,8.23,8.23,8.23,8.23
09-13-2016 13:51:00,200.0,8.23,8.23,8.23,8.23
09-13-2016 13:52:00,200.0,8.23,8.23,8.23,8.23
09-13-2016 13:55:00,500.0,8.22,8.22,8.2,8.2
09-13-2016 13:56:00,400.0,8.22,8.22,8.21,8.21
09-13-2016 13:57:00,100.0,8.22,8.22,8.22,8.22
09-13-2016 14:03:00,1100.0,8.2,8.2,8.19,8.19
09-13-2016 14:13:00,100.0,8.23,8.23,8.23,8.23
09-13-2016 14:16:00,200.0,8.22,8.22,8.22,8.22
09-13-2016 14:17:00,100.0,8.245,8.245,8.245,8.245
09-13-2016 14:20:00,200.0,8.25,8.25,8.2375,8.2375
09-13-2016 14:21:00,100.0,8.24,8.24,8.24,8.24
09-13-2016 14:25:00,100.0,8.27,8.27,8.27,8.27
09-13-2016 14:27:00,300.0,8.25,8.255,8.25,8.25
09-13-2016 14:28:00,200.0,8.2505,8.26,8.2505,8.26
09-13-2016 14:29:00,700.0,8.26,8.26,8.26,8.26
09-13-2016 14:30:00,400.0,8.26,8.29,8.26,8.29
09-13-2016 14:31:00,550.0,8.3,8.3,8.3,8.3
09-13-2016 14:34:00,150.0,8.2918,8.2918,8.2918,8.2918
09-13-2016 14:35:00,200.0,8.3003,8.3003,8.3003,8.3003
09-13-2016 14:36:00,100.0,8.299,8.299,8.299,8.299
09-13-2016 14:40:00,125.0,8.2854,8.2854,8.2854,8.2854
09-13-2016 14:42:00,435.0,8.29,8.34,8.27,8.27
09-13-2016 14:43:00,100.0,8.27,8.27,8.27,8.27
09-13-2016 14:44:00,900.0,8.25,8.25,8.16,8.16
09-13-2016 14:47:00,100.0,8.23,8.23,8.23,8.23
09-13-2016 14:48:00,200.0,8.25,8.25,8.2398,8.2398
09-13-2016 14:50:00,700.0,8.249,8.25,8.2402,8.25
09-13-2016 14:51:00,1100.0,8.23,8.24,8.23,8.24
09-13-2016 14:52:00,1000.0,8.2,8.21,8.18,8.2
09-13-2016 14:53:00,1900.0,8.17,8.2431,8.17,8.18
09-13-2016 14:54:00,700.0,8.18,8.23,8.16,8.23
09-13-2016 14:56:00,100.0,8.23,8.23,8.23,8.23
09-13-2016 14:57:00,200.0,8.25,8.25,8.25,8.25
09-13-2016 14:58:00,100.0,8.25,8.25,8.25,8.25
09-13-2016 14:59:00,500.0,8.25,8.25,8.19,8.19
09-13-2016 15:00:00,2647.0,8.21,8.25,8.21,8.22
09-14-2016 08:30:00,2196.0,8.39,8.39,8.39,8.39
09-14-2016 08:34:00,1400.0,8.4203,8.4203,8.31,8.31
09-14-2016 08:35:00,237.0,8.31,8.31,8.31,8.31
09-14-2016 08:36:00,300.0,8.3,8.36,8.3,8.36
09-14-2016 08:37:00,5300.0,8.28,8.37,8.2,8.305
09-14-2016 08:38:00,200.0,8.22,8.22,8.22,8.22
09-14-2016 08:39:00,8040.0,8.2,8.2,8.1,8.15
09-14-2016 08:41:00,100.0,8.17,8.17,8.17,8.17
09-14-2016 08:44:00,200.0,8.185,8.24,8.185,8.24
09-14-2016 08:45:00,9600.0,8.19,8.243,8.19,8.2001
09-14-2016 08:47:00,1125.0,8.2762,8.2762,8.23,8.2575
09-14-2016 08:48:00,2300.0,8.26,8.37,8.2461,8.36
09-14-2016 08:49:00,100.0,8.37,8.37,8.37,8.37
09-14-2016 08:50:00,200.0,8.37,8.37,8.37,8.37
09-14-2016 08:51:00,579.0,8.3568,8.3568,8.3568,8.3568
09-14-2016 08:53:00,2400.0,8.3204,8.33,8.32,8.33
09-14-2016 08:56:00,100.0,8.31,8.31,8.31,8.31
09-14-2016 08:57:00,4300.0,8.3,8.35,8.295,8.3175
09-14-2016 08:59:00,776.0,8.3001,8.3125,8.3,8.3125
09-14-2016 09:00:00,1500.0,8.329,8.345,8.329,8.3425
09-14-2016 09:02:00,300.0,8.34,8.37,8.34,8.37
09-14-2016 09:03:00,2679.0,8.38,8.39,8.38,8.39
09-14-2016 09:05:00,100.0,8.37,8.37,8.37,8.37
09-14-2016 09:06:00,200.0,8.36,8.36,8.36,8.36
09-14-2016 09:07:00,300.0,8.37,8.37,8.36,8.36
09-14-2016 09:08:00,1000.0,8.36,8.36,8.3565,8.36
09-14-2016 09:09:00,500.0,8.36,8.3611,8.36,8.3611
09-14-2016 09:10:00,100.0,8.375,8.375,8.375,8.375
09-14-2016 09:14:00,2963.0,8.3562,8.3562,8.33,8.33
09-14-2016 09:15:00,400.0,8.33,8.33,8.33,8.33
09-14-2016 09:19:00,1055.0,8.27,8.3599,8.2699,8.35
09-14-2016 09:21:00,100.0,8.29,8.29,8.29,8.29
09-14-2016 09:22:00,200.0,8.3499,8.3499,8.3499,8.3499
09-14-2016 09:25:00,400.0,8.305,8.305,8.26,8.26
09-14-2016 09:29:00,200.0,8.334,8.334,8.28,8.28
09-14-2016 09:30:00,100.0,8.28,8.28,8.28,8.28
09-14-2016 09:33:00,3477.0,8.26,8.28,8.2125,8.2125
09-14-2016 09:37:00,100.0,8.21,8.21,8.21,8.21
09-14-2016 09:38:00,625.0,8.164,8.164,8.164,8.164
09-14-2016 09:40:00,100.0,8.18,8.18,8.18,8.18
09-14-2016 09:41:00,150.0,8.17,8.17,8.17,8.17
09-14-2016 09:42:00,100.0,8.1325,8.1325,8.1325,8.1325
09-14-2016 09:43:00,100.0,8.135,8.135,8.135,8.135
09-14-2016 09:44:00,100.0,8.12,8.12,8.12,8.12
09-14-2016 09:45:00,400.0,8.12,8.12,8.11,8.12
09-14-2016 09:46:00,300.0,8.12,8.12,8.12,8.12
09-14-2016 09:50:00,1100.0,8.12,8.12,8.11,8.115
09-14-2016 09:51:00,300.0,8.11,8.11,8.11,8.11
09-14-2016 09:55:00,900.0,8.1,8.1,8.1,8.1
09-14-2016 09:56:00,100.0,8.1,8.1,8.1,8.1
09-14-2016 09:57:00,2075.0,8.1,8.1,8.1,8.1
09-14-2016 09:58:00,100.0,8.105,8.105,8.105,8.105
09-14-2016 09:59:00,800.0,8.11,8.11,8.11,8.11
09-14-2016 10:01:00,800.0,8.11,8.12,8.11,8.12
09-14-2016 10:02:00,100.0,8.12,8.12,8.12,8.12
09-14-2016 10:03:00,200.0,8.1151,8.1151,8.1151,8.1151
09-14-2016 10:04:00,700.0,8.1109,8.145,8.1,8.145
09-14-2016 10:05:00,500.0,8.11,8.11,8.1,8.1
09-14-2016 10:08:00,4764.0,8.11,8.26,8.11,8.19
09-14-2016 10:10:00,200.0,8.21,8.21,8.21,8.21
09-14-2016 10:11:00,270.0,8.2986,8.2986,8.285,8.285
09-14-2016 10:12:00,100.0,8.22,8.22,8.22,8.22
09-14-2016 10:14:00,500.0,8.2672,8.2672,8.2672,8.2672
09-14-2016 10:17:00,300.0,8.245,8.245,8.23,8.23
09-14-2016 10:21:00,1700.0,8.24,8.25,8.23,8.24
09-14-2016 10:24:00,100.0,8.23,8.23,8.23,8.23
09-14-2016 10:27:00,200.0,8.21,8.22,8.21,8.22
09-14-2016 10:28:00,300.0,8.21,8.21,8.21,8.21
09-14-2016 10:34:00,100.0,8.21,8.21,8.21,8.21
09-14-2016 10:36:00,1100.0,8.2,8.2,8.2,8.2
09-14-2016 10:40:00,500.0,8.13,8.14,8.13,8.14
09-14-2016 10:42:00,334.0,8.1201,8.1201,8.12,8.12
09-14-2016 10:54:00,500.0,8.1,8.1,8.1,8.1
09-14-2016 10:55:00,900.0,8.1,8.1,8.1,8.1
09-14-2016 10:56:00,809.0,8.1,8.1,8.1,8.1
09-14-2016 10:57:00,900.0,8.075,8.075,8.02,8.05
09-14-2016 10:59:00,100.0,8.02,8.02,8.02,8.02
09-14-2016 11:04:00,100.0,8.0,8.0,8.0,8.0
09-14-2016 11:05:00,100.0,8.0,8.0,8.0,8.0
09-14-2016 11:06:00,700.0,8.0,8.005,8.0,8.0
09-14-2016 11:08:00,395.0,7.9267,7.9267,7.9267,7.9267
09-14-2016 11:12:00,600.0,7.9227,7.93,7.91,7.93
09-14-2016 11:13:00,350.0,7.91,7.91,7.91,7.91
09-14-2016 11:14:00,100.0,7.91,7.91,7.91,7.91
09-14-2016 11:17:00,700.0,7.8797,7.8797,7.84,7.84
09-14-2016 11:18:00,600.0,7.87,7.87,7.87,7.87
09-14-2016 11:23:00,125.0,7.8146,7.8146,7.8146,7.8146
09-14-2016 11:24:00,500.0,7.84,7.84,7.83,7.83
09-14-2016 11:25:00,1200.0,7.9,7.9,7.88,7.89
09-14-2016 11:26:00,1001.0,7.87,7.89,7.87,7.88
09-14-2016 11:31:00,190.0,7.8382,7.8382,7.8382,7.8382
09-14-2016 11:32:00,1205.0,7.87,7.87,7.845,7.845
09-14-2016 11:34:00,200.0,7.84,7.84,7.84,7.84
09-14-2016 11:35:00,450.0,7.83,7.84,7.83,7.84
09-14-2016 11:36:00,2100.0,7.8399,7.84,7.8399,7.84
09-14-2016 11:37:00,600.0,7.84,7.86,7.84,7.84
09-14-2016 11:38:00,100.0,7.86,7.86,7.86,7.86
09-14-2016 11:39:00,1000.0,7.8499,7.8499,7.8499,7.8499
09-14-2016 11:40:00,1000.0,7.8497,7.8497,7.8497,7.8497
09-14-2016 11:41:00,2882.0,7.82,7.82,7.8,7.8
09-14-2016 11:43:00,1000.0,7.8792,7.8792,7.8792,7.8792
09-14-2016 11:45:00,1700.0,7.86,7.87,7.83,7.87
09-14-2016 11:46:00,200.0,7.88,7.88,7.88,7.88
09-14-2016 11:56:00,100.0,7.83,7.83,7.83,7.83
09-14-2016 11:59:00,100.0,7.81,7.81,7.81,7.81
09-14-2016 12:01:00,1200.0,7.81,7.8125,7.8,7.8
09-14-2016 12:02:00,100.0,7.8,7.8,7.8,7.8
09-14-2016 12:06:00,2300.0,7.81,7.87,7.805,7.87
09-14-2016 12:07:00,1006.0,7.82,7.87,7.81,7.87
09-14-2016 12:10:00,750.0,7.8354,7.8354,7.8354,7.8354
09-14-2016 12:11:00,100.0,7.84,7.84,7.84,7.84
09-14-2016 12:12:00,600.0,7.84,7.84,7.84,7.84
09-14-2016 12:13:00,100.0,7.89,7.89,7.89,7.89
09-14-2016 12:15:00,300.0,7.85,7.8595,7.85,7.85
09-14-2016 12:16:00,200.0,7.84,7.85,7.84,7.85
09-14-2016 12:17:00,400.0,7.85,7.85,7.84,7.84
09-14-2016 12:18:00,1850.0,7.84,7.87,7.84,7.8601
09-14-2016 12:22:00,200.0,7.85,7.85,7.85,7.85
09-14-2016 12:23:00,100.0,7.855,7.855,7.855,7.855
09-14-2016 12:24:00,100.0,7.86,7.86,7.86,7.86
09-14-2016 12:28:00,400.0,7.86,7.86,7.855,7.8575
09-14-2016 12:32:00,400.0,7.85,7.85,7.85,7.85
09-14-2016 12:34:00,400.0,7.837,7.84,7.837,7.8392
09-14-2016 12:35:00,100.0,7.83,7.83,7.83,7.83
09-14-2016 12:37:00,200.0,7.83,7.83,7.83,7.83
09-14-2016 12:38:00,200.0,7.83,7.83,7.83,7.83
09-14-2016 12:40:00,200.0,7.835,7.8399,7.835,7.8399
09-14-2016 12:42:00,300.0,7.835,7.835,7.83,7.83
09-14-2016 12:45:00,200.0,7.83,7.83,7.83,7.83
09-14-2016 12:47:00,100.0,7.82,7.82,7.82,7.82
09-14-2016 12:51:00,400.0,7.81,7.81,7.81,7.81
09-14-2016 12:53:00,631.0,7.79,7.79,7.76,7.7635
09-14-2016 12:54:00,6250.0,7.76,7.76,7.64,7.65
09-14-2016 12:55:00,1400.0,7.645,7.65,7.64,7.64
09-14-2016 12:56:00,500.0,7.66,7.66,7.65,7.65
09-14-2016 13:00:00,1599.0,7.66,7.66,7.6599,7.66
09-14-2016 13:01:00,700.0,7.66,7.66,7.6567,7.6567
09-14-2016 13:03:00,100.0,7.72,7.72,7.72,7.72
09-14-2016 13:05:00,150.0,7.71,7.71,7.71,7.71
09-14-2016 13:06:00,650.0,7.7,7.7,7.65,7.65
09-14-2016 13:09:00,600.0,7.66,7.67,7.66,7.67
09-14-2016 13:12:00,1836.0,7.6503,7.67,7.65,7.67
09-14-2016 13:13:00,100.0,7.65,7.65,7.65,7.65
09-14-2016 13:15:00,582.0,7.68,7.68,7.65,7.65
09-14-2016 13:17:00,1718.0,7.61,7.61,7.55,7.56
09-14-2016 13:18:00,100.0,7.52,7.52,7.52,7.52
09-14-2016 13:19:00,100.0,7.535,7.535,7.535,7.535
09-14-2016 13:20:00,600.0,7.51,7.56,7.51,7.56
09-14-2016 13:21:00,450.0,7.51,7.555,7.51,7.555
09-14-2016 13:22:00,2067.0,7.52,7.52,7.51,7.51
09-14-2016 13:24:00,3650.0,7.5,7.5,7.42,7.42
09-14-2016 13:26:00,2314.0,7.39,7.39,7.23,7.25
09-14-2016 13:27:00,1600.0,7.32,7.35,7.32,7.35
09-14-2016 13:28:00,4854.0,7.274,7.35,7.274,7.35
09-14-2016 13:29:00,18026.0,7.41,7.54,7.39,7.39
09-14-2016 13:30:00,600.0,7.475,7.514,7.44,7.468
09-14-2016 13:32:00,400.0,7.48,7.48,7.48,7.48
09-14-2016 13:33:00,200.0,7.48,7.48,7.48,7.48
09-14-2016 13:34:00,580.0,7.55,7.55,7.55,7.55
09-14-2016 13:36:00,700.0,7.54,7.55,7.54,7.55
09-14-2016 13:37:00,2900.0,7.59,7.66,7.59,7.66
09-14-2016 13:40:00,1000.0,7.659,7.659,7.652,7.652
09-14-2016 13:41:00,200.0,7.59,7.6406,7.59,7.6406
09-14-2016 13:43:00,500.0,7.61,7.625,7.61,7.62
09-14-2016 13:44:00,300.0,7.62,7.63,7.62,7.63
09-14-2016 13:46:00,200.0,7.64,7.64,7.64,7.64
09-14-2016 13:47:00,900.0,7.58,7.58,7.57,7.58
09-14-2016 13:48:00,400.0,7.57,7.57,7.57,7.57
09-14-2016 13:50:00,8375.0,7.48,7.48,7.45,7.45
09-14-2016 13:53:00,1500.0,7.48,7.51,7.36,7.36
09-14-2016 13:54:00,1400.0,7.44,7.44,7.4142,7.4142
09-14-2016 13:56:00,5000.0,7.4577,7.4577,7.4577,7.4577
09-14-2016 13:58:00,5000.0,7.466,7.466,7.39,7.39
09-14-2016 14:00:00,200.0,7.47,7.47,7.47,7.47
09-14-2016 14:06:00,200.0,7.42,7.421,7.42,7.421
09-14-2016 14:07:00,100.0,7.48,7.48,7.48,7.48
09-14-2016 14:08:00,2021.0,7.38,7.38,7.38,7.38
09-14-2016 14:13:00,200.0,7.41,7.41,7.4,7.4
09-14-2016 14:15:00,2100.0,7.38,7.39,7.31,7.32
09-14-2016 14:17:00,1301.0,7.37,7.37,7.35,7.35
09-14-2016 14:18:00,100.0,7.37,7.37,7.37,7.37
09-14-2016 14:21:00,805.0,7.335,7.335,7.32,7.32
09-14-2016 14:22:00,200.0,7.32,7.35,7.32,7.35
09-14-2016 14:25:00,100.0,7.36,7.36,7.36,7.36
09-14-2016 14:29:00,100.0,7.32,7.32,7.32,7.32
09-14-2016 14:30:00,1100.0,7.33,7.3922,7.33,7.3922
09-14-2016 14:31:00,100.0,7.42,7.42,7.42,7.42
09-14-2016 14:36:00,3200.0,7.3682,7.4899,7.33,7.47
09-14-2016 14:40:00,100.0,7.48,7.48,7.48,7.48
09-14-2016 14:41:00,625.0,7.4468,7.4468,7.4468,7.4468
09-14-2016 14:42:00,100.0,7.49,7.49,7.49,7.49
09-14-2016 14:44:00,391.0,7.45,7.45,7.45,7.45
09-14-2016 14:45:00,500.0,7.4672,7.4672,7.4672,7.4672
09-14-2016 14:46:00,200.0,7.46,7.46,7.46,7.46
09-14-2016 14:47:00,200.0,7.46,7.46,7.46,7.46
09-14-2016 14:48:00,200.0,7.49,7.49,7.47,7.47
09-14-2016 14:49:00,300.0,7.5,7.5,7.48,7.48
09-14-2016 14:50:00,200.0,7.48,7.48,7.48,7.48
09-14-2016 14:51:00,900.0,7.48,7.48,7.475,7.48
09-14-2016 14:52:00,600.0,7.47,7.47,7.4,7.44
09-14-2016 14:53:00,200.0,7.43,7.44,7.43,7.44
09-14-2016 14:54:00,400.0,7.3995,7.3995,7.3995,7.3995
09-14-2016 14:55:00,100.0,7.44,7.44,7.44,7.44
09-14-2016 14:56:00,200.0,7.42,7.42,7.42,7.42
09-14-2016 14:57:00,400.0,7.42,7.42,7.42,7.42
09-14-2016 14:58:00,512.0,7.4899,7.49,7.46,7.49
09-14-2016 14:59:00,500.0,7.455,7.49,7.45,7.45
09-14-2016 15:00:00,3501.0,7.48,7.49,7.34,7.46
09-15-2016 08:30:00,2511.0,7.33,7.33,7.25,7.25
09-15-2016 08:34:00,1609.0,7.619,7.619,7.619,7.619
09-15-2016 08:37:00,200.0,7.369,7.369,7.365,7.365
09-15-2016 08:38:00,400.0,7.36,7.38,7.36,7.38
09-15-2016 08:39:00,200.0,7.42,7.42,7.4105,7.4105
09-15-2016 08:47:00,300.0,7.459,7.459,7.459,7.459
09-15-2016 08:48:00,100.0,7.44,7.44,7.44,7.44
09-15-2016 08:50:00,300.0,7.46,7.47,7.46,7.47
09-15-2016 08:51:00,100.0,7.49,7.49,7.49,7.49
09-15-2016 08:52:00,600.0,7.5,7.5,7.5,7.5
09-15-2016 08:53:00,600.0,7.5,7.539,7.5,7.535
09-15-2016 08:54:00,100.0,7.62,7.62,7.62,7.62
09-15-2016 08:56:00,1000.0,7.639,7.639,7.639,7.639
09-15-2016 08:58:00,300.0,7.5694,7.5694,7.5694,7.5694
09-15-2016 08:59:00,1500.0,7.5,7.535,7.5,7.535
09-15-2016 09:02:00,200.0,7.5,7.525,7.5,7.525
09-15-2016 09:04:00,100.0,7.5,7.5,7.5,7.5
09-15-2016 09:05:00,400.0,7.505,7.505,7.42,7.42
09-15-2016 09:06:00,100.0,7.42,7.42,7.42,7.42
09-15-2016 09:07:00,300.0,7.42,7.42,7.42,7.42
09-15-2016 09:08:00,1125.0,7.5408,7.5408,7.5408,7.5408
09-15-2016 09:11:00,100.0,7.515,7.515,7.515,7.515
09-15-2016 09:21:00,100.0,7.49,7.49,7.49,7.49
09-15-2016 09:22:00,100.0,7.43,7.43,7.43,7.43
09-15-2016 09:23:00,100.0,7.42,7.42,7.42,7.42
09-15-2016 09:24:00,200.0,7.525,7.525,7.525,7.525
09-15-2016 09:25:00,100.0,7.46,7.46,7.46,7.46
09-15-2016 09:29:00,400.0,7.48,7.5499,7.48,7.5499
09-15-2016 09:33:00,1100.0,7.485,7.519,7.485,7.519
09-15-2016 09:41:00,100.0,7.485,7.485,7.485,7.485
09-15-2016 09:44:00,305.0,7.46,7.46,7.41,7.41
09-15-2016 09:45:00,200.0,7.42,7.42,7.42,7.42
09-15-2016 09:46:00,270.0,7.47,7.47,7.47,7.47
09-15-2016 09:50:00,200.0,7.5399,7.5399,7.5399,7.5399
09-15-2016 09:57:00,100.0,7.51,7.51,7.51,7.51
09-15-2016 10:02:00,200.0,7.5,7.5,7.5,7.5
09-15-2016 10:03:00,100.0,7.465,7.465,7.465,7.465
09-15-2016 10:11:00,200.0,7.47,7.47,7.47,7.47
09-15-2016 10:12:00,400.0,7.47,7.515,7.47,7.515
09-15-2016 10:13:00,2100.0,7.515,7.56,7.515,7.545
09-15-2016 10:16:00,100.0,7.515,7.515,7.515,7.515
09-15-2016 10:19:00,200.0,7.5009,7.5009,7.5009,7.5009
09-15-2016 10:23:00,100.0,7.485,7.485,7.485,7.485
09-15-2016 10:36:00,700.0,7.5,7.53,7.5,7.53
09-15-2016 10:40:00,300.0,7.53,7.53,7.45,7.45
09-15-2016 10:41:00,900.0,7.4808,7.4808,7.4808,7.4808
09-15-2016 10:50:00,200.0,7.46,7.46,7.45,7.45
09-15-2016 11:05:00,100.0,7.41,7.41,7.41,7.41
09-15-2016 11:12:00,100.0,7.47,7.47,7.47,7.47
09-15-2016 11:13:00,200.0,7.46,7.47,7.46,7.47
09-15-2016 11:15:00,350.0,7.4501,7.4501,7.4501,7.4501
09-15-2016 11:16:00,400.0,7.45,7.51,7.45,7.505
09-15-2016 11:21:00,100.0,7.48,7.48,7.48,7.48
09-15-2016 11:28:00,100.0,7.47,7.47,7.47,7.47
09-15-2016 11:32:00,1000.0,7.4901,7.4901,7.4901,7.4901
09-15-2016 11:35:00,700.0,7.49,7.549,7.49,7.549
09-15-2016 11:39:00,300.0,7.549,7.549,7.549,7.549
09-15-2016 11:45:00,5676.0,7.54,7.55,7.41,7.42
09-15-2016 11:52:00,100.0,7.45,7.45,7.45,7.45
09-15-2016 12:01:00,100.0,7.45,7.45,7.45,7.45
09-15-2016 12:03:00,100.0,7.455,7.455,7.455,7.455
09-15-2016 12:07:00,1541.0,7.4539,7.4539,7.45,7.45
09-15-2016 12:09:00,165.0,7.455,7.455,7.455,7.455
09-15-2016 12:13:00,100.0,7.45,7.45,7.45,7.45
09-15-2016 12:16:00,100.0,7.45,7.45,7.45,7.45
09-15-2016 12:19:00,200.0,7.4599,7.4599,7.4599,7.4599
09-15-2016 12:23:00,100.0,7.455,7.455,7.455,7.455
09-15-2016 12:24:00,100.0,7.45,7.45,7.45,7.45
09-15-2016 12:42:00,400.0,7.46,7.5,7.46,7.5
09-15-2016 12:45:00,100.0,7.47,7.47,7.47,7.47
09-15-2016 12:46:00,100.0,7.46,7.46,7.46,7.46
09-15-2016 12:47:00,100.0,7.505,7.505,7.505,7.505
09-15-2016 12:54:00,300.0,7.53,7.53,7.46,7.505
09-15-2016 12:58:00,100.0,7.495,7.495,7.495,7.495
09-15-2016 13:00:00,200.0,7.48,7.5,7.48,7.5
09-15-2016 13:08:00,100.0,7.525,7.525,7.525,7.525
09-15-2016 13:12:00,100.0,7.525,7.525,7.525,7.525
09-15-2016 13:18:00,500.0,7.52,7.53,7.52,7.53
09-15-2016 13:21:00,100.0,7.535,7.535,7.535,7.535
09-15-2016 13:24:00,300.0,7.525,7.53,7.525,7.53
09-15-2016 13:29:00,500.0,7.525,7.525,7.52,7.52
09-15-2016 13:32:00,1500.0,7.5189,7.5189,7.5189,7.5189
09-15-2016 13:34:00,1300.0,7.5,7.5001,7.42,7.42
09-15-2016 13:43:00,2300.0,7.47,7.53,7.43,7.47
09-15-2016 13:44:00,200.0,7.5199,7.5199,7.5199,7.5199
09-15-2016 13:48:00,100.0,7.52,7.52,7.52,7.52
09-15-2016 13:49:00,2194.0,7.48,7.499,7.401,7.401
09-15-2016 13:50:00,500.0,7.44,7.45,7.44,7.44
09-15-2016 13:51:00,100.0,7.44,7.44,7.44,7.44
09-15-2016 13:59:00,100.0,7.45,7.45,7.45,7.45
09-15-2016 14:01:00,200.0,7.475,7.4999,7.475,7.4999
09-15-2016 14:02:00,432.0,7.4535,7.4535,7.4535,7.4535
09-15-2016 14:06:00,300.0,7.475,7.5,7.475,7.48
09-15-2016 14:14:00,500.0,7.48,7.48,7.46,7.48
09-15-2016 14:21:00,1000.0,7.48,7.48,7.44,7.44
09-15-2016 14:22:00,400.0,7.395,7.42,7.39,7.42
09-15-2016 14:23:00,100.0,7.42,7.42,7.42,7.42
09-15-2016 14:24:00,300.0,7.435,7.44,7.42,7.42
09-15-2016 14:27:00,100.0,7.4499,7.4499,7.4499,7.4499
09-15-2016 14:28:00,200.0,7.38,7.38,7.38,7.38
09-15-2016 14:32:00,200.0,7.415,7.415,7.39,7.39
09-15-2016 14:35:00,100.0,7.3901,7.3901,7.3901,7.3901
09-15-2016 14:36:00,200.0,7.39,7.39,7.39,7.39
09-15-2016 14:37:00,1648.0,7.38,7.3882,7.38,7.38
09-15-2016 14:38:00,240.0,7.439,7.439,7.39,7.39
09-15-2016 14:41:00,100.0,7.39,7.39,7.39,7.39
09-15-2016 14:42:00,200.0,7.415,7.415,7.4,7.4
09-15-2016 14:45:00,100.0,7.42,7.42,7.42,7.42
09-15-2016 14:46:00,500.0,7.44,7.44,7.44,7.44
09-15-2016 14:47:00,100.0,7.44,7.44,7.44,7.44
09-15-2016 14:50:00,400.0,7.44,7.44,7.42,7.43
09-15-2016 14:51:00,100.0,7.43,7.43,7.43,7.43
09-15-2016 14:53:00,100.0,7.43,7.43,7.43,7.43
09-15-2016 14:55:00,1000.0,7.4398,7.4398,7.4398,7.4398
09-15-2016 14:56:00,4682.0,7.425,7.43,7.4,7.41
09-15-2016 14:58:00,700.0,7.42,7.43,7.41,7.43
09-15-2016 14:59:00,1050.0,7.43,7.44,7.4011,7.44
09-15-2016 15:00:00,1515.0,7.44,7.44,7.41,7.44
09-16-2016 08:30:00,1151.0,7.38,7.38,7.38,7.38
09-16-2016 08:40:00,500.0,7.47,7.47,7.47,7.47
09-16-2016 08:44:00,100.0,7.52,7.52,7.52,7.52
09-16-2016 08:48:00,100.0,7.43,7.43,7.43,7.43
09-16-2016 08:49:00,100.0,7.54,7.54,7.54,7.54
09-16-2016 08:54:00,500.0,7.54,7.54,7.49,7.49
09-16-2016 08:59:00,100.0,7.5,7.5,7.5,7.5
09-16-2016 09:00:00,100.0,7.5499,7.5499,7.5499,7.5499
09-16-2016 09:01:00,100.0,7.55,7.55,7.55,7.55
09-16-2016 09:03:00,1340.0,7.5499,7.5499,7.5499,7.5499
09-16-2016 09:05:00,900.0,7.549,7.55,7.5225,7.5499
09-16-2016 09:16:00,100.0,7.68,7.68,7.68,7.68
09-16-2016 09:22:00,100.0,7.65,7.65,7.65,7.65
09-16-2016 09:25:00,155.0,7.5677,7.5677,7.5677,7.5677
09-16-2016 09:27:00,1000.0,7.583,7.583,7.583,7.583
09-16-2016 09:28:00,300.0,7.62,7.62,7.59,7.59
09-16-2016 09:38:00,500.0,7.56,7.575,7.56,7.575
09-16-2016 09:41:00,100.0,7.575,7.575,7.575,7.575
09-16-2016 09:47:00,100.0,7.575,7.575,7.575,7.575
09-16-2016 09:50:00,100.0,7.56,7.56,7.56,7.56
09-16-2016 09:53:00,100.0,7.59,7.59,7.59,7.59
09-16-2016 09:56:00,100.0,7.59,7.59,7.59,7.59
09-16-2016 09:59:00,100.0,7.57,7.57,7.57,7.57
09-16-2016 10:02:00,500.0,7.56,7.56,7.55,7.56
09-16-2016 10:06:00,1822.0,7.55,7.55,7.545,7.545
09-16-2016 10:08:00,200.0,7.5101,7.5101,7.5101,7.5101
09-16-2016 10:17:00,100.0,7.59,7.59,7.59,7.59
09-16-2016 10:22:00,100.0,7.55,7.55,7.55,7.55
09-16-2016 10:24:00,900.0,7.56,7.64,7.56,7.615
09-16-2016 10:25:00,100.0,7.57,7.57,7.57,7.57
09-16-2016 10:33:00,100.0,7.62,7.62,7.62,7.62
09-16-2016 10:41:00,100.0,7.62,7.62,7.62,7.62
09-16-2016 10:43:00,800.0,7.6,7.61,7.6,7.6
09-16-2016 10:44:00,100.0,7.6,7.6,7.6,7.6
09-16-2016 10:49:00,100.0,7.605,7.605,7.605,7.605
09-16-2016 10:54:00,100.0,7.59,7.59,7.59,7.59
09-16-2016 10:57:00,200.0,7.595,7.595,7.595,7.595
09-16-2016 10:58:00,100.0,7.595,7.595,7.595,7.595
09-16-2016 11:03:00,499.0,7.57,7.5751,7.57,7.5751
09-16-2016 11:06:00,100.0,7.575,7.575,7.575,7.575
09-16-2016 11:09:00,100.0,7.56,7.56,7.56,7.56
09-16-2016 11:13:00,400.0,7.59,7.59,7.54,7.54
09-16-2016 11:15:00,1500.0,7.555,7.555,7.55,7.55
09-16-2016 11:25:00,300.0,7.545,7.545,7.53,7.545
09-16-2016 11:26:00,100.0,7.56,7.56,7.56,7.56
09-16-2016 11:27:00,100.0,7.56,7.56,7.56,7.56
09-16-2016 11:32:00,500.0,7.52,7.52,7.52,7.52
09-16-2016 11:34:00,100.0,7.53,7.53,7.53,7.53
09-16-2016 11:43:00,100.0,7.53,7.53,7.53,7.53
09-16-2016 11:44:00,200.0,7.52,7.52,7.515,7.515
09-16-2016 11:53:00,133.0,7.5299,7.5299,7.5299,7.5299
09-16-2016 11:54:00,100.0,7.515,7.515,7.515,7.515
09-16-2016 11:56:00,1500.0,7.515,7.58,7.515,7.515
09-16-2016 12:00:00,200.0,7.6075,7.71,7.6075,7.71
09-16-2016 12:01:00,300.0,7.72,7.72,7.67,7.67
09-16-2016 12:03:00,100.0,7.6675,7.6675,7.6675,7.6675
09-16-2016 12:11:00,700.0,7.7025,7.74,7.7025,7.74
09-16-2016 12:25:00,100.0,7.87,7.87,7.87,7.87
09-16-2016 12:26:00,7800.0,7.8243,7.87,7.8125,7.86
09-16-2016 12:28:00,1400.0,7.885,7.93,7.885,7.885
09-16-2016 12:31:00,200.0,7.88,7.89,7.88,7.89
09-16-2016 12:32:00,100.0,7.85,7.85,7.85,7.85
09-16-2016 12:44:00,200.0,7.76,7.76,7.76,7.76
09-16-2016 12:45:00,200.0,7.75,7.75,7.75,7.75
09-16-2016 12:48:00,100.0,7.74,7.74,7.74,7.74
09-16-2016 13:02:00,290.0,7.741,7.76,7.741,7.76
09-16-2016 13:03:00,2350.0,7.7442,7.78,7.7442,7.78
09-16-2016 13:04:00,100.0,7.85,7.85,7.85,7.85
09-16-2016 13:09:00,100.0,7.785,7.785,7.785,7.785
09-16-2016 13:10:00,200.0,7.82,7.855,7.82,7.855
09-16-2016 13:11:00,1000.0,7.88,7.925,7.88,7.905
09-16-2016 13:14:00,1089.0,7.935,7.935,7.9,7.9
09-16-2016 13:23:00,100.0,7.855,7.855,7.855,7.855
09-16-2016 13:29:00,200.0,7.92,7.92,7.86,7.86
09-16-2016 13:33:00,100.0,7.85,7.85,7.85,7.85
09-16-2016 13:41:00,200.0,7.84,7.84,7.84,7.84
09-16-2016 13:42:00,100.0,7.87,7.87,7.87,7.87
09-16-2016 13:44:00,400.0,7.84,7.84,7.84,7.84
09-16-2016 13:46:00,400.0,7.83,7.83,7.83,7.83
09-16-2016 13:50:00,1756.0,7.89,7.91,7.85,7.91
09-16-2016 13:54:00,325.0,7.88,7.898,7.88,7.898
09-16-2016 13:56:00,100.0,7.9,7.9,7.9,7.9
09-16-2016 13:57:00,300.0,7.89,7.89,7.89,7.89
09-16-2016 14:00:00,900.0,7.88,7.88,7.88,7.88
09-16-2016 14:01:00,100.0,7.875,7.875,7.875,7.875
09-16-2016 14:19:00,800.0,7.85,7.8777,7.85,7.8777
09-16-2016 14:22:00,400.0,7.9,7.94,7.9,7.94
09-16-2016 14:24:00,400.0,7.965,7.965,7.94,7.94
09-16-2016 14:27:00,800.0,7.9473,7.9473,7.93,7.93
09-16-2016 14:28:00,100.0,7.93,7.93,7.93,7.93
09-16-2016 14:29:00,100.0,7.95,7.95,7.95,7.95
09-16-2016 14:31:00,3197.0,7.99,8.05,7.95,8.05
09-16-2016 14:33:00,200.0,8.05,8.05,8.05,8.05
09-16-2016 14:34:00,100.0,7.88,7.88,7.88,7.88
09-16-2016 14:35:00,100.0,8.01,8.01,8.01,8.01
09-16-2016 14:37:00,200.0,8.05,8.06,8.05,8.06
09-16-2016 14:39:00,3200.0,8.01,8.03,7.95,7.95
09-16-2016 14:40:00,315.0,7.99,8.0,7.99,8.0
09-16-2016 14:41:00,550.0,7.8515,7.925,7.8515,7.925
09-16-2016 14:42:00,200.0,8.0,8.0,8.0,8.0
09-16-2016 14:44:00,200.0,7.98,7.98,7.97,7.97
09-16-2016 14:45:00,100.0,7.95,7.95,7.95,7.95
09-16-2016 14:46:00,200.0,7.96,7.96,7.96,7.96
09-16-2016 14:49:00,300.0,7.96,7.96,7.96,7.96
09-16-2016 14:50:00,9450.0,7.96,7.99,7.71,7.905
09-16-2016 14:51:00,1455.0,7.71,7.71,7.65,7.71
09-16-2016 14:53:00,100.0,7.7,7.7,7.7,7.7
09-16-2016 14:54:00,200.0,7.7,7.7,7.7,7.7
09-16-2016 14:55:00,600.0,7.69,7.69,7.67,7.67
09-16-2016 14:56:00,325.0,7.67,7.67,7.63,7.64
09-16-2016 14:57:00,400.0,7.63,7.63,7.63,7.63
09-16-2016 14:58:00,1125.0,7.62,7.64,7.62,7.64
09-16-2016 14:59:00,1130.0,7.61,7.63,7.6,7.6
09-16-2016 15:00:00,108314.0,7.61,7.63,7.61,7.62
09-16-2016 15:01:00,2688.0,7.62,7.62,7.62,7.62
09-16-2016 15:24:00,96672.0,7.6181,7.6181,7.6181,7.6181
09-19-2016 08:30:00,1952.0,7.7,7.7,7.7,7.7
09-19-2016 08:36:00,150.0,7.7899,7.7899,7.7899,7.7899
09-19-2016 08:42:00,2000.0,7.7482,7.7482,7.7482,7.7482
09-19-2016 08:43:00,100.0,7.78,7.78,7.78,7.78
09-19-2016 08:49:00,100.0,7.79,7.79,7.79,7.79
09-19-2016 08:52:00,100.0,7.79,7.79,7.79,7.79
09-19-2016 08:53:00,1000.0,7.79,7.79,7.754,7.754
09-19-2016 09:05:00,100.0,7.7824,7.7824,7.7824,7.7824
09-19-2016 09:09:00,2700.0,7.8,7.89,7.78,7.89
09-19-2016 09:21:00,15400.0,7.94,8.08,7.9043,7.9645
09-19-2016 09:37:00,100.0,8.04,8.04,8.04,8.04
09-19-2016 09:38:00,340.0,8.09,8.09,8.09,8.09
09-19-2016 09:39:00,200.0,8.15,8.15,8.15,8.15
09-19-2016 09:45:00,1432.0,8.27,8.289,8.1391,8.2135
09-19-2016 09:47:00,600.0,8.2,8.2,8.2,8.2
09-19-2016 09:48:00,1100.0,8.22,8.22,8.1871,8.1871
09-19-2016 09:50:00,300.0,8.28,8.28,8.24,8.24
09-19-2016 09:56:00,205.0,8.16,8.16,8.15,8.15
09-19-2016 09:59:00,300.0,8.215,8.215,8.215,8.215
09-19-2016 10:09:00,100.0,8.12,8.12,8.12,8.12
09-19-2016 10:10:00,149.0,8.1,8.1,8.1,8.1
09-19-2016 10:11:00,300.0,8.113,8.113,8.113,8.113
09-19-2016 10:14:00,3000.0,8.1225,8.2,8.1225,8.2
09-19-2016 10:17:00,2000.0,8.15,8.22,8.095,8.1
09-19-2016 10:18:00,600.0,8.21,8.24,8.21,8.24
09-19-2016 10:19:00,500.0,8.2,8.2,8.1422,8.1422
09-19-2016 10:26:00,500.0,8.24,8.24,8.235,8.235
09-19-2016 10:27:00,700.0,8.21,8.21,8.2,8.2
09-19-2016 10:33:00,700.0,8.21,8.25,8.21,8.24
09-19-2016 10:37:00,675.0,8.1999,8.1999,8.12,8.12
09-19-2016 10:39:00,500.0,8.19,8.2,8.19,8.2
09-19-2016 10:41:00,200.0,8.2,8.2,8.2,8.2
09-19-2016 10:42:00,700.0,8.22,8.24,8.22,8.24
09-19-2016 10:47:00,1000.0,8.25,8.25,8.22,8.22
09-19-2016 10:52:00,100.0,8.2196,8.2196,8.2196,8.2196
09-19-2016 10:55:00,1000.0,8.2632,8.2632,8.2632,8.2632
09-19-2016 10:59:00,100.0,8.23,8.23,8.23,8.23
09-19-2016 11:00:00,1000.0,8.191,8.191,8.191,8.191
09-19-2016 11:05:00,600.0,8.215,8.24,8.215,8.24
09-19-2016 11:06:00,1300.0,8.225,8.2356,8.22,8.22
09-19-2016 11:10:00,597.0,8.22,8.22,8.22,8.22
09-19-2016 11:11:00,200.0,8.18,8.18,8.18,8.18
09-19-2016 11:13:00,3196.0,8.2,8.25,8.1875,8.1875
09-19-2016 11:14:00,200.0,8.2,8.2,8.2,8.2
09-19-2016 11:16:00,200.0,8.2,8.2,8.2,8.2
09-19-2016 11:19:00,200.0,8.19,8.19,8.19,8.19
09-19-2016 11:20:00,200.0,8.195,8.195,8.19,8.19
09-19-2016 11:31:00,100.0,8.16,8.16,8.16,8.16
09-19-2016 11:32:00,100.0,8.16,8.16,8.16,8.16
09-19-2016 11:40:00,3000.0,8.12,8.15,8.12,8.12
09-19-2016 11:41:00,600.0,8.1419,8.1419,8.135,8.135
09-19-2016 11:43:00,974.0,8.14,8.15,8.14,8.14
09-19-2016 11:44:00,400.0,8.155,8.155,8.155,8.155
09-19-2016 11:45:00,1000.0,8.16,8.165,8.16,8.165
09-19-2016 11:46:00,300.0,8.155,8.16,8.155,8.155
09-19-2016 11:49:00,1735.0,8.155,8.16,8.155,8.16
09-19-2016 11:50:00,700.0,8.18,8.18,8.15,8.16
09-19-2016 11:52:00,9914.0,8.16,8.25,8.14,8.15
09-19-2016 11:53:00,500.0,8.15,8.18,8.15,8.15
09-19-2016 11:59:00,500.0,8.15,8.23,8.14,8.15
09-19-2016 12:01:00,100.0,8.175,8.175,8.175,8.175
09-19-2016 12:08:00,2502.0,8.19,8.19,8.15,8.17
09-19-2016 12:11:00,200.0,8.15,8.18,8.15,8.18
09-19-2016 12:15:00,217.0,8.23,8.23,8.23,8.23
09-19-2016 12:16:00,200.0,8.19,8.19,8.15,8.15
09-19-2016 12:21:00,100.0,8.155,8.155,8.155,8.155
09-19-2016 12:32:00,300.0,8.1501,8.1501,8.1501,8.1501
09-19-2016 12:41:00,100.0,8.15,8.15,8.15,8.15
09-19-2016 12:44:00,200.0,8.165,8.165,8.165,8.165
09-19-2016 12:49:00,2426.0,8.165,8.165,8.15,8.15
09-19-2016 13:00:00,200.0,8.17,8.17,8.17,8.17
09-19-2016 13:01:00,2250.0,8.16,8.16,8.15,8.16
09-19-2016 13:02:00,100.0,8.15,8.15,8.15,8.15
09-19-2016 13:03:00,3300.0,8.15,8.15,8.11,8.11
09-19-2016 13:14:00,6400.0,8.1399,8.15,8.1356,8.15
09-19-2016 13:15:00,100.0,8.1501,8.1501,8.1501,8.1501
09-19-2016 13:18:00,1090.0,8.2,8.29,8.15,8.29
09-19-2016 13:21:00,200.0,8.18,8.18,8.16,8.16
09-19-2016 13:22:00,200.0,8.16,8.16,8.16,8.16
09-19-2016 13:27:00,1100.0,8.175,8.2,8.175,8.2
09-19-2016 13:29:00,700.0,8.17,8.26,8.15,8.26
09-19-2016 13:38:00,4752.0,8.25,8.3,8.19,8.19
09-19-2016 13:39:00,200.0,8.235,8.235,8.235,8.235
09-19-2016 13:41:00,3000.0,8.235,8.3,8.185,8.19
09-19-2016 13:45:00,300.0,8.25,8.31,8.25,8.26
09-19-2016 13:46:00,100.0,8.26,8.26,8.26,8.26
09-19-2016 13:50:00,100.0,8.26,8.26,8.26,8.26
09-19-2016 13:54:00,100.0,8.28,8.28,8.28,8.28
09-19-2016 13:58:00,100.0,8.275,8.275,8.275,8.275
09-19-2016 13:59:00,200.0,8.245,8.27,8.245,8.27
09-19-2016 14:00:00,200.0,8.265,8.27,8.265,8.27
09-19-2016 14:02:00,545.0,8.1914,8.1914,8.18,8.18
09-19-2016 14:14:00,100.0,8.275,8.275,8.275,8.275
09-19-2016 14:15:00,200.0,8.25,8.25,8.21,8.21
09-19-2016 14:25:00,600.0,8.24,8.24,8.24,8.24
09-19-2016 14:30:00,100.0,8.24,8.24,8.24,8.24
09-19-2016 14:31:00,600.0,8.21,8.21,8.21,8.21
09-19-2016 14:32:00,885.0,8.2,8.2,8.15,8.16
09-19-2016 14:34:00,100.0,8.15,8.15,8.15,8.15
09-19-2016 14:35:00,613.0,8.153,8.153,8.153,8.153
09-19-2016 14:36:00,100.0,8.15,8.15,8.15,8.15
09-19-2016 14:37:00,3600.0,8.19,8.32,8.15,8.15
09-19-2016 14:38:00,200.0,8.15,8.15,8.15,8.15
09-19-2016 14:39:00,200.0,8.17,8.17,8.15,8.15
09-19-2016 14:47:00,100.0,8.15,8.15,8.15,8.15
09-19-2016 14:50:00,100.0,8.17,8.17,8.17,8.17
09-19-2016 14:51:00,100.0,8.15,8.15,8.15,8.15
09-19-2016 14:52:00,200.0,8.15,8.16,8.15,8.16
09-19-2016 14:53:00,1300.0,8.165,8.2,8.16,8.16
09-19-2016 14:56:00,100.0,8.215,8.215,8.215,8.215
09-19-2016 14:59:00,3794.0,8.195,8.24,8.19,8.22
09-19-2016 15:00:00,2560.0,8.15,8.18,8.15,8.18
09-20-2016 08:30:00,1218.0,8.28,8.28,8.28,8.28
09-20-2016 08:33:00,100.0,8.2706,8.2706,8.2706,8.2706
09-20-2016 08:34:00,1826.0,8.26,8.32,8.255,8.3199
09-20-2016 08:36:00,387.0,8.32,8.4,8.32,8.4
09-20-2016 08:37:00,2180.0,8.33,8.48,8.3275,8.33
09-20-2016 08:39:00,200.0,8.4,8.4,8.4,8.4
09-20-2016 08:40:00,1111.0,8.4124,8.4124,8.4124,8.4124
09-20-2016 08:41:00,2000.0,8.4241,8.425,8.4241,8.425
09-20-2016 08:42:00,2594.0,8.4313,8.4989,8.4251,8.4989
09-20-2016 08:46:00,1000.0,8.412,8.412,8.412,8.412
09-20-2016 08:50:00,1406.0,8.42,8.42,8.4,8.4
09-20-2016 08:54:00,250.0,8.42,8.42,8.42,8.42
09-20-2016 08:55:00,200.0,8.42,8.42,8.42,8.42
09-20-2016 09:01:00,100.0,8.4,8.4,8.4,8.4
09-20-2016 09:06:00,100.0,8.38,8.38,8.38,8.38
09-20-2016 09:07:00,200.0,8.42,8.42,8.42,8.42
09-20-2016 09:13:00,100.0,8.4,8.4,8.4,8.4
09-20-2016 09:18:00,400.0,8.4799,8.48,8.4799,8.48
09-20-2016 09:33:00,700.0,8.4899,8.4899,8.44,8.44
09-20-2016 09:35:00,1200.0,8.4301,8.4301,8.41,8.41
09-20-2016 09:36:00,300.0,8.43,8.43,8.43,8.43
09-20-2016 09:42:00,5200.0,8.48,8.5,8.45,8.5
09-20-2016 09:43:00,200.0,8.53,8.53,8.53,8.53
09-20-2016 09:44:00,100.0,8.54,8.54,8.54,8.54
09-20-2016 09:49:00,300.0,8.5999,8.5999,8.5999,8.5999
09-20-2016 09:50:00,500.0,8.545,8.545,8.545,8.545
09-20-2016 09:51:00,200.0,8.54,8.54,8.54,8.54
09-20-2016 09:52:00,2800.0,8.52,8.64,8.52,8.64
09-20-2016 09:53:00,1800.0,8.56,8.58,8.555,8.56
09-20-2016 10:00:00,7600.0,8.55,8.74,8.55,8.7
09-20-2016 10:01:00,5950.0,8.7,8.78,8.68,8.77
09-20-2016 10:02:00,7498.0,8.75,8.85,8.712,8.84
09-20-2016 10:03:00,9800.0,8.85,8.85,8.7632,8.85
09-20-2016 10:04:00,7465.0,8.8932,8.95,8.86,8.95
09-20-2016 10:05:00,100.0,8.93,8.93,8.93,8.93
09-20-2016 10:10:00,1200.0,8.85,8.9074,8.85,8.9074
09-20-2016 10:11:00,400.0,8.9,8.9,8.9,8.9
09-20-2016 10:15:00,600.0,8.8845,8.9,8.8845,8.9
09-20-2016 10:18:00,250.0,8.9399,8.9399,8.9399,8.9399
09-20-2016 10:19:00,480.0,8.92,8.9274,8.91,8.91
09-20-2016 10:21:00,600.0,8.9,8.93,8.9,8.93
09-20-2016 10:27:00,100.0,8.94,8.94,8.94,8.94
09-20-2016 10:28:00,11119.0,8.95,9.1,8.91,9.1
09-20-2016 10:29:00,2920.0,9.1001,9.26,9.1001,9.26
09-20-2016 10:31:00,1300.0,9.2501,9.2501,9.2501,9.2501
09-20-2016 10:32:00,400.0,9.26,9.26,9.19,9.25
09-20-2016 10:33:00,4434.0,9.25,9.2812,9.19,9.25
09-20-2016 10:34:00,1700.0,9.26,9.35,9.25,9.26
09-20-2016 10:36:00,2800.0,9.25,9.25,9.25,9.25
09-20-2016 10:37:00,2300.0,9.25,9.275,9.24,9.24
09-20-2016 10:38:00,175.0,9.188,9.188,9.188,9.188
09-20-2016 10:41:00,121.0,9.1301,9.1301,9.1301,9.1301
09-20-2016 10:48:00,5300.0,9.3184,9.3184,9.04,9.175
09-20-2016 10:49:00,100.0,9.2276,9.2276,9.2276,9.2276
09-20-2016 10:50:00,1000.0,9.088,9.088,9.088,9.088
09-20-2016 10:51:00,240.0,9.05,9.05,9.05,9.05
09-20-2016 10:53:00,1000.0,9.1,9.1,9.1,9.1
09-20-2016 10:54:00,1300.0,9.155,9.16,9.15,9.15
09-20-2016 10:59:00,100.0,8.9897,8.9897,8.9897,8.9897
09-20-2016 11:02:00,100.0,9.068,9.068,9.068,9.068
09-20-2016 11:06:00,2500.0,9.0,9.12,8.99,8.99
09-20-2016 11:07:00,1000.0,8.976,8.976,8.976,8.976
09-20-2016 11:08:00,200.0,8.97,8.9732,8.97,8.9732
09-20-2016 11:09:00,300.0,8.98,8.98,8.98,8.98
09-20-2016 11:12:00,1500.0,9.0,9.0,9.0,9.0
09-20-2016 11:13:00,2100.0,9.0,9.0,8.98,8.98
09-20-2016 11:17:00,1300.0,8.98,8.98,8.96,8.96
09-20-2016 11:20:00,655.0,8.98,8.99,8.9791,8.9791
09-20-2016 11:21:00,5706.0,8.95,8.9501,8.95,8.95
09-20-2016 11:23:00,100.0,8.88,8.88,8.88,8.88
09-20-2016 11:25:00,500.0,8.8899,8.8899,8.8899,8.8899
09-20-2016 11:29:00,100.0,8.76,8.76,8.76,8.76
09-20-2016 11:37:00,2000.0,8.8463,8.9,8.8463,8.9
09-20-2016 11:47:00,200.0,8.81,8.85,8.81,8.85
09-20-2016 11:50:00,1125.0,8.8071,8.8071,8.8071,8.8071
09-20-2016 11:51:00,1500.0,8.85,8.85,8.79,8.79
09-20-2016 11:52:00,100.0,8.79,8.79,8.79,8.79
09-20-2016 11:59:00,1600.0,8.83,8.85,8.82,8.85
09-20-2016 12:08:00,100.0,8.78,8.78,8.78,8.78
09-20-2016 12:24:00,725.0,8.727,8.727,8.72,8.72
09-20-2016 12:26:00,100.0,8.72,8.72,8.72,8.72
09-20-2016 12:39:00,100.0,8.69,8.69,8.69,8.69
09-20-2016 12:43:00,675.0,8.7888,8.7888,8.7888,8.7888
09-20-2016 12:57:00,100.0,8.7,8.7,8.7,8.7
09-20-2016 12:59:00,700.0,8.78,8.79,8.777,8.7792
09-20-2016 13:01:00,100.0,8.73,8.73,8.73,8.73
09-20-2016 13:03:00,200.0,8.73,8.73,8.73,8.73
09-20-2016 13:04:00,700.0,8.72,8.72,8.68,8.7021
09-20-2016 13:05:00,100.0,8.71,8.71,8.71,8.71
09-20-2016 13:11:00,100.0,8.7628,8.7628,8.7628,8.7628
09-20-2016 13:14:00,100.0,8.71,8.71,8.71,8.71
09-20-2016 13:18:00,100.0,8.71,8.71,8.71,8.71
09-20-2016 13:27:00,2100.0,8.7699,8.7699,8.72,8.72
09-20-2016 13:29:00,100.0,8.71,8.71,8.71,8.71
09-20-2016 13:31:00,100.0,8.76,8.76,8.76,8.76
09-20-2016 13:32:00,100.0,8.78,8.78,8.78,8.78
09-20-2016 13:33:00,300.0,8.72,8.78,8.72,8.72
09-20-2016 13:34:00,100.0,8.79,8.79,8.79,8.79
09-20-2016 13:38:00,400.0,8.7233,8.76,8.7233,8.76
09-20-2016 13:41:00,1100.0,8.79,8.8,8.79,8.8
09-20-2016 13:44:00,200.0,8.85,8.85,8.85,8.85
09-20-2016 13:48:00,300.0,8.855,8.855,8.855,8.855
09-20-2016 13:51:00,100.0,8.8,8.8,8.8,8.8
09-20-2016 13:53:00,500.0,8.8782,8.8782,8.8782,8.8782
09-20-2016 13:54:00,600.0,8.8,8.929,8.8,8.929
09-20-2016 13:55:00,147.0,8.93,8.93,8.93,8.93
09-20-2016 13:59:00,6905.0,8.87,8.98,8.85,8.97
09-20-2016 14:00:00,3600.0,8.94,8.946,8.88,8.946
09-20-2016 14:01:00,100.0,8.83,8.83,8.83,8.83
09-20-2016 14:04:00,100.0,8.895,8.895,8.895,8.895
09-20-2016 14:05:00,496.0,8.98,8.98,8.97,8.97
09-20-2016 14:08:00,1500.0,8.8808,8.887,8.865,8.887
09-20-2016 14:09:00,100.0,8.82,8.82,8.82,8.82
09-20-2016 14:10:00,500.0,8.85,8.873,8.85,8.873
09-20-2016 14:12:00,100.0,8.845,8.845,8.845,8.845
09-20-2016 14:17:00,100.0,8.81,8.81,8.81,8.81
09-20-2016 14:24:00,300.0,8.8018,8.8018,8.8018,8.8018
09-20-2016 14:25:00,566.0,8.84,8.84,8.8267,8.8267
09-20-2016 14:28:00,300.0,8.82,8.83,8.82,8.82
09-20-2016 14:29:00,700.0,8.9592,8.9592,8.85,8.85
09-20-2016 14:30:00,700.0,8.94,8.9499,8.94,8.9499
09-20-2016 14:32:00,100.0,8.81,8.81,8.81,8.81
09-20-2016 14:33:00,2300.0,8.875,8.94,8.82,8.82
09-20-2016 14:35:00,1300.0,8.93,9.0,8.93,9.0
09-20-2016 14:36:00,400.0,9.01,9.01,8.99,9.0
09-20-2016 14:38:00,655.0,9.065,9.065,8.99,8.99
09-20-2016 14:40:00,200.0,9.0,9.0,9.0,9.0
09-20-2016 14:42:00,500.0,9.045,9.045,9.0,9.0
09-20-2016 14:44:00,100.0,9.045,9.045,9.045,9.045
09-20-2016 14:46:00,2000.0,9.026,9.026,9.026,9.026
09-20-2016 14:47:00,200.0,9.04,9.04,8.99,8.99
09-20-2016 14:48:00,400.0,8.99,9.02,8.95,8.99
09-20-2016 14:51:00,400.0,8.98,8.98,8.92,8.92
09-20-2016 14:52:00,2296.0,8.92,9.05,8.92,9.0
09-20-2016 14:53:00,200.0,9.0,9.0,9.0,9.0
09-20-2016 14:54:00,200.0,9.03,9.03,9.02,9.02
09-20-2016 14:55:00,400.0,9.01,9.02,9.01,9.02
09-20-2016 14:58:00,200.0,9.008,9.02,9.008,9.02
09-20-2016 14:59:00,190.0,9.0,9.0,9.0,9.0
09-20-2016 15:00:00,901.0,9.0,9.0,8.99,8.99
09-21-2016 08:30:00,1801.0,9.0,9.0,9.0,9.0
09-21-2016 08:32:00,5682.0,8.991,9.1,8.99,9.09
09-21-2016 08:34:00,300.0,9.0685,9.0685,9.0685,9.0685
09-21-2016 08:35:00,200.0,9.1,9.1,9.1,9.1
09-21-2016 08:37:00,200.0,9.17,9.17,9.17,9.17
09-21-2016 08:38:00,600.0,9.1599,9.1599,9.0946,9.0946
09-21-2016 08:42:00,100.0,9.0,9.0,9.0,9.0
09-21-2016 08:43:00,1000.0,8.9125,8.9125,8.9125,8.9125
09-21-2016 08:45:00,500.0,9.04,9.04,9.04,9.04
09-21-2016 08:58:00,100.0,9.01,9.01,9.01,9.01
09-21-2016 09:07:00,600.0,8.96,8.96,8.96,8.96
09-21-2016 09:11:00,100.0,9.005,9.005,9.005,9.005
09-21-2016 09:14:00,100.0,8.95,8.95,8.95,8.95
09-21-2016 09:17:00,1000.0,8.9216,8.9216,8.9216,8.9216
09-21-2016 09:21:00,100.0,8.9993,8.9993,8.9993,8.9993
09-21-2016 09:23:00,100.0,9.01,9.01,9.01,9.01
09-21-2016 09:29:00,300.0,9.079,9.079,9.079,9.079
09-21-2016 09:31:00,555.0,8.9938,8.9938,8.9938,8.9938
09-21-2016 09:32:00,600.0,8.995,8.995,8.93,8.93
09-21-2016 09:42:00,3800.0,8.985,9.1,8.985,9.07
09-21-2016 09:44:00,300.0,9.07,9.07,9.07,9.07
09-21-2016 09:46:00,613.0,9.0,9.0,9.0,9.0
09-21-2016 09:48:00,300.0,9.03,9.04,9.03,9.0399
09-21-2016 09:54:00,5900.0,9.0556,9.13,9.05,9.13
09-21-2016 09:56:00,250.0,9.0899,9.0899,9.0899,9.0899
09-21-2016 09:59:00,500.0,9.0111,9.02,9.0111,9.02
09-21-2016 10:11:00,400.0,9.02,9.02,9.01,9.01
09-21-2016 10:16:00,100.0,9.02,9.02,9.02,9.02
09-21-2016 10:22:00,2100.0,9.02,9.1,9.02,9.1
09-21-2016 10:25:00,100.0,9.09,9.09,9.09,9.09
09-21-2016 10:26:00,300.0,9.08,9.08,9.07,9.07
09-21-2016 10:28:00,100.0,9.08,9.08,9.08,9.08
09-21-2016 10:36:00,600.0,9.0156,9.09,9.0156,9.09
09-21-2016 10:41:00,1100.0,9.01,9.01,9.01,9.01
09-21-2016 10:47:00,100.0,9.0,9.0,9.0,9.0
09-21-2016 10:49:00,100.0,9.0,9.0,9.0,9.0
09-21-2016 10:51:00,600.0,9.045,9.045,9.0,9.0
09-21-2016 10:53:00,200.0,9.0,9.0,9.0,9.0
09-21-2016 10:55:00,100.0,9.0,9.0,9.0,9.0
09-21-2016 10:56:00,14744.0,9.0,9.0,8.79,8.79
09-21-2016 10:57:00,2300.0,8.73,8.8,8.71,8.8
09-21-2016 10:59:00,1210.0,8.715,8.8619,8.715,8.8619
09-21-2016 11:00:00,200.0,8.83,8.84,8.83,8.84
09-21-2016 11:01:00,100.0,8.73,8.73,8.73,8.73
09-21-2016 11:02:00,500.0,8.701,8.701,8.701,8.701
09-21-2016 11:03:00,1240.0,8.645,8.8378,8.645,8.8378
09-21-2016 11:05:00,400.0,8.755,8.7896,8.755,8.7896
09-21-2016 11:07:00,100.0,8.77,8.77,8.77,8.77
09-21-2016 11:09:00,100.0,8.75,8.75,8.75,8.75
09-21-2016 11:11:00,100.0,8.75,8.75,8.75,8.75
09-21-2016 11:12:00,200.0,8.75,8.7501,8.75,8.7501
09-21-2016 11:13:00,100.0,8.75,8.75,8.75,8.75
09-21-2016 11:14:00,1500.0,8.75,8.75,8.66,8.74
09-21-2016 11:15:00,100.0,8.65,8.65,8.65,8.65
09-21-2016 11:17:00,200.0,8.67,8.67,8.66,8.66
09-21-2016 11:19:00,100.0,8.575,8.575,8.575,8.575
09-21-2016 11:23:00,300.0,8.6101,8.6101,8.6101,8.6101
09-21-2016 11:24:00,2772.0,8.75,8.85,8.71,8.71
09-21-2016 11:26:00,1111.0,8.73,8.73,8.73,8.73
09-21-2016 11:28:00,691.0,8.76,8.7613,8.6722,8.76
09-21-2016 11:29:00,200.0,8.66,8.7,8.66,8.7
09-21-2016 11:30:00,1000.0,8.768,8.768,8.768,8.768
09-21-2016 11:31:00,100.0,8.625,8.625,8.625,8.625
09-21-2016 11:33:00,100.0,8.605,8.605,8.605,8.605
09-21-2016 11:34:00,125.0,8.7002,8.7002,8.7002,8.7002
09-21-2016 11:35:00,100.0,8.66,8.66,8.66,8.66
09-21-2016 11:38:00,100.0,8.62,8.62,8.62,8.62
09-21-2016 11:40:00,100.0,8.61,8.61,8.61,8.61
09-21-2016 11:42:00,100.0,8.61,8.61,8.61,8.61
09-21-2016 11:44:00,200.0,8.63,8.74,8.63,8.74
09-21-2016 11:45:00,572.0,8.6872,8.6872,8.6872,8.6872
09-21-2016 11:46:00,200.0,8.6633,8.6633,8.605,8.605
09-21-2016 11:49:00,100.0,8.6,8.6,8.6,8.6
09-21-2016 11:51:00,350.0,8.6,8.648,8.6,8.648
09-21-2016 11:53:00,200.0,8.66,8.66,8.66,8.66
09-21-2016 11:55:00,100.0,8.61,8.61,8.61,8.61
09-21-2016 11:58:00,100.0,8.6,8.6,8.6,8.6
09-21-2016 12:00:00,100.0,8.63,8.63,8.63,8.63
09-21-2016 12:01:00,100.0,8.62,8.62,8.62,8.62
09-21-2016 12:04:00,100.0,8.61,8.61,8.61,8.61
09-21-2016 12:06:00,100.0,8.64,8.64,8.64,8.64
09-21-2016 12:08:00,100.0,8.64,8.64,8.64,8.64
09-21-2016 12:10:00,100.0,8.63,8.63,8.63,8.63
09-21-2016 12:13:00,100.0,8.63,8.63,8.63,8.63
09-21-2016 12:15:00,300.0,8.63,8.68,8.626,8.68
09-21-2016 12:17:00,100.0,8.64,8.64,8.64,8.64
09-21-2016 12:18:00,100.0,8.77,8.77,8.77,8.77
09-21-2016 12:19:00,100.0,8.64,8.64,8.64,8.64
09-21-2016 12:21:00,100.0,8.64,8.64,8.64,8.64
09-21-2016 12:24:00,100.0,8.64,8.64,8.64,8.64
09-21-2016 12:26:00,100.0,8.64,8.64,8.64,8.64
09-21-2016 12:28:00,100.0,8.64,8.64,8.64,8.64
09-21-2016 12:30:00,100.0,8.63,8.63,8.63,8.63
09-21-2016 12:32:00,100.0,8.64,8.64,8.64,8.64
09-21-2016 12:34:00,100.0,8.64,8.64,8.64,8.64
09-21-2016 12:37:00,100.0,8.62,8.62,8.62,8.62
09-21-2016 12:39:00,100.0,8.64,8.64,8.64,8.64
09-21-2016 12:41:00,100.0,8.61,8.61,8.61,8.61
09-21-2016 12:43:00,100.0,8.65,8.65,8.65,8.65
09-21-2016 12:44:00,2200.0,8.62,8.6357,8.62,8.626
09-21-2016 12:45:00,100.0,8.65,8.65,8.65,8.65
09-21-2016 12:47:00,100.0,8.65,8.65,8.65,8.65
09-21-2016 12:49:00,100.0,8.64,8.64,8.64,8.64
09-21-2016 12:51:00,200.0,8.64,8.64,8.64,8.64
09-21-2016 12:52:00,100.0,8.63,8.63,8.63,8.63
09-21-2016 12:54:00,100.0,8.61,8.61,8.61,8.61
09-21-2016 12:57:00,100.0,8.65,8.65,8.65,8.65
09-21-2016 12:58:00,100.0,8.65,8.65,8.65,8.65
09-21-2016 13:00:00,100.0,8.65,8.65,8.65,8.65
09-21-2016 13:01:00,200.0,8.65,8.65,8.65,8.65
09-21-2016 13:04:00,1500.0,8.685,8.75,8.625,8.625
09-21-2016 13:06:00,100.0,8.625,8.625,8.625,8.625
09-21-2016 13:07:00,300.0,8.65,8.71,8.65,8.71
09-21-2016 13:09:00,350.0,8.7,8.7001,8.7,8.7001
09-21-2016 13:10:00,100.0,8.7,8.7,8.7,8.7
09-21-2016 13:11:00,100.0,8.7,8.7,8.7,8.7
09-21-2016 13:12:00,100.0,8.7,8.7,8.7,8.7
09-21-2016 13:13:00,100.0,8.7,8.7,8.7,8.7
09-21-2016 13:14:00,100.0,8.7,8.7,8.7,8.7
09-21-2016 13:16:00,100.0,8.7,8.7,8.7,8.7
09-21-2016 13:17:00,200.0,8.7,8.7,8.7,8.7
09-21-2016 13:18:00,100.0,8.62,8.62,8.62,8.62
09-21-2016 13:19:00,100.0,8.61,8.61,8.61,8.61
09-21-2016 13:20:00,100.0,8.65,8.65,8.65,8.65
09-21-2016 13:21:00,100.0,8.63,8.63,8.63,8.63
09-21-2016 13:23:00,100.0,8.61,8.61,8.61,8.61
09-21-2016 13:24:00,100.0,8.63,8.63,8.63,8.63
09-21-2016 13:25:00,500.0,8.63,8.749,8.63,8.749
09-21-2016 13:27:00,100.0,8.62,8.62,8.62,8.62
09-21-2016 13:28:00,100.0,8.61,8.61,8.61,8.61
09-21-2016 13:29:00,200.0,8.63,8.63,8.618,8.618
09-21-2016 13:30:00,100.0,8.63,8.63,8.63,8.63
09-21-2016 13:31:00,1175.0,8.6772,8.6772,8.621,8.621
09-21-2016 13:32:00,500.0,8.611,8.63,8.611,8.63
09-21-2016 13:34:00,200.0,8.63,8.63,8.619,8.619
09-21-2016 13:35:00,100.0,8.62,8.62,8.62,8.62
09-21-2016 13:36:00,100.0,8.62,8.62,8.62,8.62
09-21-2016 13:37:00,100.0,8.64,8.64,8.64,8.64
09-21-2016 13:39:00,900.0,8.65,8.73,8.65,8.675
09-21-2016 13:40:00,100.0,8.65,8.65,8.65,8.65
09-21-2016 13:41:00,100.0,8.66,8.66,8.66,8.66
09-21-2016 13:43:00,100.0,8.65,8.65,8.65,8.65
09-21-2016 13:44:00,300.0,8.675,8.7099,8.65,8.65
09-21-2016 13:46:00,100.0,8.64,8.64,8.64,8.64
09-21-2016 13:47:00,4900.0,8.68,8.81,8.6775,8.684
09-21-2016 13:48:00,3160.0,8.675,8.89,8.675,8.89
09-21-2016 13:50:00,100.0,8.74,8.74,8.74,8.74
09-21-2016 13:51:00,100.0,8.65,8.65,8.65,8.65
09-21-2016 13:53:00,100.0,8.65,8.65,8.65,8.65
09-21-2016 13:54:00,200.0,8.71,8.71,8.65,8.65
09-21-2016 13:55:00,200.0,8.73,8.74,8.73,8.74
09-21-2016 13:57:00,100.0,8.665,8.665,8.665,8.665
09-21-2016 13:58:00,100.0,8.67,8.67,8.67,8.67
09-21-2016 14:00:00,300.0,8.673,8.68,8.673,8.673
09-21-2016 14:01:00,100.0,8.68,8.68,8.68,8.68
09-21-2016 14:02:00,200.0,8.66,8.664,8.66,8.664
09-21-2016 14:03:00,100.0,8.68,8.68,8.68,8.68
09-21-2016 14:04:00,100.0,8.67,8.67,8.67,8.67
09-21-2016 14:05:00,100.0,8.68,8.68,8.68,8.68
09-21-2016 14:06:00,100.0,8.7,8.7,8.7,8.7
09-21-2016 14:08:00,100.0,8.7,8.7,8.7,8.7
09-21-2016 14:09:00,100.0,8.68,8.68,8.68,8.68
09-21-2016 14:10:00,100.0,8.69,8.69,8.69,8.69
09-21-2016 14:11:00,200.0,8.7,8.705,8.7,8.705
09-21-2016 14:13:00,300.0,8.73,8.85,8.73,8.85
09-21-2016 14:14:00,100.0,8.74,8.74,8.74,8.74
09-21-2016 14:15:00,100.0,8.75,8.75,8.75,8.75
09-21-2016 14:16:00,2067.0,8.75,8.8,8.75,8.753
09-21-2016 14:17:00,100.0,8.75,8.75,8.75,8.75
09-21-2016 14:18:00,100.0,8.74,8.74,8.74,8.74
09-21-2016 14:20:00,300.0,8.73,8.765,8.73,8.76
09-21-2016 14:21:00,100.0,8.73,8.73,8.73,8.73
09-21-2016 14:22:00,200.0,8.77,8.77,8.72,8.72
09-21-2016 14:23:00,200.0,8.655,8.72,8.655,8.72
09-21-2016 14:24:00,2750.0,8.72,8.72,8.631,8.631
09-21-2016 14:25:00,300.0,8.715,8.735,8.6925,8.6925
09-21-2016 14:26:00,5900.0,8.81,8.815,8.7225,8.76
09-21-2016 14:27:00,100.0,8.75,8.75,8.75,8.75
09-21-2016 14:28:00,300.0,8.7225,8.75,8.7225,8.75
09-21-2016 14:29:00,100.0,8.7225,8.7225,8.7225,8.7225
09-21-2016 14:30:00,100.0,8.755,8.755,8.755,8.755
09-21-2016 14:31:00,100.0,8.755,8.755,8.755,8.755
09-21-2016 14:32:00,100.0,8.74,8.74,8.74,8.74
09-21-2016 14:33:00,700.0,8.72,8.81,8.72,8.81
09-21-2016 14:34:00,100.0,8.65,8.65,8.65,8.65
09-21-2016 14:35:00,300.0,8.77,8.77,8.77,8.77
09-21-2016 14:36:00,200.0,8.77,8.77,8.77,8.77
09-21-2016 14:37:00,100.0,8.745,8.745,8.745,8.745
09-21-2016 14:38:00,200.0,8.76,8.76,8.76,8.76
09-21-2016 14:39:00,300.0,8.66,8.77,8.66,8.665
09-21-2016 14:40:00,300.0,8.76,8.77,8.665,8.665
09-21-2016 14:42:00,200.0,8.69,8.71,8.69,8.71
09-21-2016 14:43:00,300.0,8.7,8.77,8.7,8.77
09-21-2016 14:44:00,800.0,8.7,8.7,8.6701,8.6701
09-21-2016 14:45:00,100.0,8.7,8.7,8.7,8.7
09-21-2016 14:46:00,300.0,8.7,8.7,8.68,8.68
09-21-2016 14:47:00,100.0,8.67,8.67,8.67,8.67
09-21-2016 14:48:00,100.0,8.7,8.7,8.7,8.7
09-21-2016 14:49:00,200.0,8.65,8.66,8.65,8.66
09-21-2016 14:50:00,100.0,8.67,8.67,8.67,8.67
09-21-2016 14:51:00,400.0,8.69,8.69,8.65,8.667
09-21-2016 14:52:00,320.0,8.6501,8.6501,8.65,8.65
09-21-2016 14:53:00,200.0,8.65,8.65,8.65,8.65
09-21-2016 14:54:00,200.0,8.65,8.65,8.65,8.65
09-21-2016 14:55:00,200.0,8.65,8.65,8.65,8.65
09-21-2016 14:56:00,400.0,8.65,8.77,8.65,8.67
09-21-2016 14:57:00,2700.0,8.68,8.7152,8.655,8.7152
09-21-2016 14:58:00,900.0,8.669,8.74,8.669,8.7
09-21-2016 14:59:00,400.0,8.73,8.73,8.685,8.685
09-21-2016 15:00:00,3914.0,8.68,8.74,8.655,8.74
09-22-2016 08:30:00,2130.0,8.84,8.84,8.84,8.84
09-22-2016 08:34:00,100.0,8.99,8.99,8.99,8.99
09-22-2016 08:37:00,1100.0,8.97,8.98,8.969,8.98
09-22-2016 08:38:00,500.0,8.9267,8.9267,8.9267,8.9267
09-22-2016 08:40:00,400.0,8.87,8.87,8.785,8.785
09-22-2016 08:45:00,100.0,8.8098,8.8098,8.8098,8.8098
09-22-2016 08:50:00,1000.0,8.835,8.835,8.835,8.835
09-22-2016 08:51:00,450.0,8.84,8.85,8.8196,8.8196
09-22-2016 08:55:00,480.0,8.869,8.869,8.869,8.869
09-22-2016 08:56:00,200.0,8.83,8.83,8.82,8.82
09-22-2016 08:57:00,1970.0,8.82,8.82,8.7898,8.7898
09-22-2016 08:59:00,100.0,8.8166,8.8166,8.8166,8.8166
09-22-2016 09:01:00,2100.0,8.82,8.82,8.82,8.82
09-22-2016 09:03:00,950.0,8.82,8.8795,8.82,8.8795
09-22-2016 09:04:00,6362.0,8.83,8.84,8.78,8.82
09-22-2016 09:11:00,400.0,8.78,8.78,8.72,8.72
09-22-2016 09:22:00,3700.0,8.71,8.725,8.635,8.635
09-22-2016 09:23:00,100.0,8.68,8.68,8.68,8.68
09-22-2016 09:24:00,1246.0,8.62,8.64,8.62,8.63
09-22-2016 09:27:00,300.0,8.65,8.65,8.57,8.57
09-22-2016 09:31:00,1509.0,8.61,8.64,8.57,8.57
09-22-2016 09:34:00,600.0,8.62,8.63,8.59,8.63
09-22-2016 09:38:00,200.0,8.66,8.66,8.66,8.66
09-22-2016 09:40:00,900.0,8.7,8.7,8.68,8.7
09-22-2016 09:42:00,200.0,8.7308,8.7308,8.7308,8.7308
09-22-2016 09:49:00,100.0,8.7247,8.7247,8.7247,8.7247
09-22-2016 09:50:00,1600.0,8.725,8.74,8.7,8.74
09-22-2016 09:51:00,100.0,8.74,8.74,8.74,8.74
09-22-2016 09:52:00,400.0,8.75,8.75,8.75,8.75
09-22-2016 09:54:00,500.0,8.76,8.83,8.76,8.83
09-22-2016 09:56:00,1100.0,8.8146,8.8146,8.79,8.79
09-22-2016 09:57:00,100.0,8.74,8.74,8.74,8.74
09-22-2016 10:04:00,100.0,8.74,8.74,8.74,8.74
09-22-2016 10:05:00,400.0,8.7663,8.7663,8.74,8.74
09-22-2016 10:07:00,300.0,8.78,8.79,8.77,8.79
09-22-2016 10:08:00,100.0,8.79,8.79,8.79,8.79
09-22-2016 10:14:00,1400.0,8.76,8.79,8.74,8.74
09-22-2016 10:17:00,100.0,8.74,8.74,8.74,8.74
09-22-2016 10:21:00,200.0,8.74,8.74,8.74,8.74
09-22-2016 10:22:00,300.0,8.74,8.74,8.74,8.74
09-22-2016 10:28:00,1750.0,8.765,8.79,8.74,8.74
09-22-2016 10:29:00,600.0,8.74,8.74,8.74,8.74
09-22-2016 10:30:00,200.0,8.74,8.74,8.74,8.74
09-22-2016 10:32:00,100.0,8.7501,8.7501,8.7501,8.7501
09-22-2016 10:36:00,200.0,8.75,8.75,8.7401,8.7401
09-22-2016 10:37:00,400.0,8.74,8.77,8.74,8.77
09-22-2016 10:39:00,100.0,8.74,8.74,8.74,8.74
09-22-2016 10:40:00,200.0,8.74,8.74,8.74,8.74
09-22-2016 10:41:00,100.0,8.76,8.76,8.76,8.76
09-22-2016 10:46:00,19040.0,8.74,8.7507,8.74,8.74
09-22-2016 10:48:00,300.0,8.7501,8.7501,8.75,8.75
09-22-2016 10:50:00,400.0,8.75,8.75,8.75,8.75
09-22-2016 10:51:00,100.0,8.75,8.75,8.75,8.75
09-22-2016 10:52:00,200.0,8.75,8.75,8.75,8.75
09-22-2016 10:54:00,100.0,8.74,8.74,8.74,8.74
09-22-2016 10:55:00,300.0,8.74,8.74,8.74,8.74
09-22-2016 10:56:00,500.0,8.75,8.75,8.7451,8.7451
09-22-2016 11:03:00,1200.0,8.71,8.71,8.65,8.65
09-22-2016 11:04:00,100.0,8.65,8.65,8.65,8.65
09-22-2016 11:07:00,1000.0,8.6928,8.6928,8.6928,8.6928
09-22-2016 11:08:00,200.0,8.63,8.63,8.6201,8.6201
09-22-2016 11:13:00,100.0,8.6201,8.6201,8.6201,8.6201
09-22-2016 11:17:00,100.0,8.6201,8.6201,8.6201,8.6201
09-22-2016 11:18:00,300.0,8.585,8.585,8.58,8.58
09-22-2016 11:19:00,1300.0,8.64,8.65,8.64,8.65
09-22-2016 11:27:00,550.0,8.7,8.7047,8.7,8.7047
09-22-2016 11:31:00,200.0,8.73,8.73,8.73,8.73
09-22-2016 11:33:00,100.0,8.8,8.8,8.8,8.8
09-22-2016 11:35:00,300.0,8.8,8.8,8.74,8.74
09-22-2016 11:38:00,3100.0,8.7766,8.7766,8.74,8.74
09-22-2016 11:40:00,350.0,8.8,8.8,8.8,8.8
09-22-2016 11:44:00,100.0,8.74,8.74,8.74,8.74
09-22-2016 11:51:00,300.0,8.78,8.78,8.72,8.72
09-22-2016 11:59:00,200.0,8.7,8.7,8.7,8.7
09-22-2016 12:00:00,100.0,8.7001,8.7001,8.7001,8.7001
09-22-2016 12:02:00,600.0,8.71,8.71,8.71,8.71
09-22-2016 12:05:00,100.0,8.71,8.71,8.71,8.71
09-22-2016 12:09:00,300.0,8.71,8.71,8.71,8.71
09-22-2016 12:10:00,100.0,8.73,8.73,8.73,8.73
09-22-2016 12:22:00,100.0,8.68,8.68,8.68,8.68
09-22-2016 12:24:00,500.0,8.69,8.69,8.64,8.64
09-22-2016 12:30:00,100.0,8.61,8.61,8.61,8.61
09-22-2016 12:34:00,100.0,8.61,8.61,8.61,8.61
09-22-2016 12:39:00,200.0,8.61,8.61,8.61,8.61
09-22-2016 12:41:00,100.0,8.61,8.61,8.61,8.61
09-22-2016 12:42:00,150.0,8.6264,8.6264,8.6264,8.6264
09-22-2016 12:44:00,100.0,8.58,8.58,8.58,8.58
09-22-2016 12:47:00,100.0,8.64,8.64,8.64,8.64
09-22-2016 12:49:00,100.0,8.58,8.58,8.58,8.58
09-22-2016 12:52:00,300.0,8.59,8.59,8.59,8.59
09-22-2016 12:53:00,100.0,8.5901,8.5901,8.5901,8.5901
09-22-2016 12:54:00,600.0,8.61,8.62,8.61,8.62
09-22-2016 13:08:00,406.0,8.634,8.634,8.634,8.634
09-22-2016 13:09:00,200.0,8.64,8.65,8.64,8.65
09-22-2016 13:12:00,500.0,8.65,8.66,8.65,8.66
09-22-2016 13:17:00,100.0,8.61,8.61,8.61,8.61
09-22-2016 13:18:00,2500.0,8.62,8.62,8.6,8.6
09-22-2016 13:20:00,100.0,8.59,8.59,8.59,8.59
09-22-2016 13:21:00,200.0,8.59,8.59,8.59,8.59
09-22-2016 13:23:00,300.0,8.57,8.57,8.56,8.57
09-22-2016 13:25:00,100.0,8.5701,8.5701,8.5701,8.5701
09-22-2016 13:29:00,100.0,8.5701,8.5701,8.5701,8.5701
09-22-2016 13:33:00,200.0,8.57,8.57,8.57,8.57
09-22-2016 13:37:00,100.0,8.57,8.57,8.57,8.57
09-22-2016 13:41:00,12733.0,8.5801,8.75,8.5801,8.595
09-22-2016 13:48:00,3800.0,8.665,8.83,8.665,8.83
09-22-2016 13:54:00,300.0,8.8,8.8,8.8,8.8
09-22-2016 13:55:00,100.0,8.8,8.8,8.8,8.8
09-22-2016 13:59:00,100.0,8.75,8.75,8.75,8.75
09-22-2016 14:09:00,1100.0,8.77,8.77,8.685,8.76
09-22-2016 14:11:00,300.0,8.76,8.7601,8.76,8.76
09-22-2016 14:14:00,100.0,8.72,8.72,8.72,8.72
09-22-2016 14:16:00,600.0,8.75,8.75,8.75,8.75
09-22-2016 14:17:00,200.0,8.75,8.75,8.75,8.75
09-22-2016 14:18:00,200.0,8.77,8.77,8.77,8.77
09-22-2016 14:20:00,1800.0,8.8,8.8,8.744,8.744
09-22-2016 14:30:00,100.0,8.74,8.74,8.74,8.74
09-22-2016 14:32:00,200.0,8.75,8.75,8.7,8.7
09-22-2016 14:34:00,100.0,8.71,8.71,8.71,8.71
09-22-2016 14:35:00,200.0,8.7,8.705,8.7,8.705
09-22-2016 14:36:00,300.0,8.695,8.695,8.69,8.69
09-22-2016 14:38:00,100.0,8.69,8.69,8.69,8.69
09-22-2016 14:39:00,100.0,8.74,8.74,8.74,8.74
09-22-2016 14:40:00,516.0,8.775,8.775,8.76,8.76
09-22-2016 14:41:00,200.0,8.7601,8.7601,8.76,8.76
09-22-2016 14:42:00,300.0,8.76,8.76,8.75,8.75
09-22-2016 14:43:00,121.0,8.78,8.78,8.78,8.78
09-22-2016 14:44:00,100.0,8.7501,8.7501,8.7501,8.7501
09-22-2016 14:46:00,1900.0,8.8,8.81,8.75,8.77
09-22-2016 14:47:00,1100.0,8.75,8.76,8.695,8.705
09-22-2016 14:48:00,100.0,8.7,8.7,8.7,8.7
09-22-2016 14:49:00,100.0,8.68,8.68,8.68,8.68
09-22-2016 14:50:00,300.0,8.68,8.78,8.68,8.75
09-22-2016 14:51:00,4461.0,8.71,8.78,8.71,8.71
09-22-2016 14:52:00,500.0,8.71,8.78,8.71,8.715
09-22-2016 14:53:00,400.0,8.72,8.75,8.71,8.71
09-22-2016 14:54:00,400.0,8.69,8.69,8.68,8.68
09-22-2016 14:55:00,400.0,8.72,8.7544,8.68,8.68
09-22-2016 14:56:00,800.0,8.7,8.7104,8.69,8.6901
09-22-2016 14:57:00,700.0,8.69,8.71,8.615,8.615
09-22-2016 14:58:00,300.0,8.67,8.67,8.66,8.6601
09-22-2016 14:59:00,300.0,8.66,8.66,8.66,8.66
09-22-2016 15:00:00,3944.0,8.6601,8.69,8.66,8.66
09-23-2016 08:30:00,1401.0,8.59,8.59,8.59,8.59
09-23-2016 08:41:00,11020.0,8.55,8.633,8.5,8.5527
09-23-2016 08:42:00,28255.0,8.5564,8.5564,8.25,8.379
09-23-2016 08:44:00,6600.0,8.36,8.3871,8.36,8.3871
09-23-2016 08:46:00,100.0,8.4,8.4,8.4,8.4
09-23-2016 08:47:00,100.0,8.28,8.28,8.28,8.28
09-23-2016 08:48:00,400.0,8.38,8.38,8.38,8.38
09-23-2016 08:49:00,14650.0,8.27,8.27,8.01,8.17
09-23-2016 08:50:00,2000.0,8.188,8.188,8.188,8.188
09-23-2016 08:51:00,300.0,8.24,8.24,8.19,8.19
09-23-2016 08:53:00,500.0,8.295,8.295,8.22,8.22
09-23-2016 08:54:00,2300.0,8.325,8.325,8.27,8.28
09-23-2016 08:55:00,500.0,8.2899,8.2899,8.2899,8.2899
09-23-2016 08:57:00,400.0,8.28,8.29,8.28,8.29
09-23-2016 08:59:00,100.0,8.34,8.34,8.34,8.34
09-23-2016 09:03:00,1100.0,8.34,8.34,8.33,8.34
09-23-2016 09:04:00,100.0,8.34,8.34,8.34,8.34
09-23-2016 09:08:00,100.0,8.45,8.45,8.45,8.45
09-23-2016 09:11:00,1250.0,8.4001,8.4001,8.38,8.38
09-23-2016 09:13:00,2800.0,8.265,8.28,8.26,8.265
09-23-2016 09:14:00,300.0,8.27,8.27,8.26,8.27
09-23-2016 09:17:00,6700.0,8.37,8.39,8.26,8.29
09-23-2016 09:22:00,100.0,8.32,8.32,8.32,8.32
09-23-2016 09:27:00,400.0,8.27,8.27,8.22,8.22
09-23-2016 09:28:00,4000.0,8.21,8.2425,8.135,8.22
09-23-2016 09:29:00,300.0,8.19,8.19,8.19,8.19
09-23-2016 09:30:00,250.0,8.2,8.3399,8.2,8.3399
09-23-2016 09:36:00,2200.0,8.3122,8.3122,8.15,8.15
09-23-2016 09:39:00,200.0,8.299,8.299,8.299,8.299
09-23-2016 09:41:00,5800.0,8.2,8.2517,8.13,8.13
09-23-2016 09:42:00,100.0,8.12,8.12,8.12,8.12
09-23-2016 09:49:00,100.0,8.13,8.13,8.13,8.13
09-23-2016 09:50:00,500.0,8.16,8.17,8.16,8.17
09-23-2016 09:51:00,100.0,8.17,8.17,8.17,8.17
09-23-2016 09:52:00,150.0,8.25,8.25,8.25,8.25
09-23-2016 09:53:00,100.0,8.26,8.26,8.26,8.26
09-23-2016 09:58:00,100.0,8.26,8.26,8.26,8.26
09-23-2016 10:04:00,500.0,8.28,8.28,8.27,8.27
09-23-2016 10:09:00,2000.0,8.28,8.3,8.265,8.3
09-23-2016 10:10:00,400.0,8.39,8.39,8.345,8.3854
09-23-2016 10:11:00,100.0,8.325,8.325,8.325,8.325
09-23-2016 10:14:00,2000.0,8.34,8.35,8.315,8.35
09-23-2016 10:15:00,300.0,8.32,8.35,8.32,8.35
09-23-2016 10:17:00,100.0,8.35,8.35,8.35,8.35
09-23-2016 10:21:00,200.0,8.32,8.34,8.32,8.34
09-23-2016 10:25:00,2340.0,8.33,8.33,8.305,8.305
09-23-2016 10:26:00,300.0,8.28,8.33,8.28,8.33
09-23-2016 10:28:00,200.0,8.305,8.33,8.305,8.33
09-23-2016 10:29:00,100.0,8.31,8.31,8.31,8.31
09-23-2016 10:30:00,100.0,8.28,8.28,8.28,8.28
09-23-2016 10:31:00,200.0,8.33,8.33,8.33,8.33
09-23-2016 10:34:00,300.0,8.33,8.34,8.33,8.33
09-23-2016 10:35:00,1200.0,8.33,8.43,8.33,8.43
09-23-2016 10:36:00,100.0,8.41,8.41,8.41,8.41
09-23-2016 10:37:00,100.0,8.36,8.36,8.36,8.36
09-23-2016 10:42:00,300.0,8.38,8.38,8.3561,8.3799
09-23-2016 10:43:00,300.0,8.35,8.38,8.35,8.38
09-23-2016 10:45:00,219.0,8.3497,8.3497,8.3497,8.3497
09-23-2016 10:50:00,200.0,8.37,8.37,8.36,8.36
09-23-2016 10:53:00,100.0,8.36,8.36,8.36,8.36
09-23-2016 10:54:00,100.0,8.36,8.36,8.36,8.36
09-23-2016 10:55:00,400.0,8.36,8.37,8.35,8.37
09-23-2016 10:56:00,700.0,8.375,8.375,8.375,8.375
09-23-2016 10:58:00,100.0,8.385,8.385,8.385,8.385
09-23-2016 10:59:00,200.0,8.41,8.41,8.36,8.36
09-23-2016 11:00:00,400.0,8.4,8.4,8.38,8.38
09-23-2016 11:01:00,190.0,8.36,8.36,8.36,8.36
09-23-2016 11:04:00,400.0,8.38,8.4,8.38,8.4
09-23-2016 11:08:00,800.0,8.4,8.41,8.395,8.41
09-23-2016 11:11:00,200.0,8.41,8.43,8.41,8.43
09-23-2016 11:18:00,2200.0,8.44,8.45,8.41,8.42
09-23-2016 11:19:00,100.0,8.42,8.42,8.42,8.42
09-23-2016 11:20:00,100.0,8.42,8.42,8.42,8.42
09-23-2016 11:21:00,2050.0,8.432,8.432,8.42,8.42
09-23-2016 11:23:00,100.0,8.38,8.38,8.38,8.38
09-23-2016 11:24:00,100.0,8.4,8.4,8.4,8.4
09-23-2016 11:26:00,100.0,8.395,8.395,8.395,8.395
09-23-2016 11:27:00,600.0,8.41,8.41,8.41,8.41
09-23-2016 11:35:00,350.0,8.41,8.4415,8.41,8.4415
09-23-2016 11:38:00,200.0,8.42,8.42,8.4,8.4
09-23-2016 11:46:00,100.0,8.42,8.42,8.42,8.42
09-23-2016 11:47:00,300.0,8.38,8.4,8.38,8.4
09-23-2016 11:50:00,100.0,8.4,8.4,8.4,8.4
09-23-2016 11:51:00,100.0,8.4,8.4,8.4,8.4
09-23-2016 11:54:00,100.0,8.4,8.4,8.4,8.4
09-23-2016 11:55:00,1100.0,8.4,8.4,8.33,8.37
09-23-2016 11:56:00,500.0,8.4,8.4,8.39,8.4
09-23-2016 11:57:00,100.0,8.4,8.4,8.4,8.4
09-23-2016 11:58:00,300.0,8.41,8.41,8.4,8.4
09-23-2016 11:59:00,200.0,8.4,8.4,8.4,8.4
09-23-2016 12:00:00,100.0,8.4,8.4,8.4,8.4
09-23-2016 12:01:00,100.0,8.4,8.4,8.4,8.4
09-23-2016 12:02:00,100.0,8.41,8.41,8.41,8.41
09-23-2016 12:07:00,400.0,8.34,8.3875,8.34,8.38
09-23-2016 12:08:00,115.0,8.3635,8.3635,8.3635,8.3635
09-23-2016 12:12:00,100.0,8.4,8.4,8.4,8.4
09-23-2016 12:13:00,200.0,8.4,8.4,8.385,8.385
09-23-2016 12:17:00,100.0,8.385,8.385,8.385,8.385
09-23-2016 12:18:00,100.0,8.41,8.41,8.41,8.41
09-23-2016 12:19:00,100.0,8.4,8.4,8.4,8.4
09-23-2016 12:26:00,1200.0,8.385,8.4,8.385,8.4
09-23-2016 12:30:00,100.0,8.4,8.4,8.4,8.4
09-23-2016 12:31:00,200.0,8.41,8.41,8.41,8.41
09-23-2016 12:33:00,1100.0,8.41,8.43,8.4,8.4
09-23-2016 12:38:00,600.0,8.45,8.45,8.41,8.41
09-23-2016 12:42:00,200.0,8.46,8.46,8.42,8.42
09-23-2016 12:52:00,300.0,8.42,8.42,8.42,8.42
09-23-2016 12:53:00,100.0,8.39,8.39,8.39,8.39
09-23-2016 12:59:00,200.0,8.38,8.38,8.37,8.37
09-23-2016 13:00:00,100.0,8.38,8.38,8.38,8.38
09-23-2016 13:01:00,100.0,8.37,8.37,8.37,8.37
09-23-2016 13:05:00,100.0,8.35,8.35,8.35,8.35
09-23-2016 13:12:00,400.0,8.35,8.37,8.35,8.37
09-23-2016 13:13:00,164.0,8.37,8.37,8.37,8.37
09-23-2016 13:18:00,200.0,8.3862,8.39,8.3862,8.39
09-23-2016 13:21:00,100.0,8.35,8.35,8.35,8.35
09-23-2016 13:22:00,500.0,8.35,8.37,8.35,8.37
09-23-2016 13:23:00,150.0,8.3601,8.3601,8.3601,8.3601
09-23-2016 13:29:00,600.0,8.38,8.38,8.36,8.38
09-23-2016 13:33:00,225.0,8.3945,8.3945,8.3945,8.3945
09-23-2016 13:36:00,1385.0,8.426,8.426,8.37,8.37
09-23-2016 13:38:00,100.0,8.38,8.38,8.38,8.38
09-23-2016 13:41:00,100.0,8.38,8.38,8.38,8.38
09-23-2016 13:48:00,500.0,8.39,8.4,8.38,8.38
09-23-2016 13:57:00,100.0,8.38,8.38,8.38,8.38
09-23-2016 13:59:00,200.0,8.37,8.37,8.37,8.37
09-23-2016 14:02:00,1100.0,8.38,8.39,8.38,8.38
09-23-2016 14:05:00,100.0,8.41,8.41,8.41,8.41
09-23-2016 14:09:00,100.0,8.38,8.38,8.38,8.38
09-23-2016 14:13:00,100.0,8.38,8.38,8.38,8.38
09-23-2016 14:14:00,400.0,8.39,8.4,8.39,8.4
09-23-2016 14:16:00,1200.0,8.3945,8.3945,8.37,8.37
09-23-2016 14:19:00,300.0,8.37,8.37,8.37,8.37
09-23-2016 14:21:00,100.0,8.37,8.37,8.37,8.37
09-23-2016 14:23:00,400.0,8.37,8.37,8.37,8.37
09-23-2016 14:26:00,500.0,8.36,8.36,8.36,8.36
09-23-2016 14:28:00,100.0,8.36,8.36,8.36,8.36
09-23-2016 14:30:00,800.0,8.36,8.36,8.35,8.35
09-23-2016 14:32:00,400.0,8.35,8.39,8.35,8.35
09-23-2016 14:34:00,200.0,8.35,8.3755,8.35,8.3755
09-23-2016 14:35:00,2500.0,8.35,8.3645,8.35,8.35
09-23-2016 14:36:00,200.0,8.35,8.35,8.35,8.35
09-23-2016 14:38:00,200.0,8.35,8.35,8.35,8.35
09-23-2016 14:39:00,300.0,8.35,8.35,8.35,8.35
09-23-2016 14:40:00,100.0,8.35,8.35,8.35,8.35
09-23-2016 14:41:00,600.0,8.35,8.35,8.35,8.35
09-23-2016 14:43:00,100.0,8.36,8.36,8.36,8.36
09-23-2016 14:44:00,826.0,8.35,8.38,8.35,8.36
09-23-2016 14:46:00,300.0,8.36,8.36,8.35,8.36
09-23-2016 14:47:00,100.0,8.35,8.35,8.35,8.35
09-23-2016 14:48:00,300.0,8.36,8.36,8.35,8.36
09-23-2016 14:50:00,700.0,8.36,8.37,8.35,8.37
09-23-2016 14:51:00,1327.0,8.39,8.4,8.35,8.38
09-23-2016 14:52:00,1550.0,8.4,8.4,8.35,8.4
09-23-2016 14:53:00,1200.0,8.4,8.4,8.36,8.39
09-23-2016 14:54:00,3100.0,8.4,8.4,8.36,8.4
09-23-2016 14:55:00,2650.0,8.4,8.41,8.36,8.4
09-23-2016 14:56:00,600.0,8.3992,8.3992,8.36,8.3747
09-23-2016 14:57:00,500.0,8.39,8.4,8.38,8.38
09-23-2016 14:58:00,400.0,8.37,8.37,8.37,8.37
09-23-2016 14:59:00,791.0,8.37,8.39,8.37,8.37
09-23-2016 15:00:00,1768.0,8.37,8.38,8.36,8.38
09-26-2016 08:30:00,306.0,8.31,8.31,8.31,8.31
09-26-2016 08:34:00,100.0,8.35,8.35,8.35,8.35
09-26-2016 08:36:00,300.0,8.275,8.275,8.25,8.25
09-26-2016 08:37:00,100.0,8.34,8.34,8.34,8.34
09-26-2016 08:40:00,270.0,8.33,8.33,8.199,8.199
09-26-2016 08:42:00,100.0,8.32,8.32,8.32,8.32
09-26-2016 08:46:00,300.0,8.28,8.31,8.28,8.31
09-26-2016 08:49:00,3100.0,8.29,8.38,8.27,8.38
09-26-2016 08:51:00,2000.0,8.484,8.484,8.484,8.484
09-26-2016 08:55:00,400.0,8.4725,8.4725,8.4725,8.4725
09-26-2016 08:58:00,200.0,8.5,8.5,8.5,8.5
09-26-2016 09:04:00,3300.0,8.53,8.59,8.51,8.59
09-26-2016 09:05:00,300.0,8.52,8.525,8.52,8.525
09-26-2016 09:06:00,900.0,8.525,8.59,8.525,8.53
09-26-2016 09:07:00,100.0,8.53,8.53,8.53,8.53
09-26-2016 09:13:00,4600.0,8.53,8.53,8.53,8.53
09-26-2016 09:14:00,4400.0,8.53,8.53,8.53,8.53
09-26-2016 09:15:00,600.0,8.49,8.535,8.49,8.535
09-26-2016 09:16:00,200.0,8.5,8.5,8.5,8.5
09-26-2016 09:18:00,100.0,8.485,8.485,8.485,8.485
09-26-2016 09:19:00,210.0,8.4101,8.4101,8.4101,8.4101
09-26-2016 09:25:00,100.0,8.48,8.48,8.48,8.48
09-26-2016 09:26:00,1505.0,8.41,8.48,8.3496,8.3496
09-26-2016 09:39:00,200.0,8.3,8.3,8.3,8.3
09-26-2016 09:46:00,200.0,8.3,8.3,8.3,8.3
09-26-2016 09:49:00,100.0,8.34,8.34,8.34,8.34
09-26-2016 09:51:00,100.0,8.3,8.3,8.3,8.3
09-26-2016 09:52:00,100.0,8.32,8.32,8.32,8.32
09-26-2016 09:53:00,100.0,8.3,8.3,8.3,8.3
09-26-2016 09:57:00,300.0,8.32,8.32,8.3,8.3
09-26-2016 09:58:00,100.0,8.3,8.3,8.3,8.3
09-26-2016 10:00:00,4900.0,8.21,8.24,8.16,8.16
09-26-2016 10:11:00,300.0,8.13,8.13,8.13,8.13
09-26-2016 10:14:00,200.0,8.13,8.13,8.13,8.13
09-26-2016 10:18:00,200.0,8.13,8.13,8.13,8.13
09-26-2016 10:19:00,900.0,8.16,8.1746,8.13,8.13
09-26-2016 10:21:00,200.0,8.13,8.16,8.13,8.16
09-26-2016 10:27:00,1000.0,8.14,8.18,8.14,8.14
09-26-2016 10:28:00,300.0,8.16,8.16,8.15,8.15
09-26-2016 10:30:00,100.0,8.14,8.14,8.14,8.14
09-26-2016 10:31:00,250.0,8.146,8.146,8.146,8.146
09-26-2016 10:33:00,500.0,8.16,8.18,8.16,8.18
09-26-2016 10:34:00,1700.0,8.2,8.2,8.13,8.2
09-26-2016 10:36:00,100.0,8.2,8.2,8.2,8.2
09-26-2016 10:40:00,100.0,8.2,8.2,8.2,8.2
09-26-2016 10:49:00,100.0,8.29,8.29,8.29,8.29
09-26-2016 11:31:00,200.0,8.29,8.3,8.29,8.3
09-26-2016 11:32:00,250.0,8.25,8.25,8.25,8.25
09-26-2016 11:37:00,100.0,8.25,8.25,8.25,8.25
09-26-2016 12:05:00,100.0,8.27,8.27,8.27,8.27
09-26-2016 12:06:00,100.0,8.25,8.25,8.25,8.25
09-26-2016 12:09:00,400.0,8.27,8.28,8.27,8.28
09-26-2016 12:12:00,300.0,8.2217,8.2217,8.2217,8.2217
09-26-2016 12:27:00,100.0,8.28,8.28,8.28,8.28
09-26-2016 12:43:00,300.0,8.34,8.34,8.26,8.27
09-26-2016 12:44:00,100.0,8.25,8.25,8.25,8.25
09-26-2016 12:45:00,100.0,8.25,8.25,8.25,8.25
09-26-2016 12:47:00,100.0,8.31,8.31,8.31,8.31
09-26-2016 12:55:00,100.0,8.25,8.25,8.25,8.25
09-26-2016 13:07:00,1250.0,8.2289,8.2289,8.2289,8.2289
09-26-2016 13:20:00,500.0,8.26,8.26,8.26,8.26
09-26-2016 13:21:00,400.0,8.27,8.31,8.26,8.26
09-26-2016 13:35:00,100.0,8.28,8.28,8.28,8.28
09-26-2016 13:51:00,200.0,8.3,8.35,8.3,8.35
09-26-2016 13:58:00,1100.0,8.34,8.35,8.34,8.35
09-26-2016 13:59:00,350.0,8.3172,8.3172,8.3172,8.3172
09-26-2016 14:04:00,100.0,8.36,8.36,8.36,8.36
09-26-2016 14:09:00,200.0,8.32,8.32,8.32,8.32
09-26-2016 14:24:00,500.0,8.34,8.34,8.34,8.34
09-26-2016 14:31:00,500.0,8.34,8.35,8.34,8.35
09-26-2016 14:34:00,100.0,8.38,8.38,8.38,8.38
09-26-2016 14:36:00,200.0,8.35,8.35,8.35,8.35
09-26-2016 14:38:00,200.0,8.36,8.36,8.36,8.36
09-26-2016 14:41:00,1000.0,8.3444,8.3444,8.3444,8.3444
09-26-2016 14:49:00,100.0,8.36,8.36,8.36,8.36
09-26-2016 14:54:00,100.0,8.36,8.36,8.36,8.36
09-26-2016 14:56:00,100.0,8.36,8.36,8.36,8.36
09-26-2016 15:00:00,295.0,8.33,8.36,8.33,8.36
09-27-2016 08:30:00,300.0,8.39,8.39,8.39,8.39
09-27-2016 08:34:00,180.0,8.3356,8.3356,8.3356,8.3356
09-27-2016 08:41:00,800.0,8.28,8.28,8.28,8.28
09-27-2016 08:43:00,100.0,8.4,8.4,8.4,8.4
09-27-2016 08:46:00,700.0,8.409,8.41,8.355,8.355
09-27-2016 08:48:00,1750.0,8.345,8.3819,8.345,8.3819
09-27-2016 09:01:00,400.0,8.48,8.48,8.48,8.48
09-27-2016 09:04:00,300.0,8.5178,8.55,8.5178,8.55
09-27-2016 09:06:00,200.0,8.47,8.48,8.47,8.48
09-27-2016 09:13:00,250.0,8.4452,8.4452,8.4452,8.4452
09-27-2016 09:15:00,120.0,8.5237,8.5237,8.5237,8.5237
09-27-2016 09:17:00,220.0,8.53,8.54,8.53,8.54
09-27-2016 09:22:00,1650.0,8.452,8.452,8.452,8.452
09-27-2016 09:23:00,200.0,8.54,8.54,8.54,8.54
09-27-2016 09:29:00,1080.0,8.51,8.51,8.5,8.5
09-27-2016 09:30:00,300.0,8.5,8.5,8.5,8.5
09-27-2016 09:31:00,300.0,8.51,8.51,8.51,8.51
09-27-2016 09:34:00,201.0,8.5,8.5,8.5,8.5
09-27-2016 09:43:00,100.0,8.46,8.46,8.46,8.46
09-27-2016 09:47:00,200.0,8.46,8.51,8.46,8.51
09-27-2016 09:48:00,100.0,8.46,8.46,8.46,8.46
09-27-2016 09:49:00,200.0,8.52,8.52,8.52,8.52
09-27-2016 10:00:00,4200.0,8.536,8.5399,8.505,8.505
09-27-2016 10:03:00,200.0,8.495,8.495,8.47,8.47
09-27-2016 10:05:00,200.0,8.49,8.49,8.47,8.47
09-27-2016 10:06:00,300.0,8.47,8.47,8.47,8.47
09-27-2016 10:07:00,100.0,8.42,8.42,8.42,8.42
09-27-2016 10:12:00,200.0,8.42,8.42,8.42,8.42
09-27-2016 10:16:00,100.0,8.34,8.34,8.34,8.34
09-27-2016 10:22:00,100.0,8.32,8.32,8.32,8.32
09-27-2016 10:31:00,1700.0,8.3799,8.3799,8.33,8.33
09-27-2016 10:33:00,100.0,8.36,8.36,8.36,8.36
09-27-2016 10:43:00,100.0,8.37,8.37,8.37,8.37
09-27-2016 10:46:00,4300.0,8.39,8.44,8.353,8.43
09-27-2016 10:47:00,100.0,8.34,8.34,8.34,8.34
09-27-2016 10:50:00,800.0,8.39,8.42,8.39,8.42
09-27-2016 10:51:00,400.0,8.42,8.42,8.42,8.42
09-27-2016 10:52:00,600.0,8.42,8.42,8.42,8.42
09-27-2016 10:53:00,200.0,8.42,8.42,8.42,8.42
09-27-2016 10:55:00,200.0,8.42,8.42,8.42,8.42
09-27-2016 10:57:00,200.0,8.42,8.42,8.42,8.42
09-27-2016 10:58:00,100.0,8.42,8.42,8.42,8.42
09-27-2016 10:59:00,200.0,8.42,8.42,8.42,8.42
09-27-2016 11:00:00,400.0,8.42,8.42,8.42,8.42
09-27-2016 11:02:00,100.0,8.42,8.42,8.42,8.42
09-27-2016 11:04:00,100.0,8.42,8.42,8.42,8.42
09-27-2016 11:06:00,200.0,8.42,8.42,8.42,8.42
09-27-2016 11:07:00,500.0,8.42,8.42,8.4,8.4
09-27-2016 11:08:00,100.0,8.4,8.4,8.4,8.4
09-27-2016 11:13:00,100.0,8.36,8.36,8.36,8.36
09-27-2016 11:15:00,100.0,8.36,8.36,8.36,8.36
09-27-2016 11:17:00,100.0,8.37,8.37,8.37,8.37
09-27-2016 11:26:00,100.0,8.37,8.37,8.37,8.37
09-27-2016 11:38:00,100.0,8.36,8.36,8.36,8.36
09-27-2016 11:46:00,100.0,8.36,8.36,8.36,8.36
09-27-2016 11:52:00,650.0,8.34,8.34,8.34,8.34
09-27-2016 12:03:00,100.0,8.34,8.34,8.34,8.34
09-27-2016 12:06:00,400.0,8.31,8.31,8.3,8.3
09-27-2016 12:20:00,200.0,8.31,8.31,8.3,8.3
09-27-2016 12:28:00,100.0,8.3208,8.3208,8.3208,8.3208
09-27-2016 12:30:00,4100.0,8.34,8.37,8.31,8.31
09-27-2016 12:37:00,2000.0,8.3024,8.3024,8.3024,8.3024
09-27-2016 12:44:00,100.0,8.3,8.3,8.3,8.3
09-27-2016 12:48:00,1000.0,8.3,8.3198,8.3,8.3198
09-27-2016 12:50:00,100.0,8.36,8.36,8.36,8.36
09-27-2016 12:56:00,100.0,8.3,8.3,8.3,8.3
09-27-2016 12:57:00,100.0,8.3,8.3,8.3,8.3
09-27-2016 13:08:00,1000.0,8.3163,8.3163,8.3163,8.3163
09-27-2016 13:09:00,200.0,8.29,8.29,8.29,8.29
09-27-2016 13:11:00,100.0,8.29,8.29,8.29,8.29
09-27-2016 13:13:00,200.0,8.31,8.31,8.31,8.31
09-27-2016 13:20:00,100.0,8.29,8.29,8.29,8.29
09-27-2016 13:22:00,100.0,8.35,8.35,8.35,8.35
09-27-2016 13:23:00,100.0,8.36,8.36,8.36,8.36
09-27-2016 13:26:00,200.0,8.36,8.36,8.36,8.36
09-27-2016 13:31:00,200.0,8.34,8.34,8.34,8.34
09-27-2016 13:34:00,100.0,8.31,8.31,8.31,8.31
09-27-2016 13:38:00,1100.0,8.34,8.37,8.34,8.35
09-27-2016 13:51:00,100.0,8.33,8.33,8.33,8.33
09-27-2016 13:52:00,100.0,8.29,8.29,8.29,8.29
09-27-2016 13:54:00,100.0,8.37,8.37,8.37,8.37
09-27-2016 13:56:00,100.0,8.37,8.37,8.37,8.37
09-27-2016 13:57:00,550.0,8.335,8.335,8.335,8.335
09-27-2016 14:03:00,100.0,8.29,8.29,8.29,8.29
09-27-2016 14:13:00,300.0,8.29,8.29,8.29,8.29
09-27-2016 14:14:00,100.0,8.3,8.3,8.3,8.3
09-27-2016 14:21:00,100.0,8.28,8.28,8.28,8.28
09-27-2016 14:22:00,100.0,8.28,8.28,8.28,8.28
09-27-2016 14:27:00,300.0,8.31,8.31,8.3,8.31
09-27-2016 14:28:00,100.0,8.29,8.29,8.29,8.29
09-27-2016 14:29:00,200.0,8.29,8.29,8.29,8.29
09-27-2016 14:35:00,100.0,8.28,8.28,8.28,8.28
09-27-2016 14:38:00,100.0,8.28,8.28,8.28,8.28
09-27-2016 14:40:00,200.0,8.32,8.32,8.32,8.32
09-27-2016 14:43:00,100.0,8.3,8.3,8.3,8.3
09-27-2016 14:47:00,100.0,8.3,8.3,8.3,8.3
09-27-2016 14:52:00,100.0,8.36,8.36,8.36,8.36
09-27-2016 14:53:00,200.0,8.36,8.36,8.3347,8.3347
09-27-2016 14:55:00,100.0,8.36,8.36,8.36,8.36
09-27-2016 14:56:00,100.0,8.36,8.36,8.36,8.36
09-27-2016 14:57:00,600.0,8.35,8.35,8.35,8.35
09-27-2016 14:59:00,100.0,8.36,8.36,8.36,8.36
09-27-2016 15:00:00,975.0,8.36,8.38,8.36,8.38
09-27-2016 15:03:00,89.0,8.5,8.5,8.5,8.5
