09-07-2016 08:30:00,2036.0,0.88,0.88,0.88,0.88
09-07-2016 08:32:00,5900.0,0.8894,0.8894,0.8894,0.8894
09-07-2016 08:34:00,300.0,0.89,0.89,0.89,0.89
09-07-2016 08:35:00,250.0,0.8853,0.8853,0.8853,0.8853
09-07-2016 08:36:00,1000.0,0.8811,0.8811,0.8811,0.8811
09-07-2016 08:46:00,100.0,0.8979,0.8979,0.8979,0.8979
09-07-2016 08:48:00,5442.0,0.8979,0.8979,0.88,0.88
09-07-2016 08:49:00,3331.0,0.8889,0.8889,0.88,0.8865
09-07-2016 08:50:00,200.0,0.8939,0.8939,0.8939,0.8939
09-07-2016 08:54:00,700.0,0.8935,0.8935,0.8935,0.8935
09-07-2016 08:56:00,100.0,0.8801,0.8801,0.8801,0.8801
09-07-2016 08:57:00,100.0,0.88,0.88,0.88,0.88
09-07-2016 08:58:00,100.0,0.8935,0.8935,0.8935,0.8935
09-07-2016 08:59:00,200.0,0.897,0.897,0.8801,0.8801
09-07-2016 09:00:00,975.0,0.8916,0.8916,0.8916,0.8916
09-07-2016 09:01:00,7500.0,0.8851,0.8851,0.8851,0.8851
09-07-2016 09:03:00,100.0,0.8804,0.8804,0.8804,0.8804
09-07-2016 09:04:00,100.0,0.8804,0.8804,0.8804,0.8804
09-07-2016 09:06:00,100.0,0.8804,0.8804,0.8804,0.8804
09-07-2016 09:08:00,100.0,0.8804,0.8804,0.8804,0.8804
09-07-2016 09:10:00,100.0,0.8805,0.8805,0.8805,0.8805
09-07-2016 09:11:00,100.0,0.8806,0.8806,0.8806,0.8806
09-07-2016 09:13:00,400.0,0.8806,0.89,0.8806,0.8808
09-07-2016 09:14:00,300.0,0.8808,0.8808,0.8808,0.8808
09-07-2016 09:15:00,200.0,0.8808,0.8808,0.8808,0.8808
09-07-2016 09:18:00,3900.0,0.8889,0.8889,0.8808,0.8861
09-07-2016 09:21:00,3400.0,0.896,0.897,0.8937,0.897
09-07-2016 09:22:00,200.0,0.897,0.897,0.897,0.897
09-07-2016 09:24:00,100.0,0.8961,0.8961,0.8961,0.8961
09-07-2016 09:25:00,2400.0,0.8912,0.897,0.8912,0.897
09-07-2016 09:33:00,1750.0,0.896,0.8969,0.896,0.8969
09-07-2016 09:35:00,2100.0,0.8968,0.8968,0.8967,0.8967
09-07-2016 09:39:00,100.0,0.897,0.897,0.897,0.897
09-07-2016 09:40:00,100.0,0.897,0.897,0.897,0.897
09-07-2016 09:42:00,200.0,0.897,0.897,0.897,0.897
09-07-2016 09:43:00,8727.0,0.8929,0.8951,0.8901,0.8922
09-07-2016 09:45:00,1220.0,0.881,0.881,0.881,0.881
09-07-2016 09:52:00,1000.0,0.8817,0.8817,0.8817,0.8817
09-07-2016 09:54:00,7150.0,0.8819,0.8888,0.8819,0.8887
09-07-2016 09:59:00,100.0,0.89,0.89,0.89,0.89
09-07-2016 10:00:00,100.0,0.897,0.897,0.897,0.897
09-07-2016 10:02:00,1200.0,0.8965,0.8965,0.8965,0.8965
09-07-2016 10:11:00,100.0,0.8965,0.8965,0.8965,0.8965
09-07-2016 10:17:00,7100.0,0.885,0.8862,0.88,0.88
09-07-2016 10:21:00,100.0,0.8716,0.8716,0.8716,0.8716
09-07-2016 10:27:00,100.0,0.88,0.88,0.88,0.88
09-07-2016 10:29:00,230.0,0.8756,0.8756,0.8756,0.8756
09-07-2016 10:37:00,100.0,0.88,0.88,0.88,0.88
09-07-2016 10:38:00,100.0,0.88,0.88,0.88,0.88
09-07-2016 10:43:00,100.0,0.8799,0.8799,0.8799,0.8799
09-07-2016 10:44:00,105.0,0.8799,0.8799,0.8799,0.8799
09-07-2016 10:45:00,2275.0,0.88,0.88,0.88,0.88
09-07-2016 10:49:00,100.0,0.88,0.88,0.88,0.88
09-07-2016 10:50:00,100.0,0.872,0.872,0.872,0.872
09-07-2016 10:52:00,100.0,0.88,0.88,0.88,0.88
09-07-2016 10:54:00,257.0,0.8722,0.8722,0.8722,0.8722
09-07-2016 10:56:00,5600.0,0.88,0.88,0.8799,0.8799
09-07-2016 11:00:00,100.0,0.895,0.895,0.895,0.895
09-07-2016 11:03:00,1100.0,0.8802,0.8875,0.8801,0.8802
09-07-2016 11:04:00,5100.0,0.8949,0.895,0.8949,0.895
09-07-2016 11:07:00,100.0,0.895,0.895,0.895,0.895
09-07-2016 11:10:00,2200.0,0.8946,0.8946,0.8946,0.8946
09-07-2016 11:18:00,700.0,0.895,0.895,0.895,0.895
09-07-2016 11:24:00,200.0,0.895,0.895,0.895,0.895
09-07-2016 11:26:00,200.0,0.8941,0.8941,0.8941,0.8941
09-07-2016 11:29:00,10000.0,0.895,0.895,0.895,0.895
09-07-2016 11:37:00,800.0,0.8816,0.8816,0.8816,0.8816
09-07-2016 11:38:00,100.0,0.8941,0.8941,0.8941,0.8941
09-07-2016 11:40:00,100.0,0.895,0.895,0.895,0.895
09-07-2016 11:51:00,100.0,0.8948,0.8948,0.8948,0.8948
09-07-2016 11:52:00,200.0,0.8809,0.895,0.8809,0.895
09-07-2016 11:57:00,200.0,0.8948,0.8948,0.8948,0.8948
09-07-2016 11:58:00,100.0,0.8948,0.8948,0.8948,0.8948
09-07-2016 11:59:00,300.0,0.8817,0.8817,0.8817,0.8817
09-07-2016 12:00:00,100.0,0.8812,0.8812,0.8812,0.8812
09-07-2016 12:04:00,100.0,0.8942,0.8942,0.8942,0.8942
09-07-2016 12:08:00,1000.0,0.8831,0.8831,0.8831,0.8831
09-07-2016 12:16:00,800.0,0.8942,0.895,0.8942,0.895
09-07-2016 12:17:00,100.0,0.895,0.895,0.895,0.895
09-07-2016 12:18:00,100.0,0.8948,0.8948,0.8948,0.8948
09-07-2016 12:20:00,5000.0,0.8818,0.8865,0.8815,0.8828
09-07-2016 12:21:00,100.0,0.8832,0.8832,0.8832,0.8832
09-07-2016 12:22:00,2050.0,0.8858,0.8858,0.8858,0.8858
09-07-2016 12:23:00,100.0,0.882,0.882,0.882,0.882
09-07-2016 12:24:00,200.0,0.8832,0.8832,0.8832,0.8832
09-07-2016 12:25:00,100.0,0.8884,0.8884,0.8884,0.8884
09-07-2016 12:26:00,200.0,0.882,0.882,0.882,0.882
09-07-2016 12:27:00,200.0,0.882,0.882,0.882,0.882
09-07-2016 12:28:00,200.0,0.882,0.882,0.882,0.882
09-07-2016 12:29:00,1325.0,0.891,0.891,0.882,0.882
09-07-2016 12:31:00,200.0,0.882,0.8941,0.882,0.8941
09-07-2016 12:32:00,300.0,0.8827,0.8827,0.882,0.882
09-07-2016 12:33:00,550.0,0.8821,0.893,0.8821,0.887
09-07-2016 12:34:00,200.0,0.8823,0.8823,0.8823,0.8823
09-07-2016 12:35:00,200.0,0.8824,0.8824,0.8824,0.8824
09-07-2016 12:36:00,200.0,0.8825,0.8825,0.8825,0.8825
09-07-2016 12:41:00,200.0,0.893,0.893,0.893,0.893
09-07-2016 12:44:00,100.0,0.893,0.893,0.893,0.893
09-07-2016 12:50:00,200.0,0.892,0.892,0.8889,0.8889
09-07-2016 12:51:00,100.0,0.8828,0.8828,0.8828,0.8828
09-07-2016 13:00:00,100.0,0.895,0.895,0.895,0.895
09-07-2016 13:04:00,400.0,0.8829,0.889,0.8829,0.889
09-07-2016 13:06:00,100.0,0.893,0.893,0.893,0.893
09-07-2016 13:07:00,2000.0,0.892,0.895,0.8903,0.8927
09-07-2016 13:08:00,2100.0,0.895,0.895,0.893,0.895
09-07-2016 13:09:00,1700.0,0.8973,0.8997,0.8973,0.8997
09-07-2016 13:16:00,100.0,0.8946,0.8946,0.8946,0.8946
09-07-2016 13:18:00,300.0,0.892,0.892,0.892,0.892
09-07-2016 13:19:00,700.0,0.899,0.9,0.899,0.9
09-07-2016 13:20:00,100.0,0.8964,0.8964,0.8964,0.8964
09-07-2016 13:22:00,100.0,0.9,0.9,0.9,0.9
09-07-2016 13:23:00,600.0,0.9,0.91,0.9,0.91
09-07-2016 13:25:00,700.0,0.9008,0.9008,0.9003,0.9003
09-07-2016 13:26:00,300.0,0.901,0.901,0.901,0.901
09-07-2016 13:30:00,5650.0,0.91,0.91,0.906,0.906
09-07-2016 13:37:00,700.0,0.9124,0.9124,0.9124,0.9124
09-07-2016 13:38:00,5000.0,0.9148,0.9148,0.9148,0.9148
09-07-2016 13:39:00,200.0,0.9148,0.9148,0.9148,0.9148
09-07-2016 13:43:00,3050.0,0.9175,0.92,0.9175,0.92
09-07-2016 13:46:00,2500.0,0.92,0.92,0.92,0.92
09-07-2016 13:47:00,800.0,0.9154,0.9154,0.9146,0.9146
09-07-2016 13:54:00,200.0,0.9012,0.9012,0.9012,0.9012
09-07-2016 13:55:00,1100.0,0.91,0.91,0.9016,0.9016
09-07-2016 13:57:00,100.0,0.9021,0.9021,0.9021,0.9021
09-07-2016 13:58:00,100.0,0.9023,0.9023,0.9023,0.9023
09-07-2016 13:59:00,100.0,0.9067,0.9067,0.9067,0.9067
09-07-2016 14:01:00,700.0,0.9069,0.91,0.9069,0.9092
09-07-2016 14:02:00,100.0,0.9094,0.9094,0.9094,0.9094
09-07-2016 14:03:00,1400.0,0.9099,0.9099,0.9098,0.9099
09-07-2016 14:05:00,200.0,0.9099,0.9099,0.9099,0.9099
09-07-2016 14:06:00,100.0,0.9099,0.9099,0.9099,0.9099
09-07-2016 14:07:00,100.0,0.9099,0.9099,0.9099,0.9099
09-07-2016 14:08:00,100.0,0.9099,0.9099,0.9099,0.9099
09-07-2016 14:09:00,100.0,0.9099,0.9099,0.9099,0.9099
09-07-2016 14:10:00,200.0,0.9099,0.9099,0.9098,0.9098
09-07-2016 14:11:00,100.0,0.9096,0.9096,0.9096,0.9096
09-07-2016 14:12:00,100.0,0.9094,0.9094,0.9094,0.9094
09-07-2016 14:13:00,200.0,0.91,0.91,0.9095,0.9095
09-07-2016 14:14:00,100.0,0.9096,0.9096,0.9096,0.9096
09-07-2016 14:15:00,200.0,0.9098,0.9099,0.9098,0.9099
09-07-2016 14:16:00,100.0,0.9099,0.9099,0.9099,0.9099
09-07-2016 14:17:00,100.0,0.9099,0.9099,0.9099,0.9099
09-07-2016 14:18:00,100.0,0.9099,0.9099,0.9099,0.9099
09-07-2016 14:19:00,300.0,0.9099,0.9101,0.9099,0.9101
09-07-2016 14:20:00,100.0,0.9106,0.9106,0.9106,0.9106
09-07-2016 14:21:00,100.0,0.9108,0.9108,0.9108,0.9108
09-07-2016 14:22:00,100.0,0.9106,0.9106,0.9106,0.9106
09-07-2016 14:23:00,100.0,0.9106,0.9106,0.9106,0.9106
09-07-2016 14:24:00,200.0,0.912,0.912,0.9109,0.9109
09-07-2016 14:25:00,300.0,0.9109,0.9194,0.9109,0.9112
09-07-2016 14:26:00,100.0,0.9113,0.9113,0.9113,0.9113
09-07-2016 14:27:00,200.0,0.9115,0.9116,0.9115,0.9116
09-07-2016 14:28:00,100.0,0.9118,0.9118,0.9118,0.9118
09-07-2016 14:29:00,200.0,0.9118,0.9119,0.9118,0.9119
09-07-2016 14:30:00,100.0,0.912,0.912,0.912,0.912
09-07-2016 14:31:00,200.0,0.9121,0.9122,0.9121,0.9122
09-07-2016 14:33:00,200.0,0.9122,0.9122,0.9122,0.9122
09-07-2016 14:34:00,100.0,0.9122,0.9122,0.9122,0.9122
09-07-2016 14:35:00,100.0,0.9122,0.9122,0.9122,0.9122
09-07-2016 14:36:00,300.0,0.9122,0.9122,0.9122,0.9122
09-07-2016 14:37:00,300.0,0.9122,0.9122,0.9121,0.9121
09-07-2016 14:38:00,300.0,0.901,0.9095,0.901,0.901
09-07-2016 14:39:00,200.0,0.901,0.901,0.901,0.901
09-07-2016 14:40:00,200.0,0.901,0.901,0.901,0.901
09-07-2016 14:41:00,1800.0,0.9099,0.9099,0.901,0.901
09-07-2016 14:42:00,300.0,0.9099,0.9099,0.901,0.901
09-07-2016 14:43:00,200.0,0.901,0.9055,0.901,0.9055
09-07-2016 14:44:00,294.0,0.901,0.9099,0.901,0.9099
09-07-2016 14:45:00,300.0,0.901,0.901,0.901,0.901
09-07-2016 14:46:00,200.0,0.901,0.901,0.901,0.901
09-07-2016 14:47:00,200.0,0.901,0.901,0.901,0.901
09-07-2016 14:48:00,300.0,0.901,0.9055,0.901,0.9055
09-07-2016 14:49:00,200.0,0.901,0.901,0.901,0.901
09-07-2016 14:50:00,400.0,0.901,0.901,0.901,0.901
09-07-2016 14:51:00,300.0,0.901,0.901,0.901,0.901
09-07-2016 14:52:00,300.0,0.901,0.901,0.901,0.901
09-07-2016 14:53:00,300.0,0.901,0.901,0.901,0.901
09-07-2016 14:54:00,300.0,0.901,0.901,0.901,0.901
09-07-2016 14:55:00,600.0,0.9054,0.9054,0.901,0.901
09-07-2016 14:56:00,3846.0,0.9011,0.9013,0.9,0.9
09-07-2016 14:57:00,300.0,0.9,0.9,0.9,0.9
09-07-2016 14:58:00,600.0,0.9,0.9,0.9,0.9
09-07-2016 14:59:00,1150.0,0.9,0.9013,0.9,0.9
09-07-2016 15:00:00,4238.0,0.8979,0.8979,0.8801,0.8801
09-08-2016 08:30:00,263.0,0.8808,0.8808,0.8808,0.8808
09-08-2016 08:31:00,4100.0,0.8948,0.8948,0.8948,0.8948
09-08-2016 08:35:00,2498.0,0.8925,0.8925,0.89,0.89
09-08-2016 08:36:00,2500.0,0.8866,0.8866,0.8866,0.8866
09-08-2016 08:37:00,18443.0,0.8872,0.8899,0.8801,0.8801
09-08-2016 08:38:00,1000.0,0.8802,0.8802,0.8802,0.8802
09-08-2016 08:39:00,400.0,0.8885,0.8885,0.8885,0.8885
09-08-2016 08:41:00,200.0,0.8898,0.8898,0.8802,0.8802
09-08-2016 08:45:00,100.0,0.8802,0.8802,0.8802,0.8802
09-08-2016 08:49:00,100.0,0.8802,0.8802,0.8802,0.8802
09-08-2016 08:50:00,100.0,0.8802,0.8802,0.8802,0.8802
09-08-2016 08:53:00,600.0,0.888,0.888,0.8802,0.8802
09-08-2016 08:54:00,3000.0,0.8802,0.8866,0.8802,0.8866
09-08-2016 08:56:00,100.0,0.8802,0.8802,0.8802,0.8802
09-08-2016 08:58:00,100.0,0.8811,0.8811,0.8811,0.8811
09-08-2016 09:05:00,100.0,0.8865,0.8865,0.8865,0.8865
09-08-2016 09:06:00,300.0,0.8865,0.8865,0.8865,0.8865
09-08-2016 09:09:00,5678.0,0.8822,0.8822,0.88,0.88
09-08-2016 09:10:00,1800.0,0.88,0.88,0.88,0.88
09-08-2016 09:11:00,100.0,0.88,0.88,0.88,0.88
09-08-2016 09:13:00,300.0,0.88,0.88,0.8799,0.8799
09-08-2016 09:15:00,100.0,0.88,0.88,0.88,0.88
09-08-2016 09:16:00,1000.0,0.879,0.879,0.879,0.879
09-08-2016 09:19:00,200.0,0.88,0.88,0.88,0.88
09-08-2016 09:20:00,2420.0,0.88,0.88,0.879,0.879
09-08-2016 09:21:00,1311.0,0.88,0.88,0.88,0.88
09-08-2016 09:22:00,300.0,0.88,0.88,0.88,0.88
09-08-2016 09:23:00,1000.0,0.8799,0.88,0.8799,0.88
09-08-2016 09:30:00,4678.0,0.8704,0.8704,0.8704,0.8704
09-08-2016 09:31:00,130.0,0.8799,0.8799,0.8799,0.8799
09-08-2016 09:34:00,100.0,0.875,0.875,0.875,0.875
09-08-2016 09:36:00,550.0,0.878,0.878,0.878,0.878
09-08-2016 09:40:00,1000.0,0.88,0.88,0.88,0.88
09-08-2016 09:41:00,24442.0,0.88,0.88,0.87,0.87
09-08-2016 09:42:00,100.0,0.8703,0.8703,0.8703,0.8703
09-08-2016 09:43:00,1240.0,0.88,0.88,0.8708,0.8708
09-08-2016 09:47:00,200.0,0.88,0.88,0.88,0.88
09-08-2016 09:51:00,100.0,0.88,0.88,0.88,0.88
09-08-2016 09:53:00,100.0,0.88,0.88,0.88,0.88
09-08-2016 09:56:00,2150.0,0.88,0.88,0.8798,0.8798
09-08-2016 10:02:00,100.0,0.885,0.885,0.885,0.885
09-08-2016 10:06:00,100.0,0.885,0.885,0.885,0.885
09-08-2016 10:11:00,100.0,0.885,0.885,0.885,0.885
09-08-2016 10:15:00,2150.0,0.8799,0.8799,0.8799,0.8799
09-08-2016 10:18:00,149.0,0.88,0.88,0.88,0.88
09-08-2016 10:20:00,100.0,0.8826,0.8826,0.8826,0.8826
09-08-2016 10:27:00,100.0,0.8903,0.8903,0.8903,0.8903
09-08-2016 10:29:00,100.0,0.8903,0.8903,0.8903,0.8903
09-08-2016 10:34:00,8600.0,0.8969,0.897,0.8873,0.897
09-08-2016 10:38:00,100.0,0.897,0.897,0.897,0.897
09-08-2016 10:39:00,100.0,0.9,0.9,0.9,0.9
09-08-2016 10:40:00,2700.0,0.8906,0.8906,0.89,0.89
09-08-2016 10:43:00,1000.0,0.89,0.89,0.89,0.89
09-08-2016 10:44:00,1000.0,0.89,0.89,0.89,0.89
09-08-2016 10:45:00,100.0,0.89,0.89,0.89,0.89
09-08-2016 10:49:00,200.0,0.89,0.89,0.89,0.89
09-08-2016 10:52:00,100.0,0.89,0.89,0.89,0.89
09-08-2016 11:00:00,100.0,0.89,0.89,0.89,0.89
09-08-2016 11:11:00,600.0,0.8838,0.89,0.8838,0.89
09-08-2016 11:14:00,200.0,0.885,0.885,0.885,0.885
09-08-2016 11:15:00,500.0,0.882,0.882,0.882,0.882
09-08-2016 11:17:00,200.0,0.8894,0.8894,0.8894,0.8894
09-08-2016 11:22:00,200.0,0.8898,0.8898,0.8898,0.8898
09-08-2016 11:31:00,995.0,0.885,0.885,0.885,0.885
09-08-2016 11:37:00,200.0,0.89,0.89,0.89,0.89
09-08-2016 11:42:00,2100.0,0.8824,0.8824,0.8824,0.8824
09-08-2016 11:47:00,1300.0,0.8824,0.8824,0.8824,0.8824
09-08-2016 11:48:00,500.0,0.8824,0.8824,0.8824,0.8824
09-08-2016 11:50:00,4100.0,0.8825,0.8825,0.8825,0.8825
09-08-2016 11:52:00,4200.0,0.8824,0.8824,0.8824,0.8824
09-08-2016 11:53:00,1500.0,0.8824,0.8824,0.8824,0.8824
09-08-2016 11:54:00,400.0,0.8824,0.8824,0.8824,0.8824
09-08-2016 11:56:00,100.0,0.8843,0.8843,0.8843,0.8843
09-08-2016 12:00:00,200.0,0.8829,0.8829,0.8829,0.8829
09-08-2016 12:02:00,5400.0,0.89,0.89,0.8835,0.8835
09-08-2016 12:08:00,1318.0,0.8925,0.8959,0.8925,0.8925
09-08-2016 12:12:00,100.0,0.9,0.9,0.9,0.9
09-08-2016 12:20:00,100.0,0.9,0.9,0.9,0.9
09-08-2016 12:24:00,100.0,0.9,0.9,0.9,0.9
09-08-2016 12:25:00,5000.0,0.8999,0.8999,0.8999,0.8999
09-08-2016 12:26:00,11800.0,0.8966,0.9,0.8966,0.8972
09-08-2016 12:37:00,100.0,0.9,0.9,0.9,0.9
09-08-2016 12:47:00,10580.0,0.8933,0.8933,0.8713,0.8713
09-08-2016 12:53:00,200.0,0.88,0.88,0.88,0.88
09-08-2016 13:01:00,3744.0,0.88,0.88,0.8751,0.88
09-08-2016 13:11:00,100.0,0.89,0.89,0.89,0.89
09-08-2016 13:12:00,100.0,0.89,0.89,0.89,0.89
09-08-2016 13:22:00,100.0,0.89,0.89,0.89,0.89
09-08-2016 13:25:00,100.0,0.89,0.89,0.89,0.89
09-08-2016 13:32:00,100.0,0.8902,0.8902,0.8902,0.8902
09-08-2016 13:43:00,100.0,0.8902,0.8902,0.8902,0.8902
09-08-2016 13:46:00,231.0,0.886,0.8906,0.886,0.8906
09-08-2016 13:53:00,100.0,0.8906,0.8906,0.8906,0.8906
09-08-2016 13:55:00,5000.0,0.8855,0.8855,0.8855,0.8855
09-08-2016 14:03:00,100.0,0.8985,0.8985,0.8985,0.8985
09-08-2016 14:12:00,100.0,0.8918,0.8918,0.8918,0.8918
09-08-2016 14:20:00,100.0,0.8913,0.8913,0.8913,0.8913
09-08-2016 14:28:00,200.0,0.8985,0.8985,0.8985,0.8985
09-08-2016 14:31:00,131.0,0.9,0.9,0.9,0.9
09-08-2016 14:35:00,100.0,0.9,0.9,0.9,0.9
09-08-2016 14:41:00,100.0,0.8926,0.8926,0.8926,0.8926
09-08-2016 14:46:00,100.0,0.9,0.9,0.9,0.9
09-08-2016 14:47:00,100.0,0.9,0.9,0.9,0.9
09-08-2016 14:50:00,100.0,0.9,0.9,0.9,0.9
09-08-2016 14:53:00,100.0,0.9,0.9,0.9,0.9
09-08-2016 14:55:00,200.0,0.8903,0.9,0.8903,0.9
09-08-2016 14:56:00,300.0,0.9,0.9,0.9,0.9
09-08-2016 14:57:00,269.0,0.9,0.9,0.9,0.9
09-08-2016 14:58:00,400.0,0.9,0.9,0.9,0.9
09-08-2016 14:59:00,290.0,0.9,0.901,0.9,0.901
09-08-2016 15:00:00,100.0,0.9014,0.9014,0.9014,0.9014
09-09-2016 08:20:00,133.0,0.8601,0.8601,0.8601,0.8601
09-09-2016 08:30:00,803.0,0.9,0.9,0.9,0.9
09-09-2016 08:31:00,2000.0,0.9001,0.9001,0.9001,0.9001
09-09-2016 08:35:00,808.0,0.9,0.9025,0.9,0.9
09-09-2016 08:36:00,300.0,0.8962,0.8962,0.8962,0.8962
09-09-2016 08:38:00,1531.0,0.8962,0.8962,0.8813,0.8813
09-09-2016 08:39:00,100.0,0.88,0.88,0.88,0.88
09-09-2016 08:40:00,1550.0,0.8932,0.8932,0.88,0.88
09-09-2016 08:42:00,200.0,0.88,0.88,0.88,0.88
09-09-2016 08:43:00,1200.0,0.892,0.892,0.892,0.892
09-09-2016 08:46:00,100.0,0.8921,0.8921,0.8921,0.8921
09-09-2016 08:49:00,1200.0,0.901,0.901,0.8927,0.8927
09-09-2016 08:51:00,200.0,0.901,0.901,0.9009,0.9009
09-09-2016 08:52:00,4500.0,0.901,0.901,0.8802,0.8802
09-09-2016 08:53:00,700.0,0.8804,0.8804,0.88,0.88
09-09-2016 08:54:00,3354.0,0.8802,0.8802,0.88,0.88
09-09-2016 08:55:00,100.0,0.88,0.88,0.88,0.88
09-09-2016 08:56:00,200.0,0.88,0.88,0.88,0.88
09-09-2016 08:57:00,10126.0,0.88,0.88,0.8704,0.8704
09-09-2016 08:58:00,1800.0,0.8704,0.8765,0.8704,0.8704
09-09-2016 08:59:00,100.0,0.8706,0.8706,0.8706,0.8706
09-09-2016 09:00:00,100.0,0.8704,0.8704,0.8704,0.8704
09-09-2016 09:08:00,3449.0,0.8802,0.892,0.8802,0.892
09-09-2016 09:09:00,1000.0,0.8954,0.8954,0.8832,0.8832
09-09-2016 09:27:00,300.0,0.8964,0.8999,0.8964,0.8999
09-09-2016 09:36:00,100.0,0.9,0.9,0.9,0.9
09-09-2016 09:38:00,100.0,0.8998,0.8998,0.8998,0.8998
09-09-2016 09:46:00,100.0,0.8999,0.8999,0.8999,0.8999
09-09-2016 09:54:00,1000.0,0.8998,0.8998,0.8996,0.8996
09-09-2016 09:56:00,100.0,0.8998,0.8998,0.8998,0.8998
09-09-2016 10:03:00,9692.0,0.8904,0.8904,0.87,0.87
09-09-2016 10:05:00,600.0,0.8904,0.8904,0.8904,0.8904
09-09-2016 10:08:00,100.0,0.8904,0.8904,0.8904,0.8904
09-09-2016 10:16:00,100.0,0.89,0.89,0.89,0.89
09-09-2016 10:17:00,1700.0,0.892,0.8978,0.8826,0.8978
09-09-2016 10:20:00,2000.0,0.8999,0.9,0.892,0.9
09-09-2016 10:25:00,200.0,0.8998,0.8999,0.8998,0.8999
09-09-2016 10:27:00,100.0,0.8999,0.8999,0.8999,0.8999
09-09-2016 10:38:00,100.0,0.8959,0.8959,0.8959,0.8959
09-09-2016 10:46:00,100.0,0.894,0.894,0.894,0.894
09-09-2016 10:49:00,1000.0,0.8939,0.8939,0.8939,0.8939
09-09-2016 10:50:00,300.0,0.8939,0.8939,0.8939,0.8939
09-09-2016 10:55:00,748.0,0.892,0.892,0.892,0.892
09-09-2016 11:00:00,6999.0,0.893,0.893,0.8841,0.8841
09-09-2016 11:10:00,19932.0,0.8801,0.884,0.87,0.87
09-09-2016 11:14:00,100.0,0.8869,0.8869,0.8869,0.8869
09-09-2016 11:17:00,3250.0,0.8794,0.888,0.8794,0.888
09-09-2016 11:28:00,300.0,0.8878,0.8879,0.88,0.8879
09-09-2016 11:29:00,5166.0,0.8878,0.8878,0.88,0.8878
09-09-2016 11:34:00,4600.0,0.8878,0.8878,0.8864,0.8864
09-09-2016 11:41:00,100.0,0.8861,0.8861,0.8861,0.8861
09-09-2016 11:46:00,1200.0,0.886,0.886,0.882,0.882
09-09-2016 11:47:00,200.0,0.8838,0.8838,0.882,0.882
09-09-2016 11:48:00,985.0,0.882,0.8863,0.882,0.8863
09-09-2016 11:53:00,100.0,0.886,0.886,0.886,0.886
09-09-2016 11:57:00,300.0,0.8862,0.8862,0.8862,0.8862
09-09-2016 12:06:00,1100.0,0.8865,0.8868,0.8862,0.8868
09-09-2016 12:14:00,950.0,0.886,0.886,0.88,0.88
09-09-2016 12:16:00,100.0,0.8866,0.8866,0.8866,0.8866
09-09-2016 12:17:00,100.0,0.887,0.887,0.887,0.887
09-09-2016 12:19:00,100.0,0.8869,0.8869,0.8869,0.8869
09-09-2016 12:23:00,2247.0,0.8873,0.8874,0.8868,0.8868
09-09-2016 12:24:00,3500.0,0.88,0.88,0.88,0.88
09-09-2016 12:28:00,100.0,0.8865,0.8865,0.8865,0.8865
09-09-2016 12:32:00,3500.0,0.8847,0.8847,0.8847,0.8847
09-09-2016 12:33:00,100.0,0.88,0.88,0.88,0.88
09-09-2016 12:37:00,100.0,0.8873,0.8873,0.8873,0.8873
09-09-2016 12:44:00,200.0,0.8873,0.8873,0.8873,0.8873
09-09-2016 12:49:00,100.0,0.8873,0.8873,0.8873,0.8873
09-09-2016 12:54:00,100.0,0.8871,0.8871,0.8871,0.8871
09-09-2016 13:03:00,100.0,0.8872,0.8872,0.8872,0.8872
09-09-2016 13:04:00,900.0,0.8873,0.8873,0.8873,0.8873
09-09-2016 13:07:00,100.0,0.887,0.887,0.887,0.887
09-09-2016 13:19:00,232.0,0.8873,0.8874,0.8873,0.8874
09-09-2016 13:21:00,100.0,0.8873,0.8873,0.8873,0.8873
09-09-2016 13:30:00,200.0,0.8873,0.8873,0.8873,0.8873
09-09-2016 13:31:00,100.0,0.8873,0.8873,0.8873,0.8873
09-09-2016 13:36:00,100.0,0.8877,0.8877,0.8877,0.8877
09-09-2016 13:47:00,100.0,0.8879,0.8879,0.8879,0.8879
09-09-2016 13:54:00,3250.0,0.8802,0.8878,0.8802,0.8878
09-09-2016 14:02:00,5300.0,0.8854,0.8878,0.8854,0.8878
09-09-2016 14:03:00,1400.0,0.8879,0.8879,0.8879,0.8879
09-09-2016 14:07:00,10000.0,0.8879,0.8879,0.884,0.884
09-09-2016 14:08:00,800.0,0.8878,0.8878,0.8878,0.8878
09-09-2016 14:10:00,200.0,0.8879,0.8879,0.8879,0.8879
09-09-2016 14:11:00,700.0,0.8845,0.8878,0.8845,0.8878
09-09-2016 14:13:00,100.0,0.885,0.885,0.885,0.885
09-09-2016 14:16:00,100.0,0.8849,0.8849,0.8849,0.8849
09-09-2016 14:19:00,100.0,0.8849,0.8849,0.8849,0.8849
09-09-2016 14:23:00,100.0,0.8849,0.8849,0.8849,0.8849
09-09-2016 14:24:00,200.0,0.885,0.885,0.885,0.885
09-09-2016 14:27:00,100.0,0.8849,0.8849,0.8849,0.8849
09-09-2016 14:32:00,100.0,0.8849,0.8849,0.8849,0.8849
09-09-2016 14:33:00,1700.0,0.8802,0.8849,0.8802,0.8849
09-09-2016 14:36:00,100.0,0.885,0.885,0.885,0.885
09-09-2016 14:39:00,100.0,0.8849,0.8849,0.8849,0.8849
09-09-2016 14:40:00,300.0,0.8849,0.8849,0.8849,0.8849
09-09-2016 14:42:00,200.0,0.8849,0.8849,0.8849,0.8849
09-09-2016 14:43:00,200.0,0.8849,0.8849,0.8849,0.8849
09-09-2016 14:45:00,100.0,0.8849,0.8849,0.8849,0.8849
09-09-2016 14:46:00,100.0,0.8849,0.8849,0.8849,0.8849
09-09-2016 14:47:00,100.0,0.8849,0.8849,0.8849,0.8849
09-09-2016 14:48:00,100.0,0.8849,0.8849,0.8849,0.8849
09-09-2016 14:49:00,100.0,0.8849,0.8849,0.8849,0.8849
09-09-2016 14:50:00,100.0,0.8849,0.8849,0.8849,0.8849
09-09-2016 14:51:00,200.0,0.8849,0.8849,0.8849,0.8849
09-09-2016 14:52:00,2000.0,0.8849,0.8852,0.8849,0.8852
09-09-2016 14:53:00,200.0,0.8852,0.8852,0.8852,0.8852
09-09-2016 14:54:00,900.0,0.8852,0.8852,0.8851,0.8852
09-09-2016 14:56:00,2200.0,0.8852,0.8852,0.8852,0.8852
09-09-2016 14:58:00,200.0,0.8852,0.8852,0.8852,0.8852
09-09-2016 14:59:00,300.0,0.8852,0.8852,0.8852,0.8852
09-09-2016 15:00:00,3170.0,0.8852,0.8852,0.8802,0.8802
09-12-2016 07:00:00,1700.0,0.85,0.85,0.85,0.85
09-12-2016 07:09:00,1000.0,0.8601,0.8601,0.8601,0.8601
09-12-2016 07:18:00,900.0,0.8601,0.8601,0.8601,0.8601
09-12-2016 08:28:00,2000.0,0.8601,0.8601,0.8601,0.8601
09-12-2016 08:30:00,3423.0,0.875,0.875,0.875,0.875
09-12-2016 08:31:00,23200.0,0.875,0.8775,0.861,0.861
09-12-2016 08:32:00,200.0,0.8611,0.8611,0.8611,0.8611
09-12-2016 08:33:00,5000.0,0.8746,0.8746,0.8746,0.8746
09-12-2016 08:39:00,22480.0,0.861,0.8627,0.85,0.8573
09-12-2016 08:40:00,10936.0,0.8501,0.86,0.85,0.86
09-12-2016 08:44:00,350.0,0.85,0.874,0.85,0.874
09-12-2016 08:47:00,1554.0,0.8739,0.8739,0.85,0.859
09-12-2016 08:50:00,4736.0,0.86,0.86,0.85,0.85
09-12-2016 08:53:00,5448.0,0.8598,0.86,0.8524,0.86
09-12-2016 08:58:00,1000.0,0.8644,0.8644,0.8644,0.8644
09-12-2016 09:00:00,200.0,0.8699,0.8699,0.8699,0.8699
09-12-2016 09:01:00,3500.0,0.8698,0.8699,0.8698,0.8699
09-12-2016 09:03:00,542.0,0.8699,0.8699,0.8699,0.8699
09-12-2016 09:08:00,100.0,0.8699,0.8699,0.8699,0.8699
09-12-2016 09:15:00,1300.0,0.8699,0.8719,0.8699,0.8719
09-12-2016 09:16:00,600.0,0.87,0.87,0.87,0.87
09-12-2016 09:17:00,200.0,0.87,0.87,0.87,0.87
09-12-2016 09:18:00,300.0,0.87,0.87,0.87,0.87
09-12-2016 09:19:00,1426.0,0.87,0.8709,0.87,0.8709
09-12-2016 09:23:00,1000.0,0.8701,0.8701,0.8701,0.8701
09-12-2016 09:24:00,200.0,0.88,0.88,0.88,0.88
09-12-2016 09:27:00,100.0,0.8767,0.8767,0.8767,0.8767
09-12-2016 09:28:00,400.0,0.875,0.875,0.8701,0.8701
09-12-2016 09:31:00,500.0,0.8799,0.8799,0.8799,0.8799
09-12-2016 09:35:00,550.0,0.8799,0.8799,0.8799,0.8799
09-12-2016 09:36:00,100.0,0.8799,0.8799,0.8799,0.8799
09-12-2016 09:43:00,200.0,0.8799,0.8799,0.8799,0.8799
09-12-2016 09:44:00,100.0,0.8799,0.8799,0.8799,0.8799
09-12-2016 09:46:00,200.0,0.8799,0.8799,0.8799,0.8799
09-12-2016 09:54:00,200.0,0.88,0.88,0.88,0.88
09-12-2016 10:03:00,100.0,0.88,0.88,0.88,0.88
09-12-2016 10:04:00,400.0,0.8704,0.8704,0.8704,0.8704
09-12-2016 10:13:00,100.0,0.88,0.88,0.88,0.88
09-12-2016 10:16:00,2000.0,0.8705,0.8794,0.8705,0.8794
09-12-2016 10:20:00,100.0,0.88,0.88,0.88,0.88
09-12-2016 10:23:00,786.0,0.8705,0.8705,0.8705,0.8705
09-12-2016 10:26:00,200.0,0.88,0.88,0.88,0.88
09-12-2016 10:28:00,4700.0,0.8799,0.88,0.8799,0.8799
09-12-2016 10:29:00,300.0,0.8805,0.8805,0.8805,0.8805
09-12-2016 10:34:00,400.0,0.8773,0.8809,0.8773,0.8809
09-12-2016 10:46:00,100.0,0.886,0.886,0.886,0.886
09-12-2016 10:55:00,10000.0,0.8782,0.8782,0.8701,0.8701
09-12-2016 11:08:00,1000.0,0.8761,0.8761,0.8761,0.8761
09-12-2016 11:20:00,100.0,0.8846,0.8846,0.8846,0.8846
09-12-2016 11:23:00,100.0,0.886,0.886,0.886,0.886
09-12-2016 11:26:00,200.0,0.8865,0.8865,0.8865,0.8865
09-12-2016 11:33:00,1000.0,0.8861,0.8861,0.8861,0.8861
09-12-2016 11:35:00,1000.0,0.8861,0.8861,0.8861,0.8861
09-12-2016 11:50:00,100.0,0.89,0.89,0.89,0.89
09-12-2016 11:53:00,100.0,0.8721,0.8721,0.8721,0.8721
09-12-2016 11:54:00,3000.0,0.8793,0.8793,0.8793,0.8793
09-12-2016 11:55:00,1000.0,0.8826,0.8826,0.8826,0.8826
09-12-2016 12:05:00,200.0,0.89,0.89,0.89,0.89
09-12-2016 12:08:00,9948.0,0.8725,0.88,0.87,0.87
09-12-2016 12:11:00,12000.0,0.87,0.87,0.87,0.87
09-12-2016 12:12:00,2450.0,0.87,0.87,0.87,0.87
09-12-2016 12:21:00,100.0,0.89,0.89,0.89,0.89
09-12-2016 12:28:00,100.0,0.889,0.889,0.889,0.889
09-12-2016 12:30:00,312.0,0.8801,0.8801,0.8801,0.8801
09-12-2016 12:33:00,630.0,0.89,0.89,0.8808,0.8808
09-12-2016 12:34:00,400.0,0.8802,0.8802,0.8802,0.8802
09-12-2016 12:36:00,100.0,0.8891,0.8891,0.8891,0.8891
09-12-2016 12:38:00,100.0,0.8801,0.8801,0.8801,0.8801
09-12-2016 12:41:00,100.0,0.8899,0.8899,0.8899,0.8899
09-12-2016 12:45:00,200.0,0.89,0.89,0.89,0.89
09-12-2016 12:50:00,200.0,0.8899,0.8899,0.8899,0.8899
09-12-2016 12:57:00,100.0,0.89,0.89,0.89,0.89
09-12-2016 13:06:00,100.0,0.89,0.89,0.89,0.89
09-12-2016 13:12:00,100.0,0.89,0.89,0.89,0.89
09-12-2016 13:15:00,25997.0,0.8852,0.8852,0.86,0.87
09-12-2016 13:16:00,100.0,0.8713,0.8713,0.8713,0.8713
09-12-2016 13:22:00,100.0,0.88,0.88,0.88,0.88
09-12-2016 13:32:00,1500.0,0.872,0.872,0.872,0.872
09-12-2016 13:33:00,2000.0,0.8781,0.8781,0.8781,0.8781
09-12-2016 13:39:00,2000.0,0.8765,0.8765,0.8765,0.8765
09-12-2016 13:42:00,2000.0,0.8779,0.8779,0.8779,0.8779
09-12-2016 13:44:00,2000.0,0.878,0.878,0.8716,0.8716
09-12-2016 13:46:00,2000.0,0.878,0.878,0.878,0.878
09-12-2016 13:48:00,100.0,0.8741,0.8741,0.8741,0.8741
09-12-2016 13:50:00,2000.0,0.878,0.878,0.878,0.878
09-12-2016 13:53:00,1000.0,0.8766,0.8766,0.8766,0.8766
09-12-2016 14:09:00,200.0,0.878,0.878,0.878,0.878
09-12-2016 14:14:00,100.0,0.878,0.878,0.878,0.878
09-12-2016 14:15:00,500.0,0.8705,0.8705,0.8705,0.8705
09-12-2016 14:19:00,400.0,0.8786,0.879,0.8786,0.879
09-12-2016 14:21:00,600.0,0.8798,0.8798,0.8798,0.8798
09-12-2016 14:22:00,12400.0,0.8833,0.89,0.8811,0.89
09-12-2016 14:26:00,100.0,0.89,0.89,0.89,0.89
09-12-2016 14:27:00,100.0,0.89,0.89,0.89,0.89
09-12-2016 14:30:00,100.0,0.8899,0.8899,0.8899,0.8899
09-12-2016 14:31:00,10100.0,0.8819,0.8819,0.8819,0.8819
09-12-2016 14:33:00,100.0,0.8819,0.8819,0.8819,0.8819
09-12-2016 14:36:00,1200.0,0.886,0.886,0.886,0.886
09-12-2016 14:41:00,100.0,0.8819,0.8819,0.8819,0.8819
09-12-2016 14:50:00,11107.0,0.8899,0.89,0.8899,0.89
09-12-2016 14:51:00,200.0,0.89,0.89,0.89,0.89
09-12-2016 14:54:00,100.0,0.89,0.89,0.89,0.89
09-12-2016 14:56:00,100.0,0.89,0.89,0.89,0.89
09-12-2016 14:58:00,100.0,0.89,0.89,0.89,0.89
09-12-2016 14:59:00,200.0,0.89,0.89,0.89,0.89
09-12-2016 15:00:00,1102.0,0.89,0.89,0.89,0.89
09-13-2016 08:30:00,1284.0,0.89,0.89,0.89,0.89
09-13-2016 08:35:00,1000.0,0.869,0.869,0.869,0.869
09-13-2016 08:36:00,10100.0,0.8601,0.888,0.85,0.888
09-13-2016 08:42:00,984.0,0.8809,0.8809,0.8809,0.8809
09-13-2016 08:44:00,1000.0,0.87,0.87,0.86,0.86
09-13-2016 08:45:00,1000.0,0.86,0.86,0.86,0.86
09-13-2016 08:46:00,100.0,0.86,0.86,0.86,0.86
09-13-2016 08:47:00,3400.0,0.8601,0.87,0.86,0.8662
09-13-2016 08:49:00,100.0,0.88,0.88,0.88,0.88
09-13-2016 08:50:00,100.0,0.8701,0.8701,0.8701,0.8701
09-13-2016 08:51:00,600.0,0.8762,0.8762,0.8762,0.8762
09-13-2016 08:54:00,100.0,0.88,0.88,0.88,0.88
09-13-2016 09:01:00,100.0,0.88,0.88,0.88,0.88
09-13-2016 09:04:00,100.0,0.88,0.88,0.88,0.88
09-13-2016 09:08:00,1900.0,0.8701,0.8701,0.8701,0.8701
09-13-2016 09:09:00,100.0,0.88,0.88,0.88,0.88
09-13-2016 09:22:00,200.0,0.88,0.88,0.88,0.88
09-13-2016 09:23:00,3000.0,0.8799,0.8799,0.8799,0.8799
09-13-2016 09:25:00,200.0,0.8701,0.8701,0.8701,0.8701
09-13-2016 09:27:00,1045.0,0.8702,0.8702,0.8702,0.8702
09-13-2016 09:38:00,1000.0,0.88,0.88,0.88,0.88
09-13-2016 09:43:00,100.0,0.88,0.88,0.88,0.88
09-13-2016 09:45:00,100.0,0.88,0.88,0.88,0.88
09-13-2016 09:54:00,200.0,0.8751,0.88,0.8751,0.88
09-13-2016 09:55:00,100.0,0.88,0.88,0.88,0.88
09-13-2016 09:56:00,100.0,0.8799,0.8799,0.8799,0.8799
09-13-2016 10:07:00,100.0,0.8799,0.8799,0.8799,0.8799
09-13-2016 10:13:00,200.0,0.87,0.87,0.87,0.87
09-13-2016 10:14:00,100.0,0.8799,0.8799,0.8799,0.8799
09-13-2016 10:26:00,1672.0,0.8701,0.8701,0.87,0.87
09-13-2016 10:44:00,5300.0,0.8651,0.8651,0.8601,0.8601
09-13-2016 10:49:00,290.0,0.8749,0.8749,0.8749,0.8749
09-13-2016 10:50:00,100.0,0.878,0.878,0.878,0.878
09-13-2016 10:51:00,100.0,0.8603,0.8603,0.8603,0.8603
09-13-2016 10:54:00,25740.0,0.8691,0.8691,0.85,0.8512
09-13-2016 10:58:00,200.0,0.876,0.876,0.863,0.863
09-13-2016 11:10:00,100.0,0.8502,0.8502,0.8502,0.8502
09-13-2016 11:12:00,2100.0,0.8687,0.8687,0.868,0.868
09-13-2016 11:14:00,200.0,0.8513,0.8513,0.8513,0.8513
09-13-2016 11:18:00,100.0,0.8515,0.8515,0.8515,0.8515
09-13-2016 11:20:00,1000.0,0.8706,0.8706,0.8706,0.8706
09-13-2016 11:21:00,100.0,0.8607,0.8607,0.8607,0.8607
09-13-2016 11:22:00,100.0,0.87,0.87,0.87,0.87
09-13-2016 11:31:00,100.0,0.8694,0.8694,0.8694,0.8694
09-13-2016 11:38:00,900.0,0.86,0.86,0.86,0.86
09-13-2016 11:49:00,1100.0,0.86,0.8698,0.86,0.8698
09-13-2016 11:52:00,100.0,0.8649,0.8649,0.8649,0.8649
09-13-2016 11:53:00,280.0,0.86,0.8698,0.86,0.8698
09-13-2016 11:57:00,4520.0,0.86,0.86,0.86,0.86
09-13-2016 11:58:00,1180.0,0.862,0.8694,0.862,0.862
09-13-2016 11:59:00,500.0,0.862,0.862,0.862,0.862
09-13-2016 12:04:00,100.0,0.86,0.86,0.86,0.86
09-13-2016 12:06:00,100.0,0.8697,0.8697,0.8697,0.8697
09-13-2016 12:13:00,36600.0,0.8659,0.8659,0.86,0.86
09-13-2016 12:14:00,10000.0,0.8601,0.8601,0.8601,0.8601
09-13-2016 12:15:00,5150.0,0.86,0.8601,0.86,0.86
09-13-2016 12:16:00,8500.0,0.86,0.864,0.86,0.864
09-13-2016 12:17:00,18200.0,0.86,0.8629,0.86,0.8629
09-13-2016 12:19:00,2000.0,0.86,0.86,0.86,0.86
09-13-2016 12:21:00,800.0,0.86,0.86,0.86,0.86
09-13-2016 12:22:00,400.0,0.86,0.86,0.86,0.86
09-13-2016 12:23:00,100.0,0.8659,0.8659,0.8659,0.8659
09-13-2016 12:30:00,320.0,0.86,0.86,0.86,0.86
09-13-2016 12:35:00,500.0,0.8629,0.8629,0.86,0.86
09-13-2016 12:43:00,100.0,0.8657,0.8657,0.8657,0.8657
09-13-2016 12:48:00,100.0,0.86,0.86,0.86,0.86
09-13-2016 12:52:00,100.0,0.8657,0.8657,0.8657,0.8657
09-13-2016 12:54:00,242.0,0.8657,0.8657,0.8657,0.8657
09-13-2016 12:56:00,500.0,0.86,0.86,0.86,0.86
09-13-2016 13:02:00,100.0,0.8628,0.8628,0.8628,0.8628
09-13-2016 13:07:00,100.0,0.8653,0.8653,0.8653,0.8653
09-13-2016 13:11:00,100.0,0.8627,0.8627,0.8627,0.8627
09-13-2016 13:13:00,200.0,0.86,0.86,0.86,0.86
09-13-2016 13:17:00,1162.0,0.8655,0.8655,0.8655,0.8655
09-13-2016 13:18:00,100.0,0.86,0.86,0.86,0.86
09-13-2016 13:23:00,1400.0,0.8627,0.8653,0.86,0.8653
09-13-2016 13:32:00,500.0,0.8653,0.8653,0.8653,0.8653
09-13-2016 13:37:00,300.0,0.8653,0.8653,0.8626,0.8626
09-13-2016 13:45:00,250.0,0.8646,0.8646,0.8626,0.8626
09-13-2016 13:47:00,1000.0,0.865,0.865,0.865,0.865
09-13-2016 13:48:00,700.0,0.865,0.865,0.865,0.865
09-13-2016 13:49:00,100.0,0.865,0.865,0.865,0.865
09-13-2016 13:55:00,100.0,0.865,0.865,0.865,0.865
09-13-2016 13:58:00,200.0,0.8651,0.8651,0.8651,0.8651
09-13-2016 13:59:00,200.0,0.8651,0.8651,0.8651,0.8651
09-13-2016 14:01:00,100.0,0.8651,0.8651,0.8651,0.8651
09-13-2016 14:02:00,100.0,0.865,0.865,0.865,0.865
09-13-2016 14:05:00,11900.0,0.8651,0.8651,0.865,0.865
09-13-2016 14:08:00,100.0,0.865,0.865,0.865,0.865
09-13-2016 14:10:00,300.0,0.865,0.8651,0.865,0.8651
09-13-2016 14:15:00,1000.0,0.865,0.865,0.865,0.865
09-13-2016 14:20:00,100.0,0.865,0.865,0.865,0.865
09-13-2016 14:23:00,400.0,0.8651,0.8651,0.8651,0.8651
09-13-2016 14:26:00,1000.0,0.865,0.8651,0.865,0.8651
09-13-2016 14:31:00,100.0,0.865,0.865,0.865,0.865
09-13-2016 14:35:00,100.0,0.8651,0.8651,0.8651,0.8651
09-13-2016 14:36:00,4399.0,0.865,0.8653,0.865,0.8652
09-13-2016 14:40:00,200.0,0.8665,0.8665,0.8658,0.8658
09-13-2016 14:42:00,100.0,0.8661,0.8661,0.8661,0.8661
09-13-2016 14:43:00,19923.0,0.86,0.8657,0.85,0.85
09-13-2016 14:45:00,3000.0,0.8604,0.8604,0.86,0.86
09-13-2016 14:49:00,100.0,0.8603,0.8603,0.8603,0.8603
09-13-2016 14:51:00,100.0,0.8602,0.8602,0.8602,0.8602
09-13-2016 14:53:00,400.0,0.8601,0.8603,0.8601,0.8603
09-13-2016 14:54:00,600.0,0.8633,0.8665,0.8633,0.8665
09-13-2016 14:57:00,200.0,0.8603,0.8642,0.8603,0.8642
09-13-2016 14:58:00,1100.0,0.8611,0.8645,0.8611,0.8645
09-13-2016 14:59:00,200.0,0.8615,0.8679,0.8615,0.8679
09-13-2016 15:00:00,1745.0,0.8679,0.8679,0.8619,0.8619
09-14-2016 08:14:00,150.0,0.95,0.95,0.95,0.95
09-14-2016 08:30:00,2255.0,0.88,0.88,0.88,0.88
09-14-2016 08:31:00,1900.0,0.8899,0.8899,0.8899,0.8899
09-14-2016 08:35:00,1000.0,0.8602,0.8602,0.8602,0.8602
09-14-2016 08:42:00,19600.0,0.8601,0.8601,0.85,0.85
09-14-2016 08:43:00,3529.0,0.8499,0.85,0.8499,0.85
09-14-2016 08:45:00,6200.0,0.8484,0.85,0.8484,0.85
09-14-2016 08:46:00,3900.0,0.85,0.85,0.85,0.85
09-14-2016 08:48:00,1225.0,0.8401,0.8401,0.8401,0.8401
09-14-2016 08:52:00,1200.0,0.8499,0.8499,0.849,0.849
09-14-2016 08:53:00,1300.0,0.8499,0.85,0.8418,0.8418
09-14-2016 08:54:00,100.0,0.85,0.85,0.85,0.85
09-14-2016 08:57:00,5050.0,0.8408,0.85,0.84,0.85
09-14-2016 08:59:00,5800.0,0.8498,0.85,0.8498,0.85
09-14-2016 09:00:00,781.0,0.85,0.85,0.85,0.85
09-14-2016 09:02:00,100.0,0.8676,0.8676,0.8676,0.8676
09-14-2016 09:05:00,574.0,0.8675,0.8675,0.8675,0.8675
09-14-2016 09:10:00,100.0,0.867,0.867,0.867,0.867
09-14-2016 09:12:00,200.0,0.8655,0.8664,0.8655,0.8664
09-14-2016 09:21:00,100.0,0.8647,0.8647,0.8647,0.8647
09-14-2016 09:23:00,1600.0,0.8562,0.8562,0.855,0.8562
09-14-2016 09:31:00,100.0,0.86,0.86,0.86,0.86
09-14-2016 09:35:00,11500.0,0.8551,0.86,0.85,0.86
09-14-2016 09:38:00,29150.0,0.8501,0.8501,0.83,0.83
09-14-2016 09:39:00,6500.0,0.858,0.858,0.83,0.84
09-14-2016 09:40:00,10581.0,0.83,0.83,0.8277,0.83
09-14-2016 09:42:00,500.0,0.835,0.835,0.835,0.835
09-14-2016 09:43:00,3200.0,0.84,0.84,0.8375,0.8375
09-14-2016 09:47:00,600.0,0.8397,0.84,0.8365,0.8365
09-14-2016 09:48:00,1500.0,0.8399,0.8399,0.8399,0.8399
09-14-2016 09:51:00,100.0,0.84,0.84,0.84,0.84
09-14-2016 09:52:00,100.0,0.84,0.84,0.84,0.84
09-14-2016 09:55:00,100.0,0.84,0.84,0.84,0.84
09-14-2016 09:56:00,1000.0,0.84,0.84,0.8351,0.84
09-14-2016 09:57:00,100.0,0.8351,0.8351,0.8351,0.8351
09-14-2016 10:01:00,100.0,0.84,0.84,0.84,0.84
09-14-2016 10:05:00,500.0,0.8391,0.8391,0.8371,0.8371
09-14-2016 10:12:00,100.0,0.84,0.84,0.84,0.84
09-14-2016 10:13:00,17762.0,0.8372,0.8372,0.8102,0.82
09-14-2016 10:15:00,1200.0,0.838,0.838,0.838,0.838
09-14-2016 10:19:00,1178.0,0.824,0.824,0.824,0.824
09-14-2016 10:24:00,100.0,0.82,0.82,0.82,0.82
09-14-2016 10:25:00,2400.0,0.8233,0.838,0.8233,0.838
09-14-2016 10:27:00,192.0,0.846,0.846,0.846,0.846
09-14-2016 10:29:00,2200.0,0.83,0.83,0.83,0.83
09-14-2016 10:34:00,300.0,0.83,0.83,0.83,0.83
09-14-2016 10:35:00,100.0,0.8468,0.8468,0.8468,0.8468
09-14-2016 10:41:00,100.0,0.8468,0.8468,0.8468,0.8468
09-14-2016 10:45:00,5000.0,0.848,0.848,0.848,0.848
09-14-2016 10:46:00,100.0,0.846,0.846,0.846,0.846
09-14-2016 10:47:00,100.0,0.8458,0.8458,0.8458,0.8458
09-14-2016 10:57:00,100.0,0.8452,0.8452,0.8452,0.8452
09-14-2016 10:59:00,1500.0,0.8356,0.8356,0.8356,0.8356
09-14-2016 11:00:00,100.0,0.8451,0.8451,0.8451,0.8451
09-14-2016 11:13:00,100.0,0.8451,0.8451,0.8451,0.8451
09-14-2016 11:28:00,100.0,0.845,0.845,0.845,0.845
09-14-2016 11:37:00,100.0,0.847,0.847,0.847,0.847
09-14-2016 11:39:00,19804.0,0.83,0.831,0.82,0.82
09-14-2016 11:43:00,200.0,0.845,0.845,0.845,0.845
09-14-2016 11:57:00,200.0,0.8434,0.845,0.8434,0.845
09-14-2016 11:58:00,855.0,0.845,0.845,0.8424,0.8424
09-14-2016 11:59:00,200.0,0.845,0.845,0.845,0.845
09-14-2016 12:04:00,100.0,0.845,0.845,0.845,0.845
09-14-2016 12:13:00,100.0,0.845,0.845,0.845,0.845
09-14-2016 12:15:00,100.0,0.8434,0.8434,0.8434,0.8434
09-14-2016 12:22:00,1000.0,0.8434,0.8434,0.8434,0.8434
09-14-2016 12:28:00,200.0,0.8451,0.8451,0.8451,0.8451
09-14-2016 12:42:00,100.0,0.8451,0.8451,0.8451,0.8451
09-14-2016 12:51:00,100.0,0.8451,0.8451,0.8451,0.8451
09-14-2016 12:54:00,200.0,0.84,0.84,0.84,0.84
09-14-2016 12:57:00,100.0,0.848,0.848,0.848,0.848
09-14-2016 13:10:00,100.0,0.848,0.848,0.848,0.848
09-14-2016 13:23:00,100.0,0.848,0.848,0.848,0.848
09-14-2016 13:32:00,1500.0,0.8415,0.8415,0.8415,0.8415
09-14-2016 13:33:00,100.0,0.848,0.848,0.848,0.848
09-14-2016 13:35:00,100.0,0.848,0.848,0.848,0.848
09-14-2016 13:39:00,4000.0,0.8342,0.8342,0.8342,0.8342
09-14-2016 13:47:00,200.0,0.839,0.839,0.83,0.83
09-14-2016 13:48:00,200.0,0.83,0.83,0.83,0.83
09-14-2016 13:49:00,600.0,0.8389,0.8389,0.83,0.83
09-14-2016 13:50:00,200.0,0.83,0.83,0.83,0.83
09-14-2016 13:51:00,200.0,0.83,0.83,0.83,0.83
09-14-2016 13:52:00,100.0,0.83,0.83,0.83,0.83
09-14-2016 13:53:00,10300.0,0.83,0.83,0.83,0.83
09-14-2016 13:54:00,200.0,0.83,0.83,0.83,0.83
09-14-2016 13:55:00,200.0,0.83,0.83,0.83,0.83
09-14-2016 13:56:00,3650.0,0.8362,0.8362,0.83,0.83
09-14-2016 13:57:00,2100.0,0.83,0.83,0.83,0.83
09-14-2016 13:58:00,700.0,0.83,0.8357,0.83,0.8357
09-14-2016 13:59:00,200.0,0.83,0.83,0.83,0.83
09-14-2016 14:00:00,200.0,0.8389,0.8389,0.8305,0.8305
09-14-2016 14:01:00,1100.0,0.8305,0.8388,0.8305,0.8388
09-14-2016 14:02:00,200.0,0.8305,0.8305,0.8305,0.8305
09-14-2016 14:03:00,200.0,0.8305,0.8305,0.8305,0.8305
09-14-2016 14:04:00,200.0,0.8305,0.8305,0.8305,0.8305
09-14-2016 14:05:00,100.0,0.8305,0.8305,0.8305,0.8305
09-14-2016 14:06:00,7316.0,0.8305,0.8421,0.8305,0.8421
09-14-2016 14:10:00,300.0,0.84,0.84,0.84,0.84
09-14-2016 14:11:00,300.0,0.84,0.84,0.84,0.84
09-14-2016 14:13:00,300.0,0.84,0.84,0.84,0.84
09-14-2016 14:18:00,100.0,0.845,0.845,0.845,0.845
09-14-2016 14:21:00,200.0,0.84,0.84,0.84,0.84
09-14-2016 14:22:00,200.0,0.84,0.84,0.84,0.84
09-14-2016 14:23:00,200.0,0.84,0.84,0.84,0.84
09-14-2016 14:24:00,200.0,0.84,0.84,0.84,0.84
09-14-2016 14:25:00,1200.0,0.84,0.84,0.84,0.84
09-14-2016 14:26:00,1400.0,0.84,0.8428,0.84,0.84
09-14-2016 14:27:00,500.0,0.84,0.84,0.84,0.84
09-14-2016 14:30:00,9600.0,0.84,0.8449,0.84,0.8449
09-14-2016 14:31:00,2734.0,0.8401,0.8449,0.8401,0.8448
09-14-2016 14:32:00,100.0,0.8414,0.8414,0.8414,0.8414
09-14-2016 14:34:00,700.0,0.84,0.84,0.84,0.84
09-14-2016 14:37:00,500.0,0.84,0.84,0.84,0.84
09-14-2016 14:38:00,1000.0,0.84,0.84,0.84,0.84
09-14-2016 14:39:00,400.0,0.84,0.84,0.84,0.84
09-14-2016 14:40:00,100.0,0.84,0.84,0.84,0.84
09-14-2016 14:41:00,500.0,0.84,0.84,0.84,0.84
09-14-2016 14:42:00,500.0,0.84,0.84,0.84,0.84
09-14-2016 14:43:00,100.0,0.84,0.84,0.84,0.84
09-14-2016 14:45:00,500.0,0.8403,0.8403,0.84,0.84
09-14-2016 14:46:00,700.0,0.84,0.84,0.84,0.84
09-14-2016 14:47:00,900.0,0.84,0.8402,0.84,0.84
09-14-2016 14:48:00,1700.0,0.84,0.8404,0.84,0.84
09-14-2016 14:49:00,1000.0,0.84,0.84,0.84,0.84
09-14-2016 14:51:00,500.0,0.84,0.84,0.84,0.84
09-14-2016 14:52:00,300.0,0.84,0.8404,0.84,0.8404
09-14-2016 14:53:00,1300.0,0.84,0.84,0.84,0.84
09-14-2016 14:54:00,600.0,0.84,0.84,0.84,0.84
09-14-2016 14:55:00,600.0,0.84,0.84,0.84,0.84
09-14-2016 14:56:00,300.0,0.8405,0.8406,0.8405,0.8406
09-14-2016 14:57:00,200.0,0.8406,0.8406,0.8406,0.8406
09-14-2016 14:58:00,9300.0,0.84,0.8449,0.84,0.8448
09-14-2016 14:59:00,300.0,0.8446,0.8446,0.8429,0.8429
09-14-2016 15:00:00,1109.0,0.8443,0.8443,0.8443,0.8443
09-15-2016 08:30:00,3170.0,0.87,0.87,0.87,0.87
09-15-2016 08:36:00,100.0,0.845,0.845,0.845,0.845
09-15-2016 08:37:00,200.0,0.845,0.845,0.845,0.845
09-15-2016 08:38:00,1375.0,0.865,0.865,0.8451,0.8451
09-15-2016 08:39:00,100.0,0.845,0.845,0.845,0.845
09-15-2016 08:40:00,100.0,0.845,0.845,0.845,0.845
09-15-2016 08:41:00,100.0,0.845,0.845,0.845,0.845
09-15-2016 08:42:00,2400.0,0.845,0.845,0.845,0.845
09-15-2016 08:43:00,100.0,0.84,0.84,0.84,0.84
09-15-2016 08:44:00,100.0,0.84,0.84,0.84,0.84
09-15-2016 08:45:00,100.0,0.84,0.84,0.84,0.84
09-15-2016 08:46:00,200.0,0.8549,0.8549,0.8549,0.8549
09-15-2016 08:47:00,100.0,0.84,0.84,0.84,0.84
09-15-2016 08:49:00,100.0,0.84,0.84,0.84,0.84
09-15-2016 08:50:00,400.0,0.8544,0.8546,0.8544,0.8546
09-15-2016 08:51:00,250.0,0.8402,0.8548,0.8402,0.8548
09-15-2016 08:52:00,300.0,0.8548,0.8548,0.8402,0.8402
09-15-2016 08:53:00,100.0,0.8402,0.8402,0.8402,0.8402
09-15-2016 08:54:00,200.0,0.854,0.854,0.84,0.84
09-15-2016 08:55:00,400.0,0.8532,0.8538,0.8404,0.8405
09-15-2016 08:57:00,200.0,0.8406,0.8406,0.8404,0.8404
09-15-2016 08:58:00,100.0,0.8402,0.8402,0.8402,0.8402
09-15-2016 08:59:00,300.0,0.84,0.852,0.84,0.852
09-15-2016 09:11:00,700.0,0.85,0.85,0.85,0.85
09-15-2016 09:12:00,100.0,0.8512,0.8512,0.8512,0.8512
09-15-2016 09:19:00,100.0,0.851,0.851,0.851,0.851
09-15-2016 09:21:00,100.0,0.8498,0.8498,0.8498,0.8498
09-15-2016 09:31:00,100.0,0.8498,0.8498,0.8498,0.8498
09-15-2016 09:34:00,2500.0,0.8547,0.8547,0.8547,0.8547
09-15-2016 09:35:00,700.0,0.8405,0.8532,0.8405,0.851
09-15-2016 09:38:00,200.0,0.8509,0.8509,0.85,0.85
09-15-2016 09:40:00,2331.0,0.8433,0.8547,0.8433,0.8547
09-15-2016 09:46:00,10100.0,0.8524,0.8524,0.84,0.8407
09-15-2016 09:49:00,200.0,0.8547,0.8547,0.85,0.85
09-15-2016 09:52:00,100.0,0.8546,0.8546,0.8546,0.8546
09-15-2016 09:59:00,100.0,0.8546,0.8546,0.8546,0.8546
09-15-2016 10:00:00,373.0,0.85,0.85,0.85,0.85
09-15-2016 10:05:00,300.0,0.8532,0.8532,0.8532,0.8532
09-15-2016 10:08:00,100.0,0.8427,0.8427,0.8427,0.8427
09-15-2016 10:09:00,100.0,0.85,0.85,0.85,0.85
09-15-2016 10:11:00,200.0,0.8491,0.8491,0.8491,0.8491
09-15-2016 10:13:00,1000.0,0.8483,0.8483,0.8445,0.8445
09-15-2016 10:18:00,100.0,0.846,0.846,0.846,0.846
09-15-2016 10:22:00,200.0,0.8501,0.8501,0.85,0.85
09-15-2016 10:23:00,100.0,0.8501,0.8501,0.8501,0.8501
09-15-2016 10:34:00,100.0,0.8544,0.8544,0.8544,0.8544
09-15-2016 10:35:00,803.0,0.8547,0.8547,0.8547,0.8547
09-15-2016 10:40:00,1000.0,0.8546,0.8546,0.8546,0.8546
09-15-2016 10:47:00,6100.0,0.8546,0.8547,0.8545,0.8545
09-15-2016 10:50:00,100.0,0.8502,0.8502,0.8502,0.8502
09-15-2016 10:52:00,300.0,0.8547,0.8547,0.8547,0.8547
09-15-2016 10:56:00,2100.0,0.8503,0.8503,0.8503,0.8503
09-15-2016 10:57:00,100.0,0.8547,0.8547,0.8547,0.8547
09-15-2016 11:00:00,100.0,0.8547,0.8547,0.8547,0.8547
09-15-2016 11:11:00,100.0,0.8525,0.8525,0.8525,0.8525
09-15-2016 11:13:00,200.0,0.8644,0.87,0.8644,0.87
09-15-2016 11:15:00,100.0,0.8525,0.8525,0.8525,0.8525
09-15-2016 11:17:00,1600.0,0.8526,0.868,0.8526,0.868
09-15-2016 11:28:00,100.0,0.868,0.868,0.868,0.868
09-15-2016 11:37:00,200.0,0.868,0.868,0.868,0.868
09-15-2016 11:38:00,200.0,0.8529,0.8529,0.8529,0.8529
09-15-2016 11:40:00,100.0,0.8533,0.8533,0.8533,0.8533
09-15-2016 11:42:00,100.0,0.8672,0.8672,0.8672,0.8672
09-15-2016 11:47:00,100.0,0.868,0.868,0.868,0.868
09-15-2016 11:50:00,6534.0,0.868,0.87,0.8642,0.87
09-15-2016 12:06:00,100.0,0.8604,0.8604,0.8604,0.8604
09-15-2016 12:07:00,100.0,0.87,0.87,0.87,0.87
09-15-2016 12:20:00,200.0,0.87,0.87,0.87,0.87
09-15-2016 12:28:00,100.0,0.87,0.87,0.87,0.87
09-15-2016 12:31:00,100.0,0.87,0.87,0.87,0.87
09-15-2016 12:33:00,100.0,0.8608,0.8608,0.8608,0.8608
09-15-2016 12:40:00,2000.0,0.8692,0.87,0.8692,0.87
09-15-2016 12:42:00,100.0,0.87,0.87,0.87,0.87
09-15-2016 12:48:00,100.0,0.87,0.87,0.87,0.87
09-15-2016 12:57:00,500.0,0.87,0.87,0.87,0.87
09-15-2016 12:59:00,100.0,0.861,0.861,0.861,0.861
09-15-2016 13:03:00,200.0,0.869,0.869,0.869,0.869
09-15-2016 13:06:00,200.0,0.8697,0.87,0.8697,0.87
09-15-2016 13:12:00,300.0,0.87,0.87,0.87,0.87
09-15-2016 13:16:00,1250.0,0.87,0.87,0.87,0.87
09-15-2016 13:18:00,100.0,0.87,0.87,0.87,0.87
09-15-2016 13:19:00,809.0,0.87,0.87,0.87,0.87
09-15-2016 13:21:00,100.0,0.8691,0.8691,0.8691,0.8691
09-15-2016 13:23:00,100.0,0.87,0.87,0.87,0.87
09-15-2016 13:26:00,2500.0,0.87,0.87,0.87,0.87
09-15-2016 13:29:00,100.0,0.87,0.87,0.87,0.87
09-15-2016 13:32:00,100.0,0.8699,0.8699,0.8699,0.8699
09-15-2016 13:34:00,1200.0,0.8693,0.87,0.8693,0.87
09-15-2016 13:43:00,100.0,0.8693,0.8693,0.8693,0.8693
09-15-2016 13:47:00,200.0,0.87,0.87,0.87,0.87
09-15-2016 13:48:00,100.0,0.87,0.87,0.87,0.87
09-15-2016 13:55:00,250.0,0.87,0.87,0.8699,0.8699
09-15-2016 14:03:00,100.0,0.87,0.87,0.87,0.87
09-15-2016 14:04:00,200.0,0.8696,0.8696,0.8696,0.8696
09-15-2016 14:11:00,100.0,0.87,0.87,0.87,0.87
09-15-2016 14:21:00,100.0,0.8695,0.8695,0.8695,0.8695
09-15-2016 14:22:00,100.0,0.87,0.87,0.87,0.87
09-15-2016 14:23:00,300.0,0.87,0.87,0.87,0.87
09-15-2016 14:31:00,100.0,0.87,0.87,0.87,0.87
09-15-2016 14:35:00,100.0,0.8696,0.8696,0.8696,0.8696
09-15-2016 14:41:00,100.0,0.8697,0.8697,0.8697,0.8697
09-15-2016 14:45:00,366.0,0.853,0.853,0.853,0.853
09-15-2016 14:50:00,100.0,0.8682,0.8682,0.8682,0.8682
09-15-2016 14:53:00,100.0,0.8682,0.8682,0.8682,0.8682
09-15-2016 14:54:00,100.0,0.8529,0.8529,0.8529,0.8529
09-15-2016 14:55:00,100.0,0.8682,0.8682,0.8682,0.8682
09-15-2016 14:56:00,100.0,0.8682,0.8682,0.8682,0.8682
09-15-2016 14:57:00,100.0,0.8682,0.8682,0.8682,0.8682
09-15-2016 14:58:00,900.0,0.87,0.87,0.87,0.87
09-15-2016 14:59:00,100.0,0.8678,0.8678,0.8678,0.8678
09-15-2016 15:00:00,650.0,0.87,0.87,0.87,0.87
09-16-2016 08:30:00,1059.0,0.87,0.87,0.87,0.87
09-16-2016 08:35:00,100.0,0.8501,0.8501,0.8501,0.8501
09-16-2016 08:36:00,100.0,0.85,0.85,0.85,0.85
09-16-2016 08:37:00,100.0,0.85,0.85,0.85,0.85
09-16-2016 08:38:00,100.0,0.85,0.85,0.85,0.85
09-16-2016 08:39:00,1000.0,0.8518,0.8518,0.8518,0.8518
09-16-2016 08:40:00,200.0,0.85,0.85,0.85,0.85
09-16-2016 08:42:00,100.0,0.85,0.85,0.85,0.85
09-16-2016 08:43:00,100.0,0.85,0.85,0.85,0.85
09-16-2016 08:44:00,100.0,0.85,0.85,0.85,0.85
09-16-2016 08:45:00,100.0,0.85,0.85,0.85,0.85
09-16-2016 08:46:00,100.0,0.859,0.859,0.859,0.859
09-16-2016 08:47:00,100.0,0.85,0.85,0.85,0.85
09-16-2016 08:48:00,100.0,0.85,0.85,0.85,0.85
09-16-2016 08:50:00,100.0,0.85,0.85,0.85,0.85
09-16-2016 08:52:00,1800.0,0.85,0.85,0.85,0.85
09-16-2016 08:53:00,700.0,0.8649,0.865,0.85,0.8501
09-16-2016 08:55:00,3150.0,0.8501,0.8501,0.85,0.85
09-16-2016 08:56:00,100.0,0.8501,0.8501,0.8501,0.8501
09-16-2016 08:57:00,300.0,0.8501,0.86,0.8501,0.86
09-16-2016 08:58:00,10195.0,0.855,0.89,0.8501,0.89
09-16-2016 09:04:00,950.0,0.888,0.888,0.888,0.888
09-16-2016 09:14:00,100.0,0.885,0.885,0.885,0.885
09-16-2016 09:18:00,14235.0,0.8501,0.8501,0.84,0.84
09-16-2016 09:19:00,2410.0,0.84,0.84,0.8301,0.8301
09-16-2016 09:21:00,28280.0,0.8302,0.8384,0.81,0.81
09-16-2016 09:26:00,470.0,0.846,0.853,0.846,0.853
09-16-2016 09:27:00,4821.0,0.84,0.856,0.84,0.843
09-16-2016 09:29:00,4000.0,0.83,0.83,0.8201,0.8202
09-16-2016 09:30:00,757.0,0.83,0.83,0.827,0.83
09-16-2016 09:31:00,3009.0,0.83,0.83,0.8202,0.83
09-16-2016 09:32:00,6334.0,0.83,0.83,0.8202,0.8202
09-16-2016 09:44:00,100.0,0.8404,0.8404,0.8404,0.8404
09-16-2016 09:49:00,300.0,0.8417,0.8417,0.84,0.84
09-16-2016 09:50:00,200.0,0.84,0.84,0.84,0.84
09-16-2016 09:51:00,100.0,0.8458,0.8458,0.8458,0.8458
09-16-2016 09:52:00,900.0,0.84,0.84,0.83,0.83
09-16-2016 09:53:00,2467.0,0.83,0.8499,0.83,0.8499
09-16-2016 09:56:00,100.0,0.85,0.85,0.85,0.85
09-16-2016 09:58:00,200.0,0.8424,0.8424,0.8424,0.8424
09-16-2016 10:03:00,500.0,0.84,0.8499,0.84,0.8499
09-16-2016 10:07:00,200.0,0.8476,0.8476,0.8476,0.8476
09-16-2016 10:09:00,9922.0,0.85,0.8732,0.85,0.8732
09-16-2016 10:10:00,6024.0,0.84,0.861,0.84,0.861
09-16-2016 10:16:00,100.0,0.865,0.865,0.865,0.865
09-16-2016 10:17:00,200.0,0.865,0.865,0.865,0.865
09-16-2016 10:26:00,100.0,0.84,0.84,0.84,0.84
09-16-2016 10:29:00,150.0,0.84,0.84,0.84,0.84
09-16-2016 10:34:00,250.0,0.8557,0.8557,0.8557,0.8557
09-16-2016 10:36:00,100.0,0.8401,0.8401,0.8401,0.8401
09-16-2016 10:46:00,100.0,0.8396,0.8396,0.8396,0.8396
09-16-2016 10:48:00,100.0,0.867,0.867,0.867,0.867
09-16-2016 10:50:00,950.0,0.8674,0.8674,0.8674,0.8674
09-16-2016 10:56:00,100.0,0.84,0.84,0.84,0.84
09-16-2016 11:00:00,200.0,0.842,0.8521,0.842,0.8521
09-16-2016 11:16:00,200.0,0.85,0.85,0.85,0.85
09-16-2016 11:22:00,3621.0,0.8451,0.8451,0.8451,0.8451
09-16-2016 11:27:00,300.0,0.85,0.85,0.85,0.85
09-16-2016 11:30:00,1000.0,0.8693,0.8693,0.8693,0.8693
09-16-2016 11:31:00,700.0,0.85,0.85,0.85,0.85
09-16-2016 11:40:00,100.0,0.85,0.85,0.85,0.85
09-16-2016 11:42:00,100.0,0.87,0.87,0.87,0.87
09-16-2016 11:48:00,1123.0,0.862,0.862,0.85,0.85
09-16-2016 11:49:00,118.0,0.8699,0.8699,0.8699,0.8699
09-16-2016 11:58:00,2197.0,0.85,0.85,0.85,0.85
09-16-2016 12:08:00,100.0,0.85,0.85,0.85,0.85
09-16-2016 12:10:00,1800.0,0.8453,0.8453,0.844,0.844
09-16-2016 12:11:00,100.0,0.85,0.85,0.85,0.85
09-16-2016 12:25:00,6000.0,0.8404,0.8404,0.8404,0.8404
09-16-2016 12:29:00,400.0,0.8404,0.85,0.8404,0.85
09-16-2016 12:41:00,100.0,0.8404,0.8404,0.8404,0.8404
09-16-2016 12:45:00,1500.0,0.8405,0.8405,0.8405,0.8405
09-16-2016 12:49:00,2100.0,0.8499,0.8499,0.8464,0.8464
09-16-2016 12:52:00,5000.0,0.8453,0.85,0.8453,0.85
09-16-2016 13:02:00,100.0,0.85,0.85,0.85,0.85
09-16-2016 13:04:00,100.0,0.8453,0.8453,0.8453,0.8453
09-16-2016 13:09:00,200.0,0.85,0.85,0.85,0.85
09-16-2016 13:27:00,100.0,0.8407,0.8407,0.8407,0.8407
09-16-2016 13:28:00,10000.0,0.8407,0.8407,0.8401,0.8401
09-16-2016 13:38:00,100.0,0.8402,0.8402,0.8402,0.8402
09-16-2016 13:44:00,100.0,0.85,0.85,0.85,0.85
09-16-2016 13:49:00,100.0,0.8403,0.8403,0.8403,0.8403
09-16-2016 13:50:00,5000.0,0.8462,0.8462,0.8462,0.8462
09-16-2016 13:51:00,5300.0,0.8464,0.8464,0.8407,0.8407
09-16-2016 13:52:00,15000.0,0.8407,0.8407,0.8407,0.8407
09-16-2016 13:59:00,1300.0,0.8435,0.8435,0.8413,0.8413
09-16-2016 14:01:00,100.0,0.85,0.85,0.85,0.85
09-16-2016 14:02:00,100.0,0.85,0.85,0.85,0.85
09-16-2016 14:05:00,100.0,0.85,0.85,0.85,0.85
09-16-2016 14:08:00,20650.0,0.8402,0.846,0.82,0.846
09-16-2016 14:18:00,100.0,0.8301,0.8301,0.8301,0.8301
09-16-2016 14:25:00,1300.0,0.8302,0.8499,0.8302,0.8499
09-16-2016 14:26:00,100.0,0.8301,0.8301,0.8301,0.8301
09-16-2016 14:27:00,1000.0,0.8302,0.8302,0.8302,0.8302
09-16-2016 14:29:00,2633.0,0.8301,0.8401,0.8301,0.84
09-16-2016 14:41:00,300.0,0.841,0.841,0.841,0.841
09-16-2016 14:53:00,1235.0,0.8424,0.85,0.8424,0.8424
09-16-2016 14:56:00,100.0,0.85,0.85,0.85,0.85
09-16-2016 14:57:00,7065.0,0.85,0.85,0.85,0.85
09-16-2016 14:58:00,2862.0,0.8505,0.8505,0.8403,0.8403
09-16-2016 15:00:00,74060.0,0.8335,0.8335,0.8335,0.8335
09-19-2016 08:30:00,346.0,0.84,0.84,0.84,0.84
09-19-2016 08:32:00,300.0,0.8301,0.8301,0.8301,0.8301
09-19-2016 08:38:00,800.0,0.8339,0.8339,0.8339,0.8339
09-19-2016 08:41:00,5076.0,0.8364,0.84,0.8351,0.8351
09-19-2016 08:46:00,212.0,0.84,0.84,0.84,0.84
09-19-2016 08:47:00,500.0,0.8381,0.8381,0.8381,0.8381
09-19-2016 08:55:00,100.0,0.8625,0.8625,0.8625,0.8625
09-19-2016 08:56:00,100.0,0.8689,0.8689,0.8689,0.8689
09-19-2016 08:57:00,500.0,0.861,0.861,0.861,0.861
09-19-2016 08:59:00,100.0,0.8477,0.8477,0.8477,0.8477
09-19-2016 09:05:00,1858.0,0.845,0.866,0.845,0.866
09-19-2016 09:10:00,370.0,0.8615,0.8615,0.8615,0.8615
09-19-2016 09:12:00,2000.0,0.85,0.85,0.85,0.85
09-19-2016 09:14:00,100.0,0.8498,0.8498,0.8498,0.8498
09-19-2016 09:29:00,1000.0,0.8485,0.8485,0.8485,0.8485
09-19-2016 09:37:00,200.0,0.86,0.86,0.86,0.86
09-19-2016 09:55:00,6300.0,0.8599,0.86,0.8599,0.86
09-19-2016 10:13:00,100.0,0.865,0.865,0.865,0.865
09-19-2016 10:14:00,100.0,0.865,0.865,0.865,0.865
09-19-2016 10:16:00,1200.0,0.8655,0.8655,0.8652,0.8655
09-19-2016 10:17:00,200.0,0.8655,0.8655,0.86,0.86
09-19-2016 10:18:00,200.0,0.873,0.873,0.86,0.86
09-19-2016 10:19:00,100.0,0.86,0.86,0.86,0.86
09-19-2016 10:21:00,100.0,0.87,0.87,0.87,0.87
09-19-2016 10:23:00,10000.0,0.8601,0.8601,0.855,0.855
09-19-2016 10:31:00,500.0,0.8554,0.8554,0.8554,0.8554
09-19-2016 10:32:00,100.0,0.86,0.86,0.86,0.86
09-19-2016 10:43:00,6400.0,0.8551,0.8551,0.8546,0.8546
09-19-2016 10:54:00,800.0,0.8307,0.8307,0.8307,0.8307
09-19-2016 10:56:00,5000.0,0.8393,0.8393,0.8393,0.8393
09-19-2016 11:02:00,104.0,0.8382,0.8382,0.8382,0.8382
09-19-2016 11:05:00,1000.0,0.8473,0.8473,0.8473,0.8473
09-19-2016 11:34:00,100.0,0.85,0.85,0.85,0.85
09-19-2016 11:39:00,100.0,0.85,0.85,0.85,0.85
09-19-2016 11:49:00,700.0,0.85,0.85,0.85,0.85
09-19-2016 11:58:00,100.0,0.85,0.85,0.85,0.85
09-19-2016 12:02:00,3050.0,0.85,0.85,0.8485,0.8485
09-19-2016 12:09:00,7300.0,0.8497,0.85,0.844,0.85
09-19-2016 12:14:00,3700.0,0.8415,0.85,0.8402,0.8402
09-19-2016 12:16:00,5000.0,0.85,0.85,0.85,0.85
09-19-2016 12:19:00,10000.0,0.8401,0.8401,0.8401,0.8401
09-19-2016 12:21:00,3411.0,0.8476,0.8476,0.845,0.845
09-19-2016 12:35:00,1200.0,0.8497,0.8497,0.8408,0.8408
09-19-2016 12:41:00,800.0,0.8451,0.85,0.8451,0.85
09-19-2016 12:48:00,100.0,0.85,0.85,0.85,0.85
09-19-2016 12:59:00,200.0,0.8375,0.8375,0.8375,0.8375
09-19-2016 13:08:00,175.0,0.85,0.85,0.85,0.85
09-19-2016 13:10:00,500.0,0.8401,0.8401,0.8401,0.8401
09-19-2016 13:19:00,100.0,0.85,0.85,0.85,0.85
09-19-2016 13:20:00,2648.0,0.8429,0.8429,0.8429,0.8429
09-19-2016 13:42:00,500.0,0.8425,0.8463,0.8425,0.8462
09-19-2016 13:43:00,2907.0,0.85,0.85,0.8492,0.8492
09-19-2016 13:44:00,100.0,0.85,0.85,0.85,0.85
09-19-2016 13:49:00,100.0,0.85,0.85,0.85,0.85
09-19-2016 13:54:00,10050.0,0.85,0.85,0.8402,0.8402
09-19-2016 14:26:00,100.0,0.85,0.85,0.85,0.85
09-19-2016 14:27:00,400.0,0.85,0.85,0.85,0.85
09-19-2016 14:29:00,2100.0,0.8491,0.85,0.8491,0.85
09-19-2016 14:42:00,200.0,0.85,0.85,0.85,0.85
09-19-2016 14:43:00,4000.0,0.8402,0.8402,0.8402,0.8402
09-19-2016 14:51:00,200.0,0.85,0.85,0.85,0.85
09-19-2016 14:53:00,100.0,0.85,0.85,0.85,0.85
09-19-2016 14:59:00,726.0,0.8402,0.8402,0.8402,0.8402
09-19-2016 15:00:00,1248.0,0.8402,0.85,0.8402,0.85
09-19-2016 15:50:00,45.0,0.93,0.93,0.93,0.93
09-20-2016 08:30:00,4691.0,0.85,0.85,0.85,0.85
09-20-2016 08:32:00,1960.0,0.8401,0.8401,0.8401,0.8401
09-20-2016 08:33:00,1500.0,0.8471,0.8471,0.8471,0.8471
09-20-2016 08:35:00,8700.0,0.8497,0.85,0.8443,0.8499
09-20-2016 08:37:00,100.0,0.85,0.85,0.85,0.85
09-20-2016 08:39:00,600.0,0.85,0.85,0.845,0.845
09-20-2016 08:44:00,540.0,0.8448,0.8448,0.8448,0.8448
09-20-2016 08:46:00,100.0,0.8401,0.8401,0.8401,0.8401
09-20-2016 08:49:00,1900.0,0.85,0.85,0.8401,0.8401
09-20-2016 08:52:00,9611.0,0.85,0.87,0.85,0.87
09-20-2016 09:13:00,1000.0,0.8635,0.8635,0.8635,0.8635
09-20-2016 09:23:00,1000.0,0.8502,0.8502,0.8502,0.8502
09-20-2016 09:53:00,9884.0,0.8601,0.8606,0.86,0.86
09-20-2016 09:59:00,200.0,0.86,0.86,0.86,0.86
09-20-2016 10:16:00,1170.0,0.87,0.87,0.87,0.87
09-20-2016 10:18:00,640.0,0.8602,0.8602,0.8601,0.8601
09-20-2016 10:30:00,100.0,0.87,0.87,0.87,0.87
09-20-2016 10:32:00,100.0,0.8699,0.8699,0.8699,0.8699
09-20-2016 10:46:00,480.0,0.8651,0.8699,0.8651,0.8699
09-20-2016 10:47:00,100.0,0.8699,0.8699,0.8699,0.8699
09-20-2016 10:51:00,100.0,0.8699,0.8699,0.8699,0.8699
09-20-2016 10:55:00,500.0,0.8699,0.8699,0.8699,0.8699
09-20-2016 11:13:00,100.0,0.8699,0.8699,0.8699,0.8699
09-20-2016 11:16:00,2913.0,0.8651,0.8651,0.86,0.86
09-20-2016 11:17:00,1300.0,0.86,0.86,0.86,0.86
09-20-2016 11:32:00,100.0,0.86,0.86,0.86,0.86
09-20-2016 11:39:00,100.0,0.86,0.86,0.86,0.86
09-20-2016 11:46:00,5100.0,0.86,0.87,0.86,0.87
09-20-2016 11:47:00,200.0,0.8601,0.8601,0.8601,0.8601
09-20-2016 11:53:00,100.0,0.8699,0.8699,0.8699,0.8699
09-20-2016 12:04:00,200.0,0.8699,0.8699,0.8699,0.8699
09-20-2016 12:22:00,5400.0,0.8699,0.8699,0.8633,0.8699
09-20-2016 12:35:00,1000.0,0.8699,0.8699,0.8601,0.8601
09-20-2016 12:43:00,100.0,0.87,0.87,0.87,0.87
09-20-2016 12:48:00,100.0,0.87,0.87,0.87,0.87
09-20-2016 12:50:00,100.0,0.8601,0.8601,0.8601,0.8601
09-20-2016 12:53:00,750.0,0.87,0.87,0.87,0.87
09-20-2016 13:00:00,100.0,0.87,0.87,0.87,0.87
09-20-2016 13:08:00,632.0,0.87,0.87,0.87,0.87
09-20-2016 13:11:00,425.0,0.8643,0.8684,0.8643,0.8684
09-20-2016 13:21:00,3772.0,0.8699,0.87,0.8697,0.87
09-20-2016 13:23:00,1000.0,0.87,0.87,0.87,0.87
09-20-2016 13:32:00,2000.0,0.8696,0.87,0.869,0.8699
09-20-2016 13:35:00,200.0,0.8699,0.8699,0.8642,0.8642
09-20-2016 14:11:00,200.0,0.8601,0.8601,0.8601,0.8601
09-20-2016 14:12:00,892.0,0.8601,0.8641,0.8601,0.8641
09-20-2016 14:17:00,755.0,0.8665,0.8665,0.8665,0.8665
09-20-2016 14:18:00,5380.0,0.8699,0.87,0.8699,0.87
09-20-2016 14:20:00,3400.0,0.8699,0.87,0.8699,0.8699
09-20-2016 14:37:00,700.0,0.8699,0.87,0.8699,0.87
09-20-2016 14:46:00,3000.0,0.8684,0.8684,0.8684,0.8684
09-20-2016 14:47:00,200.0,0.8699,0.8699,0.8699,0.8699
09-20-2016 14:53:00,750.0,0.87,0.87,0.8699,0.87
09-20-2016 14:54:00,500.0,0.87,0.87,0.87,0.87
09-20-2016 15:00:00,149.0,0.8699,0.8699,0.8699,0.8699
09-21-2016 08:30:00,3008.0,0.87,0.87,0.87,0.87
09-21-2016 08:34:00,1000.0,0.88,0.88,0.88,0.88
09-21-2016 08:36:00,2000.0,0.88,0.88,0.875,0.88
09-21-2016 08:42:00,100.0,0.88,0.88,0.88,0.88
09-21-2016 08:44:00,300.0,0.8897,0.8897,0.8897,0.8897
09-21-2016 08:45:00,16119.0,0.8808,0.89,0.8808,0.89
09-21-2016 08:46:00,779.0,0.8899,0.89,0.8801,0.8801
09-21-2016 08:47:00,3339.0,0.89,0.89,0.89,0.89
09-21-2016 08:48:00,710.0,0.89,0.89,0.89,0.89
09-21-2016 08:49:00,10100.0,0.89,0.89,0.89,0.89
09-21-2016 08:50:00,100.0,0.8801,0.8801,0.8801,0.8801
09-21-2016 08:53:00,5100.0,0.8839,0.8839,0.8803,0.8817
09-21-2016 08:58:00,100.0,0.8803,0.8803,0.8803,0.8803
09-21-2016 08:59:00,1000.0,0.8877,0.8877,0.8877,0.8877
09-21-2016 09:00:00,300.0,0.8803,0.8803,0.8803,0.8803
09-21-2016 09:03:00,100.0,0.8833,0.8833,0.8833,0.8833
09-21-2016 09:04:00,5000.0,0.8877,0.8877,0.8877,0.8877
09-21-2016 09:05:00,3000.0,0.8789,0.8789,0.8789,0.8789
09-21-2016 09:09:00,200.0,0.879,0.8808,0.879,0.8808
09-21-2016 09:12:00,10500.0,0.8877,0.8877,0.8877,0.8877
09-21-2016 09:14:00,800.0,0.87,0.87,0.87,0.87
09-21-2016 09:15:00,800.0,0.88,0.88,0.88,0.88
09-21-2016 09:16:00,100.0,0.8801,0.8801,0.8801,0.8801
09-21-2016 09:18:00,100.0,0.8801,0.8801,0.8801,0.8801
09-21-2016 09:19:00,200.0,0.8801,0.8801,0.8801,0.8801
09-21-2016 09:20:00,6100.0,0.8801,0.885,0.8801,0.885
09-21-2016 09:24:00,400.0,0.8801,0.8801,0.8801,0.8801
09-21-2016 09:25:00,500.0,0.8801,0.8801,0.8801,0.8801
09-21-2016 09:27:00,200.0,0.8801,0.8801,0.8801,0.8801
09-21-2016 09:31:00,200.0,0.8801,0.8801,0.8801,0.8801
09-21-2016 09:32:00,100.0,0.8801,0.8801,0.8801,0.8801
09-21-2016 09:33:00,1800.0,0.8802,0.8802,0.88,0.88
09-21-2016 09:44:00,1000.0,0.8751,0.8751,0.8751,0.8751
09-21-2016 09:45:00,5000.0,0.8799,0.8799,0.8799,0.8799
09-21-2016 09:47:00,19995.0,0.8751,0.8751,0.87,0.87
09-21-2016 09:48:00,19902.0,0.8701,0.8701,0.85,0.85
09-21-2016 09:49:00,1100.0,0.855,0.855,0.8513,0.8513
09-21-2016 09:54:00,40100.0,0.8501,0.86,0.84,0.84
09-21-2016 09:55:00,885.0,0.84,0.84,0.84,0.84
09-21-2016 09:57:00,5000.0,0.8474,0.8474,0.8474,0.8474
09-21-2016 10:04:00,115.0,0.85,0.85,0.85,0.85
09-21-2016 10:07:00,2000.0,0.8462,0.8462,0.8462,0.8462
09-21-2016 10:14:00,1000.0,0.8499,0.8499,0.8499,0.8499
09-21-2016 10:17:00,200.0,0.85,0.85,0.85,0.85
09-21-2016 10:25:00,100.0,0.85,0.85,0.85,0.85
09-21-2016 10:30:00,100.0,0.859,0.859,0.859,0.859
09-21-2016 10:31:00,5000.0,0.859,0.859,0.859,0.859
09-21-2016 10:33:00,500.0,0.859,0.859,0.859,0.859
09-21-2016 10:36:00,100.0,0.86,0.86,0.86,0.86
09-21-2016 10:39:00,100.0,0.86,0.86,0.86,0.86
09-21-2016 10:42:00,43000.0,0.86,0.88,0.86,0.88
09-21-2016 10:44:00,525.0,0.8748,0.8748,0.8748,0.8748
09-21-2016 10:45:00,2000.0,0.8703,0.8703,0.8703,0.8703
09-21-2016 10:51:00,100.0,0.861,0.861,0.861,0.861
09-21-2016 10:52:00,9000.0,0.88,0.88,0.88,0.88
09-21-2016 10:53:00,100.0,0.88,0.88,0.88,0.88
09-21-2016 10:54:00,100.0,0.88,0.88,0.88,0.88
09-21-2016 10:55:00,200.0,0.88,0.88,0.88,0.88
09-21-2016 10:56:00,600.0,0.88,0.88,0.88,0.88
09-21-2016 11:03:00,600.0,0.8899,0.8899,0.8899,0.8899
09-21-2016 11:05:00,500.0,0.8859,0.8859,0.8859,0.8859
09-21-2016 11:08:00,9992.0,0.8724,0.8725,0.8724,0.8725
09-21-2016 11:20:00,500.0,0.8724,0.8724,0.8724,0.8724
09-21-2016 11:23:00,100.0,0.8724,0.8724,0.8724,0.8724
09-21-2016 11:35:00,200.0,0.8725,0.8725,0.8725,0.8725
09-21-2016 11:36:00,1500.0,0.8724,0.8725,0.8724,0.8725
09-21-2016 11:38:00,7400.0,0.8716,0.8716,0.8716,0.8716
09-21-2016 11:40:00,100.0,0.87,0.87,0.87,0.87
09-21-2016 11:51:00,100.0,0.87,0.87,0.87,0.87
09-21-2016 12:04:00,1500.0,0.8621,0.8621,0.8621,0.8621
09-21-2016 12:07:00,5300.0,0.861,0.861,0.861,0.861
09-21-2016 12:08:00,200.0,0.87,0.87,0.87,0.87
09-21-2016 12:10:00,5000.0,0.861,0.861,0.861,0.861
09-21-2016 12:24:00,200.0,0.87,0.87,0.862,0.862
09-21-2016 12:26:00,500.0,0.8655,0.8655,0.8655,0.8655
09-21-2016 12:42:00,200.0,0.87,0.87,0.87,0.87
09-21-2016 12:43:00,300.0,0.8645,0.8645,0.8645,0.8645
09-21-2016 12:49:00,100.0,0.8699,0.8699,0.8699,0.8699
09-21-2016 12:53:00,200.0,0.87,0.87,0.87,0.87
09-21-2016 13:16:00,5100.0,0.87,0.87,0.8699,0.8699
09-21-2016 13:20:00,5000.0,0.8653,0.8653,0.8653,0.8653
09-21-2016 13:24:00,800.0,0.8655,0.8698,0.8655,0.8698
09-21-2016 13:28:00,200.0,0.8699,0.8699,0.8699,0.8699
09-21-2016 13:29:00,100.0,0.8699,0.8699,0.8699,0.8699
09-21-2016 13:34:00,220.0,0.864,0.87,0.864,0.87
09-21-2016 13:37:00,3000.0,0.8699,0.8699,0.8699,0.8699
09-21-2016 13:43:00,175.0,0.865,0.865,0.865,0.865
09-21-2016 13:45:00,100.0,0.8689,0.8689,0.8689,0.8689
09-21-2016 13:48:00,100.0,0.8688,0.8688,0.8688,0.8688
09-21-2016 13:52:00,5032.0,0.865,0.8689,0.865,0.8689
09-21-2016 13:53:00,100.0,0.8689,0.8689,0.8689,0.8689
09-21-2016 14:04:00,1000.0,0.8672,0.8672,0.8672,0.8672
09-21-2016 14:06:00,100.0,0.8689,0.8689,0.8689,0.8689
09-21-2016 14:09:00,1250.0,0.8689,0.8689,0.8689,0.8689
09-21-2016 14:14:00,1652.0,0.8689,0.8689,0.8689,0.8689
09-21-2016 14:21:00,1000.0,0.87,0.87,0.87,0.87
09-21-2016 14:26:00,100.0,0.87,0.87,0.87,0.87
09-21-2016 14:28:00,3586.0,0.87,0.87,0.87,0.87
09-21-2016 14:32:00,3006.0,0.87,0.87,0.87,0.87
09-21-2016 14:33:00,900.0,0.8701,0.8706,0.8701,0.8706
09-21-2016 14:35:00,1000.0,0.8751,0.8751,0.8751,0.8751
09-21-2016 14:39:00,100.0,0.88,0.88,0.88,0.88
09-21-2016 14:43:00,170.0,0.88,0.88,0.88,0.88
09-21-2016 14:45:00,6000.0,0.88,0.88,0.88,0.88
09-21-2016 14:47:00,4000.0,0.8702,0.8702,0.8702,0.8702
09-21-2016 14:51:00,300.0,0.8702,0.8702,0.8702,0.8702
09-21-2016 14:53:00,100.0,0.88,0.88,0.88,0.88
09-21-2016 14:55:00,6174.0,0.88,0.88,0.8799,0.8799
09-21-2016 14:56:00,100.0,0.8703,0.8703,0.8703,0.8703
09-21-2016 14:57:00,5000.0,0.88,0.88,0.88,0.88
09-21-2016 14:59:00,2292.0,0.88,0.88,0.88,0.88
09-21-2016 15:00:00,579.0,0.877,0.877,0.8706,0.8706
09-22-2016 08:14:00,45.0,0.95,0.95,0.95,0.95
09-22-2016 08:31:00,2400.0,0.89,0.89,0.89,0.89
09-22-2016 08:36:00,281.0,0.8522,0.8522,0.8522,0.8522
09-22-2016 08:39:00,250.0,0.85,0.85,0.85,0.85
09-22-2016 08:45:00,15400.0,0.852,0.852,0.85,0.85
09-22-2016 08:46:00,11100.0,0.88,0.88,0.85,0.85
09-22-2016 08:47:00,1000.0,0.865,0.865,0.85,0.85
09-22-2016 08:48:00,100.0,0.85,0.85,0.85,0.85
09-22-2016 08:54:00,7000.0,0.865,0.8724,0.85,0.8501
09-22-2016 08:56:00,2352.0,0.85,0.8621,0.85,0.862
09-22-2016 09:01:00,800.0,0.8597,0.8597,0.8597,0.8597
09-22-2016 09:02:00,20000.0,0.8501,0.8516,0.8448,0.8448
09-22-2016 09:04:00,300.0,0.8603,0.8603,0.8603,0.8603
09-22-2016 09:05:00,300.0,0.8628,0.8628,0.8628,0.8628
09-22-2016 09:06:00,400.0,0.8628,0.8628,0.8628,0.8628
09-22-2016 09:17:00,100.0,0.87,0.87,0.87,0.87
09-22-2016 09:25:00,300.0,0.8605,0.8605,0.8605,0.8605
09-22-2016 09:30:00,200.0,0.87,0.8714,0.87,0.8714
09-22-2016 09:38:00,1000.0,0.868,0.868,0.868,0.868
09-22-2016 09:49:00,200.0,0.88,0.88,0.88,0.88
09-22-2016 10:06:00,200.0,0.8799,0.8799,0.8799,0.8799
09-22-2016 10:13:00,10500.0,0.8796,0.88,0.8796,0.88
09-22-2016 10:14:00,100.0,0.8875,0.8875,0.8875,0.8875
09-22-2016 10:15:00,700.0,0.8887,0.889,0.8887,0.889
09-22-2016 10:16:00,600.0,0.889,0.889,0.889,0.889
09-22-2016 10:17:00,400.0,0.889,0.889,0.889,0.889
09-22-2016 10:18:00,1300.0,0.889,0.89,0.889,0.889
09-22-2016 10:19:00,600.0,0.889,0.889,0.889,0.889
09-22-2016 10:20:00,100.0,0.8894,0.8894,0.8894,0.8894
09-22-2016 10:23:00,200.0,0.8889,0.8889,0.8874,0.8874
09-22-2016 10:24:00,200.0,0.8861,0.8889,0.8861,0.8889
09-22-2016 10:25:00,600.0,0.8847,0.8861,0.8847,0.886
09-22-2016 10:34:00,200.0,0.88,0.88,0.88,0.88
09-22-2016 10:40:00,553.0,0.8899,0.8899,0.8899,0.8899
09-22-2016 10:49:00,2500.0,0.8894,0.8894,0.88,0.88
09-22-2016 10:50:00,100.0,0.88,0.88,0.88,0.88
09-22-2016 11:01:00,700.0,0.88,0.88,0.88,0.88
09-22-2016 11:06:00,400.0,0.8803,0.8803,0.8803,0.8803
09-22-2016 11:07:00,300.0,0.88,0.88,0.88,0.88
09-22-2016 11:08:00,200.0,0.88,0.88,0.88,0.88
09-22-2016 11:09:00,4800.0,0.88,0.88,0.8799,0.8799
09-22-2016 11:16:00,4100.0,0.8799,0.8799,0.8799,0.8799
09-22-2016 11:19:00,100.0,0.882,0.882,0.882,0.882
09-22-2016 11:20:00,1000.0,0.882,0.8839,0.882,0.882
09-22-2016 11:28:00,200.0,0.881,0.882,0.881,0.882
09-22-2016 11:32:00,100.0,0.8809,0.8809,0.8809,0.8809
09-22-2016 11:33:00,1300.0,0.8799,0.8799,0.8799,0.8799
09-22-2016 11:34:00,100.0,0.8799,0.8799,0.8799,0.8799
09-22-2016 11:35:00,100.0,0.881,0.881,0.881,0.881
09-22-2016 11:40:00,600.0,0.8807,0.8807,0.8807,0.8807
09-22-2016 11:41:00,202.0,0.8806,0.8806,0.8806,0.8806
09-22-2016 11:43:00,4700.0,0.8807,0.8807,0.8799,0.8799
09-22-2016 11:45:00,200.0,0.881,0.881,0.881,0.881
09-22-2016 11:46:00,1500.0,0.8819,0.8819,0.8819,0.8819
09-22-2016 11:52:00,4500.0,0.88,0.88,0.88,0.88
09-22-2016 11:53:00,300.0,0.8801,0.8801,0.8801,0.8801
09-22-2016 11:54:00,100.0,0.881,0.881,0.881,0.881
09-22-2016 11:56:00,300.0,0.881,0.881,0.8801,0.8801
09-22-2016 11:57:00,100.0,0.8801,0.8801,0.8801,0.8801
09-22-2016 12:00:00,2600.0,0.88,0.882,0.8799,0.882
09-22-2016 12:05:00,200.0,0.881,0.881,0.881,0.881
09-22-2016 12:06:00,300.0,0.88,0.88,0.88,0.88
09-22-2016 12:07:00,100.0,0.88,0.88,0.88,0.88
09-22-2016 12:13:00,1100.0,0.88,0.88,0.88,0.88
09-22-2016 12:16:00,100.0,0.881,0.881,0.881,0.881
09-22-2016 12:19:00,100.0,0.8801,0.8801,0.8801,0.8801
09-22-2016 12:21:00,600.0,0.88,0.88,0.88,0.88
09-22-2016 12:24:00,100.0,0.881,0.881,0.881,0.881
09-22-2016 12:27:00,100.0,0.881,0.881,0.881,0.881
09-22-2016 12:37:00,200.0,0.881,0.882,0.881,0.882
09-22-2016 12:38:00,300.0,0.8801,0.881,0.8801,0.881
09-22-2016 12:42:00,400.0,0.88,0.88,0.88,0.88
09-22-2016 12:52:00,400.0,0.8802,0.8802,0.8802,0.8802
09-22-2016 12:56:00,100.0,0.8801,0.8801,0.8801,0.8801
09-22-2016 12:57:00,100.0,0.8801,0.8801,0.8801,0.8801
09-22-2016 12:58:00,200.0,0.8801,0.8801,0.8801,0.8801
09-22-2016 13:00:00,300.0,0.8801,0.8809,0.8801,0.8809
09-22-2016 13:01:00,200.0,0.8801,0.8801,0.8801,0.8801
09-22-2016 13:03:00,600.0,0.8801,0.882,0.8801,0.882
09-22-2016 13:05:00,3145.0,0.8811,0.882,0.88,0.88
09-22-2016 13:06:00,300.0,0.8801,0.8801,0.8801,0.8801
09-22-2016 13:07:00,200.0,0.8801,0.8801,0.8801,0.8801
09-22-2016 13:09:00,100.0,0.8801,0.8801,0.8801,0.8801
09-22-2016 13:15:00,7655.0,0.8819,0.882,0.88,0.88
09-22-2016 13:16:00,1358.0,0.88,0.88,0.8799,0.8799
09-22-2016 13:31:00,200.0,0.8823,0.8823,0.8823,0.8823
09-22-2016 13:38:00,2150.0,0.8802,0.8802,0.8802,0.8802
09-22-2016 13:50:00,3000.0,0.89,0.89,0.89,0.89
09-22-2016 13:52:00,100.0,0.89,0.89,0.89,0.89
09-22-2016 13:56:00,200.0,0.882,0.886,0.882,0.886
09-22-2016 13:57:00,800.0,0.8849,0.8849,0.8821,0.8823
09-22-2016 13:58:00,600.0,0.8823,0.8825,0.8823,0.8825
09-22-2016 13:59:00,100.0,0.8825,0.8825,0.8825,0.8825
09-22-2016 14:06:00,1000.0,0.8811,0.8811,0.8811,0.8811
09-22-2016 14:07:00,100.0,0.8851,0.8851,0.8851,0.8851
09-22-2016 14:19:00,100.0,0.8856,0.8856,0.8856,0.8856
09-22-2016 14:23:00,700.0,0.8857,0.8858,0.8857,0.8858
09-22-2016 14:26:00,250.0,0.8848,0.8848,0.8848,0.8848
09-22-2016 14:32:00,100.0,0.8857,0.8857,0.8857,0.8857
09-22-2016 14:35:00,100.0,0.8856,0.8856,0.8856,0.8856
09-22-2016 14:36:00,200.0,0.8858,0.8858,0.8858,0.8858
09-22-2016 14:40:00,2100.0,0.8899,0.8899,0.882,0.8822
09-22-2016 14:41:00,200.0,0.8824,0.8862,0.8824,0.8862
09-22-2016 14:47:00,500.0,0.8899,0.8899,0.8899,0.8899
09-22-2016 14:48:00,100.0,0.8828,0.8828,0.8828,0.8828
09-22-2016 14:49:00,480.0,0.883,0.883,0.883,0.883
09-22-2016 14:50:00,100.0,0.8851,0.8851,0.8851,0.8851
09-22-2016 14:55:00,1000.0,0.8899,0.8899,0.8899,0.8899
09-22-2016 14:59:00,1000.0,0.8821,0.8822,0.8821,0.8822
09-22-2016 15:00:00,4849.0,0.8899,0.8899,0.8822,0.8822
09-22-2016 17:14:00,100.0,0.89,0.89,0.89,0.89
09-23-2016 07:56:00,10000.0,0.9,0.9,0.9,0.9
09-23-2016 08:30:00,7982.0,0.89,0.89,0.89,0.89
09-23-2016 08:31:00,2500.0,0.895,0.8979,0.895,0.8979
09-23-2016 08:35:00,100.0,0.89,0.89,0.89,0.89
09-23-2016 08:36:00,2100.0,0.89,0.8902,0.89,0.8902
09-23-2016 08:37:00,1500.0,0.8901,0.8901,0.8801,0.8801
09-23-2016 08:38:00,100.0,0.8801,0.8801,0.8801,0.8801
09-23-2016 08:39:00,100.0,0.8801,0.8801,0.8801,0.8801
09-23-2016 08:40:00,3200.0,0.8801,0.89,0.8801,0.8801
09-23-2016 08:41:00,100.0,0.8801,0.8801,0.8801,0.8801
09-23-2016 08:42:00,100.0,0.8801,0.8801,0.8801,0.8801
09-23-2016 08:43:00,100.0,0.8801,0.8801,0.8801,0.8801
09-23-2016 08:44:00,100.0,0.88,0.88,0.88,0.88
09-23-2016 08:45:00,2200.0,0.88,0.8868,0.88,0.8868
09-23-2016 08:46:00,200.0,0.89,0.89,0.88,0.88
09-23-2016 08:47:00,100.0,0.88,0.88,0.88,0.88
09-23-2016 08:48:00,200.0,0.88,0.88,0.88,0.88
09-23-2016 08:49:00,100.0,0.88,0.88,0.88,0.88
09-23-2016 08:50:00,300.0,0.88,0.88,0.88,0.88
09-23-2016 08:51:00,200.0,0.8801,0.8801,0.8801,0.8801
09-23-2016 08:52:00,100.0,0.8852,0.8852,0.8852,0.8852
09-23-2016 08:53:00,300.0,0.8852,0.89,0.8852,0.89
09-23-2016 08:54:00,5200.0,0.8852,0.8899,0.8851,0.8851
09-23-2016 08:55:00,200.0,0.8851,0.8851,0.8851,0.8851
09-23-2016 08:56:00,200.0,0.885,0.885,0.885,0.885
09-23-2016 08:57:00,3666.0,0.885,0.885,0.88,0.88
09-23-2016 08:58:00,500.0,0.87,0.88,0.87,0.88
09-23-2016 08:59:00,400.0,0.87,0.87,0.87,0.87
09-23-2016 09:00:00,400.0,0.87,0.87,0.87,0.87
09-23-2016 09:02:00,170.0,0.87,0.87,0.87,0.87
09-23-2016 09:03:00,1000.0,0.8766,0.8766,0.8766,0.8766
09-23-2016 09:04:00,3000.0,0.875,0.875,0.875,0.875
09-23-2016 09:09:00,1200.0,0.8764,0.8764,0.8764,0.8764
09-23-2016 09:13:00,950.0,0.88,0.88,0.88,0.88
09-23-2016 09:15:00,1022.0,0.88,0.88,0.88,0.88
09-23-2016 09:20:00,300.0,0.8702,0.8702,0.8702,0.8702
09-23-2016 09:31:00,100.0,0.8789,0.8789,0.8789,0.8789
09-23-2016 09:34:00,1736.0,0.88,0.88,0.8768,0.8768
09-23-2016 09:38:00,200.0,0.88,0.88,0.88,0.88
09-23-2016 09:42:00,300.0,0.88,0.88,0.88,0.88
09-23-2016 09:46:00,100.0,0.88,0.88,0.88,0.88
09-23-2016 09:53:00,3730.0,0.88,0.8803,0.88,0.8803
09-23-2016 09:54:00,100.0,0.89,0.89,0.89,0.89
09-23-2016 09:56:00,990.0,0.8838,0.8838,0.8838,0.8838
09-23-2016 09:57:00,300.0,0.89,0.89,0.89,0.89
09-23-2016 09:58:00,11970.0,0.8899,0.8899,0.88,0.88
09-23-2016 09:59:00,15000.0,0.8805,0.8805,0.875,0.875
09-23-2016 10:04:00,100.0,0.89,0.89,0.89,0.89
09-23-2016 10:05:00,13800.0,0.871,0.871,0.871,0.871
09-23-2016 10:09:00,100.0,0.89,0.89,0.89,0.89
09-23-2016 10:10:00,200.0,0.89,0.89,0.89,0.89
09-23-2016 10:15:00,300.0,0.89,0.89,0.89,0.89
09-23-2016 10:18:00,300.0,0.89,0.89,0.89,0.89
09-23-2016 10:22:00,100.0,0.89,0.89,0.89,0.89
09-23-2016 10:24:00,4900.0,0.878,0.878,0.878,0.878
09-23-2016 10:29:00,100.0,0.89,0.89,0.89,0.89
09-23-2016 10:36:00,250.0,0.89,0.89,0.8795,0.8795
09-23-2016 10:42:00,500.0,0.8781,0.8781,0.8781,0.8781
09-23-2016 10:43:00,20100.0,0.871,0.89,0.871,0.871
09-23-2016 10:44:00,20900.0,0.871,0.871,0.871,0.871
09-23-2016 10:45:00,200.0,0.8705,0.8705,0.8705,0.8705
09-23-2016 10:46:00,1300.0,0.8705,0.8705,0.8705,0.8705
09-23-2016 10:53:00,2000.0,0.8704,0.8704,0.8704,0.8704
09-23-2016 10:56:00,4300.0,0.8702,0.8703,0.87,0.87
09-23-2016 11:02:00,200.0,0.8702,0.8702,0.8702,0.8702
09-23-2016 11:03:00,2000.0,0.8705,0.8705,0.8705,0.8705
09-23-2016 11:17:00,12900.0,0.8704,0.8705,0.8704,0.8704
09-23-2016 11:28:00,1000.0,0.8704,0.8704,0.8704,0.8704
09-23-2016 11:32:00,2051.0,0.8705,0.8705,0.8704,0.8704
09-23-2016 11:33:00,2000.0,0.8705,0.8705,0.8705,0.8705
09-23-2016 11:41:00,500.0,0.8704,0.8704,0.8704,0.8704
09-23-2016 11:49:00,3249.0,0.8705,0.8705,0.8705,0.8705
09-23-2016 11:53:00,100.0,0.8709,0.8709,0.8709,0.8709
09-23-2016 11:54:00,500.0,0.8709,0.8709,0.8709,0.8709
09-23-2016 12:00:00,400.0,0.88,0.88,0.88,0.88
09-23-2016 12:01:00,200.0,0.88,0.88,0.88,0.88
09-23-2016 12:08:00,200.0,0.882,0.8826,0.882,0.8826
09-23-2016 12:19:00,2000.0,0.8809,0.8815,0.8808,0.8815
09-23-2016 12:21:00,125.0,0.8808,0.8808,0.8808,0.8808
09-23-2016 12:41:00,100.0,0.8826,0.8826,0.8826,0.8826
09-23-2016 12:47:00,500.0,0.8809,0.8809,0.8809,0.8809
09-23-2016 12:48:00,650.0,0.8809,0.8809,0.8809,0.8809
09-23-2016 12:51:00,1100.0,0.8808,0.8826,0.8808,0.8826
09-23-2016 12:58:00,200.0,0.8808,0.8808,0.8808,0.8808
09-23-2016 13:17:00,1125.0,0.8886,0.8886,0.8886,0.8886
09-23-2016 13:23:00,5451.0,0.885,0.885,0.8849,0.885
09-23-2016 13:26:00,500.0,0.8824,0.8824,0.8824,0.8824
09-23-2016 13:27:00,200.0,0.885,0.885,0.885,0.885
09-23-2016 13:32:00,3000.0,0.8837,0.8837,0.8837,0.8837
09-23-2016 13:47:00,2359.0,0.885,0.885,0.885,0.885
09-23-2016 13:53:00,100.0,0.8849,0.8849,0.8849,0.8849
09-23-2016 14:00:00,100.0,0.885,0.885,0.885,0.885
09-23-2016 14:03:00,100.0,0.885,0.885,0.885,0.885
09-23-2016 14:19:00,4927.0,0.89,0.89,0.89,0.89
09-23-2016 14:32:00,5300.0,0.89,0.89,0.8847,0.8847
09-23-2016 14:33:00,1000.0,0.8849,0.8849,0.8849,0.8849
09-23-2016 14:38:00,100.0,0.8845,0.8845,0.8845,0.8845
09-23-2016 14:43:00,300.0,0.89,0.89,0.89,0.89
09-23-2016 14:52:00,32554.0,0.8858,0.895,0.8858,0.895
09-23-2016 14:53:00,100.0,0.895,0.895,0.895,0.895
09-23-2016 14:54:00,100.0,0.9,0.9,0.9,0.9
09-23-2016 14:55:00,7524.0,0.8915,0.8915,0.8855,0.8855
09-23-2016 14:56:00,200.0,0.9,0.9,0.9,0.9
09-23-2016 14:57:00,1000.0,0.8877,0.8877,0.8877,0.8877
09-23-2016 14:58:00,200.0,0.9,0.9,0.9,0.9
09-23-2016 14:59:00,500.0,0.9,0.9,0.9,0.9
09-23-2016 15:00:00,2716.0,0.9,0.9,0.9,0.9
09-26-2016 07:28:00,10000.0,0.9,0.9,0.9,0.9
09-26-2016 08:30:00,2506.0,0.9,0.9,0.9,0.9
09-26-2016 08:31:00,480.0,0.89,0.89,0.89,0.89
09-26-2016 08:45:00,100.0,0.9,0.9,0.9,0.9
09-26-2016 08:46:00,100.0,0.8901,0.8901,0.8901,0.8901
09-26-2016 08:47:00,100.0,0.8999,0.8999,0.8999,0.8999
09-26-2016 08:55:00,7255.0,0.8903,0.8904,0.8903,0.8903
09-26-2016 08:57:00,100.0,0.8902,0.8902,0.8902,0.8902
09-26-2016 09:00:00,200.0,0.8901,0.8999,0.8901,0.8999
09-26-2016 09:03:00,2212.0,0.8996,0.8996,0.8996,0.8996
09-26-2016 09:04:00,100.0,0.8951,0.8951,0.8951,0.8951
09-26-2016 09:06:00,200.0,0.8902,0.8902,0.89,0.89
09-26-2016 09:08:00,1600.0,0.89,0.89,0.8895,0.8895
09-26-2016 09:09:00,100.0,0.88,0.88,0.88,0.88
09-26-2016 09:11:00,100.0,0.881,0.881,0.881,0.881
09-26-2016 09:14:00,100.0,0.881,0.881,0.881,0.881
09-26-2016 09:17:00,100.0,0.881,0.881,0.881,0.881
09-26-2016 09:18:00,1000.0,0.8861,0.8861,0.8861,0.8861
09-26-2016 09:20:00,100.0,0.881,0.881,0.881,0.881
09-26-2016 09:23:00,900.0,0.881,0.8899,0.881,0.8899
09-26-2016 09:25:00,100.0,0.881,0.881,0.881,0.881
09-26-2016 09:28:00,100.0,0.881,0.881,0.881,0.881
09-26-2016 09:31:00,100.0,0.881,0.881,0.881,0.881
09-26-2016 09:32:00,200.0,0.881,0.881,0.881,0.881
09-26-2016 09:35:00,668.0,0.881,0.8899,0.881,0.8899
09-26-2016 09:38:00,100.0,0.881,0.881,0.881,0.881
09-26-2016 09:39:00,2500.0,0.886,0.886,0.886,0.886
09-26-2016 10:00:00,2100.0,0.8898,0.8898,0.881,0.881
09-26-2016 10:02:00,386.0,0.8866,0.8866,0.881,0.881
09-26-2016 10:05:00,2100.0,0.8811,0.8811,0.881,0.881
09-26-2016 10:08:00,100.0,0.881,0.881,0.881,0.881
09-26-2016 10:11:00,100.0,0.881,0.881,0.881,0.881
09-26-2016 10:15:00,100.0,0.881,0.881,0.881,0.881
09-26-2016 10:19:00,100.0,0.881,0.881,0.881,0.881
09-26-2016 10:22:00,2000.0,0.8881,0.8881,0.885,0.885
09-26-2016 10:26:00,100.0,0.885,0.885,0.885,0.885
09-26-2016 10:30:00,100.0,0.885,0.885,0.885,0.885
09-26-2016 10:31:00,100.0,0.8868,0.8868,0.8868,0.8868
09-26-2016 10:32:00,200.0,0.885,0.885,0.885,0.885
09-26-2016 10:34:00,100.0,0.885,0.885,0.885,0.885
09-26-2016 10:37:00,100.0,0.885,0.885,0.885,0.885
09-26-2016 10:41:00,100.0,0.885,0.885,0.885,0.885
09-26-2016 10:45:00,100.0,0.885,0.885,0.885,0.885
09-26-2016 10:46:00,200.0,0.8899,0.8899,0.8877,0.8877
09-26-2016 10:47:00,7387.0,0.89,0.89,0.89,0.89
09-26-2016 10:50:00,100.0,0.885,0.885,0.885,0.885
09-26-2016 10:54:00,100.0,0.885,0.885,0.885,0.885
09-26-2016 10:55:00,1163.0,0.885,0.885,0.885,0.885
09-26-2016 10:58:00,100.0,0.885,0.885,0.885,0.885
09-26-2016 11:03:00,100.0,0.8875,0.8875,0.8875,0.8875
09-26-2016 11:06:00,500.0,0.8898,0.8898,0.8898,0.8898
09-26-2016 11:07:00,100.0,0.885,0.885,0.885,0.885
09-26-2016 11:12:00,100.0,0.885,0.885,0.885,0.885
09-26-2016 11:13:00,650.0,0.8894,0.8894,0.8894,0.8894
09-26-2016 11:15:00,9959.0,0.8899,0.8999,0.8875,0.8999
09-26-2016 11:16:00,3950.0,0.8974,0.8974,0.8902,0.8903
09-26-2016 11:21:00,175.0,0.8902,0.8902,0.8902,0.8902
09-26-2016 11:26:00,100.0,0.8902,0.8902,0.8902,0.8902
09-26-2016 11:29:00,100.0,0.8998,0.8998,0.8998,0.8998
09-26-2016 11:31:00,100.0,0.8902,0.8902,0.8902,0.8902
09-26-2016 11:34:00,100.0,0.895,0.895,0.895,0.895
09-26-2016 11:41:00,2500.0,0.895,0.895,0.8945,0.8945
09-26-2016 11:46:00,100.0,0.8946,0.8946,0.8946,0.8946
09-26-2016 11:51:00,100.0,0.8946,0.8946,0.8946,0.8946
09-26-2016 11:57:00,100.0,0.8946,0.8946,0.8946,0.8946
09-26-2016 11:58:00,100.0,0.8999,0.8999,0.8999,0.8999
09-26-2016 12:02:00,100.0,0.8951,0.8951,0.8951,0.8951
09-26-2016 12:07:00,100.0,0.8951,0.8951,0.8951,0.8951
09-26-2016 12:12:00,100.0,0.8951,0.8951,0.8951,0.8951
09-26-2016 12:17:00,100.0,0.8946,0.8946,0.8946,0.8946
09-26-2016 12:19:00,100.0,0.8997,0.8997,0.8997,0.8997
09-26-2016 12:22:00,5000.0,0.8997,0.8997,0.8997,0.8997
09-26-2016 12:32:00,1000.0,0.8941,0.8941,0.8941,0.8941
09-26-2016 12:41:00,100.0,0.8941,0.8941,0.8941,0.8941
09-26-2016 12:46:00,100.0,0.8941,0.8941,0.8941,0.8941
09-26-2016 12:47:00,200.0,0.8988,0.8989,0.8988,0.8989
09-26-2016 12:56:00,100.0,0.8941,0.8941,0.8941,0.8941
09-26-2016 13:01:00,100.0,0.8941,0.8941,0.8941,0.8941
09-26-2016 13:06:00,100.0,0.8941,0.8941,0.8941,0.8941
09-26-2016 13:07:00,8800.0,0.8941,0.8941,0.8941,0.8941
09-26-2016 13:08:00,100.0,0.8988,0.8988,0.8988,0.8988
09-26-2016 13:09:00,4000.0,0.8988,0.8989,0.8988,0.8989
09-26-2016 13:10:00,100.0,0.8936,0.8936,0.8936,0.8936
09-26-2016 13:15:00,600.0,0.8936,0.895,0.8936,0.895
09-26-2016 13:16:00,100.0,0.895,0.895,0.895,0.895
09-26-2016 13:19:00,100.0,0.895,0.895,0.895,0.895
09-26-2016 13:24:00,2770.0,0.895,0.897,0.895,0.897
09-26-2016 13:26:00,3300.0,0.895,0.895,0.8945,0.8945
09-26-2016 13:27:00,100.0,0.8936,0.8936,0.8936,0.8936
09-26-2016 13:28:00,100.0,0.885,0.885,0.885,0.885
09-26-2016 13:32:00,3510.0,0.8902,0.8902,0.8902,0.8902
09-26-2016 13:33:00,100.0,0.885,0.885,0.885,0.885
09-26-2016 13:34:00,100.0,0.8948,0.8948,0.8948,0.8948
09-26-2016 13:37:00,100.0,0.885,0.885,0.885,0.885
09-26-2016 13:41:00,100.0,0.89,0.89,0.89,0.89
09-26-2016 13:46:00,100.0,0.89,0.89,0.89,0.89
09-26-2016 13:50:00,400.0,0.89,0.8924,0.89,0.8924
09-26-2016 13:51:00,100.0,0.89,0.89,0.89,0.89
09-26-2016 13:54:00,208.0,0.885,0.885,0.885,0.885
09-26-2016 13:58:00,100.0,0.8891,0.8891,0.8891,0.8891
09-26-2016 14:03:00,100.0,0.885,0.885,0.885,0.885
09-26-2016 14:06:00,100.0,0.885,0.885,0.885,0.885
09-26-2016 14:10:00,100.0,0.885,0.885,0.885,0.885
09-26-2016 14:14:00,100.0,0.885,0.885,0.885,0.885
09-26-2016 14:17:00,100.0,0.885,0.885,0.885,0.885
09-26-2016 14:21:00,100.0,0.885,0.885,0.885,0.885
09-26-2016 14:24:00,100.0,0.885,0.885,0.885,0.885
09-26-2016 14:27:00,300.0,0.885,0.885,0.885,0.885
09-26-2016 14:30:00,100.0,0.885,0.885,0.885,0.885
09-26-2016 14:32:00,100.0,0.8899,0.8899,0.8899,0.8899
09-26-2016 14:36:00,100.0,0.885,0.885,0.885,0.885
09-26-2016 14:39:00,100.0,0.885,0.885,0.885,0.885
09-26-2016 14:42:00,100.0,0.885,0.885,0.885,0.885
09-26-2016 14:44:00,300.0,0.885,0.885,0.885,0.885
09-26-2016 14:47:00,100.0,0.885,0.885,0.885,0.885
09-26-2016 14:48:00,1400.0,0.8898,0.89,0.8898,0.89
09-26-2016 14:51:00,100.0,0.8923,0.8923,0.8923,0.8923
09-26-2016 14:52:00,12700.0,0.89,0.8947,0.89,0.8947
09-26-2016 14:55:00,1100.0,0.8903,0.8947,0.8901,0.8901
09-26-2016 14:56:00,909.0,0.89,0.89,0.89,0.89
09-26-2016 14:58:00,100.0,0.889,0.889,0.889,0.889
09-26-2016 14:59:00,9980.0,0.889,0.889,0.885,0.885
09-26-2016 15:00:00,629.0,0.885,0.885,0.885,0.885
09-27-2016 08:30:00,2766.0,0.88,0.88,0.88,0.88
09-27-2016 08:38:00,10000.0,0.8899,0.89,0.8899,0.89
09-27-2016 08:41:00,15000.0,0.89,0.9,0.89,0.9
09-27-2016 08:42:00,120.0,0.8969,0.8969,0.8969,0.8969
09-27-2016 08:44:00,1360.0,0.8958,0.8958,0.8958,0.8958
09-27-2016 08:52:00,100.0,0.897,0.897,0.897,0.897
09-27-2016 08:53:00,600.0,0.88,0.88,0.88,0.88
09-27-2016 09:15:00,500.0,0.8961,0.8961,0.8961,0.8961
09-27-2016 09:17:00,6700.0,0.8843,0.8987,0.8843,0.8987
09-27-2016 09:18:00,3560.0,0.8987,0.8999,0.8987,0.8999
09-27-2016 09:21:00,5000.0,0.9,0.9,0.9,0.9
09-27-2016 09:23:00,100.0,0.8951,0.8951,0.8951,0.8951
09-27-2016 09:25:00,3970.0,0.9,0.9,0.8967,0.8967
09-27-2016 09:35:00,2000.0,0.8902,0.8902,0.8902,0.8902
09-27-2016 09:38:00,2000.0,0.8949,0.895,0.8949,0.895
09-27-2016 09:51:00,1500.0,0.895,0.895,0.895,0.895
09-27-2016 09:52:00,800.0,0.8955,0.8955,0.8955,0.8955
09-27-2016 10:00:00,100.0,0.9,0.9,0.9,0.9
09-27-2016 10:03:00,5000.0,0.8904,0.8904,0.8903,0.8903
09-27-2016 10:04:00,1000.0,0.8927,0.8927,0.8927,0.8927
09-27-2016 10:06:00,100.0,0.895,0.895,0.895,0.895
09-27-2016 10:10:00,1100.0,0.8916,0.895,0.8916,0.895
09-27-2016 10:13:00,1500.0,0.895,0.895,0.895,0.895
09-27-2016 10:24:00,1400.0,0.895,0.895,0.895,0.895
09-27-2016 10:36:00,100.0,0.895,0.895,0.895,0.895
09-27-2016 10:45:00,100.0,0.895,0.895,0.895,0.895
09-27-2016 10:49:00,1000.0,0.895,0.895,0.895,0.895
09-27-2016 10:50:00,1233.0,0.893,0.8953,0.893,0.8953
09-27-2016 10:51:00,10900.0,0.9,0.9,0.9,0.9
09-27-2016 10:52:00,1150.0,0.9,0.905,0.9,0.905
09-27-2016 10:53:00,4310.0,0.8963,0.8963,0.8963,0.8963
09-27-2016 10:57:00,100.0,0.905,0.905,0.905,0.905
09-27-2016 10:59:00,500.0,0.891,0.891,0.891,0.891
09-27-2016 11:01:00,100.0,0.905,0.905,0.905,0.905
09-27-2016 11:03:00,100.0,0.905,0.905,0.905,0.905
09-27-2016 11:09:00,100.0,0.905,0.905,0.905,0.905
09-27-2016 11:13:00,105.0,0.896,0.896,0.896,0.896
09-27-2016 11:33:00,100.0,0.896,0.896,0.896,0.896
09-27-2016 11:47:00,100.0,0.9,0.9,0.9,0.9
09-27-2016 11:50:00,100.0,0.9,0.9,0.9,0.9
09-27-2016 12:00:00,1952.0,0.8947,0.8947,0.8947,0.8947
09-27-2016 12:02:00,100.0,0.9,0.9,0.9,0.9
09-27-2016 12:11:00,1861.0,0.892,0.892,0.892,0.892
09-27-2016 12:13:00,105.0,0.8922,0.8922,0.8922,0.8922
09-27-2016 12:17:00,200.0,0.9,0.9,0.9,0.9
09-27-2016 12:20:00,5000.0,0.8986,0.8986,0.8986,0.8986
09-27-2016 12:25:00,1000.0,0.8984,0.9,0.8984,0.9
09-27-2016 12:26:00,100.0,0.9,0.9,0.9,0.9
09-27-2016 12:32:00,105.0,0.8994,0.8994,0.8994,0.8994
09-27-2016 12:42:00,200.0,0.9,0.9,0.9,0.9
09-27-2016 12:46:00,100.0,0.9,0.9,0.9,0.9
09-27-2016 12:50:00,100.0,0.9,0.9,0.9,0.9
09-27-2016 12:51:00,5000.0,0.8999,0.8999,0.8999,0.8999
09-27-2016 12:52:00,300.0,0.9,0.9,0.9,0.9
09-27-2016 12:54:00,200.0,0.9,0.9,0.9,0.9
09-27-2016 13:01:00,4000.0,0.9,0.9,0.9,0.9
09-27-2016 13:12:00,700.0,0.8999,0.8999,0.8996,0.8996
09-27-2016 13:21:00,100.0,0.8941,0.8941,0.8941,0.8941
09-27-2016 13:29:00,200.0,0.8919,0.8919,0.8919,0.8919
09-27-2016 13:31:00,1000.0,0.8901,0.8906,0.8901,0.8906
09-27-2016 13:42:00,10700.0,0.8979,0.898,0.893,0.898
09-27-2016 13:57:00,100.0,0.898,0.898,0.898,0.898
09-27-2016 13:58:00,2000.0,0.8979,0.8979,0.8979,0.8979
09-27-2016 14:03:00,1100.0,0.8972,0.898,0.8972,0.898
09-27-2016 14:06:00,480.0,0.8914,0.8914,0.8914,0.8914
09-27-2016 14:21:00,127.0,0.898,0.898,0.898,0.898
09-27-2016 14:23:00,2000.0,0.898,0.898,0.898,0.898
09-27-2016 14:25:00,2000.0,0.8976,0.8976,0.8976,0.8976
09-27-2016 14:37:00,100.0,0.898,0.898,0.898,0.898
09-27-2016 14:48:00,100.0,0.8979,0.8979,0.8979,0.8979
09-27-2016 14:52:00,100.0,0.8979,0.8979,0.8979,0.8979
09-27-2016 15:00:00,1837.0,0.898,0.898,0.8979,0.8979
