09-07-2016 08:30:00,180.0,8.08,8.08,8.08,8.08
09-07-2016 08:46:00,100.0,8.0,8.0,8.0,8.0
09-07-2016 08:49:00,120.0,7.7737,7.7737,7.7737,7.7737
09-07-2016 08:51:00,100.0,7.98,7.98,7.98,7.98
09-07-2016 08:52:00,100.0,7.64,7.64,7.64,7.64
09-07-2016 09:02:00,100.0,7.98,7.98,7.98,7.98
09-07-2016 09:03:00,200.0,7.8,7.8,7.8,7.8
09-07-2016 09:08:00,100.0,7.98,7.98,7.98,7.98
09-07-2016 09:14:00,100.0,7.98,7.98,7.98,7.98
09-07-2016 09:17:00,200.0,7.795,7.795,7.795,7.795
09-07-2016 09:20:00,100.0,7.98,7.98,7.98,7.98
09-07-2016 09:27:00,100.0,7.98,7.98,7.98,7.98
09-07-2016 09:33:00,600.0,7.97,8.0,7.825,7.84
09-07-2016 09:46:00,200.0,7.84,7.96,7.84,7.96
09-07-2016 09:53:00,100.0,7.99,7.99,7.99,7.99
09-07-2016 09:57:00,100.0,7.84,7.84,7.84,7.84
09-07-2016 10:00:00,100.0,7.99,7.99,7.99,7.99
09-07-2016 10:02:00,200.0,7.82,7.82,7.82,7.82
09-07-2016 10:07:00,200.0,7.98,7.98,7.84,7.84
09-07-2016 10:15:00,1198.0,7.91,7.925,7.765,7.925
09-07-2016 10:20:00,200.0,7.875,7.875,7.875,7.875
09-07-2016 10:29:00,532.0,7.9125,8.0,7.9078,7.9078
09-07-2016 10:30:00,200.0,7.8798,7.8798,7.875,7.875
09-07-2016 10:37:00,300.0,8.07,8.07,7.915,8.06
09-07-2016 10:40:00,200.0,8.0799,8.0799,8.0799,8.0799
09-07-2016 10:45:00,100.0,8.2,8.2,8.2,8.2
09-07-2016 10:53:00,100.0,8.17,8.17,8.17,8.17
09-07-2016 10:55:00,200.0,8.119,8.119,8.1,8.1
09-07-2016 11:02:00,100.0,8.2,8.2,8.2,8.2
09-07-2016 11:11:00,100.0,8.2,8.2,8.2,8.2
09-07-2016 11:15:00,300.0,8.15,8.15,8.15,8.15
09-07-2016 11:18:00,300.0,8.2,8.2,8.2,8.2
09-07-2016 11:20:00,100.0,8.2,8.2,8.2,8.2
09-07-2016 11:21:00,500.0,8.1175,8.1175,8.1175,8.1175
09-07-2016 11:22:00,100.0,8.115,8.115,8.115,8.115
09-07-2016 11:30:00,100.0,8.12,8.12,8.12,8.12
09-07-2016 11:35:00,621.0,8.11,8.11,8.11,8.11
09-07-2016 11:39:00,100.0,8.12,8.12,8.12,8.12
09-07-2016 11:48:00,100.0,8.12,8.12,8.12,8.12
09-07-2016 11:49:00,100.0,8.12,8.12,8.12,8.12
09-07-2016 11:59:00,100.0,8.18,8.18,8.18,8.18
09-07-2016 12:00:00,200.0,8.145,8.1498,8.145,8.1498
09-07-2016 12:09:00,100.0,8.2,8.2,8.2,8.2
09-07-2016 12:11:00,100.0,8.2,8.2,8.2,8.2
09-07-2016 12:17:00,780.0,8.2,8.2,8.1992,8.1992
09-07-2016 12:26:00,250.0,8.2,8.2,8.2,8.2
09-07-2016 12:29:00,100.0,8.2,8.2,8.2,8.2
09-07-2016 12:32:00,100.0,8.2,8.2,8.2,8.2
09-07-2016 12:38:00,200.0,8.2,8.2,8.18,8.18
09-07-2016 12:39:00,100.0,8.2,8.2,8.2,8.2
09-07-2016 12:44:00,1200.0,8.2,8.245,8.2,8.245
09-07-2016 12:49:00,100.0,8.31,8.31,8.31,8.31
09-07-2016 12:53:00,100.0,8.31,8.31,8.31,8.31
09-07-2016 13:00:00,100.0,8.31,8.31,8.31,8.31
09-07-2016 13:01:00,200.0,8.27,8.27,8.27,8.27
09-07-2016 13:03:00,1300.0,8.25,8.25,8.25,8.25
09-07-2016 13:06:00,100.0,8.25,8.25,8.25,8.25
09-07-2016 13:07:00,100.0,8.25,8.25,8.25,8.25
09-07-2016 13:09:00,651.0,8.23,8.25,8.21,8.25
09-07-2016 13:12:00,200.0,8.23,8.23,8.23,8.23
09-07-2016 13:23:00,100.0,8.25,8.25,8.25,8.25
09-07-2016 13:30:00,100.0,8.25,8.25,8.25,8.25
09-07-2016 13:32:00,100.0,8.25,8.25,8.25,8.25
09-07-2016 13:36:00,100.0,8.25,8.25,8.25,8.25
09-07-2016 13:38:00,100.0,8.25,8.25,8.25,8.25
09-07-2016 13:40:00,100.0,8.25,8.25,8.25,8.25
09-07-2016 13:41:00,100.0,8.25,8.25,8.25,8.25
09-07-2016 13:45:00,100.0,8.21,8.21,8.21,8.21
09-07-2016 13:49:00,100.0,8.25,8.25,8.25,8.25
09-07-2016 13:57:00,1079.0,8.25,8.25,8.25,8.25
09-07-2016 13:59:00,200.0,8.31,8.31,8.27,8.27
09-07-2016 14:03:00,100.0,8.31,8.31,8.31,8.31
09-07-2016 14:04:00,100.0,8.32,8.32,8.32,8.32
09-07-2016 14:06:00,200.0,8.27,8.27,8.27,8.27
09-07-2016 14:12:00,100.0,8.32,8.32,8.32,8.32
09-07-2016 14:14:00,500.0,8.2301,8.31,8.2301,8.31
09-07-2016 14:15:00,200.0,8.27,8.27,8.225,8.225
09-07-2016 14:17:00,100.0,8.225,8.225,8.225,8.225
09-07-2016 14:19:00,100.0,8.32,8.32,8.32,8.32
09-07-2016 14:20:00,100.0,8.27,8.27,8.27,8.27
09-07-2016 14:24:00,100.0,8.32,8.32,8.32,8.32
09-07-2016 14:27:00,1600.0,8.28,8.33,8.28,8.33
09-07-2016 14:30:00,100.0,8.33,8.33,8.33,8.33
09-07-2016 14:33:00,700.0,8.305,8.33,8.28,8.33
09-07-2016 14:34:00,900.0,8.28,8.28,8.23,8.23
09-07-2016 14:38:00,100.0,8.21,8.21,8.21,8.21
09-07-2016 14:40:00,1100.0,8.21,8.2101,8.15,8.15
09-07-2016 14:41:00,100.0,8.2,8.2,8.2,8.2
09-07-2016 14:43:00,100.0,8.16,8.16,8.16,8.16
09-07-2016 14:48:00,100.0,8.28,8.28,8.28,8.28
09-07-2016 14:51:00,300.0,8.28,8.28,8.225,8.225
09-07-2016 14:53:00,200.0,8.27,8.27,8.22,8.22
09-07-2016 14:54:00,100.0,8.26,8.26,8.26,8.26
09-07-2016 14:55:00,400.0,8.26,8.27,8.22,8.27
09-07-2016 14:56:00,200.0,8.3,8.31,8.3,8.31
09-07-2016 14:57:00,200.0,8.3,8.31,8.3,8.31
09-07-2016 14:58:00,600.0,8.235,8.3,8.235,8.29
09-07-2016 14:59:00,400.0,8.235,8.3,8.235,8.3
09-07-2016 15:00:00,790.0,8.3,8.3,8.23,8.3
09-08-2016 08:30:00,600.0,8.26,8.26,8.26,8.26
09-08-2016 08:35:00,200.0,8.3,8.3,8.3,8.3
09-08-2016 08:41:00,100.0,7.83,7.83,7.83,7.83
09-08-2016 09:03:00,100.0,8.15,8.15,8.15,8.15
09-08-2016 09:13:00,200.0,8.215,8.215,8.215,8.215
09-08-2016 09:22:00,100.0,8.215,8.215,8.215,8.215
09-08-2016 09:27:00,100.0,8.215,8.215,8.215,8.215
09-08-2016 09:33:00,100.0,8.215,8.215,8.215,8.215
09-08-2016 09:39:00,1100.0,8.215,8.215,8.1501,8.1501
09-08-2016 09:42:00,1140.0,8.16,8.16,7.8501,7.8501
09-08-2016 09:43:00,1000.0,7.9159,7.9159,7.9159,7.9159
09-08-2016 09:45:00,100.0,8.065,8.065,8.065,8.065
09-08-2016 09:51:00,100.0,8.07,8.07,8.07,8.07
09-08-2016 09:57:00,100.0,8.22,8.22,8.22,8.22
09-08-2016 09:59:00,300.0,8.17,8.17,8.17,8.17
09-08-2016 10:09:00,300.0,8.13,8.2,8.13,8.2
09-08-2016 10:29:00,100.0,8.2,8.2,8.2,8.2
09-08-2016 10:34:00,1000.0,7.9954,7.9954,7.9954,7.9954
09-08-2016 10:35:00,100.0,8.3,8.3,8.3,8.3
09-08-2016 10:42:00,100.0,8.115,8.115,8.115,8.115
09-08-2016 10:43:00,100.0,8.24,8.24,8.24,8.24
09-08-2016 10:45:00,300.0,8.16,8.16,8.16,8.16
09-08-2016 11:05:00,499.0,8.02,8.02,8.02,8.02
09-08-2016 11:06:00,999.0,8.18,8.18,8.07,8.07
09-08-2016 11:08:00,500.0,8.0104,8.0104,8.0104,8.0104
09-08-2016 11:30:00,100.0,8.12,8.12,8.12,8.12
09-08-2016 11:39:00,100.0,8.12,8.12,8.12,8.12
09-08-2016 11:41:00,820.0,7.9719,7.9719,7.9719,7.9719
09-08-2016 11:47:00,1600.0,7.9361,8.0725,7.9361,8.0725
09-08-2016 11:48:00,1700.0,7.9357,8.16,7.9357,8.015
09-08-2016 11:49:00,235.0,8.0737,8.16,8.0737,8.16
09-08-2016 11:58:00,300.0,8.16,8.16,8.16,8.16
09-08-2016 12:06:00,100.0,8.16,8.16,8.16,8.16
09-08-2016 12:12:00,200.0,8.1,8.1,8.1,8.1
09-08-2016 12:14:00,100.0,8.1,8.1,8.1,8.1
09-08-2016 12:30:00,200.0,8.1,8.1,8.1,8.1
09-08-2016 12:32:00,100.0,8.1,8.1,8.1,8.1
09-08-2016 12:41:00,100.0,8.1,8.1,8.1,8.1
09-08-2016 12:45:00,100.0,8.1,8.1,8.1,8.1
09-08-2016 12:50:00,100.0,8.1,8.1,8.1,8.1
09-08-2016 12:58:00,100.0,8.19,8.19,8.19,8.19
09-08-2016 12:59:00,100.0,8.19,8.19,8.19,8.19
09-08-2016 13:06:00,100.0,8.19,8.19,8.19,8.19
09-08-2016 13:12:00,100.0,8.19,8.19,8.19,8.19
09-08-2016 13:13:00,300.0,8.17,8.19,8.0,8.19
09-08-2016 13:14:00,100.0,8.19,8.19,8.19,8.19
09-08-2016 13:21:00,100.0,8.09,8.09,8.09,8.09
09-08-2016 13:22:00,100.0,8.19,8.19,8.19,8.19
09-08-2016 13:28:00,200.0,8.0,8.19,8.0,8.19
09-08-2016 13:31:00,200.0,8.16,8.16,8.16,8.16
09-08-2016 13:32:00,100.0,8.16,8.16,8.16,8.16
09-08-2016 13:34:00,1600.0,8.1,8.15,7.9901,8.15
09-08-2016 13:35:00,200.0,8.105,8.105,8.1,8.1
09-08-2016 13:36:00,100.0,8.16,8.16,8.16,8.16
09-08-2016 13:40:00,100.0,8.07,8.07,8.07,8.07
09-08-2016 13:43:00,100.0,8.16,8.16,8.16,8.16
09-08-2016 13:45:00,100.0,8.15,8.15,8.15,8.15
09-08-2016 13:49:00,100.0,8.16,8.16,8.16,8.16
09-08-2016 13:51:00,100.0,8.16,8.16,8.16,8.16
09-08-2016 13:52:00,100.0,8.07,8.07,8.07,8.07
09-08-2016 13:57:00,200.0,8.15,8.15,8.07,8.07
09-08-2016 13:58:00,100.0,8.1,8.1,8.1,8.1
09-08-2016 14:00:00,100.0,8.11,8.11,8.11,8.11
09-08-2016 14:04:00,100.0,8.16,8.16,8.16,8.16
09-08-2016 14:08:00,100.0,8.14,8.14,8.14,8.14
09-08-2016 14:14:00,100.0,8.05,8.05,8.05,8.05
09-08-2016 14:17:00,100.0,8.14,8.14,8.14,8.14
09-08-2016 14:18:00,100.0,8.1,8.1,8.1,8.1
09-08-2016 14:19:00,300.0,8.1001,8.11,8.1001,8.11
09-08-2016 14:26:00,100.0,8.15,8.15,8.15,8.15
09-08-2016 14:27:00,300.0,8.12,8.12,8.0701,8.0701
09-08-2016 14:28:00,100.0,8.16,8.16,8.16,8.16
09-08-2016 14:32:00,500.0,8.155,8.155,8.1012,8.1012
09-08-2016 14:36:00,200.0,8.12,8.12,8.12,8.12
09-08-2016 14:37:00,300.0,8.08,8.08,8.08,8.08
09-08-2016 14:39:00,100.0,8.12,8.12,8.12,8.12
09-08-2016 14:47:00,100.0,8.15,8.15,8.15,8.15
09-08-2016 14:48:00,100.0,8.15,8.15,8.15,8.15
09-08-2016 14:49:00,100.0,8.08,8.08,8.08,8.08
09-08-2016 14:51:00,200.0,8.15,8.15,8.15,8.15
09-08-2016 14:53:00,100.0,8.16,8.16,8.16,8.16
09-08-2016 14:55:00,100.0,8.16,8.16,8.16,8.16
09-08-2016 14:56:00,100.0,8.16,8.16,8.16,8.16
09-08-2016 14:57:00,100.0,8.16,8.16,8.16,8.16
09-08-2016 14:58:00,300.0,8.16,8.16,8.09,8.09
09-08-2016 14:59:00,300.0,8.1,8.16,8.072,8.16
09-08-2016 15:00:00,2536.0,8.15,8.28,8.05,8.18
09-09-2016 08:35:00,200.0,8.16,8.16,8.16,8.16
09-09-2016 08:51:00,100.0,8.21,8.21,8.21,8.21
09-09-2016 08:52:00,514.0,8.1912,8.1912,8.1912,8.1912
09-09-2016 08:56:00,100.0,8.21,8.21,8.21,8.21
09-09-2016 09:02:00,100.0,8.21,8.21,8.21,8.21
09-09-2016 09:07:00,100.0,8.21,8.21,8.21,8.21
09-09-2016 09:13:00,100.0,8.21,8.21,8.21,8.21
09-09-2016 09:19:00,100.0,8.21,8.21,8.21,8.21
09-09-2016 09:20:00,100.0,8.21,8.21,8.21,8.21
09-09-2016 09:26:00,100.0,8.21,8.21,8.21,8.21
09-09-2016 09:32:00,200.0,8.21,8.21,8.21,8.21
09-09-2016 09:33:00,100.0,8.21,8.21,8.21,8.21
09-09-2016 09:38:00,100.0,8.3,8.3,8.3,8.3
09-09-2016 09:45:00,100.0,8.3,8.3,8.3,8.3
09-09-2016 09:52:00,100.0,8.26,8.26,8.26,8.26
09-09-2016 09:58:00,100.0,8.26,8.26,8.26,8.26
09-09-2016 10:05:00,100.0,8.3,8.3,8.3,8.3
09-09-2016 10:12:00,100.0,8.3,8.3,8.3,8.3
09-09-2016 10:19:00,100.0,8.41,8.41,8.41,8.41
09-09-2016 10:26:00,850.0,8.497,8.5,8.497,8.5
09-09-2016 10:30:00,500.0,8.4341,8.4341,8.4341,8.4341
09-09-2016 10:34:00,100.0,8.46,8.46,8.46,8.46
09-09-2016 10:42:00,100.0,8.36,8.36,8.36,8.36
09-09-2016 10:50:00,100.0,8.36,8.36,8.36,8.36
09-09-2016 10:57:00,1000.0,8.2201,8.2201,8.2201,8.2201
09-09-2016 10:59:00,100.0,8.36,8.36,8.36,8.36
09-09-2016 11:06:00,600.0,8.248,8.248,8.225,8.225
09-09-2016 11:07:00,100.0,8.36,8.36,8.36,8.36
09-09-2016 11:16:00,100.0,8.36,8.36,8.36,8.36
09-09-2016 11:19:00,100.0,8.28,8.28,8.28,8.28
09-09-2016 11:35:00,100.0,8.36,8.36,8.36,8.36
09-09-2016 11:45:00,100.0,8.36,8.36,8.36,8.36
09-09-2016 11:46:00,100.0,8.36,8.36,8.36,8.36
09-09-2016 11:54:00,100.0,8.36,8.36,8.36,8.36
09-09-2016 12:01:00,200.0,8.3,8.35,8.3,8.35
09-09-2016 12:11:00,100.0,8.42,8.42,8.42,8.42
09-09-2016 12:24:00,100.0,8.46,8.46,8.46,8.46
09-09-2016 12:34:00,100.0,8.46,8.46,8.46,8.46
09-09-2016 12:43:00,100.0,8.46,8.46,8.46,8.46
09-09-2016 12:51:00,100.0,8.46,8.46,8.46,8.46
09-09-2016 12:52:00,687.0,8.3833,8.3833,8.3833,8.3833
09-09-2016 12:53:00,200.0,8.46,8.46,8.22,8.22
09-09-2016 13:01:00,200.0,8.44,8.44,8.44,8.44
09-09-2016 13:02:00,100.0,8.43,8.43,8.43,8.43
09-09-2016 13:15:00,100.0,8.39,8.39,8.39,8.39
09-09-2016 13:17:00,100.0,8.35,8.35,8.35,8.35
09-09-2016 13:23:00,400.0,8.4,8.4,8.4,8.4
09-09-2016 13:27:00,100.0,8.4,8.4,8.4,8.4
09-09-2016 13:28:00,200.0,8.4,8.4,8.4,8.4
09-09-2016 13:35:00,100.0,8.4,8.4,8.4,8.4
09-09-2016 13:37:00,100.0,8.395,8.395,8.395,8.395
09-09-2016 13:39:00,500.0,8.4,8.4,8.38,8.38
09-09-2016 13:51:00,100.0,8.4,8.4,8.4,8.4
09-09-2016 13:59:00,100.0,8.4,8.4,8.4,8.4
09-09-2016 14:03:00,100.0,8.4,8.4,8.4,8.4
09-09-2016 14:06:00,100.0,8.4,8.4,8.4,8.4
09-09-2016 14:14:00,100.0,8.4,8.4,8.4,8.4
09-09-2016 14:18:00,100.0,8.4,8.4,8.4,8.4
09-09-2016 14:20:00,100.0,8.4,8.4,8.4,8.4
09-09-2016 14:21:00,600.0,8.399,8.42,8.399,8.4
09-09-2016 14:26:00,300.0,8.275,8.35,8.205,8.35
09-09-2016 14:28:00,1500.0,8.285,8.285,8.2201,8.2201
09-09-2016 14:30:00,600.0,8.324,8.324,8.235,8.235
09-09-2016 14:35:00,100.0,8.28,8.28,8.28,8.28
09-09-2016 14:39:00,200.0,8.3464,8.3464,8.3464,8.3464
09-09-2016 14:40:00,2300.0,8.3499,8.35,8.265,8.32
09-09-2016 14:45:00,200.0,8.31,8.31,8.31,8.31
09-09-2016 14:46:00,142.0,8.31,8.31,8.31,8.31
09-09-2016 14:49:00,100.0,8.3,8.3,8.3,8.3
09-09-2016 14:50:00,200.0,8.31,8.39,8.31,8.39
09-09-2016 14:51:00,100.0,8.4,8.4,8.4,8.4
09-09-2016 14:52:00,100.0,8.285,8.285,8.285,8.285
09-09-2016 14:53:00,200.0,8.39,8.4,8.39,8.4
09-09-2016 14:56:00,200.0,8.4,8.4,8.39,8.39
09-09-2016 14:57:00,100.0,8.4,8.4,8.4,8.4
09-09-2016 14:58:00,100.0,8.4,8.4,8.4,8.4
09-09-2016 14:59:00,500.0,8.4,8.4,8.35,8.4
09-09-2016 15:00:00,1021.0,8.4,8.4,8.32,8.4
09-12-2016 08:30:00,104.0,8.4,8.4,8.4,8.4
09-12-2016 08:46:00,100.0,8.47,8.47,8.47,8.47
09-12-2016 08:52:00,100.0,8.47,8.47,8.47,8.47
09-12-2016 08:57:00,100.0,8.46,8.46,8.46,8.46
09-12-2016 08:58:00,3400.0,8.1,8.13,8.05,8.13
09-12-2016 08:59:00,3200.0,8.12,8.12,8.12,8.12
09-12-2016 09:00:00,100.0,8.23,8.23,8.23,8.23
09-12-2016 09:03:00,100.0,8.4,8.4,8.4,8.4
09-12-2016 09:09:00,600.0,8.05,8.05,8.03,8.03
09-12-2016 09:14:00,874.0,7.91,7.91,7.86,7.86
09-12-2016 09:15:00,100.0,8.08,8.08,8.08,8.08
09-12-2016 09:21:00,100.0,8.39,8.39,8.39,8.39
09-12-2016 09:22:00,500.0,7.7542,7.7542,7.7542,7.7542
09-12-2016 09:28:00,100.0,8.38,8.38,8.38,8.38
09-12-2016 09:32:00,300.0,7.8,7.96,7.8,7.96
09-12-2016 09:34:00,100.0,7.93,7.93,7.93,7.93
09-12-2016 09:35:00,1400.0,7.915,7.95,7.9,7.95
09-12-2016 09:39:00,800.0,7.96,8.11,7.96,8.1
09-12-2016 09:41:00,300.0,8.09,8.09,8.01,8.01
09-12-2016 09:47:00,1098.0,7.9949,8.005,7.9,8.005
09-12-2016 09:55:00,100.0,8.16,8.16,8.16,8.16
09-12-2016 10:00:00,1000.0,8.1599,8.1599,8.1599,8.1599
09-12-2016 10:02:00,100.0,8.16,8.16,8.16,8.16
09-12-2016 10:09:00,100.0,8.16,8.16,8.16,8.16
09-12-2016 10:16:00,100.0,8.16,8.16,8.16,8.16
09-12-2016 10:17:00,200.0,8.16,8.16,7.98,7.98
09-12-2016 10:23:00,200.0,7.98,7.98,7.98,7.98
09-12-2016 10:26:00,2042.0,8.095,8.095,7.99,7.99
09-12-2016 10:28:00,200.0,7.98,8.005,7.98,8.005
09-12-2016 10:34:00,600.0,7.99,8.075,7.99,7.99
09-12-2016 10:38:00,664.0,8.0522,8.0522,8.0522,8.0522
09-12-2016 10:39:00,200.0,7.99,7.99,7.89,7.89
09-12-2016 10:42:00,200.0,7.8,7.8,7.7701,7.7701
09-12-2016 10:43:00,200.0,7.77,7.77,7.72,7.72
09-12-2016 10:44:00,300.0,7.68,7.71,7.68,7.71
09-12-2016 10:45:00,400.0,7.72,7.72,7.695,7.695
09-12-2016 10:46:00,932.0,7.73,7.8699,7.73,7.81
09-12-2016 10:57:00,100.0,7.93,7.93,7.93,7.93
09-12-2016 10:58:00,600.0,7.95,8.05,7.94,8.05
09-12-2016 10:59:00,1200.0,7.94,8.05,7.94,7.9401
09-12-2016 11:00:00,600.0,7.92,7.92,7.92,7.92
09-12-2016 11:24:00,100.0,8.15,8.15,8.15,8.15
09-12-2016 11:25:00,100.0,8.04,8.04,8.04,8.04
09-12-2016 11:34:00,100.0,8.04,8.04,8.04,8.04
09-12-2016 11:44:00,100.0,8.04,8.04,8.04,8.04
09-12-2016 11:51:00,200.0,8.04,8.04,8.03,8.03
09-12-2016 11:54:00,100.0,8.01,8.01,8.01,8.01
09-12-2016 12:05:00,100.0,8.01,8.01,8.01,8.01
09-12-2016 12:15:00,300.0,8.01,8.01,8.01,8.01
09-12-2016 12:32:00,1000.0,7.804,7.804,7.804,7.804
09-12-2016 12:41:00,300.0,7.97,7.97,7.96,7.96
09-12-2016 12:42:00,200.0,7.93,7.93,7.93,7.93
09-12-2016 12:43:00,300.0,7.86,7.87,7.73,7.73
09-12-2016 12:44:00,300.0,7.84,7.97,7.84,7.97
09-12-2016 13:00:00,100.0,7.97,7.97,7.97,7.97
09-12-2016 13:04:00,100.0,7.97,7.97,7.97,7.97
09-12-2016 13:12:00,100.0,7.97,7.97,7.97,7.97
09-12-2016 13:19:00,300.0,7.97,7.97,7.945,7.945
09-12-2016 13:21:00,100.0,7.97,7.97,7.97,7.97
09-12-2016 13:23:00,200.0,7.95,7.95,7.945,7.945
09-12-2016 13:38:00,100.0,7.97,7.97,7.97,7.97
09-12-2016 13:47:00,200.0,7.97,7.97,7.92,7.92
09-12-2016 13:51:00,500.0,7.95,7.95,7.91,7.91
09-12-2016 13:52:00,100.0,7.71,7.71,7.71,7.71
09-12-2016 13:57:00,600.0,7.74,7.85,7.74,7.85
09-12-2016 13:59:00,800.0,7.86,7.87,7.86,7.86
09-12-2016 14:00:00,100.0,7.85,7.85,7.85,7.85
09-12-2016 14:01:00,200.0,7.83,7.83,7.8,7.8
09-12-2016 14:02:00,1100.0,7.78,7.87,7.78,7.87
09-12-2016 14:03:00,1834.0,8.105,8.105,7.95,7.95
09-12-2016 14:04:00,500.0,8.0,8.0,7.99,7.99
09-12-2016 14:05:00,800.0,7.87,7.92,7.87,7.92
09-12-2016 14:06:00,300.0,7.9699,7.9699,7.9699,7.9699
09-12-2016 14:07:00,1800.0,7.97,8.2,7.97,8.2
09-12-2016 14:08:00,1600.0,8.02,8.02,7.91,7.93
09-12-2016 14:09:00,200.0,7.85,8.0,7.85,8.0
09-12-2016 14:10:00,500.0,7.995,7.995,7.985,7.985
09-12-2016 14:13:00,100.0,8.11,8.11,8.11,8.11
09-12-2016 14:24:00,100.0,8.0,8.0,8.0,8.0
09-12-2016 14:30:00,100.0,8.01,8.01,8.01,8.01
09-12-2016 14:35:00,200.0,7.8,8.01,7.8,8.01
09-12-2016 14:37:00,100.0,7.79,7.79,7.79,7.79
09-12-2016 14:40:00,100.0,7.84,7.84,7.84,7.84
09-12-2016 14:44:00,200.0,8.01,8.01,7.79,7.79
09-12-2016 14:48:00,100.0,8.0,8.0,8.0,8.0
09-12-2016 14:50:00,300.0,7.82,7.84,7.81,7.84
09-12-2016 14:51:00,200.0,7.8,7.865,7.8,7.865
09-12-2016 14:52:00,100.0,7.94,7.94,7.94,7.94
09-12-2016 14:53:00,200.0,7.77,7.77,7.77,7.77
09-12-2016 14:55:00,200.0,7.77,7.94,7.77,7.94
09-12-2016 14:56:00,300.0,7.8,7.94,7.775,7.94
09-12-2016 14:57:00,400.0,7.775,7.94,7.775,7.92
09-12-2016 14:58:00,400.0,7.8,7.94,7.77,7.94
09-12-2016 14:59:00,300.0,7.78,7.94,7.78,7.94
09-12-2016 15:00:00,1000.0,7.94,7.94,7.785,7.92
09-13-2016 08:32:00,300.0,7.65,7.83,7.65,7.83
09-13-2016 08:33:00,100.0,8.0,8.0,8.0,8.0
09-13-2016 08:52:00,100.0,7.66,7.66,7.66,7.66
09-13-2016 08:54:00,100.0,8.3,8.3,8.3,8.3
09-13-2016 08:58:00,200.0,8.25,8.25,8.25,8.25
09-13-2016 09:00:00,100.0,8.25,8.25,8.25,8.25
09-13-2016 09:05:00,100.0,8.25,8.25,8.25,8.25
09-13-2016 09:10:00,100.0,7.88,7.88,7.88,7.88
09-13-2016 09:30:00,100.0,7.44,7.44,7.44,7.44
09-13-2016 09:31:00,100.0,7.39,7.39,7.39,7.39
09-13-2016 09:36:00,100.0,8.03,8.03,8.03,8.03
09-13-2016 09:43:00,100.0,8.03,8.03,8.03,8.03
09-13-2016 09:44:00,100.0,7.5599,7.5599,7.5599,7.5599
09-13-2016 09:50:00,100.0,8.02,8.02,8.02,8.02
09-13-2016 09:57:00,100.0,8.01,8.01,8.01,8.01
09-13-2016 10:03:00,115.0,7.7,7.7,7.7,7.7
09-13-2016 10:08:00,100.0,7.36,7.36,7.36,7.36
09-13-2016 10:46:00,100.0,7.69,7.69,7.69,7.69
09-13-2016 10:48:00,500.0,7.74,7.74,7.74,7.74
09-13-2016 10:49:00,100.0,7.73,7.73,7.73,7.73
09-13-2016 10:52:00,100.0,7.73,7.73,7.73,7.73
09-13-2016 10:56:00,100.0,7.54,7.54,7.54,7.54
09-13-2016 10:59:00,100.0,7.74,7.74,7.74,7.74
09-13-2016 11:05:00,100.0,7.73,7.73,7.73,7.73
09-13-2016 11:12:00,300.0,7.63,7.63,7.63,7.63
09-13-2016 11:15:00,100.0,7.63,7.63,7.63,7.63
09-13-2016 11:39:00,1000.0,7.63,7.63,7.63,7.63
09-13-2016 11:47:00,100.0,7.62,7.62,7.62,7.62
09-13-2016 11:54:00,100.0,7.62,7.62,7.62,7.62
09-13-2016 12:00:00,100.0,7.62,7.62,7.62,7.62
09-13-2016 12:01:00,100.0,7.62,7.62,7.62,7.62
09-13-2016 12:09:00,100.0,7.67,7.67,7.67,7.67
09-13-2016 12:18:00,100.0,7.67,7.67,7.67,7.67
09-13-2016 12:23:00,100.0,7.67,7.67,7.67,7.67
09-13-2016 12:27:00,150.0,7.6056,7.6056,7.6056,7.6056
09-13-2016 12:29:00,100.0,7.5862,7.5862,7.5862,7.5862
09-13-2016 12:30:00,100.0,7.67,7.67,7.67,7.67
09-13-2016 12:37:00,100.0,7.67,7.67,7.67,7.67
09-13-2016 12:44:00,100.0,7.67,7.67,7.67,7.67
09-13-2016 12:57:00,1500.0,7.6699,7.6699,7.6699,7.6699
09-13-2016 12:59:00,500.0,7.6699,7.6699,7.6699,7.6699
09-13-2016 13:02:00,1500.0,7.6699,7.6699,7.6699,7.6699
09-13-2016 13:03:00,1900.0,7.6699,7.67,7.66,7.67
09-13-2016 13:04:00,3200.0,7.635,7.67,7.635,7.67
09-13-2016 13:05:00,2430.0,7.6699,7.6699,7.6699,7.6699
09-13-2016 13:09:00,300.0,7.67,7.67,7.67,7.67
09-13-2016 13:11:00,100.0,7.67,7.67,7.67,7.67
09-13-2016 13:17:00,100.0,7.67,7.67,7.67,7.67
09-13-2016 13:23:00,300.0,7.67,7.67,7.67,7.67
09-13-2016 13:27:00,500.0,7.67,7.67,7.67,7.67
09-13-2016 13:29:00,100.0,7.67,7.67,7.67,7.67
09-13-2016 13:35:00,100.0,7.67,7.67,7.67,7.67
09-13-2016 13:39:00,100.0,7.66,7.66,7.66,7.66
09-13-2016 13:41:00,100.0,7.67,7.67,7.67,7.67
09-13-2016 13:43:00,100.0,7.67,7.67,7.67,7.67
09-13-2016 13:47:00,100.0,7.67,7.67,7.67,7.67
09-13-2016 13:53:00,100.0,7.67,7.67,7.67,7.67
09-13-2016 13:59:00,100.0,7.67,7.67,7.67,7.67
09-13-2016 14:04:00,100.0,7.67,7.67,7.67,7.67
09-13-2016 14:05:00,100.0,7.67,7.67,7.67,7.67
09-13-2016 14:10:00,100.0,7.67,7.67,7.67,7.67
09-13-2016 14:15:00,200.0,7.67,7.67,7.67,7.67
09-13-2016 14:20:00,100.0,7.67,7.67,7.67,7.67
09-13-2016 14:24:00,315.0,7.67,7.67,7.67,7.67
09-13-2016 14:25:00,200.0,7.67,7.67,7.67,7.67
09-13-2016 14:29:00,100.0,7.67,7.67,7.67,7.67
09-13-2016 14:33:00,100.0,7.67,7.67,7.67,7.67
09-13-2016 14:35:00,100.0,7.67,7.67,7.67,7.67
09-13-2016 14:36:00,100.0,7.665,7.665,7.665,7.665
09-13-2016 14:40:00,100.0,7.67,7.67,7.67,7.67
09-13-2016 14:42:00,100.0,7.79,7.79,7.79,7.79
09-13-2016 14:45:00,100.0,7.8,7.8,7.8,7.8
09-13-2016 14:47:00,100.0,7.82,7.82,7.82,7.82
09-13-2016 14:48:00,200.0,7.82,7.82,7.82,7.82
09-13-2016 14:51:00,415.0,7.82,7.82,7.82,7.82
09-13-2016 14:53:00,100.0,7.85,7.85,7.85,7.85
09-13-2016 14:54:00,200.0,8.03,8.03,8.01,8.01
09-13-2016 14:55:00,100.0,8.03,8.03,8.03,8.03
09-13-2016 14:56:00,200.0,8.01,8.03,8.01,8.03
09-13-2016 14:57:00,200.0,8.03,8.03,8.03,8.03
09-13-2016 14:58:00,300.0,8.03,8.03,8.02,8.02
09-13-2016 14:59:00,200.0,8.02,8.02,8.02,8.02
09-13-2016 15:00:00,1100.0,7.83,8.02,7.8201,8.0
09-14-2016 08:30:00,200.0,7.91,7.91,7.91,7.91
09-14-2016 08:47:00,100.0,8.45,8.45,8.45,8.45
09-14-2016 08:53:00,100.0,8.39,8.39,8.39,8.39
09-14-2016 08:59:00,100.0,8.39,8.39,8.39,8.39
09-14-2016 09:05:00,100.0,8.39,8.39,8.39,8.39
09-14-2016 09:07:00,315.0,7.957,7.957,7.957,7.957
09-14-2016 09:11:00,200.0,8.29,8.29,8.21,8.21
09-14-2016 09:18:00,200.0,8.18,8.3,8.18,8.3
09-14-2016 09:21:00,400.0,8.17,8.215,8.17,8.215
09-14-2016 09:22:00,300.0,8.2105,8.3,8.2105,8.3
09-14-2016 09:28:00,725.0,8.215,8.29,8.215,8.29
09-14-2016 09:32:00,825.0,8.2154,8.29,8.2154,8.29
09-14-2016 09:33:00,100.0,8.29,8.29,8.29,8.29
09-14-2016 09:39:00,100.0,8.29,8.29,8.29,8.29
09-14-2016 09:41:00,100.0,8.29,8.29,8.29,8.29
09-14-2016 09:46:00,100.0,8.29,8.29,8.29,8.29
09-14-2016 09:51:00,100.0,8.22,8.22,8.22,8.22
09-14-2016 09:53:00,100.0,8.29,8.29,8.29,8.29
09-14-2016 09:55:00,200.0,8.28,8.29,8.28,8.29
09-14-2016 09:58:00,475.0,8.29,8.3,8.29,8.3
09-14-2016 09:59:00,100.0,8.3,8.3,8.3,8.3
09-14-2016 10:01:00,100.0,8.3,8.3,8.3,8.3
09-14-2016 10:08:00,700.0,8.3,8.3,8.22,8.3
09-14-2016 10:23:00,300.0,8.1601,8.3,8.1601,8.3
09-14-2016 10:29:00,100.0,8.23,8.23,8.23,8.23
09-14-2016 10:32:00,100.0,8.3,8.3,8.3,8.3
09-14-2016 10:40:00,200.0,8.3,8.3,8.3,8.3
09-14-2016 10:49:00,100.0,8.3,8.3,8.3,8.3
09-14-2016 10:58:00,200.0,8.3,8.3,8.3,8.3
09-14-2016 11:02:00,400.0,8.22,8.22,8.185,8.22
09-14-2016 11:03:00,100.0,8.27,8.27,8.27,8.27
09-14-2016 11:28:00,100.0,8.23,8.23,8.23,8.23
09-14-2016 11:38:00,200.0,8.23,8.23,8.23,8.23
09-14-2016 11:49:00,200.0,8.19,8.19,8.18,8.18
09-14-2016 11:58:00,100.0,8.19,8.19,8.19,8.19
09-14-2016 12:00:00,100.0,8.19,8.19,8.19,8.19
09-14-2016 12:05:00,300.0,8.195,8.24,8.195,8.2
09-14-2016 12:06:00,100.0,8.2,8.2,8.2,8.2
09-14-2016 12:10:00,300.0,8.24,8.24,8.2,8.2
09-14-2016 12:21:00,100.0,8.24,8.24,8.24,8.24
09-14-2016 12:32:00,200.0,8.2,8.2,8.2,8.2
09-14-2016 12:36:00,900.0,8.15,8.2,8.13,8.17
09-14-2016 12:37:00,300.0,8.175,8.2,8.175,8.2
09-14-2016 12:42:00,100.0,8.18,8.18,8.18,8.18
09-14-2016 12:52:00,100.0,8.18,8.18,8.18,8.18
09-14-2016 12:57:00,600.0,8.14,8.14,8.12,8.12
09-14-2016 13:02:00,300.0,8.14,8.14,8.12,8.12
09-14-2016 13:09:00,500.0,8.1,8.1,8.09,8.09
09-14-2016 13:10:00,100.0,8.1,8.1,8.1,8.1
09-14-2016 13:11:00,100.0,8.09,8.09,8.09,8.09
09-14-2016 13:12:00,900.0,8.1,8.14,8.1,8.14
09-14-2016 13:20:00,200.0,8.14,8.14,8.14,8.14
09-14-2016 13:29:00,100.0,8.12,8.12,8.12,8.12
09-14-2016 13:31:00,100.0,8.095,8.095,8.095,8.095
09-14-2016 13:38:00,100.0,8.1,8.1,8.1,8.1
09-14-2016 13:40:00,100.0,8.12,8.12,8.12,8.12
09-14-2016 13:47:00,100.0,8.12,8.12,8.12,8.12
09-14-2016 13:56:00,100.0,8.12,8.12,8.12,8.12
09-14-2016 13:58:00,100.0,8.095,8.095,8.095,8.095
09-14-2016 14:04:00,100.0,8.1,8.1,8.1,8.1
09-14-2016 14:06:00,200.0,8.1,8.1,8.1,8.1
09-14-2016 14:11:00,100.0,8.085,8.085,8.085,8.085
09-14-2016 14:20:00,200.0,8.08,8.08,8.08,8.08
09-14-2016 14:22:00,100.0,8.08,8.08,8.08,8.08
09-14-2016 14:26:00,100.0,8.08,8.08,8.08,8.08
09-14-2016 14:27:00,100.0,8.075,8.075,8.075,8.075
09-14-2016 14:28:00,600.0,8.075,8.08,8.07,8.08
09-14-2016 14:29:00,600.0,8.08,8.1,8.08,8.1
09-14-2016 14:32:00,100.0,8.1,8.1,8.1,8.1
09-14-2016 14:36:00,100.0,8.1,8.1,8.1,8.1
09-14-2016 14:38:00,100.0,8.1,8.1,8.1,8.1
09-14-2016 14:42:00,100.0,8.08,8.08,8.08,8.08
09-14-2016 14:46:00,400.0,7.98,8.08,7.98,8.08
09-14-2016 14:48:00,100.0,8.07,8.07,8.07,8.07
09-14-2016 14:50:00,100.0,8.09,8.09,8.09,8.09
09-14-2016 14:52:00,300.0,8.1,8.1,8.1,8.1
09-14-2016 14:53:00,200.0,8.1,8.1,8.1,8.1
09-14-2016 14:54:00,100.0,8.03,8.03,8.03,8.03
09-14-2016 14:55:00,300.0,8.1,8.12,8.1,8.12
09-14-2016 14:56:00,100.0,8.38,8.38,8.38,8.38
09-14-2016 14:57:00,200.0,8.36,8.37,8.36,8.37
09-14-2016 14:58:00,100.0,8.37,8.37,8.37,8.37
09-14-2016 14:59:00,1100.0,8.315,8.43,8.23,8.39
09-14-2016 15:00:00,1225.0,8.35,8.4,8.14,8.14
09-15-2016 09:14:00,53200.0,8.205,8.205,8.205,8.205
09-15-2016 09:18:00,100.0,8.09,8.09,8.09,8.09
09-15-2016 09:21:00,200.0,8.01,8.01,7.99,7.99
09-15-2016 09:23:00,100.0,7.95,7.95,7.95,7.95
09-15-2016 09:24:00,100.0,8.03,8.03,8.03,8.03
09-15-2016 09:30:00,200.0,8.03,8.03,8.03,8.03
09-15-2016 09:35:00,100.0,8.2747,8.2747,8.2747,8.2747
09-15-2016 09:36:00,400.0,8.23,8.45,8.23,8.39
09-15-2016 09:42:00,100.0,8.12,8.12,8.12,8.12
09-15-2016 09:43:00,300.0,8.11,8.11,8.11,8.11
09-15-2016 09:47:00,100.0,8.39,8.39,8.39,8.39
09-15-2016 09:50:00,500.0,8.08,8.08,8.08,8.08
09-15-2016 09:51:00,100.0,8.07,8.07,8.07,8.07
09-15-2016 09:53:00,100.0,8.08,8.08,8.08,8.08
09-15-2016 09:56:00,200.0,8.08,8.08,8.08,8.08
09-15-2016 09:58:00,300.0,8.08,8.31,8.08,8.31
09-15-2016 10:01:00,700.0,8.275,8.45,8.11,8.45
09-15-2016 10:04:00,100.0,8.2,8.2,8.2,8.2
09-15-2016 10:07:00,100.0,8.2,8.2,8.2,8.2
09-15-2016 10:08:00,100.0,8.24,8.24,8.24,8.24
09-15-2016 10:12:00,100.0,8.235,8.235,8.235,8.235
09-15-2016 10:21:00,100.0,8.22,8.22,8.22,8.22
09-15-2016 10:24:00,100.0,8.22,8.22,8.22,8.22
09-15-2016 10:27:00,100.0,8.11,8.11,8.11,8.11
09-15-2016 10:31:00,100.0,8.22,8.22,8.22,8.22
09-15-2016 10:39:00,300.0,8.44,8.44,8.38,8.38
09-15-2016 10:45:00,400.0,8.305,8.44,8.305,8.32
09-15-2016 10:51:00,100.0,8.305,8.305,8.305,8.305
09-15-2016 10:54:00,100.0,8.2501,8.2501,8.2501,8.2501
09-15-2016 10:55:00,100.0,8.345,8.345,8.345,8.345
09-15-2016 10:58:00,200.0,8.31,8.44,8.31,8.44
09-15-2016 10:59:00,200.0,8.39,8.4,8.39,8.4
09-15-2016 11:00:00,100.0,8.35,8.35,8.35,8.35
09-15-2016 11:04:00,400.0,8.345,8.39,8.34,8.34
09-15-2016 11:05:00,100.0,8.36,8.36,8.36,8.36
09-15-2016 11:09:00,200.0,8.3301,8.3301,8.3301,8.3301
09-15-2016 11:13:00,300.0,8.36,8.36,8.33,8.33
09-15-2016 11:19:00,300.0,8.35,8.35,8.32,8.32
09-15-2016 11:20:00,100.0,8.3,8.3,8.3,8.3
09-15-2016 11:22:00,200.0,8.29,8.3,8.29,8.3
09-15-2016 11:23:00,2800.0,8.29,8.45,8.25,8.45
09-15-2016 11:25:00,1350.0,8.375,8.45,8.375,8.45
09-15-2016 11:26:00,400.0,8.35,8.41,8.35,8.4
09-15-2016 11:31:00,100.0,8.355,8.355,8.355,8.355
09-15-2016 11:32:00,800.0,8.35,8.36,8.3,8.32
09-15-2016 11:33:00,100.0,8.3,8.3,8.3,8.3
09-15-2016 11:35:00,100.0,8.255,8.255,8.255,8.255
09-15-2016 11:45:00,200.0,8.2501,8.2501,8.25,8.25
09-15-2016 11:50:00,200.0,8.27,8.27,8.27,8.27
09-15-2016 11:56:00,100.0,8.27,8.27,8.27,8.27
09-15-2016 11:58:00,100.0,8.27,8.27,8.27,8.27
09-15-2016 12:00:00,300.0,8.27,8.27,8.27,8.27
09-15-2016 12:03:00,100.0,8.25,8.25,8.25,8.25
09-15-2016 12:08:00,100.0,8.25,8.25,8.25,8.25
09-15-2016 12:09:00,1300.0,8.27,8.27,8.25,8.25
09-15-2016 12:10:00,200.0,8.18,8.2,8.18,8.2
09-15-2016 12:11:00,500.0,8.2,8.23,8.19,8.19
09-15-2016 12:12:00,1100.0,8.24,8.25,8.19,8.19
09-15-2016 12:17:00,300.0,8.22,8.44,8.22,8.39
09-15-2016 12:25:00,100.0,8.1201,8.1201,8.1201,8.1201
09-15-2016 12:29:00,600.0,8.225,8.32,8.15,8.23
09-15-2016 12:30:00,300.0,8.12,8.32,8.12,8.23
09-15-2016 12:33:00,100.0,8.12,8.12,8.12,8.12
09-15-2016 12:43:00,2400.0,8.19,8.23,8.19,8.23
09-15-2016 12:45:00,500.0,8.22,8.43,8.22,8.37
09-15-2016 12:49:00,100.0,8.37,8.37,8.37,8.37
09-15-2016 12:56:00,100.0,8.35,8.35,8.35,8.35
09-15-2016 12:57:00,1600.0,8.43,8.43,8.305,8.305
09-15-2016 13:01:00,100.0,8.35,8.35,8.35,8.35
09-15-2016 13:05:00,100.0,8.42,8.42,8.42,8.42
09-15-2016 13:09:00,300.0,8.3501,8.3501,8.3501,8.3501
09-15-2016 13:10:00,1000.0,8.39,8.43,8.39,8.39
09-15-2016 13:13:00,300.0,8.39,8.43,8.3,8.3
09-15-2016 13:22:00,100.0,8.39,8.39,8.39,8.39
09-15-2016 13:25:00,200.0,8.35,8.35,8.35,8.35
09-15-2016 13:35:00,100.0,8.13,8.13,8.13,8.13
09-15-2016 13:38:00,100.0,8.27,8.27,8.27,8.27
09-15-2016 13:46:00,100.0,8.35,8.35,8.35,8.35
09-15-2016 13:48:00,300.0,8.24,8.43,8.24,8.43
09-15-2016 13:52:00,100.0,8.135,8.135,8.135,8.135
09-15-2016 13:53:00,100.0,8.225,8.225,8.225,8.225
09-15-2016 13:54:00,500.0,8.325,8.43,8.325,8.34
09-15-2016 13:56:00,300.0,8.18,8.43,8.18,8.43
09-15-2016 14:01:00,100.0,8.275,8.275,8.275,8.275
09-15-2016 14:04:00,100.0,8.125,8.125,8.125,8.125
09-15-2016 14:05:00,100.0,8.2401,8.2401,8.2401,8.2401
09-15-2016 14:09:00,300.0,8.335,8.43,8.335,8.34
09-15-2016 14:16:00,100.0,8.335,8.335,8.335,8.335
09-15-2016 14:20:00,100.0,8.24,8.24,8.24,8.24
09-15-2016 14:28:00,500.0,8.34,8.34,8.24,8.24
09-15-2016 14:32:00,100.0,8.24,8.24,8.24,8.24
09-15-2016 14:33:00,900.0,8.34,8.34,8.22,8.31
09-15-2016 14:34:00,370.0,8.275,8.3453,8.275,8.3025
09-15-2016 14:35:00,100.0,8.295,8.295,8.295,8.295
09-15-2016 14:36:00,5090.0,8.295,8.43,8.285,8.3
09-15-2016 14:42:00,100.0,8.28,8.28,8.28,8.28
09-15-2016 14:43:00,100.0,8.43,8.43,8.43,8.43
09-15-2016 14:45:00,100.0,8.43,8.43,8.43,8.43
09-15-2016 14:46:00,400.0,8.38,8.43,8.38,8.38
09-15-2016 14:49:00,100.0,8.38,8.38,8.38,8.38
09-15-2016 14:52:00,100.0,8.38,8.38,8.38,8.38
09-15-2016 14:53:00,400.0,8.385,8.43,8.385,8.43
09-15-2016 14:54:00,2400.0,8.385,8.4,8.28,8.28
09-15-2016 14:55:00,400.0,8.28,8.3,8.26,8.26
09-15-2016 14:58:00,500.0,8.34,8.34,8.245,8.245
09-15-2016 14:59:00,600.0,8.245,8.34,8.1501,8.17
09-15-2016 15:00:00,2500.0,8.34,8.4,8.13,8.13
09-16-2016 09:13:00,100.0,8.35,8.35,8.35,8.35
09-16-2016 09:18:00,100.0,8.36,8.36,8.36,8.36
09-16-2016 09:22:00,200.0,8.35,8.35,8.26,8.26
09-16-2016 09:24:00,100.0,8.16,8.16,8.16,8.16
09-16-2016 09:27:00,100.0,8.43,8.43,8.43,8.43
09-16-2016 09:31:00,100.0,8.13,8.13,8.13,8.13
09-16-2016 09:32:00,100.0,8.43,8.43,8.43,8.43
09-16-2016 09:37:00,100.0,8.35,8.35,8.35,8.35
09-16-2016 09:39:00,100.0,8.19,8.19,8.19,8.19
09-16-2016 09:42:00,100.0,8.34,8.34,8.34,8.34
09-16-2016 09:44:00,12300.0,8.295,8.295,8.28,8.28
09-16-2016 09:45:00,1200.0,8.28,8.28,8.28,8.28
09-16-2016 09:46:00,100.0,8.19,8.19,8.19,8.19
09-16-2016 09:48:00,3700.0,8.305,8.305,8.305,8.305
09-16-2016 09:57:00,100.0,8.34,8.34,8.34,8.34
09-16-2016 09:58:00,100.0,8.27,8.27,8.27,8.27
09-16-2016 10:00:00,100.0,8.225,8.225,8.225,8.225
09-16-2016 10:09:00,100.0,8.31,8.31,8.31,8.31
09-16-2016 10:10:00,100.0,8.235,8.235,8.235,8.235
09-16-2016 10:18:00,100.0,8.33,8.33,8.33,8.33
09-16-2016 10:21:00,100.0,8.34,8.34,8.34,8.34
09-16-2016 10:22:00,100.0,8.17,8.17,8.17,8.17
09-16-2016 10:27:00,100.0,8.16,8.16,8.16,8.16
09-16-2016 10:28:00,100.0,8.19,8.19,8.19,8.19
09-16-2016 10:32:00,100.0,8.265,8.265,8.265,8.265
09-16-2016 10:36:00,100.0,8.17,8.17,8.17,8.17
09-16-2016 10:40:00,100.0,8.29,8.29,8.29,8.29
09-16-2016 10:44:00,100.0,8.23,8.23,8.23,8.23
09-16-2016 10:46:00,100.0,8.29,8.29,8.29,8.29
09-16-2016 10:52:00,100.0,8.26,8.26,8.26,8.26
09-16-2016 10:53:00,100.0,8.39,8.39,8.39,8.39
09-16-2016 10:56:00,100.0,8.255,8.255,8.255,8.255
09-16-2016 11:00:00,200.0,8.26,8.26,8.26,8.26
09-16-2016 11:06:00,100.0,8.35,8.35,8.35,8.35
09-16-2016 11:08:00,100.0,8.21,8.21,8.21,8.21
09-16-2016 11:11:00,100.0,8.39,8.39,8.39,8.39
09-16-2016 11:13:00,100.0,8.33,8.33,8.33,8.33
09-16-2016 11:16:00,100.0,8.24,8.24,8.24,8.24
09-16-2016 11:20:00,100.0,8.34,8.34,8.34,8.34
09-16-2016 11:24:00,800.0,8.26,8.27,8.23,8.255
09-16-2016 11:25:00,100.0,8.41,8.41,8.41,8.41
09-16-2016 11:32:00,100.0,8.24,8.24,8.24,8.24
09-16-2016 11:40:00,100.0,8.42,8.42,8.42,8.42
09-16-2016 11:41:00,100.0,8.26,8.26,8.26,8.26
09-16-2016 11:42:00,100.0,8.43,8.43,8.43,8.43
09-16-2016 11:49:00,100.0,8.26,8.26,8.26,8.26
09-16-2016 11:50:00,100.0,8.43,8.43,8.43,8.43
09-16-2016 11:58:00,200.0,8.25,8.43,8.25,8.43
09-16-2016 12:06:00,100.0,8.43,8.43,8.43,8.43
09-16-2016 12:07:00,100.0,8.42,8.42,8.42,8.42
09-16-2016 12:14:00,2400.0,8.43,8.43,8.36,8.43
09-16-2016 12:15:00,980.0,8.4251,8.45,8.4251,8.45
09-16-2016 12:16:00,100.0,8.4,8.4,8.4,8.4
09-16-2016 12:20:00,300.0,8.37,8.37,8.36,8.36
09-16-2016 12:31:00,500.0,8.35,8.35,8.35,8.35
09-16-2016 12:35:00,100.0,8.3799,8.3799,8.3799,8.3799
09-16-2016 12:36:00,200.0,8.2801,8.36,8.2801,8.36
09-16-2016 12:37:00,100.0,8.39,8.39,8.39,8.39
09-16-2016 12:38:00,100.0,8.39,8.39,8.39,8.39
09-16-2016 12:45:00,200.0,8.41,8.42,8.41,8.42
09-16-2016 12:49:00,100.0,8.4489,8.4489,8.4489,8.4489
09-16-2016 12:52:00,100.0,8.4,8.4,8.4,8.4
09-16-2016 12:58:00,1015.0,8.32,8.32,8.3,8.305
09-16-2016 12:59:00,100.0,8.41,8.41,8.41,8.41
09-16-2016 13:05:00,100.0,8.39,8.39,8.39,8.39
09-16-2016 13:06:00,100.0,8.39,8.39,8.39,8.39
09-16-2016 13:07:00,200.0,8.4,8.4,8.39,8.39
09-16-2016 13:11:00,300.0,8.3579,8.37,8.32,8.32
09-16-2016 13:17:00,200.0,8.37,8.37,8.37,8.37
09-16-2016 13:18:00,400.0,8.38,8.38,8.25,8.25
09-16-2016 13:19:00,7400.0,8.3,8.35,8.15,8.27
09-16-2016 13:20:00,160.0,8.27,8.27,8.27,8.27
09-16-2016 13:21:00,500.0,8.34,8.35,8.34,8.35
09-16-2016 13:28:00,200.0,8.32,8.32,8.32,8.32
09-16-2016 13:32:00,100.0,8.32,8.32,8.32,8.32
09-16-2016 13:33:00,100.0,8.32,8.32,8.32,8.32
09-16-2016 13:34:00,100.0,8.32,8.32,8.32,8.32
09-16-2016 13:35:00,500.0,8.3389,8.3389,8.3389,8.3389
09-16-2016 13:36:00,100.0,8.35,8.35,8.35,8.35
09-16-2016 13:38:00,100.0,8.32,8.32,8.32,8.32
09-16-2016 13:39:00,484.0,8.32,8.32,8.32,8.32
09-16-2016 13:40:00,100.0,8.32,8.32,8.32,8.32
09-16-2016 13:44:00,200.0,8.16,8.25,8.16,8.25
09-16-2016 13:53:00,1358.0,8.21,8.21,8.16,8.16
09-16-2016 13:54:00,100.0,8.3,8.3,8.3,8.3
09-16-2016 13:55:00,100.0,8.3,8.3,8.3,8.3
09-16-2016 13:56:00,100.0,8.19,8.19,8.19,8.19
09-16-2016 13:57:00,100.0,8.32,8.32,8.32,8.32
09-16-2016 13:59:00,100.0,8.25,8.25,8.25,8.25
09-16-2016 14:06:00,300.0,8.31,8.31,8.305,8.305
09-16-2016 14:09:00,700.0,8.18,8.2,8.16,8.16
09-16-2016 14:10:00,100.0,8.15,8.15,8.15,8.15
09-16-2016 14:12:00,100.0,8.06,8.06,8.06,8.06
09-16-2016 14:14:00,200.0,8.03,8.07,8.03,8.07
09-16-2016 14:15:00,1002.0,8.2299,8.2299,8.18,8.2275
09-16-2016 14:16:00,200.0,8.09,8.16,8.09,8.16
09-16-2016 14:17:00,2300.0,8.16,8.25,8.16,8.25
09-16-2016 14:20:00,400.0,8.11,8.28,8.11,8.28
09-16-2016 14:23:00,100.0,8.28,8.28,8.28,8.28
09-16-2016 14:24:00,100.0,8.12,8.12,8.12,8.12
09-16-2016 14:25:00,400.0,8.28,8.28,8.275,8.275
09-16-2016 14:26:00,100.0,8.33,8.33,8.33,8.33
09-16-2016 14:30:00,600.0,8.33,8.33,8.325,8.325
09-16-2016 14:32:00,100.0,8.14,8.14,8.14,8.14
09-16-2016 14:34:00,400.0,8.14,8.235,8.14,8.235
09-16-2016 14:35:00,410.0,8.28,8.32,8.28,8.32
09-16-2016 14:36:00,200.0,8.17,8.17,8.14,8.14
09-16-2016 14:37:00,100.0,8.28,8.28,8.28,8.28
09-16-2016 14:38:00,3971.0,8.3,8.35,8.27,8.35
09-16-2016 14:40:00,640.0,8.21,8.37,8.21,8.25
09-16-2016 14:41:00,495.0,8.21,8.295,8.21,8.295
09-16-2016 14:42:00,200.0,8.3375,8.3375,8.3375,8.3375
09-16-2016 14:43:00,100.0,8.225,8.225,8.225,8.225
09-16-2016 14:44:00,200.0,8.295,8.295,8.21,8.21
09-16-2016 14:45:00,400.0,8.295,8.37,8.29,8.29
09-16-2016 14:46:00,300.0,8.25,8.3375,8.21,8.21
09-16-2016 14:47:00,200.0,8.21,8.24,8.21,8.24
09-16-2016 14:48:00,100.0,8.21,8.21,8.21,8.21
09-16-2016 14:49:00,200.0,8.21,8.21,8.21,8.21
09-16-2016 14:50:00,900.0,8.22,8.37,8.22,8.35
09-16-2016 14:51:00,1700.0,8.31,8.32,8.28,8.28
09-16-2016 14:53:00,8740.0,8.3025,8.35,8.285,8.3492
09-16-2016 14:56:00,8110.0,8.345,8.35,8.285,8.35
09-16-2016 14:57:00,2600.0,8.3492,8.3492,8.24,8.285
09-16-2016 14:58:00,1400.0,8.285,8.35,8.23,8.35
09-16-2016 14:59:00,2100.0,8.24,8.35,8.23,8.23
09-16-2016 15:00:00,272819.0,8.35,8.8,8.24,8.37
09-16-2016 15:24:00,13182.0,8.3681,8.3681,8.3681,8.3681
09-19-2016 08:48:00,2100.0,8.62,8.63,8.62,8.63
09-19-2016 08:49:00,100.0,8.63,8.63,8.63,8.63
09-19-2016 08:50:00,1300.0,8.63,8.63,8.6101,8.63
09-19-2016 08:51:00,200.0,8.65,8.67,8.65,8.67
09-19-2016 08:52:00,1000.0,8.9656,8.9656,8.9656,8.9656
09-19-2016 08:55:00,500.0,8.815,8.815,8.81,8.81
09-19-2016 08:57:00,100.0,8.99,8.99,8.99,8.99
09-19-2016 09:04:00,300.0,8.825,9.0,8.825,9.0
09-19-2016 09:05:00,300.0,8.825,8.83,8.825,8.83
09-19-2016 09:08:00,600.0,8.75,8.75,8.71,8.725
09-19-2016 09:09:00,100.0,8.85,8.85,8.85,8.85
09-19-2016 09:15:00,100.0,8.85,8.85,8.85,8.85
09-19-2016 09:17:00,100.0,8.91,8.91,8.91,8.91
09-19-2016 09:18:00,300.0,8.81,8.81,8.77,8.77
09-19-2016 09:20:00,200.0,8.735,8.735,8.735,8.735
09-19-2016 09:21:00,900.0,8.735,8.84,8.735,8.8275
09-19-2016 09:29:00,300.0,8.725,8.725,8.725,8.725
09-19-2016 09:37:00,1700.0,8.7,8.7,8.65,8.65
09-19-2016 09:38:00,1500.0,8.66,8.66,8.63,8.65
09-19-2016 09:39:00,100.0,8.79,8.79,8.79,8.79
09-19-2016 09:41:00,200.0,8.66,8.66,8.66,8.66
09-19-2016 09:42:00,100.0,8.63,8.63,8.63,8.63
09-19-2016 09:43:00,400.0,8.63,8.63,8.6,8.6
09-19-2016 09:44:00,200.0,8.6,8.6,8.6,8.6
09-19-2016 09:46:00,100.0,8.7,8.7,8.7,8.7
09-19-2016 09:49:00,1998.0,8.67,8.7,8.47,8.5312
09-19-2016 09:54:00,600.0,8.585,8.62,8.585,8.62
09-19-2016 09:55:00,500.0,8.635,8.77,8.59,8.59
09-19-2016 09:57:00,400.0,8.535,8.54,8.49,8.49
09-19-2016 09:58:00,2100.0,8.46,8.54,8.445,8.445
09-19-2016 09:59:00,2800.0,8.45,8.5499,8.42,8.425
09-19-2016 10:00:00,2700.0,8.39,8.5,8.39,8.5
09-19-2016 10:01:00,200.0,8.535,8.575,8.535,8.575
09-19-2016 10:02:00,500.0,8.575,8.81,8.575,8.81
09-19-2016 10:04:00,100.0,8.88,8.88,8.88,8.88
09-19-2016 10:05:00,100.0,8.67,8.67,8.67,8.67
09-19-2016 10:06:00,1100.0,8.61,8.61,8.6,8.6
09-19-2016 10:07:00,998.0,8.66,8.66,8.65,8.65
09-19-2016 10:08:00,900.0,8.75,8.75,8.68,8.68
09-19-2016 10:10:00,2000.0,8.68,8.795,8.63,8.6315
09-19-2016 10:11:00,200.0,8.66,8.66,8.6301,8.6301
09-19-2016 10:12:00,100.0,8.43,8.43,8.43,8.43
09-19-2016 10:13:00,200.0,8.53,8.5395,8.53,8.5395
09-19-2016 10:14:00,100.0,8.46,8.46,8.46,8.46
09-19-2016 10:15:00,400.0,8.48,8.48,8.45,8.48
09-19-2016 10:16:00,100.0,8.47,8.47,8.47,8.47
09-19-2016 10:17:00,100.0,8.45,8.45,8.45,8.45
09-19-2016 10:18:00,800.0,8.49,8.5,8.49,8.5
09-19-2016 10:22:00,800.0,8.42,8.42,8.37,8.37
09-19-2016 10:23:00,300.0,8.38,8.38,8.37,8.37
09-19-2016 10:24:00,2900.0,8.44,8.44,8.43,8.44
09-19-2016 10:25:00,1000.0,8.3705,8.44,8.3705,8.4
09-19-2016 10:28:00,100.0,8.41,8.41,8.41,8.41
09-19-2016 10:31:00,700.0,8.35,8.46,8.35,8.46
09-19-2016 10:33:00,507.0,8.5,8.51,8.5,8.51
09-19-2016 10:34:00,700.0,8.54,8.7175,8.54,8.7175
09-19-2016 10:35:00,800.0,8.7,8.7,8.65,8.65
09-19-2016 10:36:00,2465.0,8.6,8.6,8.41,8.41
09-19-2016 10:37:00,3200.0,8.55,8.57,8.545,8.545
09-19-2016 10:38:00,300.0,8.53,8.55,8.53,8.55
09-19-2016 10:39:00,1200.0,8.55,8.756,8.55,8.68
09-19-2016 10:40:00,100.0,8.85,8.85,8.85,8.85
09-19-2016 10:47:00,200.0,8.75,8.75,8.61,8.61
09-19-2016 10:48:00,1400.0,8.83,8.83,8.67,8.68
09-19-2016 10:49:00,1400.0,8.715,8.7483,8.62,8.62
09-19-2016 10:50:00,2300.0,8.68,8.68,8.62,8.62
09-19-2016 10:51:00,1500.0,8.65,8.65,8.65,8.65
09-19-2016 10:52:00,1540.0,8.63,8.65,8.6,8.6
09-19-2016 10:54:00,600.0,8.61,8.615,8.61,8.615
09-19-2016 10:56:00,360.0,8.4001,8.4001,8.4001,8.4001
09-19-2016 11:04:00,100.0,8.52,8.52,8.52,8.52
09-19-2016 11:10:00,100.0,8.54,8.54,8.54,8.54
09-19-2016 11:11:00,500.0,8.54,8.54,8.54,8.54
09-19-2016 11:12:00,100.0,8.58,8.58,8.58,8.58
09-19-2016 11:22:00,100.0,8.6,8.6,8.6,8.6
09-19-2016 11:27:00,1800.0,8.54,8.54,8.54,8.54
09-19-2016 11:32:00,100.0,8.6,8.6,8.6,8.6
09-19-2016 11:34:00,352.0,8.6,8.615,8.6,8.615
09-19-2016 11:46:00,100.0,8.65,8.65,8.65,8.65
09-19-2016 11:59:00,100.0,8.72,8.72,8.72,8.72
09-19-2016 12:02:00,100.0,8.55,8.55,8.55,8.55
09-19-2016 12:03:00,400.0,8.66,8.69,8.66,8.69
09-19-2016 12:04:00,400.0,8.69,8.7545,8.69,8.7545
09-19-2016 12:24:00,800.0,8.745,8.745,8.7,8.7
09-19-2016 12:30:00,100.0,8.56,8.56,8.56,8.56
09-19-2016 12:33:00,100.0,8.66,8.66,8.66,8.66
09-19-2016 12:37:00,100.0,8.545,8.545,8.545,8.545
09-19-2016 12:48:00,100.0,8.77,8.77,8.77,8.77
09-19-2016 12:54:00,100.0,8.78,8.78,8.78,8.78
09-19-2016 12:55:00,100.0,8.72,8.72,8.72,8.72
09-19-2016 13:03:00,400.0,8.73,8.74,8.73,8.73
09-19-2016 13:04:00,300.0,8.73,8.76,8.73,8.76
09-19-2016 13:05:00,1900.0,8.78,8.93,8.78,8.848
09-19-2016 13:06:00,1300.0,8.8,8.9,8.8,8.9
09-19-2016 13:07:00,700.0,8.9,8.9,8.9,8.9
09-19-2016 13:09:00,200.0,8.97,9.0,8.97,9.0
09-19-2016 13:11:00,100.0,8.98,8.98,8.98,8.98
09-19-2016 13:17:00,1035.0,8.99,9.13,8.99,9.13
09-19-2016 13:20:00,100.0,9.16,9.16,9.16,9.16
09-19-2016 13:22:00,100.0,9.16,9.16,9.16,9.16
09-19-2016 13:23:00,200.0,9.16,9.16,9.13,9.13
09-19-2016 13:26:00,100.0,9.15,9.15,9.15,9.15
09-19-2016 13:27:00,100.0,9.12,9.12,9.12,9.12
09-19-2016 13:28:00,900.0,9.125,9.15,9.1,9.15
09-19-2016 13:29:00,100.0,9.16,9.16,9.16,9.16
09-19-2016 13:30:00,2200.0,9.2,9.46,9.2,9.46
09-19-2016 13:31:00,200.0,9.5,9.5,9.5,9.5
09-19-2016 13:32:00,200.0,9.56,9.56,9.56,9.56
09-19-2016 13:33:00,3400.0,9.48,9.52,9.35,9.3501
09-19-2016 13:34:00,203.0,9.51,9.62,9.51,9.62
09-19-2016 13:35:00,100.0,9.45,9.45,9.45,9.45
09-19-2016 13:36:00,1327.0,9.46,9.46,9.35,9.35
09-19-2016 13:38:00,1744.0,9.1001,9.1001,9.1,9.1
09-19-2016 13:46:00,100.0,9.3,9.3,9.3,9.3
09-19-2016 13:47:00,1000.0,9.49,9.49,9.47,9.48
09-19-2016 13:48:00,106.0,9.3405,9.3405,9.3405,9.3405
09-19-2016 13:49:00,100.0,9.4,9.4,9.4,9.4
09-19-2016 13:52:00,595.0,9.4,9.4,9.4,9.4
09-19-2016 13:53:00,1205.0,9.38,9.5,9.38,9.49
09-19-2016 13:54:00,4600.0,9.36,9.5,9.36,9.5
09-19-2016 13:55:00,850.0,9.5,9.5,9.5,9.5
09-19-2016 13:56:00,500.0,9.5,9.5,9.5,9.5
09-19-2016 13:57:00,100.0,9.5,9.5,9.5,9.5
09-19-2016 13:59:00,756.0,9.62,9.62,9.62,9.62
09-19-2016 14:00:00,1000.0,9.59,9.59,9.59,9.59
09-19-2016 14:01:00,844.0,9.65,9.65,9.65,9.65
09-19-2016 14:03:00,400.0,9.65,9.65,9.65,9.65
09-19-2016 14:04:00,2954.0,9.65,9.75,9.5867,9.74
09-19-2016 14:05:00,500.0,9.75,9.75,9.75,9.75
09-19-2016 14:06:00,100.0,9.75,9.75,9.75,9.75
09-19-2016 14:07:00,2300.0,9.6859,9.76,9.685,9.76
09-19-2016 14:11:00,100.0,9.96,9.96,9.96,9.96
09-19-2016 14:13:00,100.0,9.99,9.99,9.99,9.99
09-19-2016 14:14:00,100.0,9.96,9.96,9.96,9.96
09-19-2016 14:15:00,200.0,9.95,9.95,9.94,9.94
09-19-2016 14:17:00,100.0,9.95,9.95,9.95,9.95
09-19-2016 14:18:00,1600.0,9.94,9.94,9.89,9.94
09-19-2016 14:20:00,120.0,9.989,9.989,9.989,9.989
09-19-2016 14:21:00,475.0,9.98,9.98,9.9662,9.9662
09-19-2016 14:22:00,1400.0,9.96,9.96,9.96,9.96
09-19-2016 14:26:00,500.0,9.9202,9.9202,9.9202,9.9202
09-19-2016 14:31:00,200.0,9.8592,9.8592,9.8592,9.8592
09-19-2016 14:32:00,600.0,9.94,9.96,9.92,9.92
09-19-2016 14:33:00,1000.0,9.95,9.95,9.92,9.94
09-19-2016 14:34:00,800.0,9.86,9.91,9.86,9.91
09-19-2016 14:35:00,1700.0,9.95,9.95,9.9,9.94
09-19-2016 14:36:00,3000.0,9.95,9.95,9.87,9.92
09-19-2016 14:37:00,917.0,9.94,9.94,9.94,9.94
09-19-2016 14:38:00,2788.0,9.8217,10.18,9.8217,10.18
09-19-2016 14:40:00,800.0,10.08,10.1786,10.08,10.1786
09-19-2016 14:41:00,400.0,10.165,10.24,10.165,10.24
09-19-2016 14:43:00,500.0,10.091,10.091,10.091,10.091
09-19-2016 14:44:00,2951.0,10.21,10.6,10.21,10.5877
09-19-2016 14:45:00,100.0,10.74,10.74,10.74,10.74
09-19-2016 14:46:00,600.0,10.98,10.98,10.93,10.97
09-19-2016 14:47:00,8340.0,10.95,11.31,10.95,11.11
09-19-2016 14:48:00,3850.0,11.0928,11.0928,10.82,10.83
09-19-2016 14:49:00,900.0,10.83,10.8784,10.77,10.77
09-19-2016 14:50:00,4500.0,10.7014,10.71,10.67,10.71
09-19-2016 14:51:00,2100.0,10.662,10.75,10.662,10.75
09-19-2016 14:52:00,1300.0,10.79,10.79,10.69,10.69
09-19-2016 14:53:00,10669.0,10.69,10.69,10.4,10.4
09-19-2016 14:54:00,1400.0,10.43,10.43,10.4,10.42
09-19-2016 14:55:00,2442.0,10.42,10.7,10.4198,10.44
09-19-2016 14:56:00,100.0,10.65,10.65,10.65,10.65
09-19-2016 14:57:00,2398.0,10.65,10.65,10.5312,10.56
09-19-2016 14:58:00,756.0,10.55,10.55,10.54,10.54
09-19-2016 14:59:00,2900.0,10.5549,10.6,10.4101,10.42
09-19-2016 15:00:00,4659.0,10.41,10.6,10.41,10.44
09-19-2016 15:02:00,330.0,10.26,10.26,10.26,10.26
09-19-2016 17:26:00,100.0,10.76,10.76,10.76,10.76
09-19-2016 18:32:00,100.0,10.2,10.2,10.2,10.2
09-20-2016 07:05:00,200.0,10.44,10.44,10.44,10.44
09-20-2016 08:06:00,800.0,10.44,10.44,10.44,10.44
09-20-2016 08:30:00,975.0,10.4,10.4,10.4,10.4
09-20-2016 08:31:00,100.0,11.0,11.0,11.0,11.0
09-20-2016 08:33:00,4000.0,10.9,10.9,10.5,10.5011
09-20-2016 08:36:00,9238.0,10.43,10.6263,10.0,10.4656
09-20-2016 08:38:00,100.0,10.675,10.675,10.675,10.675
09-20-2016 08:40:00,616.0,10.81,10.82,10.81,10.82
09-20-2016 08:41:00,400.0,10.545,10.545,10.545,10.545
09-20-2016 08:44:00,900.0,10.55,10.6,10.55,10.6
09-20-2016 08:45:00,200.0,10.585,10.585,10.57,10.57
09-20-2016 08:46:00,520.0,10.65,10.7,10.65,10.7
09-20-2016 08:48:00,1200.0,10.7388,10.78,10.7388,10.7625
09-20-2016 08:50:00,500.0,10.675,10.675,10.675,10.675
09-20-2016 08:51:00,1955.0,10.67,10.67,10.6,10.6
09-20-2016 08:52:00,2045.0,10.6,10.65,10.6,10.6
09-20-2016 08:54:00,2400.0,10.27,10.47,10.26,10.45
09-20-2016 08:59:00,900.0,10.42,10.42,10.41,10.42
09-20-2016 09:01:00,100.0,10.26,10.26,10.26,10.26
09-20-2016 09:04:00,100.0,10.36,10.36,10.36,10.36
09-20-2016 09:07:00,700.0,10.35,10.35,10.3,10.3
09-20-2016 09:08:00,600.0,10.309,10.35,10.309,10.35
09-20-2016 09:11:00,2000.0,10.351,10.45,10.3,10.45
09-20-2016 09:13:00,600.0,10.4299,10.4299,10.35,10.35
09-20-2016 09:14:00,2000.0,10.3,10.3,10.3,10.3
09-20-2016 09:16:00,600.0,10.13,10.165,10.12,10.165
09-20-2016 09:18:00,6194.0,10.23,10.25,10.23,10.2395
09-20-2016 09:19:00,15741.0,10.25,10.855,10.2499,10.6
09-20-2016 09:20:00,19384.0,10.52,10.99,10.52,10.99
09-20-2016 09:21:00,2154.0,11.0,11.11,10.96,10.96
09-20-2016 09:22:00,100.0,10.9,10.9,10.9,10.9
09-20-2016 09:23:00,2999.0,10.78,10.89,10.78,10.87
09-20-2016 09:24:00,22384.0,10.87,11.802,10.87,11.63
09-20-2016 09:25:00,30818.0,11.58,12.0,11.1727,11.2895
09-20-2016 09:26:00,19023.0,11.452,11.452,10.75,10.9822
09-20-2016 09:27:00,1400.0,10.9985,11.3679,10.9985,11.0
09-20-2016 09:29:00,5000.0,11.1596,11.1596,11.1596,11.1596
09-20-2016 09:31:00,1104.0,11.1,11.12,11.1,11.1
09-20-2016 09:32:00,300.0,11.01,11.03,11.01,11.03
09-20-2016 09:33:00,7557.0,11.01,11.1585,10.74,10.775
09-20-2016 09:34:00,100.0,10.85,10.85,10.85,10.85
09-20-2016 09:35:00,600.0,10.869,10.87,10.73,10.73
09-20-2016 09:36:00,100.0,10.73,10.73,10.73,10.73
09-20-2016 09:37:00,200.0,10.7,10.7528,10.7,10.7528
09-20-2016 09:39:00,100.0,10.77,10.77,10.77,10.77
09-20-2016 09:40:00,100.0,10.7,10.7,10.7,10.7
09-20-2016 09:43:00,100.0,10.82,10.82,10.82,10.82
09-20-2016 09:45:00,100.0,10.8,10.8,10.8,10.8
09-20-2016 09:46:00,200.0,10.74,10.8,10.74,10.8
09-20-2016 09:47:00,100.0,10.775,10.775,10.775,10.775
09-20-2016 09:52:00,100.0,10.8,10.8,10.8,10.8
09-20-2016 09:56:00,100.0,10.79,10.79,10.79,10.79
09-20-2016 09:59:00,800.0,10.79,10.8375,10.79,10.79
09-20-2016 10:00:00,350.0,10.839,10.839,10.839,10.839
09-20-2016 10:04:00,100.0,10.81,10.81,10.81,10.81
09-20-2016 10:08:00,300.0,10.8124,10.8124,10.81,10.81
09-20-2016 10:09:00,2067.0,10.87,10.91,10.8,10.87
09-20-2016 10:10:00,9000.0,10.8645,10.87,10.805,10.8699
09-20-2016 10:11:00,100.0,10.85,10.85,10.85,10.85
09-20-2016 10:16:00,400.0,10.91,10.92,10.91,10.92
09-20-2016 10:19:00,200.0,11.01,11.01,11.01,11.01
09-20-2016 10:20:00,200.0,11.0223,11.0223,10.99,10.99
09-20-2016 10:22:00,100.0,11.15,11.15,11.15,11.15
09-20-2016 10:23:00,2000.0,11.2676,11.2676,11.2676,11.2676
09-20-2016 10:26:00,200.0,11.15,11.15,11.15,11.15
09-20-2016 10:27:00,200.0,11.14,11.14,11.04,11.04
09-20-2016 10:30:00,400.0,11.0384,11.0384,11.0384,11.0384
09-20-2016 10:32:00,100.0,11.095,11.095,11.095,11.095
09-20-2016 10:33:00,100.0,11.06,11.06,11.06,11.06
09-20-2016 10:34:00,3702.0,11.13,11.13,10.9008,10.901
09-20-2016 10:35:00,400.0,10.91,10.91,10.9,10.9
09-20-2016 10:36:00,2300.0,10.8072,10.8072,10.7505,10.7505
09-20-2016 10:39:00,300.0,10.76,10.76,10.76,10.76
09-20-2016 10:42:00,100.0,10.76,10.76,10.76,10.76
09-20-2016 10:43:00,1000.0,10.9099,10.9099,10.9099,10.9099
09-20-2016 10:46:00,200.0,10.76,10.76,10.76,10.76
09-20-2016 10:52:00,400.0,10.77,10.77,10.67,10.71
09-20-2016 10:57:00,300.0,10.8324,10.8324,10.8324,10.8324
09-20-2016 11:02:00,100.0,10.83,10.83,10.83,10.83
09-20-2016 11:03:00,1200.0,10.7601,10.7601,10.7601,10.7601
09-20-2016 11:15:00,100.0,10.88,10.88,10.88,10.88
09-20-2016 11:16:00,100.0,10.865,10.865,10.865,10.865
09-20-2016 11:17:00,511.0,10.8482,10.8482,10.8482,10.8482
09-20-2016 11:23:00,100.0,10.89,10.89,10.89,10.89
09-20-2016 11:27:00,100.0,10.88,10.88,10.88,10.88
09-20-2016 11:30:00,100.0,10.8478,10.8478,10.8478,10.8478
09-20-2016 11:37:00,100.0,10.89,10.89,10.89,10.89
09-20-2016 11:40:00,100.0,10.9,10.9,10.9,10.9
09-20-2016 11:57:00,300.0,10.9043,10.9043,10.9043,10.9043
09-20-2016 11:59:00,2600.0,10.8001,10.895,10.77,10.8
09-20-2016 12:01:00,511.0,10.8451,10.8451,10.8451,10.8451
09-20-2016 12:05:00,100.0,10.95,10.95,10.95,10.95
09-20-2016 12:11:00,190.0,10.9045,10.9045,10.9045,10.9045
09-20-2016 12:26:00,500.0,10.89,10.89,10.715,10.715
09-20-2016 12:32:00,300.0,10.8125,10.86,10.81,10.81
09-20-2016 12:33:00,200.0,10.75,10.75,10.75,10.75
09-20-2016 12:45:00,100.0,10.89,10.89,10.89,10.89
09-20-2016 12:51:00,400.0,10.87,10.89,10.83,10.8308
09-20-2016 12:52:00,575.0,10.9,10.9,10.88,10.88
09-20-2016 12:54:00,100.0,10.7101,10.7101,10.7101,10.7101
09-20-2016 12:55:00,100.0,10.86,10.86,10.86,10.86
09-20-2016 12:56:00,1100.0,10.725,10.73,10.71,10.722
09-20-2016 13:00:00,1900.0,10.72,10.72,10.51,10.7
09-20-2016 13:01:00,200.0,10.51,10.51,10.51,10.51
09-20-2016 13:06:00,1000.0,10.5201,10.6675,10.52,10.6675
09-20-2016 13:10:00,100.0,10.735,10.735,10.735,10.735
09-20-2016 13:21:00,100.0,10.73,10.73,10.73,10.73
09-20-2016 13:32:00,300.0,10.83,10.85,10.83,10.83
09-20-2016 13:33:00,700.0,10.85,10.85,10.6605,10.74
09-20-2016 13:35:00,1300.0,10.82,10.82,10.6901,10.6901
09-20-2016 13:40:00,600.0,10.8899,10.89,10.8899,10.89
09-20-2016 13:45:00,150.0,10.814,10.814,10.814,10.814
09-20-2016 13:47:00,900.0,10.87,10.88,10.7,10.7
09-20-2016 13:51:00,200.0,10.84,10.85,10.84,10.85
09-20-2016 13:57:00,100.0,10.9,10.9,10.9,10.9
09-20-2016 14:07:00,500.0,10.8999,10.8999,10.8999,10.8999
09-20-2016 14:08:00,500.0,10.89,10.9,10.89,10.9
09-20-2016 14:10:00,500.0,10.88,10.9,10.88,10.9
09-20-2016 14:11:00,1200.0,10.89,10.91,10.87,10.87
09-20-2016 14:21:00,200.0,10.87,10.87,10.77,10.77
09-20-2016 14:24:00,100.0,10.89,10.89,10.89,10.89
09-20-2016 14:26:00,400.0,10.91,10.91,10.91,10.91
09-20-2016 14:27:00,100.0,10.91,10.91,10.91,10.91
09-20-2016 14:28:00,200.0,10.91,10.91,10.91,10.91
09-20-2016 14:30:00,1300.0,10.8701,10.96,10.87,10.95
09-20-2016 14:31:00,400.0,10.8708,10.93,10.77,10.93
09-20-2016 14:32:00,5700.0,10.854,10.86,10.85,10.85
09-20-2016 14:33:00,700.0,10.85,10.85,10.85,10.85
09-20-2016 14:36:00,400.0,10.975,10.975,10.95,10.95
09-20-2016 14:38:00,100.0,10.93,10.93,10.93,10.93
09-20-2016 14:39:00,200.0,10.89,10.975,10.89,10.975
09-20-2016 14:40:00,554.0,10.912,10.912,10.825,10.825
09-20-2016 14:42:00,1300.0,10.8501,10.98,10.8501,10.98
09-20-2016 14:43:00,1325.0,10.902,10.98,10.902,10.96
09-20-2016 14:44:00,100.0,10.86,10.86,10.86,10.86
09-20-2016 14:45:00,500.0,10.9,10.915,10.89,10.89
09-20-2016 14:46:00,500.0,10.93,10.93,10.89,10.89
09-20-2016 14:49:00,700.0,10.8701,10.8701,10.87,10.87
09-20-2016 14:50:00,100.0,10.93,10.93,10.93,10.93
09-20-2016 14:51:00,200.0,10.87,10.87,10.87,10.87
09-20-2016 14:52:00,100.0,10.94,10.94,10.94,10.94
09-20-2016 14:53:00,600.0,10.93,10.94,10.88,10.94
09-20-2016 14:54:00,800.0,10.945,10.945,10.94,10.94
09-20-2016 14:56:00,1000.0,10.9001,10.925,10.9,10.9
09-20-2016 14:57:00,100.0,10.98,10.98,10.98,10.98
09-20-2016 14:58:00,600.0,10.98,11.0,10.9,11.0
09-20-2016 14:59:00,900.0,10.99,11.0,10.955,11.0
09-20-2016 15:00:00,3669.0,11.0,11.06,10.98,11.01
09-21-2016 08:30:00,3850.0,10.8,10.8,10.8,10.8
09-21-2016 08:48:00,100.0,11.15,11.15,11.15,11.15
09-21-2016 08:54:00,100.0,11.16,11.16,11.16,11.16
09-21-2016 08:55:00,300.0,10.81,10.965,10.81,10.965
09-21-2016 08:58:00,616.0,10.7837,10.7837,10.7837,10.7837
09-21-2016 09:08:00,100.0,11.13,11.13,11.13,11.13
09-21-2016 09:09:00,300.0,11.15,11.15,11.14,11.14
09-21-2016 09:15:00,200.0,11.19,11.19,11.19,11.19
09-21-2016 09:17:00,100.0,11.19,11.19,11.19,11.19
09-21-2016 09:18:00,800.0,11.2216,11.2647,11.154,11.154
09-21-2016 09:25:00,400.0,11.155,11.155,11.155,11.155
09-21-2016 09:26:00,250.0,11.0201,11.0201,11.0201,11.0201
09-21-2016 09:30:00,100.0,11.155,11.155,11.155,11.155
09-21-2016 09:32:00,454.0,11.16,11.16,11.16,11.16
09-21-2016 09:33:00,1508.0,11.16,11.29,11.07,11.07
09-21-2016 09:38:00,100.0,11.1,11.1,11.1,11.1
09-21-2016 09:40:00,2000.0,11.1,11.1,11.07,11.07
09-21-2016 09:44:00,900.0,11.18,11.269,11.18,11.269
09-21-2016 09:45:00,100.0,11.185,11.185,11.185,11.185
09-21-2016 09:46:00,3028.0,11.289,11.55,11.289,11.55
09-21-2016 09:47:00,1500.0,11.55,11.55,11.54,11.5499
09-21-2016 09:52:00,100.0,11.45,11.45,11.45,11.45
09-21-2016 09:56:00,400.0,11.53,11.53,11.53,11.53
09-21-2016 09:57:00,2600.0,11.52,11.52,11.4901,11.497
09-21-2016 10:01:00,200.0,11.32,11.32,11.3,11.3
09-21-2016 10:03:00,100.0,11.45,11.45,11.45,11.45
09-21-2016 10:08:00,200.0,11.45,11.45,11.2911,11.2911
09-21-2016 10:09:00,100.0,11.45,11.45,11.45,11.45
09-21-2016 10:13:00,304.0,11.369,11.42,11.369,11.42
09-21-2016 10:17:00,100.0,11.36,11.36,11.36,11.36
09-21-2016 10:18:00,1440.0,11.31,11.39,10.83,10.83
09-21-2016 10:34:00,1000.0,10.985,10.985,10.8801,10.89
09-21-2016 10:38:00,100.0,11.05,11.05,11.05,11.05
09-21-2016 10:40:00,100.0,10.94,10.94,10.94,10.94
09-21-2016 10:41:00,500.0,10.89,10.93,10.89,10.93
09-21-2016 10:50:00,639.0,10.92,10.97,10.92,10.93
09-21-2016 11:02:00,100.0,10.96,10.96,10.96,10.96
09-21-2016 11:04:00,2263.0,11.055,11.055,10.5,10.5
09-21-2016 11:05:00,785.0,10.5501,10.5501,10.5501,10.5501
09-21-2016 11:14:00,440.0,10.611,10.611,10.611,10.611
09-21-2016 11:20:00,100.0,10.85,10.85,10.85,10.85
09-21-2016 11:36:00,100.0,10.97,10.97,10.97,10.97
09-21-2016 11:40:00,500.0,10.98,10.98,10.98,10.98
09-21-2016 11:50:00,100.0,10.89,10.89,10.89,10.89
09-21-2016 12:00:00,100.0,10.87,10.87,10.87,10.87
09-21-2016 12:13:00,100.0,10.97,10.97,10.97,10.97
09-21-2016 12:27:00,100.0,10.97,10.97,10.97,10.97
09-21-2016 12:31:00,100.0,10.96,10.96,10.96,10.96
09-21-2016 12:35:00,100.0,10.98,10.98,10.98,10.98
09-21-2016 12:39:00,200.0,11.03,11.08,11.03,11.08
09-21-2016 12:40:00,800.0,11.13,11.13,11.105,11.12
09-21-2016 12:44:00,600.0,11.105,11.12,11.08,11.08
09-21-2016 12:58:00,100.0,11.07,11.07,11.07,11.07
09-21-2016 13:01:00,100.0,11.09,11.09,11.09,11.09
09-21-2016 13:04:00,2150.0,11.19,11.19,11.05,11.05
09-21-2016 13:14:00,1000.0,11.06,11.0989,11.06,11.0989
09-21-2016 13:29:00,100.0,10.9301,10.9301,10.9301,10.9301
09-21-2016 13:39:00,200.0,11.08,11.09,11.08,11.09
09-21-2016 13:49:00,100.0,11.01,11.01,11.01,11.01
09-21-2016 13:53:00,1900.0,11.01,11.05,10.985,11.05
09-21-2016 13:57:00,253.0,11.0181,11.0181,11.0181,11.0181
09-21-2016 13:58:00,100.0,11.06,11.06,11.06,11.06
09-21-2016 14:03:00,100.0,11.08,11.08,11.08,11.08
09-21-2016 14:06:00,100.0,11.08,11.08,11.08,11.08
09-21-2016 14:07:00,1350.0,11.1,11.4,11.1,11.4
09-21-2016 14:13:00,1280.0,11.295,11.34,11.23,11.34
09-21-2016 14:14:00,100.0,11.279,11.279,11.279,11.279
09-21-2016 14:16:00,200.0,11.28,11.28,11.2635,11.2635
09-21-2016 14:19:00,100.0,11.41,11.41,11.41,11.41
09-21-2016 14:22:00,500.0,11.41,11.41,11.41,11.41
09-21-2016 14:23:00,100.0,11.42,11.42,11.42,11.42
09-21-2016 14:29:00,100.0,11.41,11.41,11.41,11.41
09-21-2016 14:30:00,1250.0,11.42,11.55,11.4,11.55
09-21-2016 14:31:00,1400.0,11.54,11.5499,11.4101,11.4101
09-21-2016 14:34:00,200.0,11.5,11.52,11.5,11.52
09-21-2016 14:37:00,800.0,11.55,11.55,11.51,11.5499
09-21-2016 14:38:00,300.0,11.54,11.54,11.4415,11.4415
09-21-2016 14:41:00,500.0,11.5,11.54,11.5,11.54
09-21-2016 14:42:00,100.0,11.525,11.525,11.525,11.525
09-21-2016 14:43:00,200.0,11.525,11.525,11.525,11.525
09-21-2016 14:44:00,872.0,11.725,11.725,11.6,11.6
09-21-2016 14:46:00,100.0,11.83,11.83,11.83,11.83
09-21-2016 14:47:00,1600.0,11.94,11.94,11.91,11.92
09-21-2016 14:48:00,1800.0,11.7,11.9,11.7,11.7
09-21-2016 14:49:00,130.0,11.85,11.85,11.85,11.85
09-21-2016 14:50:00,500.0,11.858,11.87,11.8,11.87
09-21-2016 14:51:00,700.0,11.84,11.84,11.8001,11.8001
09-21-2016 14:52:00,583.0,11.87,11.87,11.83,11.87
09-21-2016 14:53:00,100.0,11.85,11.85,11.85,11.85
09-21-2016 14:54:00,100.0,11.85,11.85,11.85,11.85
09-21-2016 14:56:00,700.0,11.85,11.85,11.71,11.71
09-21-2016 14:57:00,958.0,11.701,11.8,11.7,11.7
09-21-2016 14:58:00,600.0,11.79,11.79,11.7,11.785
09-21-2016 14:59:00,900.0,11.9,11.96,11.9,11.96
09-21-2016 15:00:00,6328.0,11.97,12.0,11.88,11.88
09-22-2016 08:30:00,225.0,11.95,11.95,11.95,11.95
09-22-2016 08:31:00,100.0,11.83,11.83,11.83,11.83
09-22-2016 08:44:00,100.0,11.211,11.211,11.211,11.211
09-22-2016 08:48:00,1000.0,11.427,11.427,11.427,11.427
09-22-2016 08:49:00,150.0,11.415,11.415,11.415,11.415
09-22-2016 08:50:00,1150.0,11.6,11.73,11.563,11.73
09-22-2016 08:55:00,500.0,11.73,11.73,11.73,11.73
09-22-2016 08:57:00,200.0,11.95,11.95,11.95,11.95
09-22-2016 08:59:00,2000.0,12.1,12.1,12.1,12.1
09-22-2016 09:00:00,650.0,11.918,12.0454,11.918,12.0454
09-22-2016 09:01:00,7100.0,12.1,12.13,11.975,12.13
09-22-2016 09:07:00,100.0,12.12,12.12,12.12,12.12
09-22-2016 09:08:00,500.0,12.1499,12.1499,12.1499,12.1499
09-22-2016 09:10:00,600.0,12.1,12.15,12.06,12.06
09-22-2016 09:11:00,700.0,12.43,12.43,12.0,12.0
09-22-2016 09:12:00,200.0,12.43,12.43,12.245,12.245
09-22-2016 09:13:00,100.0,12.15,12.15,12.15,12.15
09-22-2016 09:14:00,200.0,12.5,12.5,12.49,12.49
09-22-2016 09:19:00,700.0,12.3562,12.39,12.325,12.325
09-22-2016 09:20:00,400.0,12.325,12.4,12.325,12.4
09-22-2016 09:21:00,150.0,12.3562,12.3562,12.3562,12.3562
09-22-2016 09:22:00,3261.0,12.25,12.325,12.2,12.2
09-22-2016 09:24:00,100.0,12.1,12.1,12.1,12.1
09-22-2016 09:26:00,1000.0,12.051,12.051,12.051,12.051
09-22-2016 09:27:00,700.0,12.084,12.0983,12.084,12.0983
09-22-2016 09:30:00,700.0,12.1,12.129,12.1,12.1
09-22-2016 09:32:00,300.0,12.38,12.38,12.14,12.14
09-22-2016 09:44:00,100.0,12.39,12.39,12.39,12.39
09-22-2016 09:45:00,350.0,12.2707,12.3899,12.235,12.235
09-22-2016 09:46:00,400.0,12.235,12.235,12.235,12.235
09-22-2016 09:48:00,1100.0,12.23,12.285,12.23,12.285
09-22-2016 09:52:00,519.0,12.32,12.32,12.31,12.31
09-22-2016 09:53:00,300.0,12.32,12.37,12.32,12.365
09-22-2016 09:54:00,1300.0,12.4,12.4,12.37,12.4
09-22-2016 09:55:00,400.0,12.49,12.49,12.405,12.41
09-22-2016 09:56:00,1500.0,12.4,12.4,12.4,12.4
09-22-2016 09:57:00,600.0,12.47,12.47,12.3613,12.3613
09-22-2016 09:59:00,300.0,12.46,12.47,12.365,12.365
09-22-2016 10:02:00,2749.0,12.4283,12.4283,12.33,12.34
09-22-2016 10:05:00,100.0,12.34,12.34,12.34,12.34
09-22-2016 10:06:00,700.0,12.27,12.365,12.26,12.26
09-22-2016 10:11:00,100.0,12.365,12.365,12.365,12.365
09-22-2016 10:13:00,120.0,12.3902,12.3902,12.3902,12.3902
09-22-2016 10:16:00,950.0,12.284,12.32,12.26,12.2839
09-22-2016 10:18:00,500.0,12.32,12.35,12.28,12.35
09-22-2016 10:20:00,100.0,12.31,12.31,12.31,12.31
09-22-2016 10:27:00,700.0,12.35,12.37,12.35,12.365
09-22-2016 10:28:00,100.0,12.32,12.32,12.32,12.32
09-22-2016 10:30:00,100.0,12.37,12.37,12.37,12.37
09-22-2016 10:31:00,300.0,12.37,12.37,12.33,12.33
09-22-2016 10:35:00,400.0,12.38,12.38,12.37,12.375
09-22-2016 10:40:00,100.0,12.4,12.4,12.4,12.4
09-22-2016 10:41:00,200.0,12.45,12.45,12.45,12.45
09-22-2016 10:45:00,100.0,12.46,12.46,12.46,12.46
09-22-2016 10:48:00,700.0,12.49,12.49,12.39,12.39
09-22-2016 10:50:00,200.0,12.35,12.43,12.35,12.43
09-22-2016 10:59:00,100.0,12.48,12.48,12.48,12.48
09-22-2016 11:05:00,100.0,12.42,12.42,12.42,12.42
09-22-2016 11:08:00,300.0,12.385,12.385,12.385,12.385
09-22-2016 11:10:00,100.0,12.44,12.44,12.44,12.44
09-22-2016 11:11:00,200.0,12.35,12.35,12.35,12.35
09-22-2016 11:12:00,800.0,12.38,12.38,12.38,12.38
09-22-2016 11:13:00,200.0,12.35,12.35,12.35,12.35
09-22-2016 11:14:00,2300.0,12.36,12.36,12.31,12.31
09-22-2016 11:15:00,100.0,12.365,12.365,12.365,12.365
09-22-2016 11:17:00,100.0,12.3,12.3,12.3,12.3
09-22-2016 11:21:00,200.0,12.28,12.28,12.25,12.25
09-22-2016 11:28:00,500.0,12.1988,12.1988,12.18,12.18
09-22-2016 11:30:00,600.0,12.02,12.02,12.01,12.01
09-22-2016 11:34:00,200.0,11.701,11.785,11.701,11.785
09-22-2016 11:37:00,150.0,11.7001,11.7001,11.7001,11.7001
09-22-2016 11:51:00,100.0,11.98,11.98,11.98,11.98
09-22-2016 11:53:00,776.0,12.0,12.07,11.97,12.07
09-22-2016 11:55:00,250.0,12.0999,12.0999,12.0999,12.0999
09-22-2016 11:57:00,100.0,12.1,12.1,12.1,12.1
09-22-2016 11:59:00,200.0,12.49,12.49,12.345,12.345
09-22-2016 12:00:00,500.0,12.41,12.41,12.41,12.41
09-22-2016 12:01:00,100.0,12.215,12.215,12.215,12.215
09-22-2016 12:03:00,100.0,12.4,12.4,12.4,12.4
09-22-2016 12:07:00,1500.0,12.22,12.24,12.16,12.22
09-22-2016 12:08:00,100.0,12.11,12.11,12.11,12.11
09-22-2016 12:12:00,100.0,12.13,12.13,12.13,12.13
09-22-2016 12:23:00,533.0,12.12,12.15,12.1,12.15
09-22-2016 12:30:00,100.0,12.0,12.0,12.0,12.0
09-22-2016 12:54:00,200.0,11.97,11.9985,11.97,11.9985
09-22-2016 12:55:00,600.0,12.0,12.01,12.0,12.0
09-22-2016 12:57:00,1000.0,12.05,12.17,12.05,12.16
09-22-2016 12:58:00,900.0,12.16,12.29,12.15,12.15
09-22-2016 12:59:00,100.0,12.15,12.15,12.15,12.15
09-22-2016 13:03:00,200.0,12.27,12.45,12.27,12.45
09-22-2016 13:09:00,600.0,12.18,12.21,12.18,12.18
09-22-2016 13:11:00,300.0,12.25,12.38,12.12,12.12
09-22-2016 13:12:00,100.0,12.185,12.185,12.185,12.185
09-22-2016 13:19:00,500.0,12.1964,12.1964,12.1964,12.1964
09-22-2016 13:22:00,100.0,12.22,12.22,12.22,12.22
09-22-2016 13:32:00,100.0,12.22,12.22,12.22,12.22
09-22-2016 13:34:00,846.0,12.12,12.14,12.0,12.1
09-22-2016 13:36:00,100.0,12.06,12.06,12.06,12.06
09-22-2016 13:40:00,100.0,12.07,12.07,12.07,12.07
09-22-2016 13:43:00,100.0,12.07,12.07,12.07,12.07
09-22-2016 13:44:00,514.0,12.2,12.23,12.08,12.08
09-22-2016 13:46:00,100.0,12.17,12.17,12.17,12.17
09-22-2016 13:49:00,100.0,12.22,12.22,12.22,12.22
09-22-2016 13:54:00,970.0,12.1,12.14,12.1,12.14
09-22-2016 13:57:00,840.0,12.0,12.0,12.0,12.0
09-22-2016 13:58:00,3100.0,12.16,12.265,12.032,12.2092
09-22-2016 13:59:00,300.0,12.05,12.19,12.04,12.19
09-22-2016 14:03:00,100.0,12.0,12.0,12.0,12.0
09-22-2016 14:04:00,100.0,12.0,12.0,12.0,12.0
09-22-2016 14:06:00,100.0,12.19,12.19,12.19,12.19
09-22-2016 14:09:00,100.0,12.0,12.0,12.0,12.0
09-22-2016 14:11:00,200.0,12.095,12.095,12.02,12.02
09-22-2016 14:12:00,100.0,12.0,12.0,12.0,12.0
09-22-2016 14:13:00,100.0,12.17,12.17,12.17,12.17
09-22-2016 14:15:00,100.0,12.095,12.095,12.095,12.095
09-22-2016 14:19:00,100.0,12.13,12.13,12.13,12.13
09-22-2016 14:20:00,800.0,12.19,12.19,12.01,12.01
09-22-2016 14:21:00,100.0,12.09,12.09,12.09,12.09
09-22-2016 14:24:00,200.0,12.18,12.18,12.01,12.01
09-22-2016 14:29:00,300.0,12.17,12.17,12.0,12.095
09-22-2016 14:31:00,1200.0,12.095,12.1311,12.01,12.01
09-22-2016 14:33:00,200.0,12.0,12.0,12.0,12.0
09-22-2016 14:35:00,600.0,12.0001,12.075,12.0001,12.075
09-22-2016 14:36:00,400.0,12.0201,12.0201,12.02,12.02
09-22-2016 14:39:00,108.0,12.075,12.075,12.075,12.075
09-22-2016 14:40:00,379.0,12.075,12.075,12.075,12.075
09-22-2016 14:41:00,500.0,12.07,12.075,12.07,12.075
09-22-2016 14:44:00,100.0,12.09,12.09,12.09,12.09
09-22-2016 14:46:00,200.0,12.0,12.025,12.0,12.025
09-22-2016 14:47:00,300.0,11.96,11.97,11.96,11.9601
09-22-2016 14:48:00,300.0,12.05,12.05,12.02,12.02
09-22-2016 14:49:00,400.0,11.95,11.95,11.92,11.92
09-22-2016 14:50:00,1200.0,11.8,12.2,11.77,12.11
09-22-2016 14:51:00,759.0,12.0,12.0,11.8,11.81
09-22-2016 14:52:00,300.0,11.8,11.89,11.8,11.88
09-22-2016 14:53:00,200.0,11.88,11.88,11.88,11.88
09-22-2016 14:54:00,3000.0,11.77,11.94,11.73,11.73
09-22-2016 14:56:00,1160.0,11.92,11.92,11.83,11.83
09-22-2016 14:58:00,631.0,11.6001,11.9,11.6001,11.9
09-22-2016 14:59:00,1500.0,11.775,11.84,11.6571,11.6571
09-22-2016 15:00:00,4624.0,11.75,11.75,11.675,11.75
09-23-2016 08:30:00,510.0,11.77,11.77,11.77,11.77
09-23-2016 08:42:00,400.0,11.745,11.745,11.745,11.745
09-23-2016 08:50:00,100.0,11.745,11.745,11.745,11.745
09-23-2016 08:57:00,200.0,11.75,11.85,11.75,11.85
09-23-2016 09:01:00,200.0,11.85,11.85,11.85,11.85
09-23-2016 09:04:00,100.0,11.85,11.85,11.85,11.85
09-23-2016 09:06:00,100.0,11.85,11.85,11.85,11.85
09-23-2016 09:09:00,130.0,11.745,11.745,11.745,11.745
09-23-2016 09:12:00,100.0,11.75,11.75,11.75,11.75
09-23-2016 09:20:00,100.0,11.775,11.775,11.775,11.775
09-23-2016 09:27:00,100.0,11.75,11.75,11.75,11.75
09-23-2016 09:28:00,200.0,11.5001,11.5001,11.5001,11.5001
09-23-2016 09:38:00,500.0,12.05,12.05,11.775,11.775
09-23-2016 09:41:00,100.0,11.78,11.78,11.78,11.78
09-23-2016 09:42:00,100.0,11.78,11.78,11.78,11.78
09-23-2016 09:44:00,100.0,11.78,11.78,11.78,11.78
09-23-2016 09:47:00,499.0,11.7827,11.7827,11.7827,11.7827
09-23-2016 09:48:00,599.0,11.96,11.96,11.89,11.89
09-23-2016 09:50:00,1300.0,11.89,12.05,11.89,11.89
09-23-2016 09:52:00,100.0,12.0468,12.0468,12.0468,12.0468
09-23-2016 09:53:00,100.0,12.1999,12.1999,12.1999,12.1999
09-23-2016 09:55:00,100.0,11.95,11.95,11.95,11.95
09-23-2016 09:57:00,100.0,12.085,12.085,12.085,12.085
09-23-2016 10:01:00,100.0,12.1287,12.1287,12.1287,12.1287
09-23-2016 10:08:00,100.0,12.106,12.106,12.106,12.106
09-23-2016 10:14:00,100.0,12.19,12.19,12.19,12.19
09-23-2016 10:15:00,600.0,12.17,12.17,12.169,12.169
09-23-2016 10:19:00,100.0,12.16,12.16,12.16,12.16
09-23-2016 10:22:00,1110.0,12.087,12.16,12.087,12.16
09-23-2016 10:23:00,300.0,12.07,12.07,12.051,12.051
09-23-2016 10:28:00,100.0,12.01,12.01,12.01,12.01
09-23-2016 10:29:00,100.0,12.07,12.07,12.07,12.07
09-23-2016 10:34:00,100.0,12.13,12.13,12.13,12.13
09-23-2016 10:38:00,100.0,12.16,12.16,12.16,12.16
09-23-2016 10:41:00,100.0,12.08,12.08,12.08,12.08
09-23-2016 10:45:00,300.0,12.1199,12.1199,12.1199,12.1199
09-23-2016 10:46:00,500.0,12.0001,12.12,12.0001,12.12
09-23-2016 10:48:00,100.0,12.12,12.12,12.12,12.12
09-23-2016 10:49:00,100.0,12.06,12.06,12.06,12.06
09-23-2016 10:53:00,800.0,12.16,12.21,12.16,12.21
09-23-2016 10:54:00,209.0,12.3,12.3,12.3,12.3
09-23-2016 10:55:00,101.0,12.3923,12.3923,12.3923,12.3923
09-23-2016 10:58:00,250.0,12.41,12.41,12.3893,12.3893
09-23-2016 10:59:00,200.0,12.49,12.49,12.49,12.49
09-23-2016 11:00:00,100.0,12.44,12.44,12.44,12.44
09-23-2016 11:01:00,200.0,12.435,12.435,12.4112,12.4112
09-23-2016 11:03:00,100.0,12.5,12.5,12.5,12.5
09-23-2016 11:04:00,2200.0,12.54,12.74,12.54,12.74
09-23-2016 11:05:00,100.0,12.74,12.74,12.74,12.74
09-23-2016 11:06:00,400.0,12.87,12.87,12.87,12.87
09-23-2016 11:07:00,100.0,12.89,12.89,12.89,12.89
09-23-2016 11:10:00,1300.0,12.6901,12.96,12.6901,12.96
09-23-2016 11:13:00,300.0,13.035,13.035,13.035,13.035
09-23-2016 11:14:00,1104.0,13.035,13.04,13.0112,13.0112
09-23-2016 11:16:00,300.0,13.035,13.035,13.035,13.035
09-23-2016 11:19:00,300.0,13.13,13.139,13.13,13.139
09-23-2016 11:26:00,872.0,13.0701,13.105,13.07,13.07
09-23-2016 11:27:00,850.0,13.03,13.0663,13.03,13.0663
09-23-2016 11:28:00,100.0,13.02,13.02,13.02,13.02
09-23-2016 11:29:00,200.0,13.08,13.08,13.02,13.02
09-23-2016 11:44:00,100.0,12.9,12.9,12.9,12.9
09-23-2016 11:46:00,100.0,13.04,13.04,13.04,13.04
09-23-2016 11:52:00,200.0,13.04,13.05,13.04,13.05
09-23-2016 11:56:00,100.0,13.14,13.14,13.14,13.14
09-23-2016 12:00:00,100.0,13.01,13.01,13.01,13.01
09-23-2016 12:05:00,850.0,13.02,13.0594,13.01,13.0102
09-23-2016 12:11:00,1300.0,13.048,13.048,13.048,13.048
09-23-2016 12:12:00,275.0,12.9999,12.9999,12.9999,12.9999
09-23-2016 12:15:00,300.0,13.0,13.0,12.997,12.997
09-23-2016 12:20:00,400.0,12.97,12.97,12.97,12.97
09-23-2016 12:23:00,146.0,12.9706,12.9706,12.9706,12.9706
09-23-2016 12:24:00,400.0,12.97,13.0,12.97,13.0
09-23-2016 12:27:00,100.0,13.0,13.0,13.0,13.0
09-23-2016 12:28:00,100.0,12.985,12.985,12.985,12.985
09-23-2016 12:33:00,100.0,12.98,12.98,12.98,12.98
09-23-2016 12:44:00,100.0,12.99,12.99,12.99,12.99
09-23-2016 12:52:00,2230.0,13.0,13.07,12.9868,13.025
09-23-2016 12:54:00,100.0,13.1,13.1,13.1,13.1
09-23-2016 13:00:00,100.0,13.1,13.1,13.1,13.1
09-23-2016 13:06:00,100.0,13.1,13.1,13.1,13.1
09-23-2016 13:10:00,100.0,13.1,13.1,13.1,13.1
09-23-2016 13:11:00,600.0,13.065,13.1,13.065,13.1
09-23-2016 13:20:00,100.0,13.1,13.1,13.1,13.1
09-23-2016 13:25:00,600.0,13.09,13.09,13.08,13.08
09-23-2016 13:26:00,300.0,13.05,13.06,13.05,13.06
09-23-2016 13:27:00,100.0,12.98,12.98,12.98,12.98
09-23-2016 13:38:00,100.0,13.06,13.06,13.06,13.06
09-23-2016 13:39:00,189.0,13.07,13.07,13.07,13.07
09-23-2016 13:41:00,700.0,13.04,13.04,13.04,13.04
09-23-2016 13:47:00,1100.0,13.0193,13.0193,12.95,12.95
09-23-2016 13:49:00,200.0,12.995,13.04,12.995,13.04
09-23-2016 13:50:00,200.0,12.995,13.0,12.995,13.0
09-23-2016 13:59:00,100.0,13.0,13.0,13.0,13.0
09-23-2016 14:00:00,200.0,13.0,13.0,13.0,13.0
09-23-2016 14:04:00,600.0,13.04,13.04,13.03,13.04
09-23-2016 14:07:00,100.0,13.0,13.0,13.0,13.0
09-23-2016 14:08:00,300.0,13.04,13.04,13.04,13.04
09-23-2016 14:10:00,700.0,13.04,13.05,13.04,13.05
09-23-2016 14:14:00,791.0,13.045,13.05,13.045,13.0455
09-23-2016 14:15:00,1491.0,13.05,13.05,13.04,13.04
09-23-2016 14:16:00,100.0,13.04,13.04,13.04,13.04
09-23-2016 14:17:00,400.0,13.05,13.05,13.04,13.04
09-23-2016 14:22:00,200.0,12.88,12.925,12.88,12.925
09-23-2016 14:31:00,800.0,12.99,13.0,12.99,13.0
09-23-2016 14:33:00,1400.0,12.999,13.0,12.999,13.0
09-23-2016 14:37:00,100.0,13.04,13.04,13.04,13.04
09-23-2016 14:39:00,900.0,12.9801,12.9801,12.98,12.9801
09-23-2016 14:40:00,400.0,12.98,13.0388,12.98,13.0388
09-23-2016 14:41:00,100.0,13.04,13.04,13.04,13.04
09-23-2016 14:42:00,900.0,13.04,13.06,13.04,13.06
09-23-2016 14:44:00,100.0,13.06,13.06,13.06,13.06
09-23-2016 14:46:00,400.0,13.12,13.14,13.0433,13.14
09-23-2016 14:49:00,200.0,13.14,13.14,13.14,13.14
09-23-2016 14:50:00,300.0,13.14,13.39,13.14,13.39
09-23-2016 14:51:00,200.0,13.33,13.33,13.225,13.225
09-23-2016 14:53:00,400.0,13.3,13.31,13.3,13.31
09-23-2016 14:54:00,600.0,13.31,13.31,13.31,13.31
09-23-2016 14:55:00,851.0,13.31,13.33,13.3,13.3
09-23-2016 14:56:00,600.0,13.2408,13.32,13.2408,13.32
09-23-2016 14:57:00,300.0,13.3,13.3,13.3,13.3
09-23-2016 14:58:00,500.0,13.3,13.3,13.3,13.3
09-23-2016 14:59:00,3249.0,13.3,13.4,13.1901,13.4
09-23-2016 15:00:00,8975.0,13.4,13.98,13.14,13.98
09-26-2016 08:30:00,989.0,14.1,14.1,14.1,14.1
09-26-2016 08:31:00,841.0,14.4,14.49,14.3433,14.4899
09-26-2016 08:32:00,1000.0,14.4902,14.5942,14.4902,14.5942
09-26-2016 08:33:00,100.0,14.5,14.5,14.5,14.5
09-26-2016 08:34:00,900.0,14.35,14.704,14.35,14.704
09-26-2016 08:35:00,2799.0,14.9,15.2235,14.9,15.2235
09-26-2016 08:36:00,500.0,15.28,15.28,15.02,15.02
09-26-2016 08:38:00,1159.0,15.2,15.26,14.7505,14.9077
09-26-2016 08:41:00,500.0,14.5,14.5,14.5,14.5
09-26-2016 08:45:00,578.0,14.22,14.22,14.1811,14.1811
09-26-2016 08:48:00,1000.0,14.475,14.589,14.475,14.589
09-26-2016 08:49:00,856.0,14.27,14.475,14.21,14.475
09-26-2016 08:50:00,1956.0,14.5386,14.708,14.533,14.5584
09-26-2016 08:51:00,100.0,14.495,14.495,14.495,14.495
09-26-2016 08:52:00,607.0,14.485,14.485,14.3,14.3
09-26-2016 08:53:00,100.0,14.495,14.495,14.495,14.495
09-26-2016 08:54:00,333.0,14.495,14.495,14.261,14.261
09-26-2016 08:55:00,134.0,14.2601,14.2601,14.2601,14.2601
09-26-2016 08:57:00,333.0,14.307,14.307,14.307,14.307
09-26-2016 08:58:00,100.0,14.69,14.69,14.69,14.69
09-26-2016 09:01:00,500.0,14.53,14.53,14.53,14.53
09-26-2016 09:03:00,200.0,14.5229,14.5229,14.5229,14.5229
09-26-2016 09:05:00,32282.0,14.71,16.4,14.71,15.23
09-26-2016 09:06:00,6900.0,15.238,15.238,14.26,15.2
09-26-2016 09:07:00,19100.0,15.21,15.756,14.65,14.8025
09-26-2016 09:14:00,300.0,14.85,14.85,14.8,14.805
09-26-2016 09:15:00,100.0,14.85,14.85,14.85,14.85
09-26-2016 09:16:00,200.0,14.999,14.999,14.9,14.9
09-26-2016 09:17:00,200.0,14.87,14.87,14.86,14.86
09-26-2016 09:18:00,8634.0,14.9257,15.3,14.925,15.3
09-26-2016 09:19:00,6486.0,15.201,15.21,14.85,14.85
09-26-2016 09:20:00,1100.0,15.0788,15.27,15.0787,15.27
09-26-2016 09:22:00,2198.0,15.212,15.23,14.95,15.06
09-26-2016 09:23:00,300.0,14.92,15.0256,14.92,15.0256
09-26-2016 09:26:00,700.0,15.3,15.3,15.25,15.3
09-26-2016 09:27:00,400.0,15.3,15.3,15.29,15.29
09-26-2016 09:28:00,900.0,15.2874,15.3,15.275,15.2832
09-26-2016 09:30:00,1600.0,15.45,15.5,15.45,15.5
09-26-2016 09:31:00,10756.0,15.5,16.79,15.5,15.6943
09-26-2016 09:32:00,10200.0,16.39,16.48,15.5001,15.55
09-26-2016 09:34:00,300.0,16.08,16.33,16.08,16.33
09-26-2016 09:35:00,3129.0,16.055,16.2999,16.0,16.2999
09-26-2016 09:36:00,3041.0,16.1794,16.1794,15.5,15.52
09-26-2016 09:37:00,6805.0,15.9024,15.992,15.44,15.47
09-26-2016 09:38:00,100.0,15.425,15.425,15.425,15.425
09-26-2016 09:43:00,100.0,15.825,15.825,15.825,15.825
09-26-2016 09:46:00,150.0,15.9199,15.9199,15.9199,15.9199
09-26-2016 09:47:00,100.0,15.62,15.62,15.62,15.62
09-26-2016 09:48:00,300.0,15.51,15.62,15.51,15.62
09-26-2016 09:49:00,100.0,15.74,15.74,15.74,15.74
09-26-2016 09:51:00,500.0,15.76,15.76,15.61,15.7
09-26-2016 09:52:00,150.0,15.716,15.716,15.716,15.716
09-26-2016 09:53:00,1494.0,15.6448,15.6448,15.6,15.6375
09-26-2016 09:54:00,419.0,15.6675,15.6675,15.6,15.6
09-26-2016 09:56:00,500.0,15.6,15.6,15.6,15.6
09-26-2016 09:57:00,100.0,15.53,15.53,15.53,15.53
09-26-2016 10:00:00,700.0,15.5825,15.595,15.52,15.52
09-26-2016 10:01:00,200.0,15.595,15.595,15.52,15.52
09-26-2016 10:02:00,800.0,15.525,15.57,15.5,15.5
09-26-2016 10:06:00,100.0,15.47,15.47,15.47,15.47
09-26-2016 10:07:00,100.0,15.5,15.5,15.5,15.5
09-26-2016 10:09:00,100.0,15.575,15.575,15.575,15.575
09-26-2016 10:10:00,700.0,15.472,15.472,15.472,15.472
09-26-2016 10:15:00,200.0,15.47,15.47,15.47,15.47
09-26-2016 10:17:00,300.0,15.5,15.5,15.47,15.47
09-26-2016 10:22:00,324.0,15.5,15.5,15.396,15.396
09-26-2016 10:25:00,300.0,15.29,15.2901,15.29,15.2901
09-26-2016 10:26:00,100.0,15.29,15.29,15.29,15.29
09-26-2016 10:27:00,120.0,15.4999,15.4999,15.4999,15.4999
09-26-2016 10:36:00,200.0,15.28,15.39,15.28,15.39
09-26-2016 10:38:00,1894.0,15.28,15.3031,15.145,15.3031
09-26-2016 10:39:00,300.0,15.16,15.16,15.11,15.11
09-26-2016 10:45:00,1000.0,15.0,15.26,14.94,14.94
09-26-2016 10:46:00,100.0,14.93,14.93,14.93,14.93
09-26-2016 10:47:00,100.0,14.93,14.93,14.93,14.93
09-26-2016 10:56:00,100.0,15.165,15.165,15.165,15.165
09-26-2016 10:58:00,100.0,14.93,14.93,14.93,14.93
09-26-2016 10:59:00,100.0,15.205,15.205,15.205,15.205
09-26-2016 11:06:00,1300.0,14.93,15.0,14.88,14.88
09-26-2016 11:07:00,230.0,14.999,14.999,14.68,14.68
09-26-2016 11:10:00,1420.0,14.68,15.0,14.68,14.68
09-26-2016 11:11:00,100.0,14.68,14.68,14.68,14.68
09-26-2016 11:18:00,100.0,14.84,14.84,14.84,14.84
09-26-2016 11:24:00,1300.0,14.9999,15.0,14.77,14.77
09-26-2016 11:25:00,1200.0,14.95,15.0,14.89,14.97
09-26-2016 11:34:00,100.0,14.89,14.89,14.89,14.89
09-26-2016 11:35:00,100.0,14.89,14.89,14.89,14.89
09-26-2016 11:38:00,100.0,14.89,14.89,14.89,14.89
09-26-2016 11:40:00,1000.0,14.89,14.905,14.87,14.89
09-26-2016 11:52:00,100.0,14.875,14.875,14.875,14.875
09-26-2016 11:59:00,100.0,14.92,14.92,14.92,14.92
09-26-2016 12:01:00,1090.0,14.87,14.88,14.855,14.855
09-26-2016 12:03:00,100.0,14.83,14.83,14.83,14.83
09-26-2016 12:04:00,100.0,14.92,14.92,14.92,14.92
09-26-2016 12:06:00,300.0,14.88,14.88,14.88,14.88
09-26-2016 12:10:00,500.0,14.8363,14.8363,14.8311,14.8363
09-26-2016 12:11:00,150.0,14.8626,14.8626,14.8626,14.8626
09-26-2016 12:15:00,100.0,14.91,14.91,14.91,14.91
09-26-2016 12:17:00,254.0,14.91,14.91,14.91,14.91
09-26-2016 12:19:00,300.0,14.9191,14.9191,14.9191,14.9191
09-26-2016 12:21:00,100.0,14.83,14.83,14.83,14.83
09-26-2016 12:28:00,400.0,14.8568,14.92,14.8568,14.9199
09-26-2016 12:29:00,100.0,14.91,14.91,14.91,14.91
09-26-2016 12:30:00,1000.0,14.92,14.94,14.92,14.939
09-26-2016 12:31:00,200.0,14.92,14.9295,14.92,14.9295
09-26-2016 12:41:00,700.0,14.92,14.96,14.92,14.96
09-26-2016 12:42:00,300.0,14.96,14.96,14.93,14.96
09-26-2016 12:43:00,2500.0,14.9288,14.9288,14.9288,14.9288
09-26-2016 12:44:00,100.0,14.93,14.93,14.93,14.93
09-26-2016 12:45:00,200.0,14.91,14.93,14.91,14.93
09-26-2016 12:46:00,200.0,14.96,14.96,14.93,14.93
09-26-2016 12:49:00,1100.0,14.9594,14.9594,14.93,14.93
09-26-2016 12:54:00,100.0,14.93,14.93,14.93,14.93
09-26-2016 12:56:00,200.0,14.95,14.95,14.95,14.95
09-26-2016 12:57:00,400.0,14.94,14.94,14.93,14.93
09-26-2016 13:10:00,200.0,14.93,14.93,14.93,14.93
09-26-2016 13:15:00,100.0,14.885,14.885,14.885,14.885
09-26-2016 13:25:00,200.0,14.85,14.875,14.85,14.875
09-26-2016 13:26:00,200.0,14.88,14.88,14.88,14.88
09-26-2016 13:36:00,100.0,14.89,14.89,14.89,14.89
09-26-2016 13:44:00,300.0,14.9,14.9,14.9,14.9
09-26-2016 13:48:00,800.0,14.885,14.885,14.83,14.83
09-26-2016 13:51:00,100.0,14.75,14.75,14.75,14.75
09-26-2016 13:52:00,200.0,14.75,14.75,14.71,14.71
09-26-2016 13:54:00,100.0,14.62,14.62,14.62,14.62
09-26-2016 13:56:00,100.0,14.695,14.695,14.695,14.695
09-26-2016 14:04:00,100.0,14.72,14.72,14.72,14.72
09-26-2016 14:06:00,100.0,14.67,14.67,14.67,14.67
09-26-2016 14:09:00,300.0,14.76,14.7695,14.755,14.755
09-26-2016 14:11:00,700.0,14.74,14.74,14.73,14.73
09-26-2016 14:18:00,200.0,14.75,14.75,14.685,14.685
09-26-2016 14:26:00,400.0,14.75,14.75,14.75,14.75
09-26-2016 14:27:00,500.0,14.89,14.89,14.89,14.89
09-26-2016 14:28:00,300.0,14.85,14.88,14.85,14.88
09-26-2016 14:34:00,400.0,14.85,14.85,14.85,14.85
09-26-2016 14:35:00,500.0,14.89,14.98,14.89,14.98
09-26-2016 14:36:00,100.0,14.89,14.89,14.89,14.89
09-26-2016 14:37:00,500.0,14.938,14.938,14.938,14.938
09-26-2016 14:39:00,300.0,14.94,14.959,14.93,14.93
09-26-2016 14:40:00,1000.0,14.96,14.975,14.91,14.91
09-26-2016 14:43:00,100.0,14.99,14.99,14.99,14.99
09-26-2016 14:44:00,4506.0,14.98,15.12,14.98,15.06
09-26-2016 14:45:00,4500.0,15.115,15.115,15.004,15.004
09-26-2016 14:46:00,3258.0,15.04,15.13,14.94,14.94
09-26-2016 14:47:00,8950.0,15.13,15.34,15.13,15.21
09-26-2016 14:48:00,2600.0,15.3,15.42,15.3,15.34
09-26-2016 14:49:00,9800.0,15.28,15.48,15.26,15.48
09-26-2016 14:50:00,9500.0,15.33,15.3742,14.92,15.0759
09-26-2016 14:53:00,200.0,15.235,15.235,15.235,15.235
09-26-2016 14:54:00,100.0,14.98,14.98,14.98,14.98
09-26-2016 14:56:00,600.0,15.09,15.19,15.085,15.19
09-26-2016 14:57:00,600.0,15.085,15.19,14.98,15.085
09-26-2016 14:58:00,1200.0,15.115,15.19,14.94,14.94
09-26-2016 14:59:00,1954.0,15.065,15.08,14.82,14.82
09-26-2016 15:00:00,6004.0,14.8504,15.27,14.83,15.26
09-26-2016 15:01:00,68.0,14.95,14.95,14.95,14.95
09-27-2016 08:30:00,1736.0,15.15,15.15,15.15,15.15
09-27-2016 08:31:00,2300.0,14.95,15.74,14.95,15.74
09-27-2016 08:34:00,1584.0,15.315,15.66,15.315,15.66
09-27-2016 08:36:00,200.0,15.2895,15.2895,15.2895,15.2895
09-27-2016 08:37:00,2333.0,15.354,15.354,15.354,15.354
09-27-2016 08:38:00,600.0,15.275,15.299,15.25,15.299
09-27-2016 08:39:00,300.0,15.225,15.25,15.225,15.25
09-27-2016 08:42:00,500.0,15.275,15.48,15.25,15.48
09-27-2016 08:44:00,11810.0,15.395,15.55,15.1663,15.3
09-27-2016 08:45:00,3500.0,15.2383,15.6799,15.2383,15.38
09-27-2016 08:46:00,13900.0,15.45,15.765,15.24,15.76
09-27-2016 08:47:00,3570.0,15.73,15.73,14.7825,15.0
09-27-2016 08:48:00,200.0,15.25,15.25,15.25,15.25
09-27-2016 08:49:00,100.0,15.49,15.49,15.49,15.49
09-27-2016 08:51:00,14700.0,15.4,15.4,15.0601,15.0601
09-27-2016 08:52:00,9500.0,15.26,15.575,15.26,15.45
09-27-2016 08:53:00,12900.0,15.5,15.6017,14.78,15.59
09-27-2016 08:54:00,600.0,14.93,15.56,14.87,15.56
09-27-2016 08:55:00,7600.0,15.2012,15.225,14.77,15.2016
09-27-2016 08:56:00,7166.0,15.101,15.295,15.06,15.15
09-27-2016 08:57:00,4760.0,15.17,15.1701,15.0293,15.0293
09-27-2016 08:58:00,5148.0,15.08,15.2615,14.56,15.05
09-27-2016 09:01:00,1200.0,15.05,15.1,15.05,15.1
09-27-2016 09:05:00,200.0,15.245,15.245,15.245,15.245
09-27-2016 09:07:00,200.0,15.2399,15.38,15.2399,15.38
09-27-2016 09:08:00,900.0,15.35,15.38,15.25,15.38
09-27-2016 09:09:00,500.0,15.25,15.25,15.25,15.25
09-27-2016 09:10:00,100.0,15.25,15.25,15.25,15.25
09-27-2016 09:11:00,2000.0,15.25,15.2999,15.225,15.225
09-27-2016 09:12:00,900.0,15.25,15.3,15.25,15.25
09-27-2016 09:14:00,4211.0,15.3,15.37,15.3,15.3
09-27-2016 09:16:00,1400.0,15.37,15.44,15.3,15.3
09-27-2016 09:17:00,10000.0,15.3,15.3,15.3,15.3
09-27-2016 09:24:00,1500.0,15.18,15.3511,15.18,15.3
09-27-2016 09:28:00,200.0,15.46,15.49,15.46,15.49
09-27-2016 09:31:00,500.0,15.4899,15.4999,15.48,15.4999
09-27-2016 09:32:00,2100.0,15.3,15.3703,15.3,15.3703
09-27-2016 09:33:00,100.0,15.5,15.5,15.5,15.5
09-27-2016 09:37:00,100.0,15.49,15.49,15.49,15.49
09-27-2016 09:41:00,454.0,15.2593,15.48,15.2593,15.48
09-27-2016 09:43:00,100.0,15.45,15.45,15.45,15.45
09-27-2016 09:44:00,100.0,15.465,15.465,15.465,15.465
09-27-2016 09:49:00,800.0,15.3973,15.49,15.3973,15.49
09-27-2016 09:50:00,201.0,15.44,15.44,15.44,15.44
09-27-2016 09:54:00,100.0,15.5,15.5,15.5,15.5
09-27-2016 09:56:00,400.0,15.44,15.49,15.44,15.49
09-27-2016 09:59:00,500.0,15.356,15.5,15.356,15.5
09-27-2016 10:01:00,800.0,15.48,15.49,15.4075,15.428
09-27-2016 10:03:00,200.0,15.5,15.5,15.5,15.5
09-27-2016 10:07:00,200.0,15.4,15.4,15.4,15.4
09-27-2016 10:12:00,2000.0,15.35,15.395,15.3401,15.395
09-27-2016 10:14:00,100.0,15.45,15.45,15.45,15.45
09-27-2016 10:15:00,500.0,15.43,15.44,15.43,15.44
09-27-2016 10:16:00,100.0,15.49,15.49,15.49,15.49
09-27-2016 10:20:00,200.0,15.5,15.5,15.5,15.5
09-27-2016 10:21:00,200.0,15.5,15.5,15.5,15.5
09-27-2016 10:24:00,100.0,15.43,15.43,15.43,15.43
09-27-2016 10:26:00,600.0,15.465,15.465,15.43,15.43
09-27-2016 10:37:00,100.0,15.5,15.5,15.5,15.5
09-27-2016 10:43:00,100.0,15.5,15.5,15.5,15.5
09-27-2016 10:45:00,200.0,15.48,15.5,15.48,15.5
09-27-2016 10:48:00,1200.0,15.5,15.6,15.5,15.6
09-27-2016 10:49:00,100.0,15.63,15.63,15.63,15.63
09-27-2016 10:50:00,200.0,15.68,15.69,15.68,15.69
09-27-2016 10:52:00,300.0,15.72,15.74,15.72,15.74
09-27-2016 10:53:00,200.0,15.74,15.74,15.74,15.74
09-27-2016 10:59:00,400.0,15.72,15.73,15.6867,15.73
09-27-2016 11:03:00,200.0,15.67,15.73,15.67,15.73
09-27-2016 11:06:00,100.0,15.72,15.72,15.72,15.72
09-27-2016 11:09:00,600.0,15.72,15.74,15.72,15.74
09-27-2016 11:12:00,100.0,15.695,15.695,15.695,15.695
09-27-2016 11:18:00,100.0,15.735,15.735,15.735,15.735
09-27-2016 11:20:00,100.0,15.74,15.74,15.74,15.74
09-27-2016 11:23:00,100.0,15.74,15.74,15.74,15.74
09-27-2016 11:27:00,9187.0,15.74,16.205,15.74,15.95
09-27-2016 11:28:00,200.0,15.95,15.95,15.95,15.95
09-27-2016 11:31:00,500.0,16.175,16.32,16.1,16.32
09-27-2016 11:32:00,6655.0,16.19,16.2295,16.12,16.12
09-27-2016 11:33:00,300.0,16.3399,16.3399,16.1,16.1
09-27-2016 11:35:00,100.0,16.0,16.0,16.0,16.0
09-27-2016 11:36:00,300.0,16.0,16.0,16.0,16.0
09-27-2016 11:40:00,100.0,16.34,16.34,16.34,16.34
09-27-2016 11:47:00,100.0,16.16,16.16,16.16,16.16
09-27-2016 11:51:00,225.0,16.2,16.2,16.1391,16.1391
09-27-2016 11:53:00,200.0,16.1,16.1,16.1,16.1
09-27-2016 11:56:00,400.0,16.176,16.176,16.176,16.176
09-27-2016 11:59:00,100.0,16.125,16.125,16.125,16.125
09-27-2016 12:01:00,200.0,16.12,16.125,16.12,16.125
09-27-2016 12:03:00,200.0,16.32,16.32,16.09,16.09
09-27-2016 12:05:00,100.0,16.115,16.115,16.115,16.115
09-27-2016 12:06:00,300.0,16.06,16.06,15.99,15.99
09-27-2016 12:07:00,107.0,16.1091,16.1091,16.1091,16.1091
09-27-2016 12:12:00,300.0,16.07,16.07,16.07,16.07
09-27-2016 12:13:00,4740.0,16.02,16.16,15.74,15.74
09-27-2016 12:15:00,400.0,15.71,15.71,15.7,15.71
09-27-2016 12:16:00,697.0,15.71,15.71,15.71,15.71
09-27-2016 12:17:00,100.0,15.7784,15.7784,15.7784,15.7784
09-27-2016 12:31:00,100.0,15.92,15.92,15.92,15.92
09-27-2016 12:34:00,1300.0,15.925,15.925,15.925,15.925
09-27-2016 12:37:00,100.0,16.0,16.0,16.0,16.0
09-27-2016 12:38:00,100.0,15.965,15.965,15.965,15.965
09-27-2016 12:39:00,300.0,15.93,15.93,15.9,15.9
09-27-2016 12:40:00,600.0,15.92,15.92,15.71,15.71
09-27-2016 12:44:00,100.0,15.98,15.98,15.98,15.98
09-27-2016 12:45:00,300.0,15.74,15.855,15.714,15.714
09-27-2016 12:54:00,100.0,16.0,16.0,16.0,16.0
09-27-2016 12:57:00,300.0,15.99,15.99,15.9266,15.97
09-27-2016 13:03:00,100.0,15.99,15.99,15.99,15.99
09-27-2016 13:05:00,200.0,15.9988,15.9988,15.94,15.94
09-27-2016 13:06:00,100.0,15.99,15.99,15.99,15.99
09-27-2016 13:08:00,200.0,15.9988,15.9988,15.9988,15.9988
09-27-2016 13:12:00,1600.0,15.94,15.98,15.88,15.98
09-27-2016 13:14:00,300.0,15.964,15.964,15.964,15.964
09-27-2016 13:17:00,100.0,15.98,15.98,15.98,15.98
09-27-2016 13:19:00,1360.0,15.99,16.0,15.99,16.0
09-27-2016 13:20:00,900.0,16.0,16.2,16.0,16.2
09-27-2016 13:23:00,283.0,16.2,16.2,16.2,16.2
09-27-2016 13:27:00,100.0,16.31,16.31,16.31,16.31
09-27-2016 13:28:00,300.0,16.22,16.34,16.22,16.34
09-27-2016 13:29:00,100.0,16.32,16.32,16.32,16.32
09-27-2016 13:31:00,150.0,16.2651,16.2651,16.2651,16.2651
09-27-2016 13:32:00,1200.0,16.32,16.34,16.3,16.3
09-27-2016 13:35:00,100.0,16.33,16.33,16.33,16.33
09-27-2016 13:38:00,1617.0,16.339,16.389,16.268,16.389
09-27-2016 13:39:00,100.0,16.39,16.39,16.39,16.39
09-27-2016 13:44:00,800.0,16.3228,16.39,16.3228,16.39
09-27-2016 13:45:00,100.0,16.39,16.39,16.39,16.39
09-27-2016 13:46:00,200.0,16.4,16.4,16.4,16.4
09-27-2016 13:48:00,2318.0,16.4,16.63,16.4,16.63
09-27-2016 13:52:00,600.0,16.7999,16.8,16.7999,16.8
09-27-2016 13:53:00,100.0,16.8,16.8,16.8,16.8
09-27-2016 13:54:00,150.0,16.7999,16.7999,16.7999,16.7999
09-27-2016 14:00:00,700.0,16.605,16.66,16.55,16.605
09-27-2016 14:04:00,2900.0,16.725,16.8,16.71,16.78
09-27-2016 14:10:00,1300.0,16.66,16.72,16.2875,16.2875
09-27-2016 14:16:00,100.0,16.5,16.5,16.5,16.5
09-27-2016 14:19:00,500.0,16.52,16.62,16.52,16.62
09-27-2016 14:23:00,100.0,16.73,16.73,16.73,16.73
09-27-2016 14:24:00,4944.0,16.73,16.85,16.727,16.85
09-27-2016 14:25:00,800.0,16.85,16.89,16.85,16.88
09-27-2016 14:26:00,1000.0,16.86,16.9,16.85,16.9
09-27-2016 14:27:00,1075.0,16.99,17.1,16.99,17.1
09-27-2016 14:28:00,1600.0,16.975,16.975,16.975,16.975
09-27-2016 14:29:00,1600.0,17.1139,17.1139,16.97,16.97
09-27-2016 14:30:00,200.0,16.985,17.08,16.985,17.08
09-27-2016 14:31:00,600.0,16.85,16.85,16.85,16.85
09-27-2016 14:32:00,900.0,16.85,16.85,16.8,16.8
09-27-2016 14:35:00,500.0,16.705,16.705,16.705,16.705
09-27-2016 14:37:00,300.0,16.77,16.77,16.75,16.75
09-27-2016 14:39:00,600.0,16.89,16.89,16.79,16.79
09-27-2016 14:40:00,2200.0,16.83,16.885,16.78,16.8
09-27-2016 14:44:00,200.0,16.8,16.8,16.8,16.8
09-27-2016 14:45:00,400.0,16.725,16.725,16.7,16.7
09-27-2016 14:46:00,200.0,16.675,16.76,16.675,16.76
09-27-2016 14:47:00,400.0,16.705,16.705,16.705,16.705
09-27-2016 14:48:00,400.0,16.705,16.705,16.7,16.7
09-27-2016 14:51:00,800.0,16.61,16.7,16.6,16.69
09-27-2016 14:53:00,695.0,16.65,16.65,16.6001,16.6001
09-27-2016 14:54:00,1796.0,16.625,16.65,16.62,16.65
09-27-2016 14:55:00,1500.0,16.62,16.65,16.6,16.6
09-27-2016 14:56:00,200.0,16.745,16.79,16.745,16.79
09-27-2016 14:57:00,300.0,16.78,16.99,16.78,16.99
09-27-2016 14:58:00,2200.0,16.92,16.99,16.85,16.85
09-27-2016 14:59:00,500.0,16.75,16.75,16.7,16.715
09-27-2016 15:00:00,3714.0,16.725,16.82,16.51,16.65
