09-07-2016 08:30:00,1430.0,1.54,1.54,1.54,1.54
09-07-2016 08:46:00,100.0,1.51,1.51,1.51,1.51
09-07-2016 09:02:00,400.0,1.53,1.53,1.51,1.51
09-07-2016 09:09:00,1241.0,1.522,1.522,1.51,1.51
09-07-2016 09:12:00,100.0,1.54,1.54,1.54,1.54
09-07-2016 09:14:00,100.0,1.52,1.52,1.52,1.52
09-07-2016 09:15:00,100.0,1.54,1.54,1.54,1.54
09-07-2016 09:18:00,3028.0,1.5299,1.54,1.5299,1.54
09-07-2016 09:19:00,100.0,1.51,1.51,1.51,1.51
09-07-2016 09:20:00,100.0,1.54,1.54,1.54,1.54
09-07-2016 09:22:00,100.0,1.55,1.55,1.55,1.55
09-07-2016 09:33:00,2600.0,1.5245,1.55,1.5245,1.55
09-07-2016 09:38:00,200.0,1.52,1.54,1.52,1.54
09-07-2016 09:44:00,100.0,1.54,1.54,1.54,1.54
09-07-2016 09:51:00,6007.0,1.535,1.5359,1.53,1.5359
09-07-2016 09:53:00,120.0,1.5302,1.5302,1.5302,1.5302
09-07-2016 10:08:00,100.0,1.53,1.53,1.53,1.53
09-07-2016 10:12:00,1100.0,1.5319,1.54,1.5319,1.54
09-07-2016 10:16:00,200.0,1.53,1.53,1.53,1.53
09-07-2016 10:19:00,100.0,1.54,1.54,1.54,1.54
09-07-2016 10:20:00,100.0,1.52,1.52,1.52,1.52
09-07-2016 10:32:00,200.0,1.54,1.54,1.52,1.52
09-07-2016 10:41:00,1700.0,1.53,1.54,1.53,1.54
09-07-2016 10:42:00,100.0,1.54,1.54,1.54,1.54
09-07-2016 10:44:00,2100.0,1.52,1.5201,1.52,1.5201
09-07-2016 10:46:00,100.0,1.54,1.54,1.54,1.54
09-07-2016 10:56:00,200.0,1.52,1.5235,1.52,1.5235
09-07-2016 11:01:00,200.0,1.54,1.54,1.52,1.52
09-07-2016 11:16:00,100.0,1.54,1.54,1.54,1.54
09-07-2016 11:17:00,200.0,1.53,1.53,1.53,1.53
09-07-2016 11:20:00,700.0,1.54,1.54,1.54,1.54
09-07-2016 11:32:00,100.0,1.54,1.54,1.54,1.54
09-07-2016 11:43:00,100.0,1.53,1.53,1.53,1.53
09-07-2016 11:57:00,200.0,1.535,1.535,1.535,1.535
09-07-2016 11:59:00,500.0,1.535,1.535,1.53,1.53
09-07-2016 12:04:00,100.0,1.54,1.54,1.54,1.54
09-07-2016 12:16:00,358.0,1.54,1.55,1.54,1.55
09-07-2016 12:21:00,100.0,1.55,1.55,1.55,1.55
09-07-2016 12:23:00,100.0,1.55,1.55,1.55,1.55
09-07-2016 12:34:00,100.0,1.55,1.55,1.55,1.55
09-07-2016 12:36:00,100.0,1.55,1.55,1.55,1.55
09-07-2016 12:38:00,700.0,1.55,1.55,1.55,1.55
09-07-2016 12:39:00,100.0,1.55,1.55,1.55,1.55
09-07-2016 12:41:00,100.0,1.53,1.53,1.53,1.53
09-07-2016 12:55:00,200.0,1.55,1.55,1.53,1.53
09-07-2016 13:02:00,700.0,1.55,1.55,1.53,1.54
09-07-2016 13:03:00,400.0,1.54,1.54,1.54,1.54
09-07-2016 13:05:00,300.0,1.54,1.54,1.54,1.54
09-07-2016 13:21:00,3500.0,1.5429,1.5429,1.5429,1.5429
09-07-2016 13:25:00,300.0,1.55,1.55,1.53,1.53
09-07-2016 13:31:00,200.0,1.54,1.54,1.54,1.54
09-07-2016 13:39:00,100.0,1.54,1.54,1.54,1.54
09-07-2016 13:46:00,700.0,1.54,1.54,1.54,1.54
09-07-2016 13:50:00,100.0,1.53,1.53,1.53,1.53
09-07-2016 13:51:00,100.0,1.54,1.54,1.54,1.54
09-07-2016 13:52:00,200.0,1.54,1.54,1.54,1.54
09-07-2016 13:53:00,2100.0,1.5384,1.54,1.5384,1.5384
09-07-2016 13:55:00,200.0,1.54,1.54,1.53,1.53
09-07-2016 13:56:00,2300.0,1.5311,1.54,1.5311,1.54
09-07-2016 13:58:00,3000.0,1.5384,1.5384,1.5384,1.5384
09-07-2016 13:59:00,800.0,1.5384,1.5384,1.5384,1.5384
09-07-2016 14:00:00,4685.0,1.54,1.5636,1.5384,1.5636
09-07-2016 14:06:00,1679.0,1.5319,1.5319,1.5319,1.5319
09-07-2016 14:14:00,1123.0,1.56,1.56,1.54,1.54
09-07-2016 14:18:00,200.0,1.56,1.56,1.54,1.54
09-07-2016 14:22:00,200.0,1.56,1.56,1.56,1.56
09-07-2016 14:28:00,100.0,1.56,1.56,1.56,1.56
09-07-2016 14:32:00,100.0,1.56,1.56,1.56,1.56
09-07-2016 14:33:00,1500.0,1.5574,1.5574,1.5574,1.5574
09-07-2016 14:35:00,200.0,1.56,1.56,1.56,1.56
09-07-2016 14:37:00,200.0,1.56,1.56,1.56,1.56
09-07-2016 14:38:00,300.0,1.56,1.56,1.56,1.56
09-07-2016 14:42:00,100.0,1.56,1.56,1.56,1.56
09-07-2016 14:43:00,100.0,1.56,1.56,1.56,1.56
09-07-2016 14:44:00,200.0,1.56,1.56,1.56,1.56
09-07-2016 14:45:00,100.0,1.56,1.56,1.56,1.56
09-07-2016 14:46:00,100.0,1.55,1.55,1.55,1.55
09-07-2016 14:50:00,6720.0,1.55,1.555,1.55,1.55
09-07-2016 14:51:00,200.0,1.55,1.55,1.55,1.55
09-07-2016 14:53:00,100.0,1.56,1.56,1.56,1.56
09-07-2016 14:56:00,100.0,1.54,1.54,1.54,1.54
09-07-2016 14:58:00,200.0,1.56,1.56,1.54,1.54
09-07-2016 15:00:00,14242.0,1.56,1.56,1.54,1.54
09-08-2016 08:30:00,500.0,1.55,1.55,1.55,1.55
09-08-2016 08:31:00,300.0,1.56,1.56,1.56,1.56
09-08-2016 08:36:00,100.0,1.5,1.5,1.5,1.5
09-08-2016 08:43:00,100.0,1.57,1.57,1.57,1.57
09-08-2016 08:46:00,100.0,1.5,1.5,1.5,1.5
09-08-2016 08:47:00,100.0,1.5,1.5,1.5,1.5
09-08-2016 08:53:00,200.0,1.5,1.54,1.5,1.54
09-08-2016 08:58:00,100.0,1.48,1.48,1.48,1.48
09-08-2016 09:03:00,9800.0,1.5399,1.54,1.5183,1.54
09-08-2016 09:16:00,100.0,1.55,1.55,1.55,1.55
09-08-2016 09:19:00,13435.0,1.55,1.58,1.5344,1.58
09-08-2016 09:20:00,600.0,1.57,1.5799,1.5457,1.5799
09-08-2016 09:23:00,300.0,1.5661,1.5661,1.5661,1.5661
09-08-2016 09:24:00,100.0,1.57,1.57,1.57,1.57
09-08-2016 09:26:00,100.0,1.58,1.58,1.58,1.58
09-08-2016 09:50:00,100.0,1.58,1.58,1.58,1.58
09-08-2016 10:14:00,100.0,1.58,1.58,1.58,1.58
09-08-2016 10:37:00,100.0,1.58,1.58,1.58,1.58
09-08-2016 10:40:00,100.0,1.58,1.58,1.58,1.58
09-08-2016 10:41:00,100.0,1.58,1.58,1.58,1.58
09-08-2016 10:42:00,300.0,1.551,1.551,1.551,1.551
09-08-2016 10:47:00,100.0,1.58,1.58,1.58,1.58
09-08-2016 11:06:00,100.0,1.58,1.58,1.58,1.58
09-08-2016 11:11:00,100.0,1.58,1.58,1.58,1.58
09-08-2016 11:12:00,100.0,1.58,1.58,1.58,1.58
09-08-2016 11:15:00,100.0,1.57,1.57,1.57,1.57
09-08-2016 11:16:00,200.0,1.57,1.57,1.57,1.57
09-08-2016 11:34:00,550.0,1.55,1.55,1.55,1.55
09-08-2016 11:35:00,100.0,1.58,1.58,1.58,1.58
09-08-2016 11:36:00,180.0,1.5799,1.5799,1.5799,1.5799
09-08-2016 11:37:00,100.0,1.58,1.58,1.58,1.58
09-08-2016 11:41:00,100.0,1.57,1.57,1.57,1.57
09-08-2016 11:44:00,300.0,1.55,1.58,1.55,1.58
09-08-2016 11:45:00,100.0,1.57,1.57,1.57,1.57
09-08-2016 11:57:00,2300.0,1.56,1.58,1.56,1.58
09-08-2016 11:58:00,600.0,1.57,1.58,1.57,1.57
09-08-2016 11:59:00,100.0,1.57,1.57,1.57,1.57
09-08-2016 12:01:00,100.0,1.58,1.58,1.58,1.58
09-08-2016 12:02:00,100.0,1.57,1.57,1.57,1.57
09-08-2016 12:03:00,300.0,1.57,1.57,1.57,1.57
09-08-2016 12:04:00,100.0,1.56,1.56,1.56,1.56
09-08-2016 12:09:00,200.0,1.5699,1.5699,1.5699,1.5699
09-08-2016 12:10:00,100.0,1.57,1.57,1.57,1.57
09-08-2016 12:19:00,100.0,1.57,1.57,1.57,1.57
09-08-2016 12:22:00,300.0,1.552,1.552,1.552,1.552
09-08-2016 12:23:00,500.0,1.5559,1.57,1.5559,1.57
09-08-2016 12:48:00,200.0,1.57,1.57,1.57,1.57
09-08-2016 12:53:00,100.0,1.57,1.57,1.57,1.57
09-08-2016 13:00:00,300.0,1.56,1.57,1.56,1.57
09-08-2016 13:24:00,100.0,1.57,1.57,1.57,1.57
09-08-2016 13:29:00,1050.0,1.5637,1.57,1.5637,1.57
09-08-2016 13:38:00,300.0,1.56,1.561,1.56,1.561
09-08-2016 13:43:00,100.0,1.57,1.57,1.57,1.57
09-08-2016 13:47:00,100.0,1.57,1.57,1.57,1.57
09-08-2016 13:59:00,100.0,1.57,1.57,1.57,1.57
09-08-2016 14:03:00,139.0,1.57,1.57,1.57,1.57
09-08-2016 14:04:00,200.0,1.57,1.57,1.57,1.57
09-08-2016 14:19:00,200.0,1.57,1.57,1.57,1.57
09-08-2016 14:22:00,400.0,1.57,1.57,1.57,1.57
09-08-2016 14:30:00,100.0,1.565,1.565,1.565,1.565
09-08-2016 14:38:00,100.0,1.57,1.57,1.57,1.57
09-08-2016 14:42:00,100.0,1.58,1.58,1.58,1.58
09-08-2016 14:51:00,100.0,1.58,1.58,1.58,1.58
09-08-2016 14:52:00,700.0,1.57,1.58,1.57,1.58
09-08-2016 14:57:00,200.0,1.58,1.58,1.58,1.58
09-08-2016 14:58:00,100.0,1.58,1.58,1.58,1.58
09-08-2016 14:59:00,100.0,1.58,1.58,1.58,1.58
09-08-2016 15:00:00,2230.0,1.58,1.58,1.56,1.58
09-09-2016 08:38:00,848.0,1.49,1.5,1.49,1.49
09-09-2016 08:39:00,500.0,1.49,1.5,1.49,1.5
09-09-2016 08:40:00,200.0,1.59,1.59,1.49,1.49
09-09-2016 08:41:00,200.0,1.49,1.5,1.49,1.5
09-09-2016 08:42:00,100.0,1.49,1.49,1.49,1.49
09-09-2016 08:43:00,200.0,1.49,1.5,1.49,1.5
09-09-2016 08:44:00,200.0,1.5,1.52,1.5,1.52
09-09-2016 08:45:00,300.0,1.56,1.56,1.52,1.52
09-09-2016 08:46:00,300.0,1.52,1.6,1.52,1.52
09-09-2016 08:47:00,200.0,1.52,1.52,1.52,1.52
09-09-2016 08:48:00,100.0,1.52,1.52,1.52,1.52
09-09-2016 08:49:00,200.0,1.51,1.51,1.5,1.5
09-09-2016 08:50:00,200.0,1.51,1.51,1.5,1.5
09-09-2016 08:51:00,200.0,1.5,1.51,1.5,1.51
09-09-2016 08:52:00,200.0,1.51,1.51,1.51,1.51
09-09-2016 08:53:00,200.0,1.51,1.51,1.5,1.5
09-09-2016 08:54:00,257.0,1.5,1.51,1.5,1.51
09-09-2016 08:55:00,100.0,1.5,1.5,1.5,1.5
09-09-2016 08:56:00,1400.0,1.5,1.55,1.5,1.51
09-09-2016 08:57:00,2500.0,1.51,1.51,1.5,1.51
09-09-2016 08:58:00,200.0,1.51,1.51,1.51,1.51
09-09-2016 08:59:00,100.0,1.51,1.51,1.51,1.51
09-09-2016 09:00:00,5510.0,1.51,1.57,1.51,1.52
09-09-2016 09:13:00,200.0,1.53,1.53,1.5205,1.5205
09-09-2016 09:20:00,200.0,1.56,1.56,1.56,1.56
09-09-2016 09:21:00,300.0,1.56,1.56,1.5447,1.56
09-09-2016 09:33:00,200.0,1.56,1.57,1.56,1.57
09-09-2016 09:38:00,100.0,1.57,1.57,1.57,1.57
09-09-2016 09:42:00,200.0,1.57,1.57,1.57,1.57
09-09-2016 09:47:00,100.0,1.57,1.57,1.57,1.57
09-09-2016 09:55:00,200.0,1.54,1.555,1.54,1.555
09-09-2016 10:13:00,2100.0,1.5429,1.56,1.5429,1.56
09-09-2016 10:14:00,200.0,1.57,1.57,1.56,1.56
09-09-2016 10:17:00,100.0,1.57,1.57,1.57,1.57
09-09-2016 10:19:00,500.0,1.57,1.57,1.57,1.57
09-09-2016 10:27:00,2400.0,1.57,1.57,1.57,1.57
09-09-2016 10:30:00,200.0,1.57,1.57,1.5641,1.5641
09-09-2016 10:32:00,800.0,1.57,1.58,1.57,1.57
09-09-2016 10:44:00,100.0,1.57,1.57,1.57,1.57
09-09-2016 10:55:00,2000.0,1.56,1.565,1.56,1.561
09-09-2016 10:56:00,100.0,1.56,1.56,1.56,1.56
09-09-2016 11:07:00,600.0,1.56,1.56,1.56,1.56
09-09-2016 11:10:00,1179.0,1.57,1.57,1.57,1.57
09-09-2016 11:20:00,9500.0,1.56,1.5607,1.55,1.553
09-09-2016 11:21:00,15560.0,1.55,1.5566,1.52,1.5566
09-09-2016 11:22:00,100.0,1.56,1.56,1.56,1.56
09-09-2016 11:24:00,100.0,1.57,1.57,1.57,1.57
09-09-2016 11:40:00,300.0,1.55,1.55,1.55,1.55
09-09-2016 11:43:00,100.0,1.56,1.56,1.56,1.56
09-09-2016 11:44:00,100.0,1.56,1.56,1.56,1.56
09-09-2016 11:55:00,200.0,1.53,1.547,1.53,1.547
09-09-2016 12:22:00,650.0,1.5201,1.5201,1.5201,1.5201
09-09-2016 12:27:00,100.0,1.54,1.54,1.54,1.54
09-09-2016 12:43:00,100.0,1.56,1.56,1.56,1.56
09-09-2016 13:01:00,120.0,1.5465,1.5465,1.5465,1.5465
09-09-2016 13:02:00,100.0,1.55,1.55,1.55,1.55
09-09-2016 13:05:00,100.0,1.55,1.55,1.55,1.55
09-09-2016 13:13:00,100.0,1.55,1.55,1.55,1.55
09-09-2016 13:19:00,300.0,1.55,1.55,1.547,1.547
09-09-2016 13:35:00,200.0,1.54,1.55,1.54,1.55
09-09-2016 13:40:00,100.0,1.55,1.55,1.55,1.55
09-09-2016 13:49:00,400.0,1.53,1.545,1.53,1.545
09-09-2016 13:50:00,100.0,1.55,1.55,1.55,1.55
09-09-2016 14:00:00,100.0,1.56,1.56,1.56,1.56
09-09-2016 14:01:00,300.0,1.53,1.53,1.53,1.53
09-09-2016 14:16:00,200.0,1.53,1.53,1.53,1.53
09-09-2016 14:17:00,100.0,1.53,1.53,1.53,1.53
09-09-2016 14:19:00,200.0,1.53,1.53,1.53,1.53
09-09-2016 14:27:00,100.0,1.53,1.53,1.53,1.53
09-09-2016 14:32:00,300.0,1.53,1.55,1.53,1.55
09-09-2016 14:35:00,100.0,1.55,1.55,1.55,1.55
09-09-2016 14:38:00,400.0,1.53,1.53,1.53,1.53
09-09-2016 14:39:00,100.0,1.53,1.53,1.53,1.53
09-09-2016 14:42:00,100.0,1.52,1.52,1.52,1.52
09-09-2016 14:50:00,100.0,1.52,1.52,1.52,1.52
09-09-2016 14:51:00,400.0,1.51,1.51,1.51,1.51
09-09-2016 14:57:00,300.0,1.54,1.54,1.52,1.52
09-09-2016 14:59:00,465.0,1.53,1.53,1.5,1.5
09-09-2016 15:00:00,609.0,1.52,1.52,1.51,1.51
09-12-2016 08:30:00,126.0,1.51,1.51,1.51,1.51
09-12-2016 08:43:00,100.0,1.51,1.51,1.51,1.51
09-12-2016 08:47:00,100.0,1.52,1.52,1.52,1.52
09-12-2016 08:52:00,100.0,1.52,1.52,1.52,1.52
09-12-2016 08:54:00,100.0,1.496,1.496,1.496,1.496
09-12-2016 09:06:00,600.0,1.5101,1.5101,1.5101,1.5101
09-12-2016 09:10:00,100.0,1.52,1.52,1.52,1.52
09-12-2016 09:17:00,100.0,1.49,1.49,1.49,1.49
09-12-2016 09:34:00,200.0,1.52,1.52,1.51,1.51
09-12-2016 09:50:00,500.0,1.5,1.5,1.5,1.5
09-12-2016 09:59:00,200.0,1.52,1.52,1.5,1.5
09-12-2016 10:13:00,6534.0,1.5,1.505,1.47,1.47
09-12-2016 10:20:00,200.0,1.49,1.49,1.49,1.49
09-12-2016 10:33:00,100.0,1.5,1.5,1.5,1.5
09-12-2016 10:42:00,200.0,1.4971,1.4971,1.4971,1.4971
09-12-2016 10:45:00,100.0,1.48,1.48,1.48,1.48
09-12-2016 10:53:00,1000.0,1.4999,1.4999,1.4999,1.4999
09-12-2016 11:05:00,100.0,1.49,1.49,1.49,1.49
09-12-2016 11:09:00,100.0,1.49,1.49,1.49,1.49
09-12-2016 11:11:00,1000.0,1.495,1.495,1.495,1.495
09-12-2016 11:26:00,100.0,1.49,1.49,1.49,1.49
09-12-2016 11:28:00,600.0,1.5,1.5,1.5,1.5
09-12-2016 11:30:00,100.0,1.5,1.5,1.5,1.5
09-12-2016 11:50:00,100.0,1.49,1.49,1.49,1.49
09-12-2016 11:59:00,100.0,1.49,1.49,1.49,1.49
09-12-2016 12:05:00,100.0,1.5,1.5,1.5,1.5
09-12-2016 12:15:00,100.0,1.49,1.49,1.49,1.49
09-12-2016 12:40:00,100.0,1.49,1.49,1.49,1.49
09-12-2016 12:41:00,400.0,1.5,1.52,1.5,1.52
09-12-2016 12:44:00,100.0,1.51,1.51,1.51,1.51
09-12-2016 12:52:00,500.0,1.505,1.505,1.505,1.505
09-12-2016 13:05:00,100.0,1.49,1.49,1.49,1.49
09-12-2016 13:13:00,100.0,1.49,1.49,1.49,1.49
09-12-2016 13:22:00,100.0,1.495,1.495,1.495,1.495
09-12-2016 13:31:00,1000.0,1.4935,1.4935,1.4935,1.4935
09-12-2016 13:37:00,100.0,1.49,1.49,1.49,1.49
09-12-2016 13:46:00,100.0,1.495,1.495,1.495,1.495
09-12-2016 13:52:00,100.0,1.49,1.49,1.49,1.49
09-12-2016 13:59:00,1300.0,1.495,1.499,1.49,1.499
09-12-2016 14:05:00,100.0,1.49,1.49,1.49,1.49
09-12-2016 14:14:00,100.0,1.49,1.49,1.49,1.49
09-12-2016 14:15:00,100.0,1.49,1.49,1.49,1.49
09-12-2016 14:16:00,6239.0,1.49,1.5,1.484,1.49
09-12-2016 14:24:00,100.0,1.48,1.48,1.48,1.48
09-12-2016 14:29:00,100.0,1.5,1.5,1.5,1.5
09-12-2016 14:30:00,100.0,1.5,1.5,1.5,1.5
09-12-2016 14:50:00,100.0,1.5,1.5,1.5,1.5
09-12-2016 14:57:00,200.0,1.5,1.5,1.5,1.5
09-12-2016 15:00:00,2323.0,1.48,1.5,1.48,1.48
09-13-2016 08:30:00,350.0,1.48,1.48,1.48,1.48
09-13-2016 09:07:00,200.0,1.49,1.49,1.49,1.49
09-13-2016 09:16:00,100.0,1.48,1.48,1.48,1.48
09-13-2016 09:17:00,100.0,1.47,1.47,1.47,1.47
09-13-2016 09:19:00,200.0,1.4767,1.4767,1.4767,1.4767
09-13-2016 09:25:00,100.0,1.48,1.48,1.48,1.48
09-13-2016 09:43:00,100.0,1.47,1.47,1.47,1.47
09-13-2016 09:54:00,944.0,1.47,1.47,1.47,1.47
09-13-2016 10:02:00,400.0,1.4733,1.4733,1.4733,1.4733
09-13-2016 10:13:00,100.0,1.47,1.47,1.47,1.47
09-13-2016 10:30:00,600.0,1.48,1.48,1.48,1.48
09-13-2016 10:35:00,300.0,1.4809,1.4809,1.4809,1.4809
09-13-2016 10:45:00,200.0,1.48,1.48,1.48,1.48
09-13-2016 10:48:00,100.0,1.47,1.47,1.47,1.47
09-13-2016 10:49:00,300.0,1.47,1.47,1.47,1.47
09-13-2016 11:23:00,100.0,1.46,1.46,1.46,1.46
09-13-2016 11:32:00,100.0,1.47,1.47,1.47,1.47
09-13-2016 11:40:00,100.0,1.47,1.47,1.47,1.47
09-13-2016 11:46:00,500.0,1.49,1.49,1.48,1.49
09-13-2016 11:52:00,100.0,1.486,1.486,1.486,1.486
09-13-2016 11:55:00,400.0,1.489,1.489,1.489,1.489
09-13-2016 11:58:00,400.0,1.47,1.47,1.47,1.47
09-13-2016 12:01:00,1000.0,1.4833,1.4833,1.4833,1.4833
09-13-2016 12:04:00,200.0,1.49,1.49,1.49,1.49
09-13-2016 12:07:00,300.0,1.47,1.47,1.47,1.47
09-13-2016 12:11:00,300.0,1.47,1.47,1.47,1.47
09-13-2016 12:17:00,1000.0,1.4708,1.4708,1.4708,1.4708
09-13-2016 12:28:00,100.0,1.47,1.47,1.47,1.47
09-13-2016 12:32:00,100.0,1.47,1.47,1.47,1.47
09-13-2016 12:36:00,100.0,1.48,1.48,1.48,1.48
09-13-2016 12:51:00,200.0,1.475,1.475,1.475,1.475
09-13-2016 12:58:00,200.0,1.48,1.48,1.47,1.47
09-13-2016 13:11:00,500.0,1.46,1.46,1.46,1.46
09-13-2016 13:21:00,200.0,1.47,1.47,1.4615,1.4615
09-13-2016 13:23:00,300.0,1.46,1.46,1.46,1.46
09-13-2016 13:30:00,300.0,1.46,1.465,1.46,1.465
09-13-2016 13:35:00,100.0,1.46,1.46,1.46,1.46
09-13-2016 13:43:00,100.0,1.47,1.47,1.47,1.47
09-13-2016 13:46:00,100.0,1.465,1.465,1.465,1.465
09-13-2016 13:56:00,300.0,1.465,1.465,1.465,1.465
09-13-2016 14:01:00,200.0,1.46,1.46,1.46,1.46
09-13-2016 14:04:00,2300.0,1.46,1.47,1.46,1.46
09-13-2016 14:06:00,200.0,1.46,1.465,1.46,1.465
09-13-2016 14:13:00,200.0,1.46,1.465,1.46,1.465
09-13-2016 14:21:00,100.0,1.465,1.465,1.465,1.465
09-13-2016 14:23:00,797.0,1.47,1.47,1.46,1.46
09-13-2016 14:38:00,200.0,1.47,1.47,1.465,1.465
09-13-2016 14:44:00,200.0,1.47,1.47,1.465,1.465
09-13-2016 14:45:00,300.0,1.47,1.47,1.465,1.465
09-13-2016 14:48:00,200.0,1.47,1.47,1.465,1.465
09-13-2016 14:53:00,200.0,1.465,1.465,1.465,1.465
09-13-2016 14:55:00,200.0,1.47,1.47,1.465,1.465
09-13-2016 14:57:00,200.0,1.465,1.465,1.465,1.465
09-13-2016 14:58:00,300.0,1.47,1.47,1.46,1.46
09-13-2016 14:59:00,100.0,1.46,1.46,1.46,1.46
09-13-2016 15:00:00,2702.0,1.47,1.47,1.46,1.46
09-14-2016 08:42:00,1450.0,1.4722,1.4722,1.4722,1.4722
09-14-2016 08:49:00,800.0,1.4501,1.4501,1.4501,1.4501
09-14-2016 08:55:00,100.0,1.47,1.47,1.47,1.47
09-14-2016 09:33:00,300.0,1.48,1.48,1.47,1.47
09-14-2016 09:34:00,200.0,1.46,1.46,1.46,1.46
09-14-2016 10:15:00,100.0,1.48,1.48,1.48,1.48
09-14-2016 10:26:00,200.0,1.48,1.48,1.48,1.48
09-14-2016 10:36:00,1300.0,1.48,1.48,1.46,1.48
09-14-2016 11:18:00,100.0,1.48,1.48,1.48,1.48
09-14-2016 11:37:00,2000.0,1.47,1.48,1.47,1.47
09-14-2016 11:43:00,300.0,1.475,1.475,1.47,1.47
09-14-2016 11:55:00,100.0,1.47,1.47,1.47,1.47
09-14-2016 12:15:00,100.0,1.46,1.46,1.46,1.46
09-14-2016 12:20:00,1000.0,1.4627,1.4627,1.46,1.46
09-14-2016 12:28:00,200.0,1.47,1.47,1.47,1.47
09-14-2016 12:31:00,650.0,1.46,1.46,1.45,1.4539
09-14-2016 12:44:00,100.0,1.46,1.46,1.46,1.46
09-14-2016 12:59:00,100.0,1.46,1.46,1.46,1.46
09-14-2016 13:05:00,100.0,1.4536,1.4536,1.4536,1.4536
09-14-2016 13:09:00,100.0,1.46,1.46,1.46,1.46
09-14-2016 13:26:00,100.0,1.46,1.46,1.46,1.46
09-14-2016 13:41:00,100.0,1.46,1.46,1.46,1.46
09-14-2016 13:55:00,2104.0,1.46,1.47,1.46,1.47
09-14-2016 13:56:00,200.0,1.465,1.465,1.465,1.465
09-14-2016 14:06:00,100.0,1.47,1.47,1.47,1.47
09-14-2016 14:27:00,100.0,1.46,1.46,1.46,1.46
09-14-2016 14:31:00,200.0,1.46,1.46,1.46,1.46
09-14-2016 14:36:00,100.0,1.45,1.45,1.45,1.45
09-14-2016 14:52:00,100.0,1.455,1.455,1.455,1.455
09-14-2016 14:55:00,100.0,1.46,1.46,1.46,1.46
09-14-2016 14:57:00,100.0,1.46,1.46,1.46,1.46
09-14-2016 15:00:00,1624.0,1.46,1.46,1.45,1.45
09-15-2016 08:31:00,100.0,1.52,1.52,1.52,1.52
09-15-2016 08:35:00,100.0,1.45,1.45,1.45,1.45
09-15-2016 08:36:00,100.0,1.45,1.45,1.45,1.45
09-15-2016 08:37:00,100.0,1.45,1.45,1.45,1.45
09-15-2016 08:39:00,100.0,1.45,1.45,1.45,1.45
09-15-2016 08:40:00,200.0,1.45,1.45,1.45,1.45
09-15-2016 08:42:00,200.0,1.45,1.45,1.45,1.45
09-15-2016 08:43:00,100.0,1.45,1.45,1.45,1.45
09-15-2016 08:44:00,100.0,1.45,1.45,1.45,1.45
09-15-2016 08:46:00,300.0,1.51,1.51,1.45,1.45
09-15-2016 08:47:00,100.0,1.45,1.45,1.45,1.45
09-15-2016 08:49:00,200.0,1.45,1.45,1.45,1.45
09-15-2016 08:51:00,100.0,1.45,1.45,1.45,1.45
09-15-2016 08:52:00,100.0,1.45,1.45,1.45,1.45
09-15-2016 08:53:00,100.0,1.45,1.45,1.45,1.45
09-15-2016 08:54:00,1200.0,1.45,1.45,1.43,1.43
09-15-2016 08:55:00,100.0,1.43,1.43,1.43,1.43
09-15-2016 08:56:00,100.0,1.43,1.43,1.43,1.43
09-15-2016 08:57:00,100.0,1.43,1.43,1.43,1.43
09-15-2016 08:58:00,100.0,1.43,1.43,1.43,1.43
09-15-2016 08:59:00,200.0,1.43,1.43,1.43,1.43
09-15-2016 09:00:00,100.0,1.43,1.43,1.43,1.43
09-15-2016 09:10:00,300.0,1.45,1.45,1.43,1.43
09-15-2016 09:17:00,100.0,1.47,1.47,1.47,1.47
09-15-2016 09:22:00,300.0,1.44,1.44,1.44,1.44
09-15-2016 09:23:00,200.0,1.44,1.44,1.44,1.44
09-15-2016 09:24:00,300.0,1.44,1.46,1.43,1.46
09-15-2016 09:55:00,400.0,1.44,1.44,1.43,1.43
09-15-2016 10:13:00,100.0,1.46,1.46,1.46,1.46
09-15-2016 10:14:00,100.0,1.46,1.46,1.46,1.46
09-15-2016 10:17:00,1500.0,1.4472,1.4472,1.4472,1.4472
09-15-2016 10:18:00,100.0,1.44,1.44,1.44,1.44
09-15-2016 10:28:00,1000.0,1.457,1.457,1.457,1.457
09-15-2016 10:46:00,100.0,1.46,1.46,1.46,1.46
09-15-2016 10:55:00,100.0,1.46,1.46,1.46,1.46
09-15-2016 10:57:00,5000.0,1.4303,1.4303,1.4303,1.4303
09-15-2016 11:10:00,200.0,1.46,1.46,1.46,1.46
09-15-2016 11:22:00,200.0,1.48,1.48,1.48,1.48
09-15-2016 11:30:00,100.0,1.47,1.47,1.47,1.47
09-15-2016 11:31:00,300.0,1.45,1.45,1.45,1.45
09-15-2016 11:42:00,1700.0,1.45,1.45,1.45,1.45
09-15-2016 11:44:00,100.0,1.445,1.445,1.445,1.445
09-15-2016 12:05:00,100.0,1.45,1.45,1.45,1.45
09-15-2016 12:15:00,400.0,1.45,1.45,1.45,1.45
09-15-2016 12:16:00,2800.0,1.44,1.45,1.44,1.45
09-15-2016 12:23:00,100.0,1.45,1.45,1.45,1.45
09-15-2016 12:28:00,100.0,1.44,1.44,1.44,1.44
09-15-2016 12:35:00,9486.0,1.43,1.43,1.4,1.42
09-15-2016 12:39:00,100.0,1.41,1.41,1.41,1.41
09-15-2016 12:42:00,200.0,1.4,1.4,1.4,1.4
09-15-2016 12:49:00,3000.0,1.4199,1.42,1.4199,1.42
09-15-2016 12:57:00,11900.0,1.42,1.43,1.41,1.42
09-15-2016 13:01:00,100.0,1.42,1.42,1.42,1.42
09-15-2016 13:11:00,3000.0,1.4174,1.4174,1.413,1.413
09-15-2016 13:16:00,100.0,1.43,1.43,1.43,1.43
09-15-2016 13:24:00,200.0,1.43,1.43,1.41,1.41
09-15-2016 13:40:00,100.0,1.43,1.43,1.43,1.43
09-15-2016 13:42:00,1000.0,1.415,1.4151,1.41,1.41
09-15-2016 13:51:00,200.0,1.42,1.43,1.42,1.43
09-15-2016 13:58:00,100.0,1.43,1.43,1.43,1.43
09-15-2016 14:07:00,100.0,1.43,1.43,1.43,1.43
09-15-2016 14:08:00,2511.0,1.429,1.43,1.41,1.41
09-15-2016 14:15:00,100.0,1.42,1.42,1.42,1.42
09-15-2016 14:26:00,100.0,1.43,1.43,1.43,1.43
09-15-2016 14:28:00,100.0,1.43,1.43,1.43,1.43
09-15-2016 14:32:00,100.0,1.43,1.43,1.43,1.43
09-15-2016 14:35:00,100.0,1.43,1.43,1.43,1.43
09-15-2016 14:43:00,100.0,1.42,1.42,1.42,1.42
09-15-2016 14:47:00,100.0,1.43,1.43,1.43,1.43
09-15-2016 14:50:00,100.0,1.43,1.43,1.43,1.43
09-15-2016 14:52:00,100.0,1.43,1.43,1.43,1.43
09-15-2016 14:56:00,200.0,1.43,1.43,1.43,1.43
09-15-2016 14:57:00,100.0,1.42,1.42,1.42,1.42
09-15-2016 15:00:00,2957.0,1.43,1.43,1.41,1.43
09-16-2016 08:30:00,910.0,1.4,1.4,1.4,1.4
09-16-2016 08:36:00,100.0,1.43,1.43,1.43,1.43
09-16-2016 08:37:00,1200.0,1.43,1.4301,1.43,1.4301
09-16-2016 08:38:00,100.0,1.43,1.43,1.43,1.43
09-16-2016 08:39:00,100.0,1.43,1.43,1.43,1.43
09-16-2016 08:40:00,100.0,1.43,1.43,1.43,1.43
09-16-2016 08:41:00,100.0,1.43,1.43,1.43,1.43
09-16-2016 08:42:00,100.0,1.43,1.43,1.43,1.43
09-16-2016 08:43:00,100.0,1.43,1.43,1.43,1.43
09-16-2016 08:44:00,100.0,1.43,1.43,1.43,1.43
09-16-2016 08:45:00,100.0,1.43,1.43,1.43,1.43
09-16-2016 08:46:00,100.0,1.43,1.43,1.43,1.43
09-16-2016 08:48:00,100.0,1.43,1.43,1.43,1.43
09-16-2016 08:49:00,200.0,1.43,1.43,1.43,1.43
09-16-2016 08:50:00,100.0,1.43,1.43,1.43,1.43
09-16-2016 08:51:00,100.0,1.43,1.43,1.43,1.43
09-16-2016 08:53:00,2400.0,1.41,1.41,1.4,1.4
09-16-2016 08:55:00,100.0,1.4,1.4,1.4,1.4
09-16-2016 08:56:00,100.0,1.4,1.4,1.4,1.4
09-16-2016 08:57:00,100.0,1.4,1.4,1.4,1.4
09-16-2016 08:58:00,100.0,1.42,1.42,1.42,1.42
09-16-2016 08:59:00,100.0,1.41,1.41,1.41,1.41
09-16-2016 09:12:00,100.0,1.43,1.43,1.43,1.43
09-16-2016 09:28:00,100.0,1.44,1.44,1.44,1.44
09-16-2016 09:39:00,100.0,1.42,1.42,1.42,1.42
09-16-2016 09:41:00,100.0,1.41,1.41,1.41,1.41
09-16-2016 09:42:00,300.0,1.41,1.415,1.41,1.415
09-16-2016 09:44:00,1500.0,1.4199,1.4199,1.4199,1.4199
09-16-2016 09:46:00,100.0,1.42,1.42,1.42,1.42
09-16-2016 10:01:00,300.0,1.41,1.41,1.41,1.41
09-16-2016 10:12:00,200.0,1.41,1.41,1.41,1.41
09-16-2016 10:20:00,100.0,1.42,1.42,1.42,1.42
09-16-2016 10:49:00,4000.0,1.42,1.42,1.42,1.42
09-16-2016 10:50:00,100.0,1.45,1.45,1.45,1.45
09-16-2016 10:57:00,100.0,1.46,1.46,1.46,1.46
09-16-2016 11:07:00,100.0,1.46,1.46,1.46,1.46
09-16-2016 11:14:00,100.0,1.44,1.44,1.44,1.44
09-16-2016 11:25:00,100.0,1.4325,1.4325,1.4325,1.4325
09-16-2016 11:41:00,100.0,1.44,1.44,1.44,1.44
09-16-2016 11:42:00,100.0,1.44,1.44,1.44,1.44
09-16-2016 11:51:00,100.0,1.44,1.44,1.44,1.44
09-16-2016 12:04:00,100.0,1.45,1.45,1.45,1.45
09-16-2016 12:09:00,100.0,1.44,1.44,1.44,1.44
09-16-2016 12:37:00,200.0,1.44,1.44,1.44,1.44
09-16-2016 12:45:00,200.0,1.44,1.45,1.44,1.45
09-16-2016 13:00:00,100.0,1.44,1.44,1.44,1.44
09-16-2016 13:04:00,100.0,1.44,1.44,1.44,1.44
09-16-2016 13:07:00,300.0,1.44,1.44,1.44,1.44
09-16-2016 13:16:00,100.0,1.44,1.44,1.44,1.44
09-16-2016 13:17:00,100.0,1.42,1.42,1.42,1.42
09-16-2016 13:18:00,100.0,1.43,1.43,1.43,1.43
09-16-2016 13:24:00,2799.0,1.42,1.427,1.41,1.42
09-16-2016 13:55:00,100.0,1.43,1.43,1.43,1.43
09-16-2016 13:58:00,1000.0,1.4175,1.4175,1.4175,1.4175
09-16-2016 13:59:00,100.0,1.42,1.42,1.42,1.42
09-16-2016 14:06:00,100.0,1.43,1.43,1.43,1.43
09-16-2016 14:07:00,8603.0,1.42,1.42,1.41,1.41
09-16-2016 14:25:00,2800.0,1.429,1.43,1.42,1.42
09-16-2016 14:26:00,6937.0,1.43,1.43,1.41,1.41
09-16-2016 14:29:00,110.0,1.4213,1.4213,1.4213,1.4213
09-16-2016 14:34:00,200.0,1.44,1.44,1.44,1.44
09-16-2016 14:35:00,100.0,1.44,1.44,1.44,1.44
09-16-2016 14:37:00,100.0,1.44,1.44,1.44,1.44
09-16-2016 14:44:00,200.0,1.44,1.45,1.44,1.45
09-16-2016 14:50:00,1300.0,1.45,1.45,1.43,1.43
09-16-2016 14:54:00,100.0,1.42,1.42,1.42,1.42
09-16-2016 14:58:00,200.0,1.42,1.42,1.42,1.42
09-16-2016 15:00:00,63256.0,1.42,1.42,1.39,1.39
09-19-2016 08:30:00,457.0,1.4,1.4,1.4,1.4
09-19-2016 08:46:00,100.0,1.46,1.46,1.46,1.46
09-19-2016 08:47:00,2900.0,1.46,1.46,1.4216,1.4599
09-19-2016 09:31:00,100.0,1.44,1.44,1.44,1.44
09-19-2016 09:32:00,100.0,1.44,1.44,1.44,1.44
09-19-2016 09:33:00,100.0,1.44,1.44,1.44,1.44
09-19-2016 09:34:00,100.0,1.44,1.44,1.44,1.44
09-19-2016 09:36:00,100.0,1.44,1.44,1.44,1.44
09-19-2016 09:37:00,100.0,1.44,1.44,1.44,1.44
09-19-2016 09:38:00,100.0,1.44,1.44,1.44,1.44
09-19-2016 09:39:00,100.0,1.44,1.44,1.44,1.44
09-19-2016 09:41:00,400.0,1.44,1.44,1.44,1.44
09-19-2016 09:52:00,564.0,1.44,1.44,1.44,1.44
09-19-2016 09:53:00,208.0,1.44,1.44,1.44,1.44
09-19-2016 10:09:00,100.0,1.43,1.43,1.43,1.43
09-19-2016 10:12:00,100.0,1.45,1.45,1.45,1.45
09-19-2016 10:18:00,100.0,1.46,1.46,1.46,1.46
09-19-2016 10:20:00,100.0,1.43,1.43,1.43,1.43
09-19-2016 10:21:00,1600.0,1.4301,1.4301,1.4301,1.4301
09-19-2016 11:04:00,3000.0,1.445,1.4555,1.445,1.4555
09-19-2016 11:11:00,16338.0,1.45,1.5,1.4444,1.4444
09-19-2016 11:22:00,100.0,1.46,1.46,1.46,1.46
09-19-2016 11:26:00,100.0,1.48,1.48,1.48,1.48
09-19-2016 11:27:00,10844.0,1.48,1.5,1.4735,1.4825
09-19-2016 11:31:00,100.0,1.48,1.48,1.48,1.48
09-19-2016 11:42:00,12964.0,1.49,1.54,1.4744,1.5
09-19-2016 11:51:00,500.0,1.518,1.518,1.518,1.518
09-19-2016 11:56:00,100.0,1.53,1.53,1.53,1.53
09-19-2016 11:58:00,300.0,1.52,1.52,1.52,1.52
09-19-2016 12:02:00,1000.0,1.5198,1.5198,1.5198,1.5198
09-19-2016 12:12:00,200.0,1.51,1.51,1.51,1.51
09-19-2016 12:13:00,100.0,1.5,1.5,1.5,1.5
09-19-2016 12:14:00,100.0,1.48,1.48,1.48,1.48
09-19-2016 12:22:00,100.0,1.47,1.47,1.47,1.47
09-19-2016 12:23:00,100.0,1.49,1.49,1.49,1.49
09-19-2016 12:31:00,1000.0,1.475,1.475,1.475,1.475
09-19-2016 12:35:00,400.0,1.48,1.48,1.48,1.48
09-19-2016 12:57:00,100.0,1.49,1.49,1.49,1.49
09-19-2016 14:03:00,1100.0,1.5004,1.5004,1.49,1.49
09-19-2016 14:11:00,100.0,1.5,1.5,1.5,1.5
09-19-2016 14:21:00,500.0,1.5,1.51,1.5,1.51
09-19-2016 14:23:00,100.0,1.52,1.52,1.52,1.52
09-19-2016 14:26:00,100.0,1.51,1.51,1.51,1.51
09-19-2016 14:27:00,100.0,1.5,1.5,1.5,1.5
09-19-2016 14:33:00,1000.0,1.515,1.515,1.515,1.515
09-19-2016 14:41:00,600.0,1.5146,1.5146,1.5,1.5
09-19-2016 14:42:00,100.0,1.52,1.52,1.52,1.52
09-19-2016 14:56:00,200.0,1.5,1.51,1.5,1.51
09-19-2016 15:00:00,654.0,1.505,1.51,1.5,1.51
09-20-2016 10:12:00,1000.0,1.515,1.515,1.515,1.515
09-20-2016 10:24:00,100.0,1.53,1.53,1.53,1.53
09-20-2016 10:39:00,100.0,1.52,1.52,1.52,1.52
09-20-2016 10:41:00,200.0,1.52,1.52,1.52,1.52
09-20-2016 10:42:00,100.0,1.52,1.52,1.52,1.52
09-20-2016 10:43:00,100.0,1.52,1.52,1.52,1.52
09-20-2016 10:44:00,100.0,1.52,1.52,1.52,1.52
09-20-2016 10:46:00,100.0,1.52,1.52,1.52,1.52
09-20-2016 10:47:00,136.0,1.52,1.52,1.52,1.52
09-20-2016 10:54:00,200.0,1.52,1.52,1.52,1.52
09-20-2016 11:00:00,100.0,1.52,1.52,1.52,1.52
09-20-2016 11:36:00,6800.0,1.53,1.54,1.5299,1.53
09-20-2016 11:49:00,1000.0,1.5352,1.5352,1.5352,1.5352
09-20-2016 12:01:00,350.0,1.5448,1.5448,1.5448,1.5448
09-20-2016 12:20:00,14873.0,1.55,1.57,1.5444,1.55
09-20-2016 12:32:00,800.0,1.5501,1.5501,1.5501,1.5501
09-20-2016 12:45:00,200.0,1.56,1.56,1.56,1.56
09-20-2016 13:03:00,601.0,1.56,1.56,1.5567,1.5567
09-20-2016 13:18:00,289.0,1.5627,1.5627,1.5627,1.5627
09-20-2016 13:22:00,100.0,1.57,1.57,1.57,1.57
09-20-2016 13:32:00,5900.0,1.5581,1.58,1.55,1.57
09-20-2016 13:50:00,2800.0,1.58,1.58,1.58,1.58
09-20-2016 13:51:00,200.0,1.5801,1.5801,1.5801,1.5801
09-20-2016 13:53:00,100.0,1.59,1.59,1.59,1.59
09-20-2016 13:55:00,300.0,1.585,1.59,1.585,1.59
09-20-2016 13:56:00,5366.0,1.5827,1.6,1.58,1.58
09-20-2016 13:57:00,200.0,1.59,1.59,1.59,1.59
09-20-2016 14:12:00,100.0,1.59,1.59,1.59,1.59
09-20-2016 14:13:00,100.0,1.59,1.59,1.59,1.59
09-20-2016 14:19:00,100.0,1.59,1.59,1.59,1.59
09-20-2016 14:20:00,1000.0,1.583,1.583,1.583,1.583
09-20-2016 14:22:00,375.0,1.5814,1.5814,1.5814,1.5814
09-20-2016 14:24:00,1471.0,1.59,1.6,1.58,1.59
09-20-2016 14:30:00,100.0,1.58,1.58,1.58,1.58
09-20-2016 14:34:00,100.0,1.59,1.59,1.59,1.59
09-20-2016 14:49:00,100.0,1.59,1.59,1.59,1.59
09-20-2016 14:54:00,3098.0,1.59,1.6,1.587,1.594
09-20-2016 14:58:00,352.0,1.599,1.599,1.599,1.599
09-20-2016 15:00:00,1174.0,1.6,1.6,1.6,1.6
09-21-2016 08:30:00,2100.0,1.56,1.56,1.56,1.56
09-21-2016 08:39:00,200.0,1.5501,1.5501,1.55,1.55
09-21-2016 08:46:00,100.0,1.6,1.6,1.6,1.6
09-21-2016 08:47:00,3125.0,1.5816,1.5816,1.5816,1.5816
09-21-2016 08:56:00,6000.0,1.5801,1.5815,1.5801,1.5815
09-21-2016 09:07:00,600.0,1.58,1.58,1.57,1.57
09-21-2016 09:10:00,16938.0,1.59,1.6,1.59,1.6
09-21-2016 09:15:00,200.0,1.61,1.61,1.61,1.61
09-21-2016 09:18:00,300.0,1.62,1.62,1.62,1.62
09-21-2016 09:20:00,20000.0,1.61,1.61,1.61,1.61
09-21-2016 09:22:00,26580.0,1.61,1.6101,1.61,1.61
09-21-2016 09:25:00,1000.0,1.6,1.6,1.6,1.6
09-21-2016 09:29:00,500.0,1.6039,1.6039,1.6039,1.6039
09-21-2016 09:30:00,2000.0,1.6,1.6013,1.6,1.6013
09-21-2016 09:39:00,200.0,1.6099,1.6099,1.6099,1.6099
09-21-2016 10:00:00,5000.0,1.6099,1.6099,1.6096,1.6096
09-21-2016 10:02:00,4000.0,1.5887,1.5887,1.5887,1.5887
09-21-2016 10:15:00,200.0,1.6,1.6,1.6,1.6
09-21-2016 10:17:00,2000.0,1.59,1.598,1.59,1.598
09-21-2016 10:48:00,100.0,1.58,1.58,1.58,1.58
09-21-2016 10:53:00,200.0,1.59,1.59,1.59,1.59
09-21-2016 11:03:00,200.0,1.58,1.58,1.58,1.58
09-21-2016 11:15:00,100.0,1.58,1.58,1.58,1.58
09-21-2016 11:25:00,200.0,1.59,1.59,1.59,1.59
09-21-2016 11:37:00,300.0,1.58,1.58,1.58,1.58
09-21-2016 12:30:00,1500.0,1.58,1.58,1.575,1.5799
09-21-2016 12:32:00,200.0,1.59,1.59,1.59,1.59
09-21-2016 12:36:00,200.0,1.58,1.58,1.58,1.58
09-21-2016 12:37:00,100.0,1.58,1.58,1.58,1.58
09-21-2016 12:39:00,100.0,1.585,1.585,1.585,1.585
09-21-2016 12:53:00,3660.0,1.5899,1.59,1.5892,1.59
09-21-2016 13:09:00,1000.0,1.59,1.59,1.59,1.59
09-21-2016 13:15:00,2000.0,1.6,1.6,1.6,1.6
09-21-2016 13:21:00,1945.0,1.593,1.5933,1.59,1.59
09-21-2016 13:22:00,5000.0,1.6,1.61,1.6,1.61
09-21-2016 13:32:00,100.0,1.61,1.61,1.61,1.61
09-21-2016 13:34:00,1000.0,1.6,1.6,1.6,1.6
09-21-2016 13:37:00,912.0,1.61,1.61,1.6,1.6
09-21-2016 13:53:00,6000.0,1.6099,1.61,1.6099,1.61
09-21-2016 13:55:00,10252.0,1.61,1.62,1.6067,1.62
09-21-2016 13:58:00,10000.0,1.6134,1.62,1.6134,1.62
09-21-2016 14:07:00,100.0,1.63,1.63,1.63,1.63
09-21-2016 14:17:00,100.0,1.62,1.62,1.62,1.62
09-21-2016 14:26:00,100.0,1.61,1.61,1.61,1.61
09-21-2016 14:41:00,2000.0,1.603,1.603,1.603,1.603
09-21-2016 14:42:00,100.0,1.6,1.6,1.6,1.6
09-21-2016 14:44:00,556.0,1.6199,1.6199,1.6199,1.6199
09-21-2016 14:56:00,300.0,1.605,1.605,1.6,1.6
09-21-2016 14:57:00,400.0,1.6001,1.6001,1.6001,1.6001
09-21-2016 14:59:00,100.0,1.6,1.6,1.6,1.6
09-21-2016 15:00:00,1822.0,1.61,1.63,1.6,1.62
09-22-2016 08:30:00,117.0,1.62,1.62,1.62,1.62
09-22-2016 08:39:00,1000.0,1.595,1.595,1.595,1.595
09-22-2016 08:43:00,1000.0,1.595,1.595,1.595,1.595
09-22-2016 08:46:00,100.0,1.6,1.6,1.6,1.6
09-22-2016 09:23:00,100.0,1.6,1.6,1.6,1.6
09-22-2016 09:53:00,100.0,1.61,1.61,1.61,1.61
09-22-2016 10:39:00,200.0,1.6,1.6,1.6,1.6
09-22-2016 11:04:00,150.0,1.6004,1.6004,1.6004,1.6004
09-22-2016 11:06:00,100.0,1.61,1.61,1.61,1.61
09-22-2016 11:11:00,350.0,1.605,1.605,1.605,1.605
09-22-2016 11:42:00,100.0,1.61,1.61,1.61,1.61
09-22-2016 11:47:00,813.0,1.5978,1.61,1.5978,1.61
09-22-2016 12:14:00,100.0,1.61,1.61,1.61,1.61
09-22-2016 12:15:00,100.0,1.6,1.6,1.6,1.6
09-22-2016 12:23:00,3500.0,1.5901,1.61,1.5901,1.61
09-22-2016 12:24:00,376.0,1.59,1.597,1.59,1.597
09-22-2016 12:56:00,100.0,1.61,1.61,1.61,1.61
09-22-2016 13:17:00,400.0,1.61,1.61,1.59,1.59
09-22-2016 13:29:00,100.0,1.61,1.61,1.61,1.61
09-22-2016 13:38:00,100.0,1.59,1.59,1.59,1.59
09-22-2016 13:45:00,1100.0,1.6024,1.6024,1.6,1.6
09-22-2016 13:46:00,758.0,1.6,1.6,1.6,1.6
09-22-2016 13:47:00,300.0,1.6024,1.6024,1.6024,1.6024
09-22-2016 13:48:00,100.0,1.6,1.6,1.6,1.6
09-22-2016 14:00:00,100.0,1.61,1.61,1.61,1.61
09-22-2016 14:06:00,680.0,1.6099,1.6099,1.6099,1.6099
09-22-2016 14:08:00,200.0,1.61,1.61,1.6,1.6
09-22-2016 14:22:00,200.0,1.6,1.605,1.6,1.605
09-22-2016 14:35:00,100.0,1.61,1.61,1.61,1.61
09-22-2016 14:36:00,100.0,1.61,1.61,1.61,1.61
09-22-2016 14:38:00,200.0,1.6,1.6,1.59,1.59
09-22-2016 14:42:00,1600.0,1.6,1.6,1.6,1.6
09-22-2016 14:44:00,100.0,1.61,1.61,1.61,1.61
09-22-2016 14:45:00,500.0,1.6043,1.6043,1.6043,1.6043
09-22-2016 14:46:00,500.0,1.6052,1.6052,1.6052,1.6052
09-22-2016 14:48:00,100.0,1.61,1.61,1.61,1.61
09-22-2016 14:50:00,6519.0,1.6059,1.6059,1.59,1.59
09-22-2016 14:53:00,100.0,1.6,1.6,1.6,1.6
09-22-2016 14:57:00,800.0,1.58,1.58,1.58,1.58
09-22-2016 15:00:00,8993.0,1.58,1.5815,1.57,1.57
09-22-2016 15:01:00,400.0,1.57,1.57,1.57,1.57
09-23-2016 08:30:00,1000.0,1.55,1.55,1.55,1.55
09-23-2016 08:35:00,100.0,1.55,1.55,1.55,1.55
09-23-2016 08:36:00,200.0,1.55,1.56,1.55,1.56
09-23-2016 08:37:00,100.0,1.55,1.55,1.55,1.55
09-23-2016 08:38:00,200.0,1.56,1.56,1.55,1.55
09-23-2016 08:39:00,100.0,1.55,1.55,1.55,1.55
09-23-2016 08:40:00,200.0,1.55,1.55,1.55,1.55
09-23-2016 08:41:00,100.0,1.56,1.56,1.56,1.56
09-23-2016 08:42:00,200.0,1.55,1.55,1.55,1.55
09-23-2016 08:44:00,200.0,1.54,1.54,1.54,1.54
09-23-2016 08:45:00,100.0,1.54,1.54,1.54,1.54
09-23-2016 08:46:00,200.0,1.54,1.56,1.54,1.56
09-23-2016 08:47:00,200.0,1.52,1.52,1.51,1.51
09-23-2016 08:48:00,200.0,1.52,1.52,1.51,1.51
09-23-2016 08:49:00,300.0,1.51,1.51,1.51,1.51
09-23-2016 08:50:00,200.0,1.51,1.51,1.51,1.51
09-23-2016 08:51:00,200.0,1.51,1.51,1.5,1.5
09-23-2016 08:52:00,200.0,1.5,1.5,1.5,1.5
09-23-2016 08:53:00,200.0,1.51,1.51,1.5,1.5
09-23-2016 08:54:00,100.0,1.5,1.5,1.5,1.5
09-23-2016 08:55:00,200.0,1.5,1.5,1.5,1.5
09-23-2016 08:56:00,300.0,1.5,1.55,1.5,1.55
09-23-2016 08:57:00,200.0,1.51,1.51,1.51,1.51
09-23-2016 08:58:00,200.0,1.51,1.51,1.5,1.5
09-23-2016 08:59:00,200.0,1.5,1.5,1.5,1.5
09-23-2016 09:02:00,1000.0,1.524,1.524,1.524,1.524
09-23-2016 09:31:00,300.0,1.51,1.51,1.51,1.51
09-23-2016 09:37:00,2700.0,1.56,1.56,1.5412,1.5412
09-23-2016 09:44:00,100.0,1.56,1.56,1.56,1.56
09-23-2016 09:49:00,100.0,1.56,1.56,1.56,1.56
09-23-2016 10:07:00,100.0,1.58,1.58,1.58,1.58
09-23-2016 10:12:00,100.0,1.59,1.59,1.59,1.59
09-23-2016 10:18:00,100.0,1.6,1.6,1.6,1.6
09-23-2016 10:24:00,100.0,1.6,1.6,1.6,1.6
09-23-2016 10:30:00,100.0,1.58,1.58,1.58,1.58
09-23-2016 10:36:00,100.0,1.59,1.59,1.59,1.59
09-23-2016 10:41:00,350.0,1.5648,1.5648,1.5648,1.5648
09-23-2016 10:42:00,300.0,1.59,1.59,1.58,1.59
09-23-2016 10:47:00,100.0,1.59,1.59,1.59,1.59
09-23-2016 10:52:00,100.0,1.59,1.59,1.59,1.59
09-23-2016 10:57:00,100.0,1.58,1.58,1.58,1.58
09-23-2016 11:02:00,200.0,1.56,1.56,1.56,1.56
09-23-2016 11:09:00,300.0,1.55,1.55,1.55,1.55
09-23-2016 11:44:00,100.0,1.55,1.55,1.55,1.55
09-23-2016 12:08:00,300.0,1.54,1.54,1.54,1.54
09-23-2016 12:30:00,2000.0,1.5401,1.5401,1.5401,1.5401
09-23-2016 12:38:00,500.0,1.56,1.56,1.56,1.56
09-23-2016 12:43:00,300.0,1.56,1.56,1.56,1.56
09-23-2016 12:45:00,305.0,1.56,1.56,1.56,1.56
09-23-2016 12:46:00,230.0,1.56,1.56,1.56,1.56
09-23-2016 12:47:00,135.0,1.56,1.56,1.56,1.56
09-23-2016 12:48:00,200.0,1.57,1.57,1.57,1.57
09-23-2016 12:55:00,2300.0,1.57,1.57,1.57,1.57
09-23-2016 13:07:00,100.0,1.57,1.57,1.57,1.57
09-23-2016 13:16:00,1000.0,1.5697,1.5697,1.5697,1.5697
09-23-2016 13:19:00,200.0,1.56,1.565,1.56,1.565
09-23-2016 13:26:00,1000.0,1.555,1.555,1.555,1.555
09-23-2016 13:37:00,200.0,1.57,1.57,1.57,1.57
09-23-2016 14:00:00,200.0,1.57,1.57,1.57,1.57
09-23-2016 14:17:00,500.0,1.57,1.57,1.57,1.57
09-23-2016 14:21:00,100.0,1.57,1.57,1.57,1.57
09-23-2016 14:30:00,100.0,1.56,1.56,1.56,1.56
09-23-2016 14:32:00,100.0,1.57,1.57,1.57,1.57
09-23-2016 14:40:00,100.0,1.57,1.57,1.57,1.57
09-23-2016 14:43:00,2530.0,1.57,1.57,1.5605,1.57
09-23-2016 14:46:00,100.0,1.57,1.57,1.57,1.57
09-23-2016 14:47:00,200.0,1.58,1.58,1.57,1.57
09-23-2016 14:48:00,100.0,1.58,1.58,1.58,1.58
09-23-2016 14:50:00,4500.0,1.58,1.59,1.58,1.59
09-23-2016 14:51:00,14724.0,1.59,1.63,1.59,1.63
09-23-2016 14:52:00,100.0,1.64,1.64,1.64,1.64
09-23-2016 14:53:00,3100.0,1.64,1.64,1.6218,1.6218
09-23-2016 14:54:00,100.0,1.62,1.62,1.62,1.62
09-23-2016 14:56:00,200.0,1.63,1.63,1.63,1.63
09-23-2016 15:00:00,44019.0,1.62,1.65,1.61,1.65
09-23-2016 15:01:00,300.0,1.64,1.64,1.64,1.64
09-26-2016 08:30:00,1150.0,1.6,1.6,1.6,1.6
09-26-2016 08:31:00,2000.0,1.65,1.65,1.6499,1.65
09-26-2016 08:33:00,100.0,1.65,1.65,1.65,1.65
09-26-2016 08:35:00,200.0,1.65,1.65,1.64,1.64
09-26-2016 08:36:00,900.0,1.645,1.65,1.64,1.65
09-26-2016 08:37:00,1400.0,1.645,1.65,1.64,1.65
09-26-2016 08:40:00,100.0,1.65,1.65,1.65,1.65
09-26-2016 08:43:00,100.0,1.65,1.65,1.65,1.65
09-26-2016 08:45:00,100.0,1.65,1.65,1.65,1.65
09-26-2016 08:46:00,100.0,1.6475,1.6475,1.6475,1.6475
09-26-2016 08:48:00,3100.0,1.65,1.65,1.645,1.65
09-26-2016 08:51:00,100.0,1.65,1.65,1.65,1.65
09-26-2016 08:54:00,100.0,1.65,1.65,1.65,1.65
09-26-2016 08:57:00,100.0,1.65,1.65,1.65,1.65
09-26-2016 09:00:00,100.0,1.65,1.65,1.65,1.65
09-26-2016 09:01:00,400.0,1.65,1.65,1.65,1.65
09-26-2016 09:03:00,100.0,1.65,1.65,1.65,1.65
09-26-2016 09:06:00,100.0,1.65,1.65,1.65,1.65
09-26-2016 09:09:00,500.0,1.64,1.64,1.64,1.64
09-26-2016 09:12:00,100.0,1.64,1.64,1.64,1.64
09-26-2016 09:13:00,100.0,1.65,1.65,1.65,1.65
09-26-2016 09:15:00,100.0,1.65,1.65,1.65,1.65
09-26-2016 09:18:00,100.0,1.65,1.65,1.65,1.65
09-26-2016 09:19:00,200.0,1.65,1.65,1.65,1.65
09-26-2016 09:20:00,100.0,1.65,1.65,1.65,1.65
09-26-2016 09:21:00,100.0,1.65,1.65,1.65,1.65
09-26-2016 09:22:00,100.0,1.65,1.65,1.65,1.65
09-26-2016 09:23:00,100.0,1.65,1.65,1.65,1.65
09-26-2016 09:24:00,129.0,1.65,1.65,1.65,1.65
09-26-2016 09:26:00,100.0,1.65,1.65,1.65,1.65
09-26-2016 09:30:00,100.0,1.65,1.65,1.65,1.65
09-26-2016 09:33:00,100.0,1.65,1.65,1.65,1.65
09-26-2016 09:37:00,100.0,1.65,1.65,1.65,1.65
09-26-2016 09:38:00,500.0,1.65,1.65,1.648,1.648
09-26-2016 09:49:00,100.0,1.65,1.65,1.65,1.65
09-26-2016 09:50:00,100.0,1.65,1.65,1.65,1.65
09-26-2016 09:51:00,400.0,1.645,1.65,1.645,1.65
09-26-2016 09:53:00,100.0,1.65,1.65,1.65,1.65
09-26-2016 09:54:00,22421.0,1.65,1.7,1.65,1.685
09-26-2016 09:55:00,300.0,1.7,1.7,1.7,1.7
09-26-2016 09:56:00,2000.0,1.7099,1.7099,1.7099,1.7099
09-26-2016 09:57:00,600.0,1.6984,1.71,1.6984,1.71
09-26-2016 10:01:00,556.0,1.6831,1.6831,1.6831,1.6831
09-26-2016 10:02:00,100.0,1.71,1.71,1.71,1.71
09-26-2016 10:06:00,100.0,1.71,1.71,1.71,1.71
09-26-2016 10:07:00,700.0,1.7,1.7,1.7,1.7
09-26-2016 10:08:00,200.0,1.7,1.7,1.7,1.7
09-26-2016 10:10:00,700.0,1.71,1.71,1.71,1.71
09-26-2016 10:11:00,250.0,1.7001,1.7001,1.7001,1.7001
09-26-2016 10:12:00,1353.0,1.7,1.7,1.7,1.7
09-26-2016 10:15:00,2000.0,1.69,1.7,1.69,1.7
09-26-2016 10:19:00,100.0,1.7,1.7,1.7,1.7
09-26-2016 10:23:00,3100.0,1.7,1.7,1.698,1.7
09-26-2016 10:28:00,100.0,1.7,1.7,1.7,1.7
09-26-2016 10:33:00,100.0,1.7,1.7,1.7,1.7
09-26-2016 10:34:00,15163.0,1.7,1.7,1.68,1.7
09-26-2016 10:35:00,100.0,1.7,1.7,1.7,1.7
09-26-2016 10:37:00,100.0,1.7,1.7,1.7,1.7
09-26-2016 10:38:00,500.0,1.7,1.7,1.7,1.7
09-26-2016 10:41:00,600.0,1.696,1.696,1.696,1.696
09-26-2016 10:42:00,100.0,1.7,1.7,1.7,1.7
09-26-2016 10:47:00,100.0,1.7,1.7,1.7,1.7
09-26-2016 10:50:00,9700.0,1.7,1.7,1.6901,1.7
09-26-2016 10:52:00,600.0,1.7,1.7,1.7,1.7
09-26-2016 10:58:00,100.0,1.7,1.7,1.7,1.7
09-26-2016 10:59:00,2000.0,1.695,1.695,1.695,1.695
09-26-2016 11:03:00,100.0,1.7,1.7,1.7,1.7
09-26-2016 11:06:00,200.0,1.7,1.7,1.7,1.7
09-26-2016 11:09:00,100.0,1.7,1.7,1.7,1.7
09-26-2016 11:14:00,788.0,1.6897,1.7,1.6897,1.69
09-26-2016 11:20:00,100.0,1.7,1.7,1.7,1.7
09-26-2016 11:21:00,7365.0,1.7,1.7,1.6818,1.7
09-26-2016 11:26:00,300.0,1.7,1.7,1.695,1.695
09-26-2016 11:27:00,200.0,1.695,1.695,1.695,1.695
09-26-2016 11:29:00,100.0,1.7,1.7,1.7,1.7
09-26-2016 11:32:00,100.0,1.7,1.7,1.7,1.7
09-26-2016 11:36:00,300.0,1.695,1.695,1.695,1.695
09-26-2016 11:38:00,400.0,1.695,1.7,1.695,1.7
09-26-2016 11:40:00,100.0,1.7,1.7,1.7,1.7
09-26-2016 11:43:00,1500.0,1.69,1.6901,1.69,1.69
09-26-2016 11:46:00,400.0,1.66,1.67,1.66,1.67
09-26-2016 11:51:00,100.0,1.69,1.69,1.69,1.69
09-26-2016 11:58:00,300.0,1.69,1.7,1.69,1.7
09-26-2016 12:01:00,450.0,1.6999,1.6999,1.69,1.69
09-26-2016 12:05:00,200.0,1.69,1.69,1.69,1.69
09-26-2016 12:06:00,400.0,1.69,1.7,1.69,1.7
09-26-2016 12:07:00,700.0,1.7,1.7,1.69,1.7
09-26-2016 12:08:00,1100.0,1.7,1.7,1.7,1.7
09-26-2016 12:09:00,200.0,1.69,1.69,1.69,1.69
09-26-2016 12:10:00,2100.0,1.69,1.7,1.69,1.7
09-26-2016 12:14:00,152.0,1.708,1.708,1.708,1.708
09-26-2016 12:16:00,100.0,1.71,1.71,1.71,1.71
09-26-2016 12:23:00,100.0,1.71,1.71,1.71,1.71
09-26-2016 12:28:00,5100.0,1.693,1.693,1.69,1.69
09-26-2016 12:31:00,100.0,1.695,1.695,1.695,1.695
09-26-2016 12:33:00,100.0,1.7,1.7,1.7,1.7
09-26-2016 12:36:00,100.0,1.7,1.7,1.7,1.7
09-26-2016 12:40:00,100.0,1.7,1.7,1.7,1.7
09-26-2016 12:45:00,100.0,1.7,1.7,1.7,1.7
09-26-2016 12:46:00,100.0,1.7,1.7,1.7,1.7
09-26-2016 12:52:00,100.0,1.7,1.7,1.7,1.7
09-26-2016 12:58:00,100.0,1.7,1.7,1.7,1.7
09-26-2016 13:04:00,100.0,1.7,1.7,1.7,1.7
09-26-2016 13:10:00,100.0,1.7,1.7,1.7,1.7
09-26-2016 13:15:00,100.0,1.7,1.7,1.7,1.7
09-26-2016 13:16:00,350.0,1.68,1.68,1.68,1.68
09-26-2016 13:20:00,2500.0,1.7,1.7,1.7,1.7
09-26-2016 13:21:00,300.0,1.69,1.7,1.69,1.7
09-26-2016 13:22:00,200.0,1.7,1.7,1.7,1.7
09-26-2016 13:24:00,100.0,1.7,1.7,1.7,1.7
09-26-2016 13:25:00,1929.0,1.7,1.71,1.7,1.71
09-26-2016 13:27:00,100.0,1.7,1.7,1.7,1.7
09-26-2016 13:32:00,100.0,1.7,1.7,1.7,1.7
09-26-2016 13:37:00,800.0,1.685,1.7,1.68,1.7
09-26-2016 13:38:00,100.0,1.7,1.7,1.7,1.7
09-26-2016 13:39:00,400.0,1.7,1.7,1.69,1.69
09-26-2016 13:40:00,100.0,1.69,1.69,1.69,1.69
09-26-2016 13:41:00,100.0,1.7,1.7,1.7,1.7
09-26-2016 13:43:00,300.0,1.7,1.7,1.7,1.7
09-26-2016 13:45:00,6000.0,1.6954,1.6954,1.6954,1.6954
09-26-2016 13:46:00,700.0,1.7,1.7,1.7,1.7
09-26-2016 13:48:00,100.0,1.71,1.71,1.71,1.71
09-26-2016 13:54:00,100.0,1.71,1.71,1.71,1.71
09-26-2016 13:59:00,12400.0,1.71,1.71,1.7,1.7
09-26-2016 14:05:00,200.0,1.7,1.705,1.7,1.705
09-26-2016 14:12:00,100.0,1.71,1.71,1.71,1.71
09-26-2016 14:14:00,100.0,1.705,1.705,1.705,1.705
09-26-2016 14:16:00,1824.0,1.7091,1.7091,1.7091,1.7091
09-26-2016 14:21:00,900.0,1.705,1.705,1.7,1.7
09-26-2016 14:34:00,100.0,1.71,1.71,1.71,1.71
09-26-2016 14:36:00,400.0,1.71,1.71,1.7,1.7
09-26-2016 14:37:00,200.0,1.705,1.705,1.7,1.7
09-26-2016 14:40:00,100.0,1.7,1.7,1.7,1.7
09-26-2016 14:42:00,100.0,1.705,1.705,1.705,1.705
09-26-2016 14:43:00,2704.0,1.7,1.7,1.7,1.7
09-26-2016 14:45:00,3200.0,1.71,1.71,1.71,1.71
09-26-2016 14:49:00,100.0,1.69,1.69,1.69,1.69
09-26-2016 14:50:00,15455.0,1.69,1.75,1.69,1.75
09-26-2016 14:51:00,41488.0,1.75,1.81,1.73,1.74
09-26-2016 14:52:00,740.0,1.75,1.765,1.74,1.765
09-26-2016 14:53:00,1187.0,1.74,1.75,1.74,1.74
09-26-2016 14:54:00,300.0,1.73,1.74,1.73,1.74
09-26-2016 14:55:00,658.0,1.74,1.74,1.73,1.73
09-26-2016 14:56:00,619.0,1.73,1.73,1.73,1.73
09-26-2016 14:57:00,400.0,1.73,1.75,1.73,1.75
09-26-2016 14:58:00,1447.0,1.75,1.75,1.75,1.75
09-26-2016 14:59:00,700.0,1.75,1.75,1.73,1.73
09-26-2016 15:00:00,45925.0,1.73,1.75,1.71,1.75
09-26-2016 15:01:00,200.0,1.8,1.8,1.75,1.75
09-27-2016 08:30:00,650.0,1.76,1.76,1.76,1.76
09-27-2016 08:41:00,500.0,1.7599,1.7599,1.7599,1.7599
09-27-2016 08:43:00,100.0,1.74,1.74,1.74,1.74
09-27-2016 08:45:00,100.0,1.7414,1.7414,1.7414,1.7414
09-27-2016 08:46:00,400.0,1.76,1.76,1.74,1.75
09-27-2016 08:48:00,4397.0,1.736,1.736,1.7145,1.722
09-27-2016 08:49:00,900.0,1.7101,1.7213,1.7101,1.7213
09-27-2016 08:50:00,5400.0,1.725,1.725,1.71,1.7199
09-27-2016 08:51:00,3000.0,1.7184,1.7184,1.7184,1.7184
09-27-2016 09:06:00,100.0,1.74,1.74,1.74,1.74
09-27-2016 09:07:00,400.0,1.71,1.71,1.71,1.71
09-27-2016 09:08:00,100.0,1.71,1.71,1.71,1.71
09-27-2016 09:14:00,100.0,1.75,1.75,1.75,1.75
09-27-2016 09:18:00,100.0,1.72,1.72,1.72,1.72
09-27-2016 09:21:00,100.0,1.75,1.75,1.75,1.75
09-27-2016 09:27:00,3100.0,1.722,1.73,1.7201,1.73
09-27-2016 09:28:00,100.0,1.72,1.72,1.72,1.72
09-27-2016 09:29:00,100.0,1.75,1.75,1.75,1.75
09-27-2016 09:38:00,200.0,1.72,1.75,1.72,1.75
09-27-2016 09:47:00,300.0,1.74,1.74,1.74,1.74
09-27-2016 09:48:00,100.0,1.73,1.73,1.73,1.73
09-27-2016 09:55:00,100.0,1.75,1.75,1.75,1.75
09-27-2016 09:57:00,2000.0,1.7499,1.7499,1.7499,1.7499
09-27-2016 10:01:00,100.0,1.73,1.73,1.73,1.73
09-27-2016 10:02:00,396.0,1.75,1.75,1.7499,1.7499
09-27-2016 10:09:00,400.0,1.73,1.73,1.73,1.73
09-27-2016 10:10:00,100.0,1.74,1.74,1.74,1.74
09-27-2016 10:22:00,100.0,1.74,1.74,1.74,1.74
09-27-2016 10:25:00,800.0,1.74,1.74,1.73,1.74
09-27-2016 10:32:00,100.0,1.75,1.75,1.75,1.75
09-27-2016 10:37:00,100.0,1.74,1.74,1.74,1.74
09-27-2016 10:41:00,200.0,1.74,1.74,1.74,1.74
09-27-2016 10:42:00,1800.0,1.7436,1.7436,1.7436,1.7436
09-27-2016 10:46:00,350.0,1.74,1.75,1.74,1.75
09-27-2016 10:52:00,600.0,1.73,1.75,1.73,1.75
09-27-2016 10:56:00,500.0,1.74,1.74,1.73,1.73
09-27-2016 10:57:00,200.0,1.74,1.74,1.74,1.74
09-27-2016 10:58:00,200.0,1.74,1.74,1.74,1.74
09-27-2016 11:00:00,200.0,1.73,1.74,1.73,1.74
09-27-2016 11:01:00,5100.0,1.7424,1.75,1.74,1.743
09-27-2016 11:03:00,100.0,1.75,1.75,1.75,1.75
09-27-2016 11:08:00,200.0,1.74,1.75,1.74,1.75
09-27-2016 11:13:00,100.0,1.74,1.74,1.74,1.74
09-27-2016 11:15:00,100.0,1.74,1.74,1.74,1.74
09-27-2016 11:16:00,100.0,1.74,1.74,1.74,1.74
09-27-2016 11:17:00,100.0,1.74,1.74,1.74,1.74
09-27-2016 11:21:00,100.0,1.75,1.75,1.75,1.75
09-27-2016 11:33:00,100.0,1.74,1.74,1.74,1.74
09-27-2016 11:34:00,100.0,1.74,1.74,1.74,1.74
09-27-2016 11:35:00,100.0,1.74,1.74,1.74,1.74
09-27-2016 11:36:00,100.0,1.75,1.75,1.75,1.75
09-27-2016 11:47:00,100.0,1.75,1.75,1.75,1.75
09-27-2016 11:48:00,100.0,1.75,1.75,1.75,1.75
09-27-2016 11:50:00,111.0,1.74,1.74,1.74,1.74
09-27-2016 11:52:00,1000.0,1.7391,1.7391,1.7391,1.7391
09-27-2016 11:56:00,300.0,1.74,1.74,1.735,1.735
09-27-2016 12:16:00,159.0,1.7301,1.7301,1.7301,1.7301
09-27-2016 12:17:00,100.0,1.73,1.73,1.73,1.73
09-27-2016 12:21:00,200.0,1.73,1.73,1.73,1.73
09-27-2016 12:22:00,100.0,1.73,1.73,1.73,1.73
09-27-2016 12:30:00,200.0,1.74,1.74,1.74,1.74
09-27-2016 12:38:00,100.0,1.73,1.73,1.73,1.73
09-27-2016 12:45:00,100.0,1.74,1.74,1.74,1.74
09-27-2016 12:46:00,100.0,1.74,1.74,1.74,1.74
09-27-2016 12:55:00,3400.0,1.74,1.74,1.7315,1.74
09-27-2016 13:05:00,2300.0,1.73,1.74,1.73,1.735
09-27-2016 13:06:00,100.0,1.735,1.735,1.735,1.735
09-27-2016 13:11:00,200.0,1.735,1.735,1.735,1.735
09-27-2016 13:15:00,1000.0,1.74,1.74,1.74,1.74
09-27-2016 13:17:00,100.0,1.735,1.735,1.735,1.735
09-27-2016 13:20:00,600.0,1.74,1.74,1.735,1.735
09-27-2016 13:21:00,1000.0,1.735,1.735,1.735,1.735
09-27-2016 13:26:00,100.0,1.735,1.735,1.735,1.735
09-27-2016 13:27:00,2000.0,1.7348,1.7348,1.7348,1.7348
09-27-2016 13:29:00,100.0,1.74,1.74,1.74,1.74
09-27-2016 13:36:00,400.0,1.73,1.74,1.73,1.74
09-27-2016 13:38:00,100.0,1.72,1.72,1.72,1.72
09-27-2016 13:49:00,100.0,1.72,1.72,1.72,1.72
09-27-2016 13:52:00,1150.0,1.7233,1.7233,1.72,1.72
09-27-2016 13:54:00,100.0,1.73,1.73,1.73,1.73
09-27-2016 13:56:00,100.0,1.72,1.72,1.72,1.72
09-27-2016 13:58:00,3322.0,1.73,1.75,1.73,1.75
09-27-2016 13:59:00,100.0,1.75,1.75,1.75,1.75
09-27-2016 14:07:00,200.0,1.74,1.74,1.74,1.74
09-27-2016 14:10:00,100.0,1.75,1.75,1.75,1.75
09-27-2016 14:12:00,100.0,1.74,1.74,1.74,1.74
09-27-2016 14:23:00,5244.0,1.74,1.75,1.74,1.75
09-27-2016 14:27:00,200.0,1.75,1.75,1.74,1.74
09-27-2016 14:31:00,7000.0,1.75,1.75,1.7483,1.75
09-27-2016 14:36:00,200.0,1.75,1.75,1.74,1.74
09-27-2016 14:37:00,100.0,1.74,1.74,1.74,1.74
09-27-2016 14:39:00,100.0,1.72,1.72,1.72,1.72
09-27-2016 14:45:00,100.0,1.73,1.73,1.73,1.73
09-27-2016 14:46:00,500.0,1.73,1.73,1.73,1.73
09-27-2016 14:47:00,400.0,1.721,1.721,1.721,1.721
09-27-2016 14:48:00,200.0,1.73,1.74,1.73,1.74
09-27-2016 14:50:00,400.0,1.74,1.74,1.74,1.74
09-27-2016 14:51:00,4656.0,1.74,1.75,1.74,1.75
09-27-2016 14:52:00,500.0,1.75,1.75,1.74,1.75
09-27-2016 14:53:00,5003.0,1.75,1.76,1.75,1.7582
09-27-2016 14:54:00,1850.0,1.75,1.75,1.75,1.75
09-27-2016 14:55:00,100.0,1.74,1.74,1.74,1.74
09-27-2016 14:56:00,400.0,1.75,1.75,1.75,1.75
09-27-2016 14:58:00,8892.0,1.75,1.75,1.75,1.75
09-27-2016 15:00:00,37810.0,1.75,1.77,1.74,1.77
