09-07-2016 08:30:00,2381.0,2.08,2.08,2.08,2.08
09-07-2016 08:46:00,300.0,2.1224,2.225,2.1224,2.225
09-07-2016 08:47:00,300.0,2.23,2.23,2.23,2.23
09-07-2016 08:51:00,1199.0,2.1801,2.1801,2.1801,2.1801
09-07-2016 08:53:00,400.0,2.1801,2.1801,2.1801,2.1801
09-07-2016 08:59:00,100.0,2.18,2.18,2.18,2.18
09-07-2016 09:00:00,300.0,2.18,2.18,2.18,2.18
09-07-2016 09:14:00,100.0,2.1399,2.1399,2.1399,2.1399
09-07-2016 09:22:00,1100.0,2.11,2.14,2.11,2.14
09-07-2016 09:33:00,600.0,2.18,2.18,2.13,2.13
09-07-2016 09:46:00,700.0,2.13,2.13,2.13,2.13
09-07-2016 09:47:00,100.0,2.11,2.11,2.11,2.11
09-07-2016 09:56:00,900.0,2.11,2.13,2.11,2.13
09-07-2016 09:57:00,100.0,2.13,2.13,2.13,2.13
09-07-2016 10:16:00,2400.0,2.11,2.13,2.1,2.13
09-07-2016 10:35:00,100.0,2.13,2.13,2.13,2.13
09-07-2016 11:17:00,100.0,2.1453,2.1453,2.1453,2.1453
09-07-2016 12:01:00,357.0,2.1591,2.1591,2.1591,2.1591
09-07-2016 12:28:00,100.0,2.14,2.14,2.14,2.14
09-07-2016 12:46:00,700.0,2.16,2.16,2.14,2.14
09-07-2016 13:29:00,550.0,2.1329,2.1329,2.12,2.12
09-07-2016 13:44:00,100.0,2.11,2.11,2.11,2.11
09-07-2016 13:47:00,1200.0,2.12,2.12,2.11,2.11
09-07-2016 13:52:00,100.0,2.12,2.12,2.12,2.12
09-07-2016 13:54:00,100.0,2.11,2.11,2.11,2.11
09-07-2016 13:55:00,100.0,2.11,2.11,2.11,2.11
09-07-2016 13:57:00,200.0,2.11,2.11,2.11,2.11
09-07-2016 13:59:00,400.0,2.1,2.1101,2.1,2.1101
09-07-2016 14:00:00,100.0,2.1,2.1,2.1,2.1
09-07-2016 14:02:00,100.0,2.1,2.1,2.1,2.1
09-07-2016 14:03:00,100.0,2.1,2.1,2.1,2.1
09-07-2016 14:05:00,100.0,2.1,2.1,2.1,2.1
09-07-2016 14:06:00,100.0,2.1,2.1,2.1,2.1
09-07-2016 14:07:00,100.0,2.1,2.1,2.1,2.1
09-07-2016 14:08:00,100.0,2.1,2.1,2.1,2.1
09-07-2016 14:10:00,100.0,2.1,2.1,2.1,2.1
09-07-2016 14:11:00,100.0,2.1,2.1,2.1,2.1
09-07-2016 14:13:00,200.0,2.1,2.1,2.1,2.1
09-07-2016 14:15:00,100.0,2.1,2.1,2.1,2.1
09-07-2016 14:17:00,100.0,2.1,2.1,2.1,2.1
09-07-2016 14:18:00,100.0,2.1,2.1,2.1,2.1
09-07-2016 14:20:00,100.0,2.1,2.1,2.1,2.1
09-07-2016 14:21:00,100.0,2.1,2.1,2.1,2.1
09-07-2016 14:22:00,100.0,2.1,2.1,2.1,2.1
09-07-2016 14:24:00,100.0,2.1,2.1,2.1,2.1
09-07-2016 14:25:00,3700.0,2.1,2.12,2.1,2.1
09-07-2016 14:27:00,100.0,2.1,2.1,2.1,2.1
09-07-2016 14:28:00,100.0,2.1,2.1,2.1,2.1
09-07-2016 14:29:00,100.0,2.1,2.1,2.1,2.1
09-07-2016 14:30:00,100.0,2.1,2.1,2.1,2.1
09-07-2016 14:32:00,100.0,2.09,2.09,2.09,2.09
09-07-2016 14:33:00,100.0,2.09,2.09,2.09,2.09
09-07-2016 14:34:00,200.0,2.09,2.09,2.09,2.09
09-07-2016 14:36:00,200.0,2.09,2.09,2.08,2.08
09-07-2016 14:37:00,250.0,2.08,2.08,2.08,2.08
09-07-2016 14:39:00,100.0,2.08,2.08,2.08,2.08
09-07-2016 14:40:00,100.0,2.08,2.08,2.08,2.08
09-07-2016 14:41:00,200.0,2.105,2.105,2.08,2.08
09-07-2016 14:42:00,100.0,2.08,2.08,2.08,2.08
09-07-2016 14:43:00,100.0,2.08,2.08,2.08,2.08
09-07-2016 14:44:00,200.0,2.08,2.08,2.08,2.08
09-07-2016 14:45:00,100.0,2.08,2.08,2.08,2.08
09-07-2016 14:46:00,100.0,2.08,2.08,2.08,2.08
09-07-2016 14:47:00,100.0,2.08,2.08,2.08,2.08
09-07-2016 14:48:00,200.0,2.095,2.095,2.08,2.08
09-07-2016 14:49:00,100.0,2.08,2.08,2.08,2.08
09-07-2016 14:50:00,750.0,2.08,2.08,2.01,2.01
09-07-2016 14:51:00,200.0,2.01,2.01,2.01,2.01
09-07-2016 14:52:00,200.0,2.02,2.02,2.02,2.02
09-07-2016 14:53:00,200.0,2.02,2.02,2.02,2.02
09-07-2016 14:54:00,200.0,2.02,2.02,2.02,2.02
09-07-2016 14:55:00,8316.0,2.02,2.1,2.02,2.04
09-07-2016 14:56:00,1100.0,2.04,2.04,2.03,2.03
09-07-2016 14:57:00,400.0,2.03,2.06,2.03,2.03
09-07-2016 14:58:00,300.0,2.03,2.03,2.03,2.03
09-07-2016 14:59:00,300.0,2.03,2.03,2.03,2.03
09-07-2016 15:00:00,3375.0,2.03,2.03,1.98,1.98
09-07-2016 15:10:00,408.0,1.98,1.98,1.98,1.98
09-07-2016 15:23:00,408.0,1.98,1.98,1.98,1.98
09-08-2016 08:30:00,934.0,2.01,2.01,2.01,2.01
09-08-2016 08:39:00,100.0,2.02,2.02,2.02,2.02
09-08-2016 08:47:00,800.0,2.1525,2.1525,2.1,2.1
09-08-2016 08:52:00,400.0,2.1001,2.1001,2.1001,2.1001
09-08-2016 08:53:00,3186.0,2.11,2.12,2.1,2.12
09-08-2016 08:58:00,554.0,2.0201,2.0201,2.0201,2.0201
09-08-2016 08:59:00,1000.0,2.0799,2.0799,2.0799,2.0799
09-08-2016 09:05:00,2100.0,2.07,2.07,2.04,2.04
09-08-2016 09:06:00,200.0,2.064,2.064,2.064,2.064
09-08-2016 09:09:00,350.0,2.0731,2.0731,2.04,2.04
09-08-2016 09:21:00,200.0,2.02,2.02,2.02,2.02
09-08-2016 09:32:00,600.0,2.05,2.05,2.05,2.05
09-08-2016 09:33:00,1700.0,2.05,2.09,2.0,2.09
09-08-2016 09:34:00,800.0,2.09,2.1,2.09,2.1
09-08-2016 09:35:00,2100.0,2.01,2.01,1.99,1.99
09-08-2016 09:36:00,3200.0,1.98,2.0,1.95,2.0
09-08-2016 09:37:00,1400.0,1.97,1.97,1.96,1.96
09-08-2016 09:38:00,3400.0,2.0,2.015,2.0,2.01
09-08-2016 09:39:00,2600.0,2.01,2.02,2.009,2.0195
09-08-2016 09:41:00,600.0,2.0199,2.0199,2.0199,2.0199
09-08-2016 09:50:00,100.0,2.02,2.02,2.02,2.02
09-08-2016 10:10:00,464.0,2.04,2.05,2.04,2.05
09-08-2016 10:15:00,100.0,2.05,2.05,2.05,2.05
09-08-2016 10:16:00,142.0,2.07,2.07,2.07,2.07
09-08-2016 10:31:00,3100.0,2.07,2.07,2.07,2.07
09-08-2016 10:32:00,200.0,2.09,2.1,2.09,2.1
09-08-2016 10:36:00,100.0,2.11,2.11,2.11,2.11
09-08-2016 10:37:00,200.0,2.12,2.12,2.12,2.12
09-08-2016 10:38:00,200.0,2.11,2.11,2.11,2.11
09-08-2016 10:39:00,600.0,2.116,2.116,2.116,2.116
09-08-2016 10:42:00,100.0,2.1,2.1,2.1,2.1
09-08-2016 10:43:00,100.0,2.1,2.1,2.1,2.1
09-08-2016 10:44:00,100.0,2.1,2.1,2.1,2.1
09-08-2016 10:45:00,800.0,2.1,2.101,2.1,2.101
09-08-2016 10:47:00,100.0,2.08,2.08,2.08,2.08
09-08-2016 10:48:00,200.0,2.07,2.07,2.07,2.07
09-08-2016 10:53:00,4800.0,2.08,2.09,2.08,2.08
09-08-2016 10:54:00,2000.0,2.08,2.08,2.07,2.07
09-08-2016 10:55:00,5300.0,2.07,2.08,2.07,2.08
09-08-2016 11:12:00,770.0,2.0898,2.0898,2.0898,2.0898
09-08-2016 11:17:00,1000.0,2.07,2.08,2.07,2.08
09-08-2016 11:31:00,100.0,2.08,2.08,2.08,2.08
09-08-2016 11:58:00,2970.0,2.08,2.09,2.08,2.09
09-08-2016 11:59:00,100.0,2.1,2.1,2.1,2.1
09-08-2016 12:02:00,4200.0,2.1,2.1,2.0962,2.0985
09-08-2016 12:03:00,600.0,2.1001,2.13,2.1001,2.13
09-08-2016 12:08:00,100.0,2.1,2.1,2.1,2.1
09-08-2016 12:21:00,300.0,2.0901,2.0901,2.09,2.09
09-08-2016 12:28:00,100.0,2.09,2.09,2.09,2.09
09-08-2016 12:44:00,500.0,2.1,2.1,2.1,2.1
09-08-2016 13:01:00,400.0,2.1025,2.1025,2.1025,2.1025
09-08-2016 13:21:00,100.0,2.13,2.13,2.13,2.13
09-08-2016 13:46:00,2700.0,2.13,2.13,2.13,2.13
09-08-2016 13:49:00,300.0,2.13,2.13,2.13,2.13
09-08-2016 13:51:00,100.0,2.11,2.11,2.11,2.11
09-08-2016 13:59:00,4784.0,2.12,2.125,2.11,2.11
09-08-2016 14:00:00,2100.0,2.11,2.11,2.11,2.11
09-08-2016 14:10:00,100.0,2.13,2.13,2.13,2.13
09-08-2016 14:25:00,200.0,2.13,2.13,2.13,2.13
09-08-2016 14:27:00,1200.0,2.1292,2.1292,2.1292,2.1292
09-08-2016 14:36:00,1000.0,2.125,2.125,2.11,2.11
09-08-2016 14:37:00,2336.0,2.11,2.11,2.1,2.1
09-08-2016 14:51:00,8200.0,2.13,2.15,2.13,2.15
09-08-2016 14:52:00,1700.0,2.15,2.15,2.13,2.14
09-08-2016 14:53:00,900.0,2.14,2.14,2.14,2.14
09-08-2016 14:56:00,1200.0,2.145,2.145,2.12,2.12
09-08-2016 14:57:00,5200.0,2.1,2.1399,2.1,2.1399
09-08-2016 14:59:00,1000.0,2.11,2.14,2.11,2.14
09-08-2016 15:00:00,100.0,2.12,2.12,2.12,2.12
09-09-2016 08:54:00,303.0,2.1999,2.1999,2.1999,2.1999
09-09-2016 08:56:00,100.0,2.16,2.16,2.16,2.16
09-09-2016 08:57:00,100.0,2.13,2.13,2.13,2.13
09-09-2016 09:11:00,4471.0,2.12,2.17,2.12,2.12
09-09-2016 09:15:00,471.0,2.1316,2.1316,2.1316,2.1316
09-09-2016 09:41:00,200.0,2.1101,2.1101,2.1101,2.1101
09-09-2016 09:53:00,100.0,2.1224,2.1224,2.1224,2.1224
09-09-2016 09:56:00,222.0,2.11,2.11,2.11,2.11
09-09-2016 10:37:00,2800.0,2.13,2.13,2.115,2.1297
09-09-2016 10:55:00,1000.0,2.13,2.152,2.13,2.152
09-09-2016 10:59:00,200.0,2.13,2.13,2.13,2.13
09-09-2016 11:02:00,2600.0,2.15,2.15,2.11,2.15
09-09-2016 11:28:00,200.0,2.12,2.12,2.12,2.12
09-09-2016 11:32:00,1600.0,2.12,2.12,2.12,2.12
09-09-2016 13:01:00,380.0,2.1,2.1,2.1,2.1
09-09-2016 13:03:00,100.0,2.1,2.1,2.1,2.1
09-09-2016 13:14:00,3411.0,2.1,2.13,2.1,2.13
09-09-2016 13:15:00,300.0,2.115,2.115,2.115,2.115
09-09-2016 13:31:00,100.0,2.1,2.1,2.1,2.1
09-09-2016 13:35:00,100.0,2.11,2.11,2.11,2.11
09-09-2016 13:45:00,900.0,2.11,2.11,2.11,2.11
09-09-2016 13:46:00,400.0,2.11,2.11,2.1,2.1
09-09-2016 13:48:00,100.0,2.1,2.1,2.1,2.1
09-09-2016 13:51:00,200.0,2.1,2.1,2.1,2.1
09-09-2016 14:02:00,100.0,2.1,2.1,2.1,2.1
09-09-2016 14:04:00,1087.0,2.1,2.1,2.1,2.1
09-12-2016 08:43:00,105.0,2.1499,2.1499,2.1499,2.1499
09-12-2016 08:50:00,214.0,2.1044,2.1044,2.1044,2.1044
09-12-2016 09:01:00,100.0,2.11,2.11,2.11,2.11
09-12-2016 09:14:00,100.0,2.11,2.11,2.11,2.11
09-12-2016 09:18:00,1075.0,2.199,2.199,2.199,2.199
09-12-2016 09:20:00,300.0,2.15,2.15,2.15,2.15
09-12-2016 09:21:00,2000.0,2.19,2.2,2.172,2.2
09-12-2016 09:22:00,898.0,2.2,2.2,2.1593,2.1593
09-12-2016 09:34:00,700.0,2.1201,2.1201,2.1201,2.1201
09-12-2016 09:56:00,100.0,2.13,2.13,2.13,2.13
09-12-2016 10:01:00,100.0,2.12,2.12,2.12,2.12
09-12-2016 10:09:00,800.0,2.11,2.1101,2.11,2.1101
09-12-2016 10:13:00,100.0,2.11,2.11,2.11,2.11
09-12-2016 10:14:00,900.0,2.11,2.11,2.11,2.11
09-12-2016 10:16:00,359.0,2.1229,2.1229,2.1229,2.1229
09-12-2016 10:23:00,100.0,2.12,2.12,2.12,2.12
09-12-2016 10:35:00,545.0,2.134,2.134,2.134,2.134
09-12-2016 10:40:00,300.0,2.11,2.11,2.11,2.11
09-12-2016 10:45:00,413.0,2.1285,2.1285,2.1285,2.1285
09-12-2016 11:13:00,100.0,2.11,2.11,2.11,2.11
09-12-2016 11:14:00,100.0,2.11,2.11,2.11,2.11
09-12-2016 11:16:00,300.0,2.11,2.11,2.11,2.11
09-12-2016 11:20:00,521.0,2.11,2.11,2.11,2.11
09-12-2016 11:49:00,300.0,2.09,2.09,2.09,2.09
09-12-2016 12:05:00,1000.0,2.1094,2.1094,2.1094,2.1094
09-12-2016 12:22:00,500.0,2.0759,2.0759,2.0759,2.0759
09-12-2016 12:26:00,300.0,2.0754,2.0754,2.0754,2.0754
09-12-2016 12:35:00,300.0,2.0507,2.0507,2.0507,2.0507
09-12-2016 12:36:00,200.0,2.08,2.08,2.08,2.08
09-12-2016 13:06:00,100.0,2.07,2.07,2.07,2.07
09-12-2016 13:21:00,1000.0,2.0833,2.0833,2.0833,2.0833
09-12-2016 13:28:00,369.0,2.0806,2.0806,2.0806,2.0806
09-12-2016 14:09:00,492.0,2.09,2.09,2.09,2.09
09-12-2016 14:21:00,100.0,2.1,2.1,2.1,2.1
09-12-2016 14:44:00,373.0,2.1,2.1,2.1,2.1
09-12-2016 14:52:00,1000.0,2.1,2.11,2.0999,2.11
09-12-2016 14:54:00,250.0,2.11,2.125,2.11,2.125
09-12-2016 14:56:00,350.0,2.116,2.116,2.116,2.116
09-12-2016 14:57:00,100.0,2.11,2.11,2.11,2.11
09-12-2016 14:59:00,300.0,2.09,2.1,2.09,2.1
09-12-2016 15:00:00,694.0,2.1,2.1,2.1,2.1
09-13-2016 08:59:00,100.0,2.07,2.07,2.07,2.07
09-13-2016 09:15:00,121.0,2.0999,2.0999,2.0999,2.0999
09-13-2016 09:18:00,1500.0,2.1,2.1,2.099,2.099
09-13-2016 09:53:00,100.0,2.11,2.11,2.11,2.11
09-13-2016 10:59:00,2650.0,2.1075,2.11,2.1,2.1
09-13-2016 11:16:00,200.0,2.0876,2.0876,2.0876,2.0876
09-13-2016 11:28:00,100.0,2.08,2.08,2.08,2.08
09-13-2016 11:29:00,1000.0,2.08,2.08,2.08,2.08
09-13-2016 11:34:00,100.0,2.05,2.05,2.05,2.05
09-13-2016 11:48:00,100.0,2.05,2.05,2.05,2.05
09-13-2016 11:59:00,900.0,2.05,2.076,2.05,2.076
09-13-2016 12:13:00,200.0,2.07,2.07,2.07,2.07
09-13-2016 12:26:00,142.0,2.1122,2.1122,2.1122,2.1122
09-13-2016 13:01:00,100.0,2.08,2.08,2.08,2.08
09-13-2016 13:02:00,200.0,2.09,2.09,2.09,2.09
09-13-2016 13:03:00,100.0,2.09,2.09,2.09,2.09
09-13-2016 13:08:00,100.0,2.09,2.09,2.09,2.09
09-13-2016 13:15:00,1427.0,2.09,2.095,2.09,2.0901
09-13-2016 13:23:00,200.0,2.09,2.095,2.09,2.095
09-13-2016 13:24:00,1898.0,2.095,2.099,2.08,2.08
09-13-2016 13:25:00,300.0,2.0898,2.0999,2.0898,2.09
09-13-2016 13:26:00,200.0,2.0891,2.0891,2.0891,2.0891
09-13-2016 13:49:00,500.0,2.08,2.08,2.08,2.08
09-13-2016 13:52:00,200.0,2.09,2.09,2.085,2.085
09-13-2016 13:58:00,100.0,2.09,2.09,2.09,2.09
09-13-2016 13:59:00,100.0,2.08,2.08,2.08,2.08
09-13-2016 14:02:00,200.0,2.0904,2.0904,2.0904,2.0904
09-13-2016 14:05:00,100.0,2.08,2.08,2.08,2.08
09-13-2016 14:07:00,600.0,2.11,2.138,2.11,2.138
09-13-2016 14:13:00,489.0,2.13,2.13,2.112,2.112
09-13-2016 14:55:00,500.0,2.08,2.09,2.08,2.09
09-14-2016 08:30:00,300.0,2.08,2.08,2.08,2.08
09-14-2016 09:10:00,100.0,2.0844,2.0844,2.0844,2.0844
09-14-2016 09:19:00,540.0,2.0701,2.0701,2.0701,2.0701
09-14-2016 09:55:00,100.0,2.0,2.0,2.0,2.0
09-14-2016 10:39:00,250.0,2.06,2.06,2.06,2.06
09-14-2016 11:05:00,100.0,2.04,2.04,2.04,2.04
09-14-2016 11:07:00,100.0,2.02,2.02,2.02,2.02
09-14-2016 11:27:00,1000.0,2.02,2.02,2.0095,2.0095
09-14-2016 11:30:00,468.0,2.0694,2.0694,2.0694,2.0694
09-14-2016 11:31:00,300.0,2.0699,2.0699,2.0699,2.0699
09-14-2016 11:34:00,364.0,2.0793,2.0793,2.0793,2.0793
09-14-2016 12:28:00,1155.0,2.0546,2.0546,2.0,2.0
09-14-2016 12:48:00,655.0,2.06,2.07,2.0485,2.0485
09-14-2016 12:50:00,150.0,2.042,2.042,2.042,2.042
09-14-2016 13:03:00,100.0,2.0,2.0,2.0,2.0
09-14-2016 13:24:00,500.0,2.0706,2.0706,2.0706,2.0706
09-14-2016 13:42:00,100.0,2.05,2.05,2.05,2.05
09-14-2016 14:25:00,700.0,2.0352,2.0352,2.0352,2.0352
09-14-2016 14:51:00,400.0,2.04,2.04,2.04,2.04
09-14-2016 14:57:00,200.0,2.04,2.04,2.04,2.04
09-14-2016 14:59:00,900.0,2.07,2.07,2.07,2.07
09-14-2016 15:00:00,100.0,2.08,2.08,2.08,2.08
09-15-2016 08:30:00,305.0,2.04,2.04,2.04,2.04
09-15-2016 08:38:00,2934.0,1.99,1.99,1.975,1.975
09-15-2016 08:43:00,100.0,2.08,2.08,2.08,2.08
09-15-2016 08:46:00,100.0,2.13,2.13,2.13,2.13
09-15-2016 08:58:00,200.0,2.13,2.13,2.13,2.13
09-15-2016 09:59:00,160.0,2.07,2.07,2.07,2.07
09-15-2016 10:19:00,300.0,2.07,2.08,2.07,2.08
09-15-2016 10:22:00,300.0,2.09,2.094,2.09,2.094
09-15-2016 10:36:00,800.0,2.0787,2.0787,2.0787,2.0787
09-15-2016 11:22:00,300.0,2.07,2.07,2.07,2.07
09-15-2016 11:40:00,8000.0,2.05,2.05,1.96,1.96
09-15-2016 11:41:00,500.0,1.96,1.98,1.96,1.98
09-15-2016 11:42:00,39108.0,1.96,2.0,1.96,1.96
09-15-2016 11:45:00,3898.0,2.01,2.02,2.01,2.015
09-15-2016 11:48:00,6100.0,2.02,2.04,2.02,2.04
09-15-2016 11:50:00,100.0,2.03,2.03,2.03,2.03
09-15-2016 11:54:00,300.0,2.04,2.06,2.04,2.06
09-15-2016 12:05:00,100.0,2.02,2.02,2.02,2.02
09-15-2016 12:08:00,300.0,2.04,2.04,2.04,2.04
09-15-2016 12:35:00,585.0,2.0636,2.0636,2.0636,2.0636
09-15-2016 12:44:00,300.0,2.07,2.07,2.07,2.07
09-15-2016 13:32:00,142.0,2.1,2.1,2.1,2.1
09-15-2016 13:40:00,100.0,2.07,2.07,2.07,2.07
09-15-2016 13:54:00,18928.0,2.08,2.13,2.08,2.13
09-15-2016 13:59:00,1000.0,2.13,2.14,2.13,2.14
09-15-2016 14:04:00,150.0,2.1401,2.1401,2.1401,2.1401
09-15-2016 14:14:00,475.0,2.1692,2.1692,2.1692,2.1692
09-15-2016 14:18:00,500.0,2.12,2.12,2.12,2.12
09-15-2016 14:57:00,300.0,2.18,2.18,2.18,2.18
09-15-2016 14:59:00,2735.0,2.19,2.22,2.19,2.22
09-16-2016 08:30:00,200.0,2.23,2.23,2.23,2.23
09-16-2016 09:15:00,714.0,2.2,2.2,2.2,2.2
09-16-2016 09:18:00,214.0,2.237,2.237,2.237,2.237
09-16-2016 09:24:00,200.0,2.25,2.25,2.23,2.23
09-16-2016 10:27:00,275.0,2.241,2.241,2.241,2.241
09-16-2016 10:59:00,1200.0,2.24,2.24,2.23,2.23
09-16-2016 11:03:00,100.0,2.249,2.249,2.249,2.249
09-16-2016 11:24:00,2000.0,2.2476,2.2476,2.2476,2.2476
09-16-2016 11:44:00,100.0,2.22,2.22,2.22,2.22
09-16-2016 11:45:00,850.0,2.1901,2.1942,2.19,2.19
09-16-2016 12:33:00,2350.0,2.2092,2.2092,2.2092,2.2092
09-16-2016 12:43:00,3700.0,2.24,2.25,2.24,2.25
09-16-2016 12:44:00,2391.0,2.25,2.31,2.25,2.31
09-16-2016 12:45:00,200.0,2.29,2.29,2.26,2.26
09-16-2016 12:53:00,100.0,2.2,2.2,2.2,2.2
09-16-2016 13:04:00,1000.0,2.1901,2.1901,2.1901,2.1901
09-16-2016 14:58:00,200.0,2.2,2.2,2.2,2.2
09-16-2016 15:00:00,1590.0,2.24,2.24,2.24,2.24
09-19-2016 08:30:00,301.0,2.22,2.22,2.22,2.22
09-19-2016 09:03:00,360.0,2.19,2.19,2.19,2.19
09-19-2016 10:37:00,100.0,2.16,2.16,2.16,2.16
09-19-2016 11:04:00,100.0,2.2168,2.2168,2.2168,2.2168
09-19-2016 11:06:00,700.0,2.21,2.21,2.19,2.19
09-19-2016 11:07:00,4986.0,2.1965,2.23,2.19,2.23
09-19-2016 11:10:00,900.0,2.2101,2.23,2.21,2.21
09-19-2016 12:10:00,1000.0,2.18,2.2099,2.15,2.2099
09-19-2016 12:33:00,300.0,2.18,2.2,2.18,2.19
09-19-2016 13:31:00,500.0,2.2204,2.2204,2.2204,2.2204
09-19-2016 13:56:00,300.0,2.2101,2.2101,2.21,2.21
09-19-2016 13:58:00,360.0,2.21,2.21,2.2099,2.2099
09-19-2016 14:50:00,100.0,2.2,2.2,2.2,2.2
09-19-2016 14:55:00,200.0,2.19,2.195,2.19,2.195
09-19-2016 14:56:00,100.0,2.19,2.19,2.19,2.19
09-19-2016 14:57:00,100.0,2.2,2.2,2.2,2.2
09-19-2016 14:59:00,200.0,2.2,2.21,2.2,2.21
09-19-2016 15:00:00,1533.0,2.2,2.2,2.2,2.2
09-19-2016 15:01:00,413.0,2.21,2.21,2.21,2.21
09-19-2016 15:32:00,1.0,2.56,2.56,2.56,2.56
09-19-2016 15:34:00,1.0,2.76,2.76,2.76,2.76
09-19-2016 15:37:00,1.0,2.43,2.43,2.43,2.43
09-19-2016 15:39:00,1400.0,2.72,2.88,2.72,2.88
09-19-2016 15:40:00,317.0,2.88,2.88,2.88,2.88
09-19-2016 16:01:00,2150.0,2.85,3.0,2.85,2.85
09-19-2016 16:05:00,1240.0,2.83,2.85,2.83,2.85
09-19-2016 16:06:00,367.0,2.85,2.86,2.85,2.85
09-19-2016 16:07:00,1030.0,2.88,2.88,2.88,2.88
09-19-2016 16:08:00,800.0,2.88,2.88,2.88,2.88
09-19-2016 16:31:00,300.0,2.85,2.85,2.85,2.85
09-19-2016 16:38:00,1000.0,2.85,2.85,2.85,2.85
09-19-2016 16:42:00,1.0,2.85,2.85,2.85,2.85
09-19-2016 16:58:00,395.0,2.85,2.85,2.85,2.85
09-19-2016 17:07:00,425.0,2.75,2.75,2.75,2.75
09-19-2016 17:13:00,1300.0,2.8,2.85,2.8,2.85
09-19-2016 17:25:00,80.0,2.85,2.85,2.85,2.85
09-19-2016 17:30:00,200.0,2.85,2.85,2.85,2.85
09-19-2016 17:36:00,300.0,2.83,2.83,2.83,2.83
09-19-2016 17:38:00,100.0,2.85,2.85,2.85,2.85
09-19-2016 18:54:00,875.0,2.85,2.85,2.76,2.76
09-19-2016 18:59:00,1200.0,2.85,2.92,2.85,2.92
09-20-2016 06:34:00,300.0,2.89,2.89,2.89,2.89
09-20-2016 06:40:00,200.0,2.89,2.9,2.89,2.9
09-20-2016 06:41:00,100.0,2.89,2.89,2.89,2.89
09-20-2016 07:02:00,1000.0,2.9,2.9,2.9,2.9
09-20-2016 07:04:00,3900.0,2.9,2.9,2.9,2.9
09-20-2016 07:05:00,4200.0,2.94,3.05,2.94,3.05
09-20-2016 07:08:00,200.0,3.04,3.04,3.0,3.0
09-20-2016 07:16:00,1000.0,2.95,2.95,2.95,2.95
09-20-2016 07:17:00,100.0,3.03,3.03,3.03,3.03
09-20-2016 07:19:00,300.0,3.02,3.02,3.02,3.02
09-20-2016 07:20:00,1800.0,3.0,3.0,2.97,2.97
09-20-2016 07:24:00,200.0,2.97,2.97,2.97,2.97
09-20-2016 07:25:00,300.0,2.97,2.97,2.96,2.96
09-20-2016 07:26:00,958.0,2.97,2.97,2.96,2.96
09-20-2016 07:27:00,3700.0,2.95,2.95,2.9,2.9
09-20-2016 07:30:00,1200.0,2.82,2.82,2.8,2.8
09-20-2016 07:31:00,500.0,2.81,2.81,2.81,2.81
09-20-2016 07:33:00,2000.0,2.85,2.85,2.82,2.85
09-20-2016 07:34:00,300.0,3.0,3.0,2.84,2.84
09-20-2016 07:43:00,100.0,2.84,2.84,2.84,2.84
09-20-2016 07:45:00,100.0,2.79,2.79,2.79,2.79
09-20-2016 07:51:00,1250.0,2.8,3.04,2.8,2.8
09-20-2016 07:52:00,1000.0,2.8,2.85,2.8,2.8
09-20-2016 07:55:00,1270.0,2.81,2.81,2.8,2.8
09-20-2016 07:56:00,100.0,2.8,2.8,2.8,2.8
09-20-2016 08:00:00,100.0,2.78,2.78,2.78,2.78
09-20-2016 08:01:00,2300.0,2.77,2.77,2.75,2.75
09-20-2016 08:04:00,3000.0,2.74,2.8,2.74,2.8
09-20-2016 08:06:00,100.0,2.76,2.76,2.76,2.76
09-20-2016 08:07:00,700.0,2.75,2.75,2.75,2.75
09-20-2016 08:08:00,8000.0,2.72,2.79,2.71,2.79
09-20-2016 08:09:00,1500.0,2.71,2.71,2.71,2.71
09-20-2016 08:10:00,5000.0,2.79,2.79,2.77,2.78
09-20-2016 08:11:00,300.0,2.8,2.8,2.8,2.8
09-20-2016 08:16:00,6200.0,2.79,2.79,2.75,2.75
09-20-2016 08:17:00,760.0,2.8,2.8,2.8,2.8
09-20-2016 08:21:00,1940.0,2.8,2.8,2.8,2.8
09-20-2016 08:22:00,800.0,2.8,2.8,2.8,2.8
09-20-2016 08:28:00,400.0,2.74,2.74,2.71,2.71
09-20-2016 08:30:00,7195.0,2.68,2.68,2.68,2.68
09-20-2016 08:31:00,12667.0,2.68,2.73,2.6151,2.65
09-20-2016 08:32:00,5542.0,2.6805,2.6805,2.53,2.63
09-20-2016 08:33:00,103886.0,2.63,2.85,2.62,2.7
09-20-2016 08:34:00,27870.0,2.7,2.75,2.54,2.65
09-20-2016 08:35:00,3900.0,2.64,2.65,2.5701,2.6024
09-20-2016 08:36:00,41751.0,2.6,2.65,2.54,2.55
09-20-2016 08:37:00,34600.0,2.55,2.57,2.51,2.55
09-20-2016 08:38:00,3790.0,2.55,2.56,2.53,2.53
09-20-2016 08:39:00,7475.0,2.53,2.53,2.4911,2.5182
09-20-2016 08:40:00,10500.0,2.51,2.54,2.49,2.52
09-20-2016 08:41:00,8845.0,2.5,2.56,2.495,2.56
09-20-2016 08:42:00,3541.0,2.56,2.59,2.53,2.59
09-20-2016 08:43:00,6100.0,2.585,2.59,2.55,2.59
09-20-2016 08:44:00,8070.0,2.58,2.58,2.5,2.55
09-20-2016 08:46:00,315.0,2.52,2.5499,2.52,2.5499
09-20-2016 08:47:00,2120.0,2.5395,2.55,2.5395,2.55
09-20-2016 08:48:00,2500.0,2.59,2.62,2.59,2.612
09-20-2016 08:49:00,5600.0,2.61,2.6599,2.61,2.6599
09-20-2016 08:50:00,7920.0,2.608,2.625,2.58,2.586
09-20-2016 08:51:00,250.0,2.5904,2.5904,2.5904,2.5904
09-20-2016 08:52:00,939.0,2.6,2.6,2.55,2.59
09-20-2016 08:53:00,500.0,2.57,2.57,2.57,2.57
09-20-2016 08:54:00,200.0,2.5698,2.5698,2.5698,2.5698
09-20-2016 08:56:00,2200.0,2.5686,2.5686,2.552,2.552
09-20-2016 08:57:00,2600.0,2.56,2.57,2.52,2.52
09-20-2016 08:59:00,300.0,2.51,2.53,2.51,2.53
09-20-2016 09:00:00,900.0,2.524,2.524,2.52,2.52
09-20-2016 09:01:00,7200.0,2.53,2.53,2.5,2.5
09-20-2016 09:02:00,996.0,2.49,2.49,2.49,2.49
09-20-2016 09:03:00,4190.0,2.4712,2.49,2.4712,2.4734
09-20-2016 09:04:00,11114.0,2.49,2.55,2.47,2.544
09-20-2016 09:05:00,7000.0,2.5311,2.5311,2.48,2.48
09-20-2016 09:07:00,1600.0,2.4801,2.5394,2.4801,2.5394
09-20-2016 09:09:00,700.0,2.53,2.55,2.53,2.55
09-20-2016 09:10:00,400.0,2.49,2.49,2.49,2.49
09-20-2016 09:14:00,500.0,2.51,2.51,2.51,2.51
09-20-2016 09:15:00,5980.0,2.5004,2.58,2.5004,2.58
09-20-2016 09:21:00,2300.0,2.5236,2.57,2.5,2.51
09-20-2016 09:22:00,300.0,2.52,2.52,2.52,2.52
09-20-2016 09:23:00,400.0,2.54,2.54,2.54,2.54
09-20-2016 09:27:00,600.0,2.52,2.52,2.52,2.52
09-20-2016 09:30:00,200.0,2.5299,2.5299,2.5299,2.5299
09-20-2016 09:31:00,2500.0,2.521,2.53,2.521,2.53
09-20-2016 09:33:00,710.0,2.529,2.55,2.529,2.55
09-20-2016 09:34:00,250.0,2.549,2.549,2.549,2.549
09-20-2016 09:35:00,1600.0,2.542,2.55,2.542,2.55
09-20-2016 09:36:00,2000.0,2.55,2.57,2.55,2.57
09-20-2016 09:37:00,900.0,2.57,2.58,2.57,2.58
09-20-2016 09:38:00,900.0,2.5871,2.59,2.57,2.59
09-20-2016 09:39:00,1910.0,2.582,2.59,2.5701,2.5899
09-20-2016 09:40:00,38195.0,2.6,2.71,2.59,2.71
09-20-2016 09:41:00,8290.0,2.71,2.71,2.626,2.626
09-20-2016 09:43:00,2700.0,2.638,2.638,2.638,2.638
09-20-2016 09:45:00,7050.0,2.6699,2.68,2.6531,2.6531
09-20-2016 09:47:00,1081.0,2.67,2.69,2.67,2.69
09-20-2016 09:48:00,1750.0,2.69,2.69,2.674,2.6899
09-20-2016 09:51:00,3170.0,2.6864,2.69,2.66,2.69
09-20-2016 09:52:00,3100.0,2.69,2.71,2.69,2.6985
09-20-2016 09:53:00,700.0,2.7072,2.7072,2.7072,2.7072
09-20-2016 09:54:00,700.0,2.698,2.698,2.698,2.698
09-20-2016 09:55:00,200.0,2.69,2.69,2.69,2.69
09-20-2016 09:56:00,5000.0,2.69,2.7,2.66,2.7
09-20-2016 09:57:00,1100.0,2.67,2.67,2.66,2.66
09-20-2016 09:59:00,750.0,2.642,2.642,2.642,2.642
09-20-2016 10:00:00,2200.0,2.6101,2.6135,2.61,2.6135
09-20-2016 10:01:00,1100.0,2.635,2.635,2.63,2.63
09-20-2016 10:05:00,100.0,2.6156,2.6156,2.6156,2.6156
09-20-2016 10:13:00,200.0,2.64,2.65,2.64,2.65
09-20-2016 10:17:00,700.0,2.6578,2.6578,2.6578,2.6578
09-20-2016 10:20:00,500.0,2.68,2.68,2.6797,2.6797
09-20-2016 10:21:00,3450.0,2.6896,2.69,2.67,2.6768
09-20-2016 10:34:00,800.0,2.68,2.68,2.6785,2.6785
09-20-2016 10:35:00,800.0,2.67,2.67,2.67,2.67
09-20-2016 10:44:00,2000.0,2.6628,2.6628,2.6628,2.6628
09-20-2016 10:46:00,300.0,2.65,2.6514,2.65,2.6514
09-20-2016 10:47:00,1100.0,2.666,2.666,2.66,2.66
09-20-2016 10:48:00,1100.0,2.65,2.66,2.65,2.65
09-20-2016 10:49:00,3300.0,2.6463,2.66,2.63,2.66
09-20-2016 10:55:00,200.0,2.659,2.659,2.659,2.659
09-20-2016 10:56:00,500.0,2.6599,2.6599,2.6599,2.6599
09-20-2016 10:59:00,100.0,2.63,2.63,2.63,2.63
09-20-2016 11:08:00,700.0,2.6449,2.6449,2.63,2.63
09-20-2016 11:09:00,1600.0,2.62,2.62,2.61,2.61
09-20-2016 11:10:00,1300.0,2.61,2.61,2.61,2.61
09-20-2016 11:11:00,767.0,2.61,2.61,2.57,2.57
09-20-2016 11:12:00,5570.0,2.58,2.58,2.54,2.54
09-20-2016 11:13:00,200.0,2.54,2.54,2.54,2.54
09-20-2016 11:14:00,1183.0,2.5401,2.5401,2.54,2.54
09-20-2016 11:15:00,300.0,2.54,2.54,2.54,2.54
09-20-2016 11:18:00,800.0,2.54,2.54,2.5399,2.5399
09-20-2016 11:27:00,4200.0,2.6404,2.65,2.6404,2.65
09-20-2016 11:38:00,500.0,2.638,2.638,2.638,2.638
09-20-2016 11:42:00,2720.0,2.649,2.65,2.63,2.63
09-20-2016 11:43:00,300.0,2.6098,2.6098,2.6098,2.6098
09-20-2016 11:46:00,125.0,2.6,2.6,2.6,2.6
09-20-2016 11:53:00,3300.0,2.6035,2.62,2.6,2.62
09-20-2016 11:59:00,100.0,2.62,2.62,2.62,2.62
09-20-2016 12:00:00,200.0,2.62,2.62,2.62,2.62
09-20-2016 12:02:00,2000.0,2.6449,2.6449,2.6449,2.6449
09-20-2016 12:04:00,400.0,2.65,2.65,2.65,2.65
09-20-2016 12:05:00,500.0,2.6446,2.6446,2.6446,2.6446
09-20-2016 12:13:00,500.0,2.64,2.64,2.64,2.64
09-20-2016 12:16:00,500.0,2.64,2.64,2.64,2.64
09-20-2016 12:21:00,800.0,2.6201,2.6201,2.62,2.62
09-20-2016 12:22:00,763.0,2.62,2.62,2.62,2.62
09-20-2016 12:26:00,2100.0,2.64,2.64,2.6328,2.64
09-20-2016 12:32:00,500.0,2.625,2.625,2.6101,2.6101
09-20-2016 12:39:00,8553.0,2.6399,2.66,2.6251,2.66
09-20-2016 12:42:00,1800.0,2.64,2.655,2.64,2.6401
09-20-2016 12:45:00,1000.0,2.655,2.655,2.65,2.65
09-20-2016 12:46:00,100.0,2.64,2.64,2.64,2.64
09-20-2016 12:47:00,7500.0,2.64,2.6699,2.64,2.6699
09-20-2016 12:51:00,200.0,2.67,2.68,2.67,2.68
09-20-2016 12:52:00,3700.0,2.69,2.71,2.69,2.7
09-20-2016 12:54:00,1100.0,2.6828,2.69,2.6828,2.69
09-20-2016 12:59:00,600.0,2.6786,2.6786,2.6786,2.6786
09-20-2016 13:11:00,1100.0,2.6707,2.69,2.6707,2.69
09-20-2016 13:15:00,400.0,2.651,2.69,2.651,2.69
09-20-2016 13:23:00,2100.0,2.6643,2.69,2.65,2.69
09-20-2016 13:27:00,6300.0,2.67,2.69,2.65,2.69
09-20-2016 13:32:00,474.0,2.67,2.67,2.65,2.65
09-20-2016 13:34:00,250.0,2.6599,2.6599,2.6599,2.6599
09-20-2016 13:35:00,1585.0,2.66,2.66,2.6501,2.66
09-20-2016 13:40:00,100.0,2.655,2.655,2.655,2.655
09-20-2016 13:45:00,386.0,2.66,2.66,2.65,2.65
09-20-2016 13:47:00,100.0,2.61,2.61,2.61,2.61
09-20-2016 13:48:00,2200.0,2.61,2.62,2.6,2.62
09-20-2016 13:51:00,16873.0,2.62,2.68,2.62,2.68
09-20-2016 13:53:00,800.0,2.64,2.68,2.64,2.67
09-20-2016 13:55:00,300.0,2.668,2.668,2.668,2.668
09-20-2016 13:57:00,100.0,2.68,2.68,2.68,2.68
09-20-2016 14:02:00,2865.0,2.665,2.68,2.6599,2.68
09-20-2016 14:05:00,5038.0,2.663,2.68,2.6512,2.68
09-20-2016 14:06:00,300.0,2.68,2.68,2.679,2.679
09-20-2016 14:09:00,1300.0,2.67,2.68,2.665,2.665
09-20-2016 14:10:00,200.0,2.67,2.67,2.67,2.67
09-20-2016 14:11:00,100.0,2.67,2.67,2.67,2.67
09-20-2016 14:12:00,100.0,2.67,2.67,2.67,2.67
09-20-2016 14:18:00,200.0,2.65,2.6799,2.65,2.6799
09-20-2016 14:22:00,100.0,2.6664,2.6664,2.6664,2.6664
09-20-2016 14:23:00,800.0,2.67,2.67,2.67,2.67
09-20-2016 14:26:00,300.0,2.67,2.67,2.669,2.669
09-20-2016 14:30:00,400.0,2.67,2.68,2.67,2.68
09-20-2016 14:31:00,550.0,2.6786,2.6799,2.6786,2.6799
09-20-2016 14:32:00,500.0,2.68,2.68,2.6786,2.68
09-20-2016 14:33:00,2000.0,2.68,2.68,2.6675,2.6675
09-20-2016 14:35:00,300.0,2.69,2.7,2.69,2.7
09-20-2016 14:36:00,383.0,2.7,2.7,2.7,2.7
09-20-2016 14:37:00,2300.0,2.6801,2.6814,2.67,2.67
09-20-2016 14:38:00,200.0,2.69,2.69,2.69,2.69
09-20-2016 14:40:00,400.0,2.6893,2.6893,2.68,2.68
09-20-2016 14:41:00,2675.0,2.69,2.6999,2.689,2.6999
09-20-2016 14:42:00,7786.0,2.695,2.7,2.69,2.698
09-20-2016 14:43:00,100.0,2.68,2.68,2.68,2.68
09-20-2016 14:44:00,400.0,2.68,2.68,2.68,2.68
09-20-2016 14:45:00,100.0,2.68,2.68,2.68,2.68
09-20-2016 14:46:00,1250.0,2.6826,2.685,2.6826,2.685
09-20-2016 14:47:00,100.0,2.68,2.68,2.68,2.68
09-20-2016 14:50:00,300.0,2.68,2.68,2.68,2.68
09-20-2016 14:52:00,200.0,2.67,2.67,2.67,2.67
09-20-2016 14:55:00,800.0,2.68,2.68,2.6701,2.6701
09-20-2016 14:56:00,1300.0,2.6886,2.69,2.6886,2.69
09-20-2016 14:57:00,300.0,2.678,2.678,2.678,2.678
09-20-2016 14:58:00,938.0,2.68,2.69,2.68,2.69
09-20-2016 14:59:00,7100.0,2.67,2.7,2.67,2.6999
09-20-2016 15:00:00,8777.0,2.7,2.71,2.6889,2.71
09-21-2016 06:32:00,2000.0,2.8,2.93,2.8,2.93
09-21-2016 07:23:00,500.0,2.7,2.7,2.7,2.7
09-21-2016 08:00:00,500.0,2.82,2.82,2.82,2.82
09-21-2016 08:28:00,1000.0,2.82,2.82,2.82,2.82
09-21-2016 08:30:00,3811.0,2.77,2.77,2.77,2.77
09-21-2016 08:32:00,1909.0,2.78,2.78,2.75,2.75
09-21-2016 08:35:00,755.0,2.73,2.75,2.72,2.75
09-21-2016 08:36:00,475.0,2.7294,2.7294,2.7294,2.7294
09-21-2016 08:37:00,300.0,2.76,2.76,2.76,2.76
09-21-2016 08:38:00,2240.0,2.7528,2.7638,2.75,2.75
09-21-2016 08:39:00,400.0,2.6975,2.6975,2.6975,2.6975
09-21-2016 08:40:00,100.0,2.71,2.71,2.71,2.71
09-21-2016 08:41:00,230.0,2.7101,2.7101,2.7101,2.7101
09-21-2016 08:43:00,1300.0,2.7499,2.75,2.7499,2.75
09-21-2016 08:44:00,525.0,2.776,2.776,2.776,2.776
09-21-2016 08:46:00,950.0,2.8,2.8,2.7825,2.7825
09-21-2016 08:47:00,345.0,2.8,2.8,2.8,2.8
09-21-2016 08:48:00,1500.0,2.8,2.8,2.8,2.8
09-21-2016 08:49:00,900.0,2.8,2.8,2.8,2.8
09-21-2016 08:50:00,29266.0,2.79,2.88,2.79,2.84
09-21-2016 08:51:00,27750.0,2.88,2.91,2.81,2.8599
09-21-2016 08:52:00,17745.0,2.86,2.86,2.8,2.8404
09-21-2016 08:53:00,20622.0,2.8241,2.85,2.8,2.8042
09-21-2016 08:54:00,600.0,2.83,2.85,2.83,2.85
09-21-2016 08:55:00,1200.0,2.82,2.85,2.82,2.85
09-21-2016 08:56:00,1300.0,2.8101,2.85,2.8101,2.85
09-21-2016 08:57:00,400.0,2.85,2.85,2.85,2.85
09-21-2016 08:59:00,2925.0,2.8486,2.8486,2.8259,2.8259
09-21-2016 09:00:00,800.0,2.85,2.85,2.8472,2.8472
09-21-2016 09:01:00,1000.0,2.8237,2.8237,2.8237,2.8237
09-21-2016 09:02:00,1400.0,2.829,2.85,2.829,2.85
09-21-2016 09:03:00,2177.0,2.8347,2.85,2.8321,2.85
09-21-2016 09:05:00,500.0,2.85,2.85,2.85,2.85
09-21-2016 09:06:00,300.0,2.83,2.83,2.83,2.83
09-21-2016 09:07:00,400.0,2.83,2.83,2.83,2.83
09-21-2016 09:08:00,1100.0,2.82,2.82,2.8,2.8052
09-21-2016 09:10:00,5800.0,2.8079,2.817,2.79,2.817
09-21-2016 09:12:00,700.0,2.7772,2.7772,2.7772,2.7772
09-21-2016 09:14:00,1900.0,2.7552,2.7552,2.71,2.71
09-21-2016 09:15:00,3520.0,2.73,2.81,2.71,2.8099
09-21-2016 09:16:00,700.0,2.7858,2.7858,2.7858,2.7858
09-21-2016 09:18:00,5200.0,2.7812,2.83,2.7673,2.7673
09-21-2016 09:20:00,200.0,2.773,2.773,2.773,2.773
09-21-2016 09:35:00,1000.0,2.7701,2.7701,2.7701,2.7701
09-21-2016 09:37:00,11093.0,2.785,2.785,2.7,2.78
09-21-2016 09:38:00,550.0,2.76,2.8,2.76,2.8
09-21-2016 09:45:00,200.0,2.815,2.815,2.8,2.8
09-21-2016 09:50:00,400.0,2.78,2.78,2.78,2.78
09-21-2016 09:53:00,2000.0,2.8199,2.8199,2.8199,2.8199
09-21-2016 09:55:00,5250.0,2.819,2.83,2.819,2.83
09-21-2016 09:56:00,1300.0,2.8,2.83,2.8,2.83
09-21-2016 09:57:00,7320.0,2.82,2.85,2.804,2.85
09-21-2016 09:58:00,3000.0,2.846,2.85,2.83,2.83
09-21-2016 10:00:00,381.0,2.83,2.83,2.83,2.83
09-21-2016 10:09:00,2300.0,2.815,2.84,2.815,2.84
09-21-2016 10:11:00,1700.0,2.82,2.839,2.82,2.839
09-21-2016 10:14:00,500.0,2.8386,2.8389,2.8386,2.8389
09-21-2016 10:17:00,3300.0,2.8264,2.84,2.8264,2.84
09-21-2016 10:18:00,400.0,2.84,2.84,2.84,2.84
09-21-2016 10:19:00,4500.0,2.84,2.84,2.8298,2.84
09-21-2016 10:21:00,200.0,2.82,2.82,2.82,2.82
09-21-2016 10:23:00,3200.0,2.8201,2.84,2.8201,2.84
09-21-2016 10:27:00,300.0,2.832,2.832,2.832,2.832
09-21-2016 10:31:00,707.0,2.82,2.82,2.78,2.78
09-21-2016 10:43:00,700.0,2.816,2.816,2.78,2.78
09-21-2016 10:53:00,2000.0,2.8194,2.8194,2.8194,2.8194
09-21-2016 10:56:00,2100.0,2.81,2.83,2.81,2.83
09-21-2016 11:00:00,850.0,2.8299,2.8299,2.805,2.805
09-21-2016 11:07:00,2400.0,2.8025,2.8299,2.8025,2.805
09-21-2016 11:22:00,2450.0,2.81,2.81,2.795,2.81
09-21-2016 11:26:00,697.0,2.7925,2.8,2.78,2.78
09-21-2016 11:34:00,300.0,2.8,2.8,2.8,2.8
09-21-2016 11:35:00,300.0,2.8,2.8,2.8,2.8
09-21-2016 11:36:00,200.0,2.8,2.8,2.8,2.8
09-21-2016 11:39:00,300.0,2.8,2.8,2.8,2.8
09-21-2016 11:52:00,458.0,2.78,2.809,2.78,2.809
09-21-2016 12:01:00,1000.0,2.81,2.81,2.81,2.81
09-21-2016 12:03:00,2000.0,2.7801,2.7891,2.7801,2.7891
09-21-2016 12:17:00,5700.0,2.8,2.81,2.797,2.81
09-21-2016 12:33:00,100.0,2.78,2.78,2.78,2.78
09-21-2016 12:42:00,5200.0,2.8058,2.81,2.8058,2.81
09-21-2016 12:48:00,900.0,2.81,2.81,2.81,2.81
09-21-2016 12:57:00,300.0,2.79,2.79,2.79,2.79
09-21-2016 13:02:00,100.0,2.8,2.8,2.8,2.8
09-21-2016 13:06:00,500.0,2.8,2.8,2.8,2.8
09-21-2016 13:07:00,1600.0,2.81,2.81,2.81,2.81
09-21-2016 13:08:00,1300.0,2.81,2.81,2.7916,2.81
09-21-2016 13:10:00,2400.0,2.8,2.81,2.8,2.81
09-21-2016 13:15:00,1600.0,2.8,2.8,2.8,2.8
09-21-2016 13:16:00,700.0,2.8,2.8,2.8,2.8
09-21-2016 13:19:00,700.0,2.8,2.8072,2.8,2.8072
09-21-2016 13:24:00,800.0,2.801,2.801,2.801,2.801
09-21-2016 13:31:00,14421.0,2.81,2.83,2.81,2.83
09-21-2016 13:34:00,500.0,2.8216,2.8216,2.8216,2.8216
09-21-2016 13:38:00,2500.0,2.83,2.83,2.83,2.83
09-21-2016 13:43:00,1300.0,2.83,2.85,2.83,2.85
09-21-2016 13:45:00,500.0,2.83,2.83,2.83,2.83
09-21-2016 13:51:00,1000.0,2.824,2.824,2.824,2.824
09-21-2016 14:02:00,100.0,2.82,2.82,2.82,2.82
09-21-2016 14:06:00,200.0,2.82,2.82,2.82,2.82
09-21-2016 14:10:00,1300.0,2.8499,2.85,2.8499,2.85
09-21-2016 14:12:00,1200.0,2.8396,2.8396,2.8396,2.8396
09-21-2016 14:13:00,550.0,2.8499,2.85,2.8499,2.85
09-21-2016 14:15:00,1500.0,2.85,2.85,2.85,2.85
09-21-2016 14:18:00,1200.0,2.83,2.84,2.83,2.84
09-21-2016 14:26:00,3200.0,2.84,2.85,2.8196,2.85
09-21-2016 14:27:00,2300.0,2.85,2.85,2.85,2.85
09-21-2016 14:32:00,3100.0,2.82,2.85,2.82,2.85
09-21-2016 14:33:00,2300.0,2.8246,2.85,2.81,2.81
09-21-2016 14:38:00,200.0,2.81,2.81,2.81,2.81
09-21-2016 14:43:00,4300.0,2.83,2.85,2.83,2.85
09-21-2016 14:44:00,200.0,2.81,2.81,2.81,2.81
09-21-2016 14:45:00,2400.0,2.8,2.8,2.8,2.8
09-21-2016 14:46:00,700.0,2.83,2.85,2.81,2.81
09-21-2016 14:48:00,100.0,2.84,2.84,2.84,2.84
09-21-2016 14:49:00,1056.0,2.823,2.823,2.823,2.823
09-21-2016 14:50:00,1000.0,2.8296,2.8296,2.8296,2.8296
09-21-2016 14:55:00,5600.0,2.82,2.85,2.82,2.85
09-21-2016 14:57:00,200.0,2.8499,2.85,2.8499,2.85
09-21-2016 14:58:00,300.0,2.82,2.8201,2.82,2.8201
09-21-2016 15:00:00,1200.0,2.82,2.85,2.82,2.84
09-22-2016 08:30:00,351.0,2.81,2.81,2.81,2.81
09-22-2016 08:33:00,400.0,2.787,2.787,2.787,2.787
09-22-2016 08:34:00,1300.0,2.8195,2.8195,2.8,2.8
09-22-2016 08:35:00,1000.0,2.7999,2.7999,2.7999,2.7999
09-22-2016 08:36:00,100.0,2.8,2.8,2.8,2.8
09-22-2016 08:38:00,27244.0,2.78,2.85,2.66,2.82
09-22-2016 08:40:00,105.0,2.7871,2.7871,2.7871,2.7871
09-22-2016 08:42:00,800.0,2.85,2.85,2.85,2.85
09-22-2016 08:44:00,1000.0,2.835,2.835,2.835,2.835
09-22-2016 08:45:00,1125.0,2.82,2.82,2.8,2.8
09-22-2016 08:46:00,100.0,2.72,2.72,2.72,2.72
09-22-2016 08:59:00,500.0,2.7483,2.7483,2.7483,2.7483
09-22-2016 09:03:00,1974.0,2.73,2.78,2.73,2.78
09-22-2016 09:12:00,150.0,2.7601,2.7601,2.7601,2.7601
09-22-2016 09:15:00,2971.0,2.7764,2.7764,2.75,2.77
09-22-2016 09:22:00,414.0,2.76,2.7803,2.76,2.7803
09-22-2016 09:25:00,200.0,2.773,2.773,2.773,2.773
09-22-2016 09:36:00,2600.0,2.7779,2.78,2.7779,2.78
09-22-2016 09:41:00,100.0,2.7727,2.7727,2.7727,2.7727
09-22-2016 09:45:00,1500.0,2.75,2.7514,2.75,2.7514
09-22-2016 09:49:00,770.0,2.7355,2.7355,2.7355,2.7355
09-22-2016 09:51:00,2132.0,2.72,2.73,2.72,2.73
09-22-2016 09:52:00,5200.0,2.691,2.7,2.69,2.6928
09-22-2016 09:55:00,300.0,2.73,2.77,2.73,2.765
09-22-2016 10:13:00,450.0,2.71,2.71,2.7,2.7
09-22-2016 10:30:00,300.0,2.7,2.7,2.7,2.7
09-22-2016 10:31:00,1302.0,2.69,2.6999,2.69,2.6999
09-22-2016 10:51:00,500.0,2.7,2.739,2.7,2.739
09-22-2016 10:53:00,1387.0,2.74,2.75,2.7216,2.7216
09-22-2016 11:03:00,100.0,2.73,2.73,2.73,2.73
09-22-2016 11:28:00,400.0,2.73,2.73,2.73,2.73
09-22-2016 11:48:00,2744.0,2.74,2.77,2.71,2.77
09-22-2016 12:02:00,100.0,2.7201,2.7201,2.7201,2.7201
09-22-2016 12:14:00,200.0,2.745,2.745,2.745,2.745
09-22-2016 12:44:00,200.0,2.75,2.75,2.75,2.75
09-22-2016 12:59:00,1000.0,2.753,2.753,2.753,2.753
09-22-2016 13:05:00,150.0,2.75,2.75,2.75,2.75
09-22-2016 13:28:00,410.0,2.7513,2.7513,2.7513,2.7513
09-22-2016 13:51:00,100.0,2.7399,2.7399,2.7399,2.7399
09-22-2016 13:58:00,4216.0,2.73,2.75,2.7,2.75
09-22-2016 14:12:00,9100.0,2.7497,2.756,2.72,2.728
09-22-2016 14:18:00,400.0,2.78,2.78,2.78,2.78
09-22-2016 14:37:00,2500.0,2.741,2.741,2.71,2.71
09-22-2016 14:41:00,1300.0,2.77,2.7789,2.7672,2.7789
09-22-2016 14:43:00,2493.0,2.73,2.74,2.7,2.7
09-22-2016 14:44:00,1000.0,2.7001,2.7001,2.7,2.7
09-22-2016 14:48:00,400.0,2.7579,2.7579,2.7579,2.7579
09-22-2016 14:51:00,500.0,2.745,2.745,2.73,2.73
09-22-2016 14:57:00,700.0,2.7586,2.76,2.75,2.75
09-22-2016 14:58:00,200.0,2.7589,2.76,2.7589,2.76
09-22-2016 14:59:00,100.0,2.74,2.74,2.74,2.74
09-22-2016 15:00:00,691.0,2.71,2.71,2.71,2.71
09-22-2016 15:01:00,333.0,2.71,2.71,2.71,2.71
09-22-2016 16:05:00,3.0,2.71,2.71,2.71,2.71
09-23-2016 07:57:00,630.0,2.67,2.67,2.66,2.66
09-23-2016 08:30:00,1852.0,2.78,2.78,2.78,2.78
09-23-2016 08:31:00,1000.0,2.7252,2.7252,2.7252,2.7252
09-23-2016 08:34:00,2000.0,2.78,2.78,2.7001,2.7001
09-23-2016 08:38:00,200.0,2.71,2.71,2.71,2.71
09-23-2016 08:40:00,3000.0,2.7101,2.7101,2.71,2.71
09-23-2016 08:41:00,1732.0,2.7,2.7001,2.7,2.7001
09-23-2016 08:42:00,2319.0,2.7,2.7,2.66,2.66
09-23-2016 08:43:00,900.0,2.613,2.613,2.613,2.613
09-23-2016 08:46:00,400.0,2.64,2.65,2.64,2.65
09-23-2016 09:00:00,1800.0,2.66,2.7,2.65,2.655
09-23-2016 09:03:00,8534.0,2.65,2.677,2.51,2.51
09-23-2016 09:10:00,100.0,2.5601,2.5601,2.5601,2.5601
09-23-2016 09:13:00,200.0,2.66,2.66,2.66,2.66
09-23-2016 09:14:00,725.0,2.5601,2.659,2.5601,2.659
09-23-2016 09:15:00,400.0,2.625,2.625,2.625,2.625
09-23-2016 09:17:00,200.0,2.635,2.65,2.635,2.65
09-23-2016 09:21:00,400.0,2.6467,2.66,2.645,2.66
09-23-2016 09:25:00,1000.0,2.6444,2.6444,2.6444,2.6444
09-23-2016 09:34:00,830.0,2.63,2.64,2.6,2.6
09-23-2016 09:36:00,200.0,2.6145,2.6145,2.6145,2.6145
09-23-2016 09:38:00,800.0,2.6099,2.6099,2.5968,2.5968
09-23-2016 09:39:00,100.0,2.61,2.61,2.61,2.61
09-23-2016 09:47:00,4800.0,2.62,2.662,2.61,2.615
09-23-2016 09:53:00,1400.0,2.62,2.67,2.61,2.67
09-23-2016 10:01:00,100.0,2.6429,2.6429,2.6429,2.6429
09-23-2016 10:06:00,552.0,2.648,2.648,2.648,2.648
09-23-2016 10:40:00,3540.0,2.62,2.62,2.54,2.6123
09-23-2016 10:41:00,3000.0,2.5505,2.59,2.535,2.59
09-23-2016 10:42:00,2100.0,2.55,2.592,2.525,2.525
09-23-2016 10:43:00,3900.0,2.52,2.5446,2.52,2.5445
09-23-2016 10:44:00,664.0,2.53,2.5704,2.5001,2.5001
09-23-2016 11:01:00,1200.0,2.5999,2.5999,2.59,2.59
09-23-2016 11:08:00,100.0,2.54,2.54,2.54,2.54
09-23-2016 11:22:00,300.0,2.6,2.6,2.5816,2.5816
09-23-2016 11:44:00,1000.0,2.6081,2.6081,2.6081,2.6081
09-23-2016 12:21:00,300.0,2.6,2.6,2.595,2.595
09-23-2016 12:23:00,600.0,2.59,2.59,2.58,2.58
09-23-2016 12:26:00,500.0,2.57,2.57,2.57,2.57
09-23-2016 12:28:00,1000.0,2.5628,2.5628,2.5628,2.5628
09-23-2016 12:35:00,800.0,2.57,2.57,2.55,2.5628
09-23-2016 12:36:00,200.0,2.55,2.55,2.55,2.55
09-23-2016 12:41:00,100.0,2.55,2.55,2.55,2.55
09-23-2016 12:42:00,1800.0,2.56,2.59,2.5575,2.59
09-23-2016 12:44:00,500.0,2.5883,2.5883,2.5883,2.5883
09-23-2016 12:47:00,1000.0,2.5974,2.5974,2.5974,2.5974
09-23-2016 12:49:00,3783.0,2.5501,2.61,2.55,2.61
09-23-2016 12:51:00,100.0,2.56,2.56,2.56,2.56
09-23-2016 13:23:00,200.0,2.5866,2.5866,2.5866,2.5866
09-23-2016 13:37:00,300.0,2.58,2.58,2.575,2.575
09-23-2016 13:48:00,300.0,2.58,2.585,2.58,2.585
09-23-2016 13:51:00,100.0,2.58,2.58,2.58,2.58
09-23-2016 14:00:00,100.0,2.56,2.56,2.56,2.56
09-23-2016 14:10:00,714.0,2.5601,2.5601,2.5601,2.5601
09-23-2016 14:27:00,100.0,2.57,2.57,2.57,2.57
09-23-2016 14:28:00,125.0,2.5919,2.5919,2.5919,2.5919
09-23-2016 14:41:00,175.0,2.59,2.59,2.59,2.59
09-23-2016 14:44:00,100.0,2.58,2.58,2.58,2.58
09-23-2016 14:51:00,100.0,2.585,2.585,2.585,2.585
09-23-2016 14:52:00,600.0,2.59,2.59,2.59,2.59
09-23-2016 14:53:00,5015.0,2.5801,2.5801,2.5801,2.5801
09-23-2016 14:56:00,692.0,2.61,2.63,2.61,2.63
09-23-2016 14:57:00,727.0,2.63,2.63,2.63,2.63
09-23-2016 14:58:00,4600.0,2.6238,2.63,2.6109,2.6109
09-23-2016 14:59:00,5982.0,2.63,2.65,2.6138,2.65
09-23-2016 15:00:00,2036.0,2.62,2.62,2.59,2.62
09-26-2016 08:30:00,3228.0,2.7,2.7,2.7,2.7
09-26-2016 08:38:00,3970.0,2.6589,2.69,2.6589,2.68
09-26-2016 08:42:00,1000.0,2.658,2.658,2.658,2.658
09-26-2016 08:46:00,1000.0,2.6699,2.6699,2.64,2.64
09-26-2016 08:59:00,1100.0,2.62,2.621,2.62,2.621
09-26-2016 09:07:00,15000.0,2.62,2.62,2.62,2.62
09-26-2016 09:46:00,200.0,2.645,2.645,2.645,2.645
09-26-2016 09:55:00,400.0,2.6454,2.6454,2.6454,2.6454
09-26-2016 09:56:00,100.0,2.64,2.64,2.64,2.64
09-26-2016 09:58:00,1300.0,2.66,2.66,2.645,2.66
09-26-2016 10:15:00,100.0,2.66,2.66,2.66,2.66
09-26-2016 10:53:00,500.0,2.69,2.69,2.69,2.69
09-26-2016 10:58:00,400.0,2.6746,2.6746,2.6746,2.6746
09-26-2016 11:07:00,4900.0,2.6621,2.675,2.63,2.63
09-26-2016 11:09:00,620.0,2.66,2.6601,2.66,2.6601
09-26-2016 11:12:00,100.0,2.67,2.67,2.67,2.67
09-26-2016 11:34:00,902.0,2.69,2.69,2.69,2.69
09-26-2016 11:51:00,100.0,2.69,2.69,2.69,2.69
09-26-2016 11:58:00,500.0,2.68,2.68,2.67,2.67
09-26-2016 12:25:00,100.0,2.63,2.63,2.63,2.63
09-26-2016 12:26:00,200.0,2.64,2.64,2.64,2.64
09-26-2016 12:40:00,200.0,2.63,2.64,2.63,2.64
09-26-2016 12:52:00,200.0,2.64,2.64,2.64,2.64
09-26-2016 13:07:00,100.0,2.64,2.64,2.64,2.64
09-26-2016 13:27:00,300.0,2.63,2.65,2.63,2.65
09-26-2016 13:31:00,200.0,2.66,2.66,2.66,2.66
09-26-2016 14:05:00,200.0,2.65,2.65,2.65,2.65
09-26-2016 14:15:00,900.0,2.65,2.65,2.65,2.65
09-26-2016 14:16:00,400.0,2.66,2.66,2.6525,2.66
09-26-2016 14:27:00,500.0,2.66,2.66,2.66,2.66
09-26-2016 14:28:00,400.0,2.6496,2.6496,2.6496,2.6496
09-26-2016 14:48:00,551.0,2.63,2.63,2.62,2.62
09-26-2016 14:49:00,200.0,2.62,2.64,2.62,2.64
09-26-2016 14:50:00,100.0,2.64,2.64,2.64,2.64
09-26-2016 14:51:00,100.0,2.635,2.635,2.635,2.635
09-26-2016 14:52:00,14332.0,2.635,2.6357,2.62,2.62
09-26-2016 14:53:00,900.0,2.62,2.65,2.62,2.65
09-26-2016 14:54:00,800.0,2.625,2.635,2.625,2.635
09-26-2016 14:55:00,700.0,2.64,2.64,2.635,2.64
09-26-2016 14:56:00,800.0,2.63,2.65,2.63,2.65
09-26-2016 14:59:00,300.0,2.63,2.63,2.63,2.63
09-27-2016 08:30:00,2701.0,2.69,2.69,2.69,2.69
09-27-2016 08:40:00,223.0,2.6601,2.6601,2.6601,2.6601
09-27-2016 08:46:00,300.0,2.66,2.67,2.66,2.67
09-27-2016 08:49:00,900.0,2.67,2.67,2.66,2.66
09-27-2016 08:50:00,900.0,2.66,2.66,2.66,2.66
09-27-2016 08:51:00,7306.0,2.65,2.65,2.6499,2.65
09-27-2016 08:54:00,320.0,2.65,2.6626,2.65,2.6626
09-27-2016 09:03:00,7994.0,2.6533,2.6533,2.61,2.61
09-27-2016 09:06:00,300.0,2.6,2.6,2.5925,2.5925
09-27-2016 09:07:00,1100.0,2.58,2.58,2.57,2.57
09-27-2016 09:08:00,100.0,2.57,2.57,2.57,2.57
09-27-2016 09:38:00,400.0,2.5965,2.5965,2.5965,2.5965
09-27-2016 09:43:00,300.0,2.595,2.61,2.595,2.61
09-27-2016 10:03:00,300.0,2.61,2.61,2.61,2.61
09-27-2016 10:11:00,500.0,2.58,2.58,2.58,2.58
09-27-2016 10:14:00,300.0,2.58,2.58,2.58,2.58
09-27-2016 10:22:00,100.0,2.59,2.59,2.59,2.59
09-27-2016 10:29:00,100.0,2.58,2.58,2.58,2.58
09-27-2016 10:34:00,200.0,2.5801,2.5801,2.5801,2.5801
09-27-2016 10:38:00,300.0,2.5999,2.5999,2.5999,2.5999
09-27-2016 10:52:00,7900.0,2.58,2.6,2.58,2.58
09-27-2016 10:56:00,200.0,2.54,2.54,2.54,2.54
09-27-2016 11:09:00,190.0,2.5353,2.5353,2.5353,2.5353
09-27-2016 11:11:00,100.0,2.52,2.52,2.52,2.52
09-27-2016 11:20:00,800.0,2.54,2.54,2.54,2.54
09-27-2016 11:27:00,200.0,2.5499,2.5499,2.5499,2.5499
09-27-2016 11:28:00,100.0,2.55,2.55,2.55,2.55
09-27-2016 11:34:00,300.0,2.5678,2.5678,2.5678,2.5678
09-27-2016 11:51:00,200.0,2.5501,2.5501,2.55,2.55
09-27-2016 11:55:00,100.0,2.56,2.56,2.56,2.56
09-27-2016 11:56:00,1100.0,2.5625,2.57,2.5625,2.57
09-27-2016 11:59:00,500.0,2.57,2.57,2.57,2.57
09-27-2016 12:17:00,107.0,2.57,2.57,2.57,2.57
09-27-2016 12:40:00,1300.0,2.57,2.57,2.555,2.555
09-27-2016 12:41:00,400.0,2.56,2.57,2.56,2.5626
09-27-2016 12:57:00,200.0,2.5611,2.5611,2.5611,2.5611
09-27-2016 13:07:00,200.0,2.57,2.57,2.57,2.57
09-27-2016 13:09:00,100.0,2.56,2.56,2.56,2.56
09-27-2016 13:22:00,700.0,2.57,2.57,2.57,2.57
09-27-2016 13:30:00,1300.0,2.56,2.57,2.56,2.57
09-27-2016 13:35:00,200.0,2.57,2.57,2.57,2.57
09-27-2016 14:06:00,100.0,2.56,2.56,2.56,2.56
09-27-2016 14:38:00,600.0,2.58,2.58,2.58,2.58
09-27-2016 14:58:00,100.0,2.57,2.57,2.57,2.57
09-27-2016 14:59:00,1288.0,2.58,2.58,2.58,2.58
