09-07-2016 09:24:00,200.0,5.329,5.41,5.329,5.41
09-07-2016 09:34:00,1100.0,5.3727,5.3727,5.365,5.365
09-07-2016 09:35:00,100.0,5.39,5.39,5.39,5.39
09-07-2016 09:36:00,200.0,5.4,5.43,5.4,5.43
09-07-2016 09:38:00,100.0,5.44,5.44,5.44,5.44
09-07-2016 09:39:00,100.0,5.45,5.45,5.45,5.45
09-07-2016 09:44:00,100.0,5.45,5.45,5.45,5.45
09-07-2016 09:47:00,100.0,5.45,5.45,5.45,5.45
09-07-2016 09:58:00,100.0,5.45,5.45,5.45,5.45
09-07-2016 10:03:00,100.0,5.42,5.42,5.42,5.42
09-07-2016 10:16:00,200.0,5.47,5.47,5.455,5.455
09-07-2016 10:21:00,100.0,5.47,5.47,5.47,5.47
09-07-2016 10:24:00,200.0,5.47,5.47,5.47,5.47
09-07-2016 10:26:00,100.0,5.47,5.47,5.47,5.47
09-07-2016 10:36:00,100.0,5.47,5.47,5.47,5.47
09-07-2016 10:40:00,200.0,5.47,5.47,5.47,5.47
09-07-2016 10:50:00,200.0,5.47,5.47,5.47,5.47
09-07-2016 10:54:00,100.0,5.47,5.47,5.47,5.47
09-07-2016 11:04:00,100.0,5.48,5.48,5.48,5.48
09-07-2016 11:05:00,100.0,5.45,5.45,5.45,5.45
09-07-2016 11:33:00,200.0,5.46,5.46,5.45,5.45
09-07-2016 11:46:00,200.0,5.44,5.44,5.44,5.44
09-07-2016 12:01:00,100.0,5.46,5.46,5.46,5.46
09-07-2016 12:23:00,500.0,5.46,5.46,5.44,5.46
09-07-2016 12:45:00,100.0,5.46,5.46,5.46,5.46
09-07-2016 12:46:00,100.0,5.46,5.46,5.46,5.46
09-07-2016 12:50:00,100.0,5.46,5.46,5.46,5.46
09-07-2016 13:00:00,100.0,5.46,5.46,5.46,5.46
09-07-2016 13:03:00,100.0,5.46,5.46,5.46,5.46
09-07-2016 13:05:00,100.0,5.46,5.46,5.46,5.46
09-07-2016 13:12:00,100.0,5.46,5.46,5.46,5.46
09-07-2016 13:13:00,1400.0,5.46,5.46,5.43,5.46
09-07-2016 13:17:00,100.0,5.45,5.45,5.45,5.45
09-07-2016 13:24:00,100.0,5.47,5.47,5.47,5.47
09-07-2016 13:36:00,200.0,5.43,5.47,5.43,5.47
09-07-2016 13:45:00,100.0,5.47,5.47,5.47,5.47
09-07-2016 13:48:00,100.0,5.48,5.48,5.48,5.48
09-07-2016 13:52:00,100.0,5.48,5.48,5.48,5.48
09-07-2016 13:54:00,14472.0,5.48,5.49,5.39,5.49
09-07-2016 13:55:00,100.0,5.53,5.53,5.53,5.53
09-07-2016 13:56:00,27295.0,5.567,5.67,5.47,5.47
09-07-2016 13:57:00,11600.0,5.5268,5.5625,5.3801,5.3801
09-07-2016 14:08:00,100.0,5.46,5.46,5.46,5.46
09-07-2016 14:10:00,100.0,5.45,5.45,5.45,5.45
09-07-2016 14:22:00,13400.0,5.4,5.44,5.2537,5.2537
09-07-2016 14:23:00,5300.0,5.29,5.44,5.2637,5.44
09-07-2016 14:24:00,100.0,5.4375,5.4375,5.4375,5.4375
09-07-2016 14:28:00,15730.0,5.49,5.55,5.37,5.37
09-07-2016 14:29:00,12200.0,5.4901,5.5217,5.3501,5.475
09-07-2016 14:30:00,9100.0,5.45,5.45,5.29,5.3801
09-07-2016 14:32:00,400.0,5.4199,5.4199,5.41,5.41
09-07-2016 14:44:00,100.0,5.51,5.51,5.51,5.51
09-07-2016 14:55:00,200.0,5.45,5.46,5.45,5.46
09-07-2016 14:58:00,100.0,5.46,5.46,5.46,5.46
09-07-2016 15:00:00,4031.0,5.44,5.44,5.41,5.41
09-08-2016 09:08:00,600.0,5.45,5.48,5.17,5.17
09-08-2016 09:12:00,100.0,5.24,5.24,5.24,5.24
09-08-2016 09:16:00,200.0,5.19,5.19,5.19,5.19
09-08-2016 09:26:00,100.0,5.1501,5.1501,5.1501,5.1501
09-08-2016 09:28:00,199.0,5.2775,5.2775,5.2775,5.2775
09-08-2016 09:33:00,100.0,5.15,5.15,5.15,5.15
09-08-2016 09:35:00,1700.0,5.205,5.25,5.205,5.24
09-08-2016 09:45:00,100.0,5.28,5.28,5.28,5.28
09-08-2016 09:48:00,100.0,5.28,5.28,5.28,5.28
09-08-2016 09:49:00,300.0,5.29,5.29,5.22,5.22
09-08-2016 09:53:00,300.0,5.26,5.26,5.26,5.26
09-08-2016 09:54:00,1800.0,5.31,5.31,5.31,5.31
09-08-2016 09:58:00,100.0,5.24,5.24,5.24,5.24
09-08-2016 09:59:00,699.0,5.3,5.35,5.3,5.35
09-08-2016 10:15:00,200.0,5.37,5.37,5.37,5.37
09-08-2016 10:31:00,100.0,5.36,5.36,5.36,5.36
09-08-2016 10:39:00,1000.0,5.39,5.4,5.39,5.4
09-08-2016 10:46:00,200.0,5.44,5.44,5.44,5.44
09-08-2016 10:47:00,600.0,5.37,5.44,5.36,5.36
09-08-2016 10:49:00,400.0,5.43,5.46,5.42,5.46
09-08-2016 11:00:00,100.0,5.4,5.4,5.4,5.4
09-08-2016 11:12:00,100.0,5.4,5.4,5.4,5.4
09-08-2016 11:23:00,200.0,5.44,5.44,5.4,5.4
09-08-2016 11:34:00,300.0,5.4,5.44,5.4,5.4
09-08-2016 11:47:00,300.0,5.4,5.44,5.4,5.44
09-08-2016 11:59:00,100.0,5.4,5.4,5.4,5.4
09-08-2016 12:00:00,300.0,5.42,5.42,5.41,5.4195
09-08-2016 12:01:00,100.0,5.41,5.41,5.41,5.41
09-08-2016 12:02:00,200.0,5.41,5.41,5.41,5.41
09-08-2016 12:05:00,200.0,5.41,5.41,5.41,5.41
09-08-2016 12:11:00,300.0,5.5,5.5,5.42,5.42
09-08-2016 12:15:00,100.0,5.44,5.44,5.44,5.44
09-08-2016 12:53:00,300.0,5.54,5.6,5.54,5.6
09-08-2016 13:11:00,100.0,5.53,5.53,5.53,5.53
09-08-2016 13:17:00,100.0,5.5,5.5,5.5,5.5
09-08-2016 13:30:00,100.0,5.49,5.49,5.49,5.49
09-08-2016 13:39:00,100.0,5.56,5.56,5.56,5.56
09-08-2016 13:40:00,100.0,5.51,5.51,5.51,5.51
09-08-2016 13:49:00,100.0,5.55,5.55,5.55,5.55
09-08-2016 14:06:00,100.0,5.51,5.51,5.51,5.51
09-08-2016 14:18:00,200.0,5.55,5.55,5.51,5.51
09-08-2016 14:19:00,100.0,5.55,5.55,5.55,5.55
09-08-2016 14:20:00,500.0,5.56,5.56,5.55,5.56
09-08-2016 14:21:00,300.0,5.56,5.56,5.53,5.53
09-08-2016 14:31:00,100.0,5.53,5.53,5.53,5.53
09-08-2016 14:36:00,200.0,5.56,5.56,5.53,5.53
09-08-2016 14:45:00,200.0,5.53,5.53,5.46,5.46
09-08-2016 14:47:00,200.0,5.5,5.5,5.5,5.5
09-08-2016 14:48:00,100.0,5.5,5.5,5.5,5.5
09-08-2016 14:53:00,100.0,5.5,5.5,5.5,5.5
09-08-2016 14:54:00,200.0,5.52,5.53,5.52,5.53
09-08-2016 14:55:00,900.0,5.53,5.56,5.5,5.56
09-08-2016 14:56:00,300.0,5.53,5.53,5.53,5.53
09-08-2016 15:00:00,1600.0,5.53,5.54,5.52,5.53
09-09-2016 08:30:00,935.0,5.6,5.6,5.6,5.6
09-09-2016 08:49:00,2665.0,5.6,5.6,5.52,5.52
09-09-2016 08:50:00,100.0,5.46,5.46,5.46,5.46
09-09-2016 08:57:00,100.0,5.54,5.54,5.54,5.54
09-09-2016 09:03:00,1500.0,5.528,5.54,5.51,5.54
09-09-2016 09:04:00,800.0,5.54,5.54,5.5,5.54
09-09-2016 09:07:00,200.0,5.51,5.54,5.51,5.54
09-09-2016 09:08:00,100.0,5.55,5.55,5.55,5.55
09-09-2016 09:33:00,4811.0,5.55,5.69,5.535,5.54
09-09-2016 09:34:00,100.0,5.72,5.72,5.72,5.72
09-09-2016 09:55:00,1200.0,5.63,5.64,5.5856,5.64
09-09-2016 10:30:00,1000.0,5.61,5.61,5.55,5.555
09-09-2016 10:31:00,100.0,5.56,5.56,5.56,5.56
09-09-2016 10:32:00,200.0,5.535,5.535,5.535,5.535
09-09-2016 10:35:00,600.0,5.55,5.57,5.55,5.57
09-09-2016 10:51:00,100.0,5.58,5.58,5.58,5.58
09-09-2016 10:56:00,400.0,5.5692,5.5692,5.5692,5.5692
09-09-2016 11:00:00,200.0,5.562,5.562,5.562,5.562
09-09-2016 11:03:00,1200.0,5.565,5.568,5.565,5.565
09-09-2016 11:04:00,500.0,5.55,5.55,5.54,5.54
09-09-2016 11:13:00,100.0,5.54,5.54,5.54,5.54
09-09-2016 11:14:00,300.0,5.54,5.54,5.52,5.52
09-09-2016 11:16:00,100.0,5.55,5.55,5.55,5.55
09-09-2016 11:18:00,100.0,5.54,5.54,5.54,5.54
09-09-2016 11:26:00,1100.0,5.54,5.54,5.51,5.54
09-09-2016 11:27:00,400.0,5.53,5.5395,5.53,5.5395
09-09-2016 11:28:00,100.0,5.55,5.55,5.55,5.55
09-09-2016 11:32:00,200.0,5.54,5.54,5.535,5.535
09-09-2016 11:50:00,100.0,5.54,5.54,5.54,5.54
09-09-2016 11:59:00,200.0,5.55,5.55,5.55,5.55
09-09-2016 12:03:00,600.0,5.535,5.55,5.535,5.55
09-09-2016 12:19:00,100.0,5.535,5.535,5.535,5.535
09-09-2016 12:34:00,150.0,5.55,5.55,5.55,5.55
09-09-2016 12:37:00,146.0,5.5499,5.5499,5.5499,5.5499
09-09-2016 12:56:00,700.0,5.529,5.529,5.529,5.529
09-09-2016 12:58:00,100.0,5.55,5.55,5.55,5.55
09-09-2016 13:00:00,100.0,5.535,5.535,5.535,5.535
09-09-2016 13:03:00,100.0,5.55,5.55,5.55,5.55
09-09-2016 13:09:00,100.0,5.52,5.52,5.52,5.52
09-09-2016 13:19:00,100.0,5.55,5.55,5.55,5.55
09-09-2016 13:20:00,100.0,5.55,5.55,5.55,5.55
09-09-2016 13:26:00,100.0,5.57,5.57,5.57,5.57
09-09-2016 13:27:00,100.0,5.57,5.57,5.57,5.57
09-09-2016 13:31:00,200.0,5.56,5.56,5.5505,5.5505
09-09-2016 13:32:00,200.0,5.55,5.55,5.545,5.545
09-09-2016 13:33:00,300.0,5.55,5.55,5.5401,5.55
09-09-2016 13:34:00,400.0,5.54,5.56,5.54,5.56
09-09-2016 13:35:00,200.0,5.59,5.6,5.59,5.6
09-09-2016 13:51:00,100.0,5.61,5.61,5.61,5.61
09-09-2016 13:56:00,100.0,5.605,5.605,5.605,5.605
09-09-2016 14:03:00,200.0,5.6,5.6,5.6,5.6
09-09-2016 14:14:00,100.0,5.595,5.595,5.595,5.595
09-09-2016 14:18:00,100.0,5.595,5.595,5.595,5.595
09-09-2016 14:21:00,100.0,5.6,5.6,5.6,5.6
09-09-2016 14:35:00,1086.0,5.635,5.635,5.59,5.59
09-09-2016 14:40:00,200.0,5.59,5.605,5.59,5.605
09-09-2016 14:45:00,500.0,5.58,5.59,5.55,5.55
09-09-2016 14:47:00,381.0,5.55,5.55,5.55,5.55
09-09-2016 14:51:00,200.0,5.56,5.56,5.53,5.53
09-09-2016 14:55:00,100.0,5.59,5.59,5.59,5.59
09-09-2016 14:57:00,100.0,5.52,5.52,5.52,5.52
09-09-2016 14:59:00,400.0,5.56,5.56,5.56,5.56
09-09-2016 15:00:00,1600.0,5.52,5.57,5.52,5.57
09-09-2016 15:01:00,87.0,5.57,5.57,5.57,5.57
09-12-2016 08:30:00,104.0,5.51,5.51,5.51,5.51
09-12-2016 08:37:00,200.0,5.64,5.64,5.64,5.64
09-12-2016 08:39:00,100.0,5.55,5.55,5.55,5.55
09-12-2016 08:40:00,200.0,5.54,5.54,5.53,5.53
09-12-2016 08:41:00,100.0,5.64,5.64,5.64,5.64
09-12-2016 08:58:00,100.0,5.68,5.68,5.68,5.68
09-12-2016 09:08:00,200.0,5.85,5.85,5.735,5.735
09-12-2016 09:09:00,100.0,5.83,5.83,5.83,5.83
09-12-2016 09:13:00,200.0,5.77,5.77,5.76,5.76
09-12-2016 09:14:00,300.0,5.75,5.82,5.64,5.82
09-12-2016 09:19:00,1500.0,5.7,5.7709,5.61,5.7
09-12-2016 09:29:00,800.0,5.68,5.68,5.6,5.6
09-12-2016 09:31:00,1200.0,5.64,5.64,5.59,5.59
09-12-2016 09:36:00,360.0,5.6,5.6,5.6,5.6
09-12-2016 09:39:00,400.0,5.52,5.55,5.52,5.55
09-12-2016 09:40:00,1500.0,5.63,5.63,5.63,5.63
09-12-2016 09:53:00,400.0,5.6,5.6,5.575,5.575
09-12-2016 10:05:00,100.0,5.56,5.56,5.56,5.56
09-12-2016 10:08:00,500.0,5.59,5.61,5.59,5.59
09-12-2016 10:24:00,200.0,5.59,5.59,5.59,5.59
09-12-2016 10:28:00,2188.0,5.6,5.61,5.58,5.61
09-12-2016 10:33:00,100.0,5.57,5.57,5.57,5.57
09-12-2016 10:34:00,1800.0,5.598,5.598,5.57,5.57
09-12-2016 10:43:00,250.0,5.5701,5.5701,5.57,5.57
09-12-2016 11:00:00,1100.0,5.629,5.629,5.6,5.6
09-12-2016 11:03:00,200.0,5.59,5.59,5.59,5.59
09-12-2016 11:19:00,1600.0,5.61,5.61,5.5499,5.5499
09-12-2016 11:29:00,100.0,5.525,5.525,5.525,5.525
09-12-2016 11:31:00,100.0,5.51,5.51,5.51,5.51
09-12-2016 11:55:00,300.0,5.515,5.54,5.515,5.54
09-12-2016 11:57:00,300.0,5.52,5.54,5.52,5.54
09-12-2016 12:09:00,100.0,5.54,5.54,5.54,5.54
09-12-2016 12:16:00,500.0,5.54,5.54,5.54,5.54
09-12-2016 12:23:00,100.0,5.525,5.525,5.525,5.525
09-12-2016 12:29:00,100.0,5.55,5.55,5.55,5.55
09-12-2016 12:38:00,100.0,5.525,5.525,5.525,5.525
09-12-2016 12:41:00,100.0,5.54,5.54,5.54,5.54
09-12-2016 12:46:00,500.0,5.56,5.6,5.55,5.6
09-12-2016 13:13:00,400.0,5.615,5.64,5.615,5.64
09-12-2016 13:14:00,100.0,5.615,5.615,5.615,5.615
09-12-2016 13:27:00,100.0,5.615,5.615,5.615,5.615
09-12-2016 13:30:00,100.0,5.64,5.64,5.64,5.64
09-12-2016 13:33:00,200.0,5.59,5.615,5.59,5.615
09-12-2016 13:35:00,200.0,5.63,5.64,5.63,5.64
09-12-2016 13:36:00,500.0,5.64,5.69,5.635,5.69
09-12-2016 13:40:00,100.0,5.69,5.69,5.69,5.69
09-12-2016 13:44:00,100.0,5.675,5.675,5.675,5.675
09-12-2016 13:51:00,200.0,5.69,5.7,5.69,5.7
09-12-2016 14:06:00,100.0,5.62,5.62,5.62,5.62
09-12-2016 14:14:00,600.0,5.64,5.64,5.575,5.575
09-12-2016 14:23:00,100.0,5.55,5.55,5.55,5.55
09-12-2016 14:27:00,200.0,5.59,5.6,5.59,5.6
09-12-2016 14:32:00,100.0,5.62,5.62,5.62,5.62
09-12-2016 14:37:00,100.0,5.6,5.6,5.6,5.6
09-12-2016 14:48:00,100.0,5.61,5.61,5.61,5.61
09-12-2016 14:50:00,300.0,5.61,5.62,5.57,5.57
09-12-2016 14:55:00,400.0,5.65,5.65,5.65,5.65
09-12-2016 15:00:00,994.0,5.64,5.66,5.62,5.62
09-13-2016 08:30:00,351.0,5.65,5.65,5.65,5.65
09-13-2016 08:41:00,100.0,5.65,5.65,5.65,5.65
09-13-2016 08:56:00,2689.0,5.699,5.699,5.65,5.65
09-13-2016 09:08:00,200.0,5.64,5.64,5.6,5.6
09-13-2016 09:22:00,200.0,5.66,5.66,5.66,5.66
09-13-2016 09:36:00,200.0,5.66,5.66,5.66,5.66
09-13-2016 09:49:00,200.0,5.66,5.66,5.66,5.66
09-13-2016 09:53:00,500.0,5.6045,5.6045,5.56,5.56
09-13-2016 10:06:00,100.0,5.61,5.61,5.61,5.61
09-13-2016 10:14:00,1100.0,5.61,5.61,5.61,5.61
09-13-2016 10:15:00,300.0,5.61,5.61,5.61,5.61
09-13-2016 10:21:00,200.0,5.61,5.61,5.595,5.595
09-13-2016 10:22:00,100.0,5.59,5.59,5.59,5.59
09-13-2016 10:29:00,200.0,5.61,5.61,5.595,5.595
09-13-2016 10:34:00,100.0,5.61,5.61,5.61,5.61
09-13-2016 10:37:00,100.0,5.61,5.61,5.61,5.61
09-13-2016 10:49:00,100.0,5.6,5.6,5.6,5.6
09-13-2016 10:50:00,100.0,5.61,5.61,5.61,5.61
09-13-2016 10:52:00,200.0,5.61,5.61,5.61,5.61
09-13-2016 10:56:00,200.0,5.62,5.63,5.62,5.63
09-13-2016 11:09:00,100.0,5.66,5.66,5.66,5.66
09-13-2016 11:11:00,200.0,5.63,5.63,5.63,5.63
09-13-2016 11:34:00,100.0,5.64,5.64,5.64,5.64
09-13-2016 11:59:00,100.0,5.64,5.64,5.64,5.64
09-13-2016 12:09:00,200.0,5.65,5.68,5.65,5.68
09-13-2016 12:21:00,300.0,5.65,5.68,5.65,5.68
09-13-2016 12:47:00,200.0,5.65,5.66,5.65,5.66
09-13-2016 12:57:00,500.0,5.64,5.64,5.61,5.61
09-13-2016 12:58:00,100.0,5.6699,5.6699,5.6699,5.6699
09-13-2016 12:59:00,900.0,5.59,5.61,5.58,5.61
09-13-2016 13:00:00,2000.0,5.61,5.61,5.58,5.58
09-13-2016 13:01:00,300.0,5.605,5.61,5.6,5.61
09-13-2016 13:07:00,2850.0,5.58,5.6,5.58,5.58
09-13-2016 13:08:00,300.0,5.595,5.595,5.595,5.595
09-13-2016 13:14:00,100.0,5.59,5.59,5.59,5.59
09-13-2016 13:17:00,200.0,5.61,5.61,5.585,5.585
09-13-2016 13:31:00,100.0,5.61,5.61,5.61,5.61
09-13-2016 13:32:00,200.0,5.61,5.62,5.61,5.62
09-13-2016 13:33:00,100.0,5.59,5.59,5.59,5.59
09-13-2016 13:48:00,300.0,5.62,5.67,5.62,5.67
09-13-2016 14:11:00,100.0,5.595,5.595,5.595,5.595
09-13-2016 14:17:00,200.0,5.62,5.62,5.62,5.62
09-13-2016 14:19:00,100.0,5.63,5.63,5.63,5.63
09-13-2016 14:27:00,100.0,5.66,5.66,5.66,5.66
09-13-2016 14:29:00,100.0,5.62,5.62,5.62,5.62
09-13-2016 14:33:00,100.0,5.71,5.71,5.71,5.71
09-13-2016 14:43:00,100.0,5.645,5.645,5.645,5.645
09-13-2016 14:44:00,100.0,5.61,5.61,5.61,5.61
09-13-2016 14:53:00,200.0,5.665,5.665,5.665,5.665
09-13-2016 14:55:00,100.0,5.63,5.63,5.63,5.63
09-13-2016 14:56:00,100.0,5.62,5.62,5.62,5.62
09-13-2016 14:59:00,3133.0,5.61,5.62,5.56,5.6
09-13-2016 15:00:00,2791.0,5.595,5.6,5.57,5.57
09-14-2016 09:09:00,500.0,5.7699,5.7699,5.7699,5.7699
09-14-2016 09:24:00,100.0,5.71,5.71,5.71,5.71
09-14-2016 09:28:00,100.0,5.6001,5.6001,5.6001,5.6001
09-14-2016 09:48:00,300.0,5.6596,5.6596,5.6596,5.6596
09-14-2016 09:53:00,100.0,5.6001,5.6001,5.6001,5.6001
09-14-2016 10:17:00,200.0,5.6,5.61,5.6,5.61
09-14-2016 10:18:00,100.0,5.6,5.6,5.6,5.6
09-14-2016 10:20:00,11615.0,5.6,5.6,5.38,5.3815
09-14-2016 10:21:00,1200.0,5.46,5.47,5.46,5.47
09-14-2016 10:22:00,100.0,5.47,5.47,5.47,5.47
09-14-2016 10:23:00,100.0,5.47,5.47,5.47,5.47
09-14-2016 10:26:00,1500.0,5.5299,5.5299,5.5299,5.5299
09-14-2016 10:27:00,200.0,5.48,5.48,5.48,5.48
09-14-2016 10:35:00,200.0,5.435,5.435,5.435,5.435
09-14-2016 10:38:00,100.0,5.435,5.435,5.435,5.435
09-14-2016 10:39:00,100.0,5.43,5.43,5.43,5.43
09-14-2016 10:43:00,600.0,5.46,5.46,5.46,5.46
09-14-2016 10:49:00,100.0,5.44,5.44,5.44,5.44
09-14-2016 11:02:00,100.0,5.46,5.46,5.46,5.46
09-14-2016 11:03:00,100.0,5.44,5.44,5.44,5.44
09-14-2016 11:06:00,2588.0,5.46,5.46,5.46,5.46
09-14-2016 11:07:00,500.0,5.46,5.46,5.42,5.42
09-14-2016 11:09:00,100.0,5.415,5.415,5.415,5.415
09-14-2016 11:30:00,100.0,5.48,5.48,5.48,5.48
09-14-2016 11:35:00,200.0,5.48,5.48,5.48,5.48
09-14-2016 11:36:00,100.0,5.46,5.46,5.46,5.46
09-14-2016 11:37:00,400.0,5.47,5.48,5.47,5.48
09-14-2016 11:38:00,100.0,5.5,5.5,5.5,5.5
09-14-2016 12:02:00,1298.0,5.47,5.475,5.43,5.43
09-14-2016 12:03:00,200.0,5.39,5.3901,5.39,5.3901
09-14-2016 12:04:00,200.0,5.46,5.46,5.42,5.42
09-14-2016 12:19:00,100.0,5.44,5.44,5.44,5.44
09-14-2016 12:42:00,500.0,5.43,5.49,5.42,5.49
09-14-2016 12:44:00,100.0,5.38,5.38,5.38,5.38
09-14-2016 12:46:00,1800.0,5.46,5.46,5.42,5.45
09-14-2016 12:47:00,200.0,5.49,5.49,5.47,5.47
09-14-2016 12:51:00,100.0,5.49,5.49,5.49,5.49
09-14-2016 12:57:00,300.0,5.49,5.49,5.49,5.49
09-14-2016 13:07:00,900.0,5.48,5.49,5.48,5.49
09-14-2016 13:08:00,100.0,5.48,5.48,5.48,5.48
09-14-2016 13:11:00,100.0,5.49,5.49,5.49,5.49
09-14-2016 13:15:00,500.0,5.47,5.49,5.47,5.49
09-14-2016 13:16:00,100.0,5.475,5.475,5.475,5.475
09-14-2016 13:19:00,200.0,5.47,5.49,5.47,5.49
09-14-2016 13:21:00,600.0,5.49,5.49,5.46,5.46
09-14-2016 13:22:00,100.0,5.475,5.475,5.475,5.475
09-14-2016 13:25:00,300.0,5.49,5.5,5.49,5.5
09-14-2016 13:26:00,100.0,5.5,5.5,5.5,5.5
09-14-2016 13:28:00,200.0,5.49,5.49,5.49,5.49
09-14-2016 13:29:00,100.0,5.455,5.455,5.455,5.455
09-14-2016 13:35:00,100.0,5.49,5.49,5.49,5.49
09-14-2016 13:48:00,100.0,5.47,5.47,5.47,5.47
09-14-2016 13:56:00,100.0,5.49,5.49,5.49,5.49
09-14-2016 13:57:00,200.0,5.5,5.5,5.5,5.5
09-14-2016 14:00:00,100.0,5.5,5.5,5.5,5.5
09-14-2016 14:05:00,100.0,5.5,5.5,5.5,5.5
09-14-2016 14:06:00,100.0,5.47,5.47,5.47,5.47
09-14-2016 14:07:00,100.0,5.48,5.48,5.48,5.48
09-14-2016 14:18:00,300.0,5.48,5.48,5.48,5.48
09-14-2016 14:36:00,200.0,5.49,5.49,5.49,5.49
09-14-2016 14:42:00,500.0,5.49,5.5,5.49,5.5
09-14-2016 14:43:00,200.0,5.5,5.5,5.49,5.49
09-14-2016 14:55:00,200.0,5.49,5.5,5.49,5.5
09-14-2016 14:58:00,100.0,5.49,5.49,5.49,5.49
09-14-2016 14:59:00,100.0,5.49,5.49,5.49,5.49
09-14-2016 15:00:00,193.0,5.49,5.49,5.49,5.49
09-15-2016 08:30:00,974.0,5.41,5.41,5.41,5.41
09-15-2016 09:08:00,100.0,5.52,5.52,5.52,5.52
09-15-2016 09:20:00,100.0,5.5,5.5,5.5,5.5
09-15-2016 09:46:00,400.0,5.49,5.53,5.47,5.47
09-15-2016 10:04:00,250.0,5.6,5.6,5.6,5.6
09-15-2016 10:05:00,400.0,5.61,5.62,5.61,5.62
09-15-2016 10:20:00,200.0,5.51,5.51,5.51,5.51
09-15-2016 10:22:00,200.0,5.53,5.53,5.51,5.51
09-15-2016 10:35:00,100.0,5.53,5.53,5.53,5.53
09-15-2016 11:19:00,100.0,5.52,5.52,5.52,5.52
09-15-2016 11:25:00,1700.0,5.51,5.53,5.505,5.52
09-15-2016 11:35:00,200.0,5.53,5.54,5.53,5.54
09-15-2016 11:36:00,100.0,5.52,5.52,5.52,5.52
09-15-2016 11:41:00,100.0,5.55,5.55,5.55,5.55
09-15-2016 12:09:00,3000.0,5.55,5.55,5.54,5.54
09-15-2016 12:13:00,500.0,5.55,5.55,5.55,5.55
09-15-2016 12:16:00,100.0,5.55,5.55,5.55,5.55
09-15-2016 12:20:00,300.0,5.54,5.55,5.54,5.55
09-15-2016 12:21:00,13927.0,5.55,5.55,5.55,5.55
09-15-2016 12:22:00,4773.0,5.55,5.59,5.55,5.55
09-15-2016 12:29:00,400.0,5.59,5.61,5.59,5.61
09-15-2016 12:35:00,200.0,5.6,5.6,5.6,5.6
09-15-2016 12:47:00,100.0,5.6,5.6,5.6,5.6
09-15-2016 12:48:00,600.0,5.6,5.6,5.6,5.6
09-15-2016 12:51:00,100.0,5.6,5.6,5.6,5.6
09-15-2016 12:56:00,100.0,5.6,5.6,5.6,5.6
09-15-2016 13:30:00,100.0,5.565,5.565,5.565,5.565
09-15-2016 13:39:00,100.0,5.54,5.54,5.54,5.54
09-15-2016 13:58:00,100.0,5.53,5.53,5.53,5.53
09-15-2016 13:59:00,100.0,5.53,5.53,5.53,5.53
09-15-2016 14:10:00,100.0,5.6,5.6,5.6,5.6
09-15-2016 14:23:00,100.0,5.54,5.54,5.54,5.54
09-15-2016 14:26:00,100.0,5.52,5.52,5.52,5.52
09-15-2016 14:45:00,100.0,5.53,5.53,5.53,5.53
09-15-2016 14:51:00,100.0,5.59,5.59,5.59,5.59
09-15-2016 14:52:00,300.0,5.59,5.59,5.56,5.56
09-15-2016 14:54:00,200.0,5.59,5.59,5.59,5.59
09-15-2016 14:56:00,300.0,5.55,5.55,5.55,5.55
09-15-2016 14:58:00,1000.0,5.59,5.6,5.58,5.58
09-15-2016 15:00:00,200.0,5.58,5.58,5.58,5.58
09-15-2016 15:02:00,52.0,5.55,5.55,5.55,5.55
09-16-2016 08:30:00,400.0,5.53,5.53,5.53,5.53
09-16-2016 08:41:00,6800.0,5.735,5.735,5.735,5.735
09-16-2016 08:51:00,800.0,5.55,5.55,5.55,5.55
09-16-2016 09:08:00,100.0,5.54,5.54,5.54,5.54
09-16-2016 09:53:00,200.0,5.53,5.55,5.53,5.55
09-16-2016 10:34:00,260.0,5.54,5.54,5.54,5.54
09-16-2016 10:35:00,100.0,5.59,5.59,5.59,5.59
09-16-2016 10:55:00,100.0,5.61,5.61,5.61,5.61
09-16-2016 12:22:00,100.0,5.64,5.64,5.64,5.64
09-16-2016 12:25:00,350.0,5.6107,5.6107,5.6107,5.6107
09-16-2016 12:27:00,175.0,5.6,5.6,5.6,5.6
09-16-2016 12:35:00,100.0,5.615,5.615,5.615,5.615
09-16-2016 12:39:00,200.0,5.62,5.63,5.62,5.63
09-16-2016 13:16:00,500.0,5.62,5.63,5.55,5.55
09-16-2016 14:05:00,200.0,5.59,5.59,5.58,5.58
09-16-2016 14:06:00,200.0,5.58,5.64,5.58,5.64
09-16-2016 14:10:00,4901.0,5.58,5.64,5.46,5.47
09-16-2016 14:11:00,100.0,5.55,5.55,5.55,5.55
09-16-2016 14:17:00,500.0,5.55,5.58,5.55,5.58
09-16-2016 14:22:00,100.0,5.6,5.6,5.6,5.6
09-16-2016 14:25:00,100.0,5.76,5.76,5.76,5.76
09-16-2016 14:33:00,100.0,5.94,5.94,5.94,5.94
09-16-2016 14:37:00,200.0,5.89,5.92,5.89,5.92
09-16-2016 14:38:00,100.0,5.88,5.88,5.88,5.88
09-16-2016 14:43:00,100.0,5.86,5.86,5.86,5.86
09-16-2016 14:45:00,100.0,5.89,5.89,5.89,5.89
09-16-2016 14:47:00,400.0,5.83,5.83,5.82,5.82
09-16-2016 14:50:00,12620.0,5.83,5.83,5.69,5.755
09-16-2016 14:51:00,5000.0,5.78,5.95,5.68,5.95
09-16-2016 14:52:00,100.0,5.91,5.91,5.91,5.91
09-16-2016 14:53:00,100.0,5.92,5.92,5.92,5.92
09-16-2016 14:57:00,900.0,5.9,5.9,5.8963,5.9
09-16-2016 15:00:00,17677.0,5.84,5.89,5.8,5.89
09-19-2016 08:30:00,554.0,5.99,5.99,5.99,5.99
09-19-2016 08:32:00,300.0,6.0,6.0,6.0,6.0
09-19-2016 08:38:00,200.0,6.03,6.03,6.03,6.03
09-19-2016 08:39:00,300.0,5.992,6.12,5.99,6.12
09-19-2016 08:40:00,400.0,5.99,5.99,5.91,5.91
09-19-2016 08:48:00,1100.0,6.005,6.005,5.91,5.91
09-19-2016 08:53:00,1498.0,5.91,5.91,5.85,5.85
09-19-2016 08:54:00,200.0,5.81,5.81,5.785,5.785
09-19-2016 08:56:00,3600.0,5.85,5.85,5.74,5.8
09-19-2016 08:57:00,1100.0,5.79,5.85,5.735,5.735
09-19-2016 09:29:00,500.0,5.77,5.77,5.77,5.77
09-19-2016 09:48:00,200.0,5.785,5.785,5.77,5.77
09-19-2016 09:49:00,300.0,5.77,5.77,5.73,5.73
09-19-2016 09:50:00,100.0,5.74,5.74,5.74,5.74
09-19-2016 09:51:00,100.0,5.74,5.74,5.74,5.74
09-19-2016 09:52:00,100.0,5.74,5.74,5.74,5.74
09-19-2016 09:54:00,109.0,5.74,5.74,5.74,5.74
09-19-2016 09:55:00,100.0,5.73,5.73,5.73,5.73
09-19-2016 09:56:00,1060.0,5.72,5.72,5.68,5.68
09-19-2016 10:05:00,1900.0,5.705,5.705,5.66,5.66
09-19-2016 10:06:00,400.0,5.715,5.7392,5.715,5.7392
09-19-2016 10:17:00,400.0,5.746,5.749,5.71,5.71
09-19-2016 10:23:00,400.0,5.74,5.75,5.735,5.735
09-19-2016 10:31:00,500.0,5.735,5.7592,5.735,5.74
09-19-2016 10:35:00,100.0,5.76,5.76,5.76,5.76
09-19-2016 10:39:00,1100.0,5.7899,5.79,5.71,5.71
09-19-2016 10:49:00,335.0,5.7181,5.7181,5.7181,5.7181
09-19-2016 10:58:00,300.0,5.735,5.8,5.735,5.8
09-19-2016 10:59:00,500.0,5.74,5.74,5.72,5.72
09-19-2016 11:00:00,500.0,5.75,5.75,5.73,5.73
09-19-2016 11:01:00,500.0,5.73,5.73,5.72,5.725
09-19-2016 11:02:00,200.0,5.72,5.72,5.72,5.72
09-19-2016 11:17:00,800.0,5.72,5.72,5.71,5.71
09-19-2016 11:27:00,400.0,5.7672,5.7672,5.75,5.766
09-19-2016 11:35:00,500.0,5.74,5.74,5.71,5.725
09-19-2016 11:36:00,500.0,5.75,5.76,5.75,5.76
09-19-2016 11:37:00,900.0,5.79,5.79,5.73,5.73
09-19-2016 11:38:00,200.0,5.74,5.74,5.74,5.74
09-19-2016 11:46:00,100.0,5.77,5.77,5.77,5.77
09-19-2016 12:48:00,300.0,5.75,5.75,5.725,5.7488
09-19-2016 13:01:00,100.0,5.72,5.72,5.72,5.72
09-19-2016 13:06:00,100.0,5.74,5.74,5.74,5.74
09-19-2016 13:07:00,100.0,5.725,5.725,5.725,5.725
09-19-2016 13:13:00,1800.0,5.701,5.701,5.7,5.7
09-19-2016 13:29:00,100.0,5.75,5.75,5.75,5.75
09-19-2016 14:11:00,900.0,5.8,5.87,5.8,5.8665
09-19-2016 14:16:00,100.0,5.835,5.835,5.835,5.835
09-19-2016 14:20:00,100.0,5.825,5.825,5.825,5.825
09-19-2016 14:21:00,100.0,5.8261,5.8261,5.8261,5.8261
09-19-2016 14:23:00,100.0,5.825,5.825,5.825,5.825
09-19-2016 14:26:00,300.0,5.825,5.825,5.81,5.81
09-19-2016 14:31:00,100.0,5.825,5.825,5.825,5.825
09-19-2016 14:33:00,1300.0,5.8286,5.83,5.82,5.82
09-19-2016 14:45:00,100.0,5.79,5.79,5.79,5.79
09-19-2016 14:46:00,100.0,5.825,5.825,5.825,5.825
09-19-2016 14:47:00,100.0,5.79,5.79,5.79,5.79
09-19-2016 14:48:00,300.0,5.76,5.76,5.75,5.75
09-19-2016 14:49:00,200.0,5.75,5.75,5.74,5.74
09-19-2016 14:50:00,500.0,5.74,5.76,5.73,5.75
09-19-2016 14:51:00,400.0,5.75,5.75,5.73,5.73
09-19-2016 14:52:00,300.0,5.78,5.78,5.73,5.73
09-19-2016 14:53:00,200.0,5.71,5.71,5.71,5.71
09-19-2016 14:54:00,200.0,5.71,5.71,5.71,5.71
09-19-2016 14:55:00,700.0,5.83,5.83,5.74,5.82
09-19-2016 14:56:00,500.0,5.8,5.81,5.76,5.81
09-19-2016 14:57:00,450.0,5.78,5.8,5.78,5.78
09-19-2016 14:58:00,100.0,5.78,5.78,5.78,5.78
09-19-2016 14:59:00,500.0,5.77,5.82,5.77,5.82
09-19-2016 15:00:00,4893.0,5.82,5.85,5.73,5.85
09-20-2016 08:30:00,485.0,5.93,5.93,5.93,5.93
09-20-2016 08:31:00,1320.0,6.02,6.449,6.02,6.23
09-20-2016 08:32:00,700.0,6.164,6.62,6.16,6.16
09-20-2016 08:39:00,300.0,6.35,6.35,6.15,6.15
09-20-2016 08:40:00,100.0,6.1,6.1,6.1,6.1
09-20-2016 08:56:00,550.0,6.15,6.18,5.875,5.875
09-20-2016 09:08:00,100.0,6.07,6.07,6.07,6.07
09-20-2016 09:14:00,1400.0,5.7527,5.755,5.7527,5.755
09-20-2016 09:43:00,100.0,5.74,5.74,5.74,5.74
09-20-2016 10:28:00,200.0,5.83,5.84,5.83,5.84
09-20-2016 10:41:00,1300.0,5.9777,5.9777,5.83,5.83
09-20-2016 10:42:00,1200.0,5.94,5.94,5.83,5.83
09-20-2016 10:49:00,100.0,5.905,5.905,5.905,5.905
09-20-2016 10:54:00,500.0,5.91,5.91,5.86,5.86
09-20-2016 10:55:00,400.0,5.8,5.8,5.77,5.77
09-20-2016 11:16:00,2500.0,5.8192,5.8192,5.78,5.78
09-20-2016 11:20:00,100.0,5.82,5.82,5.82,5.82
09-20-2016 11:26:00,100.0,5.81,5.81,5.81,5.81
09-20-2016 12:03:00,100.0,5.8,5.8,5.8,5.8
09-20-2016 12:20:00,100.0,5.82,5.82,5.82,5.82
09-20-2016 12:31:00,100.0,5.79,5.79,5.79,5.79
09-20-2016 13:30:00,300.0,5.87,5.87,5.87,5.87
09-20-2016 13:31:00,200.0,5.83,5.84,5.83,5.84
09-20-2016 13:32:00,2300.0,5.87,5.91,5.82,5.91
09-20-2016 13:35:00,100.0,5.91,5.91,5.91,5.91
09-20-2016 13:36:00,200.0,5.91,5.92,5.91,5.92
09-20-2016 13:37:00,500.0,5.92,5.96,5.92,5.96
09-20-2016 13:43:00,100.0,6.055,6.055,6.055,6.055
09-20-2016 13:47:00,1300.0,5.9413,5.9413,5.94,5.94
09-20-2016 13:52:00,100.0,5.97,5.97,5.97,5.97
09-20-2016 13:53:00,100.0,5.97,5.97,5.97,5.97
09-20-2016 13:54:00,100.0,5.98,5.98,5.98,5.98
09-20-2016 13:57:00,300.0,5.99,5.99,5.99,5.99
09-20-2016 14:20:00,100.0,5.99,5.99,5.99,5.99
09-20-2016 14:29:00,200.0,5.99,5.99,5.99,5.99
09-20-2016 14:33:00,200.0,5.99,5.99,5.99,5.99
09-20-2016 14:35:00,200.0,5.96,5.96,5.91,5.91
09-20-2016 14:36:00,300.0,5.92,5.92,5.9,5.9
09-20-2016 14:52:00,100.0,5.9,5.9,5.9,5.9
09-20-2016 14:55:00,100.0,5.96,5.96,5.96,5.96
09-20-2016 14:57:00,200.0,5.94,5.94,5.92,5.92
09-20-2016 14:58:00,200.0,5.94,5.94,5.94,5.94
09-20-2016 14:59:00,100.0,5.95,5.95,5.95,5.95
09-20-2016 15:00:00,1038.0,5.92,5.95,5.91,5.94
09-21-2016 08:30:00,300.0,6.0,6.0,6.0,6.0
09-21-2016 08:31:00,100.0,6.0,6.0,6.0,6.0
09-21-2016 08:39:00,200.0,6.11,6.13,6.11,6.13
09-21-2016 08:40:00,700.0,6.17,6.19,6.17,6.19
09-21-2016 08:42:00,1300.0,6.11,6.13,6.05,6.05
09-21-2016 08:43:00,300.0,6.0,6.08,6.0,6.08
09-21-2016 08:52:00,400.0,6.04,6.13,6.04,6.13
09-21-2016 08:53:00,600.0,6.02,6.02,5.92,5.92
09-21-2016 08:59:00,100.0,5.95,5.95,5.95,5.95
09-21-2016 09:08:00,100.0,6.08,6.08,6.08,6.08
09-21-2016 09:09:00,100.0,5.95,5.95,5.95,5.95
09-21-2016 09:20:00,100.0,5.95,5.95,5.95,5.95
09-21-2016 09:23:00,100.0,5.9501,5.9501,5.9501,5.9501
09-21-2016 09:56:00,1100.0,5.8501,5.86,5.81,5.81
09-21-2016 10:11:00,200.0,5.91,5.92,5.91,5.92
09-21-2016 10:12:00,400.0,5.88,5.99,5.88,5.99
09-21-2016 10:13:00,300.0,5.96,5.96,5.95,5.96
09-21-2016 10:15:00,200.0,5.95,5.95,5.95,5.95
09-21-2016 10:19:00,600.0,5.99,5.99,5.92,5.92
09-21-2016 10:27:00,400.0,6.0,6.02,6.0,6.02
09-21-2016 10:31:00,100.0,6.11,6.11,6.11,6.11
09-21-2016 10:32:00,200.0,5.95,5.95,5.93,5.93
09-21-2016 10:35:00,100.0,5.94,5.94,5.94,5.94
09-21-2016 10:38:00,500.0,5.93,5.93,5.91,5.93
09-21-2016 11:17:00,100.0,5.845,5.845,5.845,5.845
09-21-2016 11:19:00,200.0,5.85,5.85,5.8405,5.8405
09-21-2016 11:28:00,200.0,5.81,5.84,5.81,5.84
09-21-2016 11:34:00,100.0,5.9,5.9,5.9,5.9
09-21-2016 12:00:00,200.0,5.81,5.89,5.81,5.89
09-21-2016 12:17:00,100.0,5.82,5.82,5.82,5.82
09-21-2016 12:18:00,100.0,5.82,5.82,5.82,5.82
09-21-2016 12:43:00,100.0,5.78,5.78,5.78,5.78
09-21-2016 12:50:00,100.0,5.89,5.89,5.89,5.89
09-21-2016 13:03:00,100.0,5.85,5.85,5.85,5.85
09-21-2016 13:08:00,100.0,5.83,5.83,5.83,5.83
09-21-2016 13:14:00,400.0,5.85,5.86,5.83,5.83
09-21-2016 13:15:00,100.0,5.88,5.88,5.88,5.88
09-21-2016 13:17:00,100.0,5.91,5.91,5.91,5.91
09-21-2016 13:19:00,219.0,5.915,5.915,5.91,5.91
09-21-2016 13:20:00,5900.0,5.9,5.92,5.85,5.85
09-21-2016 13:37:00,100.0,5.84,5.84,5.84,5.84
09-21-2016 13:52:00,100.0,5.92,5.92,5.92,5.92
09-21-2016 13:53:00,1700.0,5.93,6.05,5.88,5.96
09-21-2016 13:54:00,400.0,5.96,5.96,5.92,5.93
09-21-2016 13:55:00,100.0,5.93,5.93,5.93,5.93
09-21-2016 13:56:00,600.0,5.94,5.94,5.83,5.85
09-21-2016 14:06:00,100.0,5.94,5.94,5.94,5.94
09-21-2016 14:07:00,1100.0,5.96,5.97,5.9,5.9
09-21-2016 14:36:00,200.0,5.9,5.9,5.8601,5.8601
09-21-2016 14:48:00,100.0,5.87,5.87,5.87,5.87
09-21-2016 14:50:00,1300.0,5.9239,5.9239,5.9239,5.9239
09-21-2016 14:52:00,200.0,5.93,5.93,5.92,5.92
09-21-2016 14:53:00,400.0,5.9,5.92,5.9,5.92
09-21-2016 14:54:00,400.0,5.92,5.92,5.9,5.9
09-21-2016 14:55:00,1691.0,5.89,5.93,5.89,5.92
09-21-2016 14:56:00,200.0,5.93,5.93,5.93,5.93
09-21-2016 14:58:00,400.0,5.92,5.92,5.87,5.88
09-21-2016 14:59:00,300.0,5.87,5.88,5.87,5.88
09-21-2016 15:00:00,1591.0,5.89,5.91,5.89,5.91
09-22-2016 08:30:00,200.0,5.93,5.93,5.93,5.93
09-22-2016 08:35:00,1800.0,6.02,6.02,5.93,6.0
09-22-2016 08:37:00,100.0,5.93,5.93,5.93,5.93
09-22-2016 08:40:00,300.0,5.99,6.0,5.985,6.0
09-22-2016 08:41:00,200.0,6.0,6.0,6.0,6.0
09-22-2016 08:53:00,900.0,6.0,6.0,5.93,6.0
09-22-2016 08:54:00,1300.0,6.0,6.0,5.93,6.0
09-22-2016 08:57:00,500.0,6.05,6.05,5.98,5.98
09-22-2016 08:58:00,1342.0,6.04,6.05,6.01,6.05
09-22-2016 09:01:00,4006.0,6.05,6.05,6.03,6.03
09-22-2016 09:08:00,2300.0,6.1,6.1,6.07,6.08
09-22-2016 09:12:00,200.0,6.1,6.1,6.07,6.07
09-22-2016 09:13:00,600.0,6.1,6.1,6.1,6.1
09-22-2016 09:18:00,501.0,6.07,6.07,6.05,6.05
09-22-2016 09:19:00,100.0,6.085,6.085,6.085,6.085
09-22-2016 09:20:00,501.0,6.09,6.09,6.04,6.04
09-22-2016 09:21:00,100.0,6.04,6.04,6.04,6.04
09-22-2016 09:27:00,100.0,6.06,6.06,6.06,6.06
09-22-2016 09:29:00,600.0,6.1,6.1,6.08,6.08
09-22-2016 09:30:00,300.0,6.07,6.07,6.06,6.06
09-22-2016 09:34:00,300.0,6.01,6.01,6.01,6.01
09-22-2016 09:37:00,300.0,6.04,6.04,6.04,6.04
09-22-2016 09:42:00,100.0,6.05,6.05,6.05,6.05
09-22-2016 09:59:00,480.0,6.1,6.1,6.03,6.03
09-22-2016 10:13:00,100.0,6.07,6.07,6.07,6.07
09-22-2016 10:14:00,201.0,6.03,6.06,6.03,6.06
09-22-2016 10:28:00,300.0,6.05,6.05,6.05,6.05
09-22-2016 10:30:00,100.0,6.06,6.06,6.06,6.06
09-22-2016 10:31:00,500.0,6.06,6.06,6.05,6.05
09-22-2016 10:32:00,200.0,6.03,6.03,6.03,6.03
09-22-2016 10:50:00,250.0,6.025,6.025,6.025,6.025
09-22-2016 10:53:00,6200.0,6.0,6.0,5.96,5.96
09-22-2016 10:57:00,300.0,6.0,6.0,5.995,6.0
09-22-2016 11:16:00,100.0,5.99,5.99,5.99,5.99
09-22-2016 11:34:00,180.0,5.99,5.99,5.99,5.99
09-22-2016 11:35:00,100.0,6.0,6.0,6.0,6.0
09-22-2016 11:43:00,200.0,6.0,6.0,6.0,6.0
09-22-2016 11:49:00,1200.0,5.97,5.97,5.97,5.97
09-22-2016 11:51:00,600.0,5.96,5.985,5.92,5.985
09-22-2016 11:54:00,200.0,5.93,5.93,5.91,5.91
09-22-2016 12:20:00,100.0,5.91,5.91,5.91,5.91
09-22-2016 12:24:00,300.0,5.92,5.92,5.91,5.91
09-22-2016 12:30:00,300.0,5.9,5.9,5.89,5.89
09-22-2016 12:33:00,200.0,5.89,5.89,5.88,5.88
09-22-2016 12:40:00,100.0,5.97,5.97,5.97,5.97
09-22-2016 13:00:00,200.0,5.95,5.95,5.94,5.94
09-22-2016 13:35:00,1000.0,5.89,5.92,5.82,5.89
09-22-2016 13:39:00,100.0,5.855,5.855,5.855,5.855
09-22-2016 13:40:00,100.0,5.82,5.82,5.82,5.82
09-22-2016 13:48:00,500.0,5.88,5.89,5.815,5.815
09-22-2016 13:50:00,200.0,5.88,5.92,5.88,5.92
09-22-2016 13:51:00,100.0,5.89,5.89,5.89,5.89
09-22-2016 13:56:00,200.0,5.87,5.87,5.86,5.86
09-22-2016 13:57:00,300.0,5.86,5.86,5.84,5.85
09-22-2016 14:08:00,800.0,5.9,5.9,5.85,5.885
09-22-2016 14:09:00,100.0,5.85,5.85,5.85,5.85
09-22-2016 14:10:00,100.0,5.85,5.85,5.85,5.85
09-22-2016 14:11:00,600.0,5.89,5.89,5.765,5.765
09-22-2016 14:16:00,1800.0,5.895,5.9,5.775,5.79
09-22-2016 14:18:00,100.0,5.9,5.9,5.9,5.9
09-22-2016 14:19:00,2000.0,5.92,5.96,5.92,5.96
09-22-2016 14:20:00,300.0,5.96,5.96,5.96,5.96
09-22-2016 14:23:00,1100.0,5.97,5.97,5.97,5.97
09-22-2016 14:25:00,1500.0,5.98,5.99,5.93,5.99
09-22-2016 14:28:00,400.0,5.99,5.99,5.98,5.98
09-22-2016 14:32:00,600.0,5.99,6.06,5.98,6.06
09-22-2016 14:39:00,600.0,5.99,5.995,5.98,5.98
09-22-2016 14:41:00,200.0,5.98,5.98,5.98,5.98
09-22-2016 14:45:00,200.0,6.0,6.0,6.0,6.0
09-22-2016 14:55:00,400.0,6.0099,6.01,6.0099,6.01
09-22-2016 14:57:00,100.0,6.0,6.0,6.0,6.0
09-22-2016 15:00:00,2429.0,6.01,6.01,5.99,5.99
09-23-2016 08:30:00,415.0,5.96,5.96,5.96,5.96
09-23-2016 08:31:00,1300.0,6.09,6.09,5.96,5.96
09-23-2016 08:36:00,100.0,6.0,6.0,6.0,6.0
09-23-2016 08:41:00,100.0,5.985,5.985,5.985,5.985
09-23-2016 08:43:00,100.0,5.96,5.96,5.96,5.96
09-23-2016 08:53:00,100.0,5.9989,5.9989,5.9989,5.9989
09-23-2016 09:03:00,100.0,5.99,5.99,5.99,5.99
09-23-2016 09:04:00,300.0,5.98,5.98,5.98,5.98
09-23-2016 09:05:00,500.0,6.0,6.0,6.0,6.0
09-23-2016 09:16:00,200.0,6.0,6.0,6.0,6.0
09-23-2016 09:26:00,100.0,6.0,6.0,6.0,6.0
09-23-2016 09:29:00,200.0,6.0,6.0,5.99,5.99
09-23-2016 09:49:00,100.0,5.9872,5.9872,5.9872,5.9872
09-23-2016 09:59:00,100.0,5.99,5.99,5.99,5.99
09-23-2016 10:01:00,400.0,6.0,6.0,5.97,5.97
09-23-2016 10:08:00,100.0,5.9801,5.9801,5.9801,5.9801
09-23-2016 10:09:00,200.0,5.99,5.9992,5.99,5.9992
09-23-2016 10:13:00,100.0,5.98,5.98,5.98,5.98
09-23-2016 10:19:00,200.0,5.997,5.9992,5.997,5.9992
09-23-2016 10:22:00,100.0,5.97,5.97,5.97,5.97
09-23-2016 10:23:00,300.0,5.9701,5.9701,5.97,5.97
09-23-2016 10:24:00,200.0,5.94,5.9401,5.94,5.9401
09-23-2016 10:25:00,300.0,5.94,5.94,5.91,5.94
09-23-2016 10:26:00,200.0,5.91,5.9101,5.91,5.9101
09-23-2016 10:27:00,300.0,5.91,5.91,5.9,5.9
09-23-2016 10:33:00,500.0,5.95,5.95,5.92,5.92
09-23-2016 10:36:00,1300.0,5.925,5.95,5.9,5.9
09-23-2016 10:37:00,1300.0,5.915,5.92,5.87,5.92
09-23-2016 10:38:00,100.0,5.9,5.9,5.9,5.9
09-23-2016 10:39:00,200.0,5.89,5.89,5.89,5.89
09-23-2016 10:40:00,1100.0,5.91,5.91,5.89,5.905
09-23-2016 10:41:00,200.0,5.91,5.91,5.9,5.9
09-23-2016 10:42:00,500.0,5.9,5.9,5.85,5.85
09-23-2016 10:43:00,3400.0,5.905,5.905,5.82,5.89
09-23-2016 10:45:00,2018.0,5.905,5.94,5.84,5.855
09-23-2016 10:46:00,700.0,5.92,5.94,5.845,5.94
09-23-2016 10:47:00,200.0,5.96,5.97,5.96,5.97
09-23-2016 11:00:00,1800.0,5.98,5.99,5.9,5.9892
09-23-2016 11:14:00,100.0,5.97,5.97,5.97,5.97
09-23-2016 11:15:00,100.0,5.94,5.94,5.94,5.94
09-23-2016 11:20:00,100.0,5.94,5.94,5.94,5.94
09-23-2016 11:29:00,300.0,5.99,5.99,5.94,5.99
09-23-2016 11:30:00,100.0,6.0,6.0,6.0,6.0
09-23-2016 11:51:00,100.0,6.0,6.0,6.0,6.0
09-23-2016 11:54:00,100.0,5.98,5.98,5.98,5.98
09-23-2016 11:56:00,1100.0,5.99,6.0,5.99,6.0
09-23-2016 12:00:00,600.0,6.0,6.0,6.0,6.0
09-23-2016 12:11:00,100.0,5.99,5.99,5.99,5.99
09-23-2016 12:17:00,1200.0,5.99,6.0,5.98,6.0
09-23-2016 12:29:00,300.0,6.0,6.0,6.0,6.0
09-23-2016 12:32:00,1800.0,5.9975,6.0,5.98,5.98
09-23-2016 12:38:00,197.0,5.98,5.98,5.98,5.98
09-23-2016 12:47:00,1403.0,5.98,5.98,5.95,5.95
09-23-2016 13:10:00,100.0,5.95,5.95,5.95,5.95
09-23-2016 13:27:00,100.0,5.9872,5.9872,5.9872,5.9872
09-23-2016 13:28:00,200.0,5.96,5.96,5.96,5.96
09-23-2016 13:40:00,100.0,5.95,5.95,5.95,5.95
09-23-2016 13:59:00,200.0,5.99,5.99,5.95,5.95
09-23-2016 14:00:00,400.0,5.95,5.96,5.95,5.96
09-23-2016 14:05:00,1200.0,5.99,6.0,5.95,6.0
09-23-2016 14:31:00,300.0,5.9965,6.0,5.9965,6.0
09-23-2016 14:33:00,400.0,6.0,6.0,5.99,6.0
09-23-2016 14:36:00,100.0,5.98,5.98,5.98,5.98
09-23-2016 14:40:00,700.0,5.95,5.95,5.95,5.95
09-23-2016 14:45:00,1000.0,5.95,5.95,5.91,5.93
09-23-2016 14:49:00,300.0,5.96,5.99,5.96,5.99
09-23-2016 14:50:00,100.0,5.99,5.99,5.99,5.99
09-23-2016 14:51:00,1500.0,6.0,6.05,5.97,6.03
09-23-2016 14:55:00,100.0,6.0,6.0,6.0,6.0
09-23-2016 15:00:00,743.0,5.99,5.99,5.99,5.99
09-26-2016 09:16:00,700.0,6.01,6.01,5.96,6.01
09-26-2016 09:17:00,200.0,5.97,5.97,5.96,5.96
09-26-2016 09:30:00,500.0,6.0,6.0,6.0,6.0
09-26-2016 09:40:00,100.0,6.01,6.01,6.01,6.01
09-26-2016 09:42:00,400.0,6.01,6.01,6.01,6.01
09-26-2016 09:46:00,600.0,6.0,6.0,6.0,6.0
09-26-2016 10:04:00,200.0,6.005,6.005,6.005,6.005
09-26-2016 10:14:00,100.0,6.0,6.0,6.0,6.0
09-26-2016 10:16:00,100.0,6.01,6.01,6.01,6.01
09-26-2016 10:18:00,500.0,6.01,6.01,6.0,6.01
09-26-2016 10:21:00,100.0,6.01,6.01,6.01,6.01
09-26-2016 10:22:00,100.0,6.01,6.01,6.01,6.01
09-26-2016 10:23:00,100.0,6.01,6.01,6.01,6.01
09-26-2016 10:26:00,600.0,6.0,6.0,6.0,6.0
09-26-2016 10:49:00,1514.0,6.0,6.005,5.96,5.97
09-26-2016 11:03:00,100.0,5.97,5.97,5.97,5.97
09-26-2016 11:08:00,200.0,5.98,5.98,5.98,5.98
09-26-2016 11:16:00,200.0,5.97,5.97,5.97,5.97
09-26-2016 11:20:00,200.0,5.97,5.98,5.97,5.98
09-26-2016 11:21:00,100.0,5.98,5.98,5.98,5.98
09-26-2016 11:25:00,100.0,6.0,6.0,6.0,6.0
09-26-2016 11:27:00,200.0,5.99,5.99,5.981,5.981
09-26-2016 11:31:00,100.0,5.97,5.97,5.97,5.97
09-26-2016 11:58:00,100.0,6.01,6.01,6.01,6.01
09-26-2016 12:02:00,200.0,6.0,6.0,6.0,6.0
09-26-2016 12:05:00,100.0,6.0,6.0,6.0,6.0
09-26-2016 12:07:00,200.0,6.0,6.0,6.0,6.0
09-26-2016 12:21:00,400.0,6.0,6.005,6.0,6.005
09-26-2016 12:31:00,200.0,5.99,5.99,5.99,5.99
09-26-2016 13:18:00,100.0,5.98,5.98,5.98,5.98
09-26-2016 13:20:00,200.0,6.0,6.0,6.0,6.0
09-26-2016 13:42:00,1400.0,5.981,5.99,5.98,5.98
09-26-2016 14:05:00,100.0,5.985,5.985,5.985,5.985
09-26-2016 14:15:00,300.0,5.99,6.0,5.99,6.0
09-26-2016 14:22:00,100.0,6.01,6.01,6.01,6.01
09-26-2016 14:24:00,100.0,6.01,6.01,6.01,6.01
09-26-2016 14:30:00,100.0,6.01,6.01,6.01,6.01
09-26-2016 14:37:00,100.0,6.0,6.0,6.0,6.0
09-26-2016 14:43:00,100.0,6.0,6.0,6.0,6.0
09-26-2016 14:52:00,100.0,6.01,6.01,6.01,6.01
09-26-2016 14:53:00,200.0,5.9805,5.9805,5.9805,5.9805
09-26-2016 14:55:00,100.0,6.0,6.0,6.0,6.0
09-26-2016 14:56:00,100.0,5.98,5.98,5.98,5.98
09-26-2016 14:57:00,100.0,6.0,6.0,6.0,6.0
09-26-2016 15:00:00,605.0,6.0,6.0,5.98,6.0
09-27-2016 08:30:00,254.0,5.94,5.94,5.94,5.94
09-27-2016 08:54:00,500.0,5.94,5.94,5.94,5.94
09-27-2016 08:55:00,200.0,5.94,5.94,5.94,5.94
09-27-2016 08:56:00,100.0,6.0,6.0,6.0,6.0
09-27-2016 09:04:00,600.0,5.95,5.9501,5.91,5.91
09-27-2016 09:08:00,100.0,5.95,5.95,5.95,5.95
09-27-2016 09:34:00,100.0,5.95,5.95,5.95,5.95
09-27-2016 10:07:00,500.0,5.95,5.99,5.95,5.95
09-27-2016 10:09:00,500.0,5.9872,6.0,5.96,5.96
09-27-2016 10:11:00,750.0,6.01,6.01,6.01,6.01
09-27-2016 10:21:00,100.0,6.01,6.01,6.01,6.01
09-27-2016 10:23:00,100.0,6.01,6.01,6.01,6.01
09-27-2016 10:40:00,800.0,6.0,6.0,5.97,5.97
09-27-2016 11:14:00,100.0,5.97,5.97,5.97,5.97
09-27-2016 11:24:00,100.0,5.98,5.98,5.98,5.98
09-27-2016 12:05:00,1000.0,5.9886,6.0,5.97,5.97
09-27-2016 12:27:00,500.0,5.99,5.99,5.99,5.99
09-27-2016 12:46:00,500.0,6.01,6.01,6.0,6.0
09-27-2016 12:50:00,200.0,6.04,6.04,6.04,6.04
09-27-2016 13:10:00,513.0,6.0,6.0,5.98,5.98
09-27-2016 13:36:00,400.0,6.0,6.0,5.99,5.99
09-27-2016 13:37:00,100.0,6.0,6.0,6.0,6.0
09-27-2016 14:12:00,1700.0,6.0,6.0,5.98,6.0
09-27-2016 14:14:00,100.0,6.02,6.02,6.02,6.02
09-27-2016 14:28:00,500.0,6.0,6.0,6.0,6.0
09-27-2016 14:29:00,100.0,6.02,6.02,6.02,6.02
09-27-2016 14:31:00,472.0,6.0,6.0,5.98,5.98
09-27-2016 14:33:00,200.0,6.0,6.0,6.0,6.0
09-27-2016 14:42:00,400.0,6.0,6.0,6.0,6.0
09-27-2016 14:45:00,100.0,5.99,5.99,5.99,5.99
09-27-2016 14:47:00,1000.0,6.0,6.0,6.0,6.0
09-27-2016 14:52:00,500.0,6.02,6.02,6.01,6.01
09-27-2016 14:53:00,2131.0,6.02,6.02,6.01,6.01
09-27-2016 14:55:00,200.0,6.01,6.02,6.01,6.02
09-27-2016 14:58:00,100.0,6.02,6.02,6.02,6.02
09-27-2016 14:59:00,2504.0,6.01,6.01,5.99,5.99
09-27-2016 15:00:00,400.0,5.94,5.94,5.93,5.93
