09-07-2016 08:30:00,100.0,4.84,4.84,4.84,4.84
09-07-2016 08:31:00,200.0,4.815,4.815,4.815,4.815
09-07-2016 08:35:00,3000.0,4.85,4.85,4.85,4.85
09-07-2016 08:38:00,233.0,4.838,4.838,4.838,4.838
09-07-2016 08:39:00,100.0,4.79,4.79,4.79,4.79
09-07-2016 08:43:00,100.0,4.79,4.79,4.79,4.79
09-07-2016 08:46:00,100.0,4.8,4.8,4.8,4.8
09-07-2016 08:48:00,100.0,4.8,4.8,4.8,4.8
09-07-2016 08:53:00,100.0,4.8,4.8,4.8,4.8
09-07-2016 09:03:00,100.0,4.82,4.82,4.82,4.82
09-07-2016 09:04:00,1400.0,4.82,4.85,4.8,4.85
09-07-2016 09:08:00,300.0,4.84,4.84,4.84,4.84
09-07-2016 09:09:00,600.0,4.83,4.84,4.815,4.84
09-07-2016 09:12:00,400.0,4.82,4.84,4.82,4.84
09-07-2016 09:21:00,2800.0,4.8422,4.8422,4.82,4.82
09-07-2016 09:22:00,100.0,4.81,4.81,4.81,4.81
09-07-2016 09:24:00,3700.0,4.81,4.84,4.8,4.82
09-07-2016 09:25:00,2131.0,4.84,4.84,4.84,4.84
09-07-2016 09:29:00,300.0,4.83,4.83,4.83,4.83
09-07-2016 09:30:00,200.0,4.82,4.82,4.82,4.82
09-07-2016 09:33:00,100.0,4.8,4.8,4.8,4.8
09-07-2016 09:35:00,300.0,4.8,4.8,4.8,4.8
09-07-2016 09:37:00,100.0,4.78,4.78,4.78,4.78
09-07-2016 09:39:00,108.0,4.814,4.814,4.814,4.814
09-07-2016 09:41:00,200.0,4.79,4.79,4.78,4.78
09-07-2016 09:45:00,100.0,4.78,4.78,4.78,4.78
09-07-2016 09:47:00,100.0,4.78,4.78,4.78,4.78
09-07-2016 09:48:00,1600.0,4.771,4.78,4.77,4.771
09-07-2016 09:49:00,100.0,4.76,4.76,4.76,4.76
09-07-2016 09:52:00,1400.0,4.77,4.78,4.77,4.78
09-07-2016 09:53:00,300.0,4.8,4.8,4.8,4.8
09-07-2016 09:54:00,100.0,4.83,4.83,4.83,4.83
09-07-2016 09:58:00,2500.0,4.82,4.83,4.81,4.821
09-07-2016 10:13:00,800.0,4.83,4.83,4.83,4.83
09-07-2016 10:21:00,800.0,4.81,4.81,4.79,4.79
09-07-2016 10:25:00,100.0,4.76,4.76,4.76,4.76
09-07-2016 10:29:00,100.0,4.76,4.76,4.76,4.76
09-07-2016 10:30:00,300.0,4.76,4.77,4.76,4.77
09-07-2016 10:32:00,200.0,4.77,4.77,4.77,4.77
09-07-2016 10:33:00,1400.0,4.77,4.775,4.77,4.77
09-07-2016 10:38:00,2400.0,4.775,4.78,4.775,4.78
09-07-2016 10:46:00,1200.0,4.79,4.79,4.7899,4.7899
09-07-2016 11:17:00,100.0,4.8,4.8,4.8,4.8
09-07-2016 11:20:00,5200.0,4.8,4.8001,4.79,4.79
09-07-2016 11:27:00,100.0,4.79,4.79,4.79,4.79
09-07-2016 11:31:00,200.0,4.79,4.79,4.79,4.79
09-07-2016 11:33:00,100.0,4.79,4.79,4.79,4.79
09-07-2016 11:37:00,500.0,4.79,4.79,4.79,4.79
09-07-2016 11:43:00,300.0,4.79,4.79,4.79,4.79
09-07-2016 11:48:00,100.0,4.79,4.79,4.79,4.79
09-07-2016 11:49:00,100.0,4.79,4.79,4.79,4.79
09-07-2016 11:50:00,300.0,4.79,4.79,4.79,4.79
09-07-2016 11:51:00,1618.0,4.79,4.79,4.79,4.79
09-07-2016 11:54:00,1300.0,4.78,4.7899,4.78,4.7899
09-07-2016 11:55:00,1200.0,4.78,4.78,4.77,4.77
09-07-2016 12:00:00,200.0,4.77,4.77,4.77,4.77
09-07-2016 12:06:00,100.0,4.77,4.77,4.77,4.77
09-07-2016 12:07:00,700.0,4.77,4.77,4.77,4.77
09-07-2016 12:09:00,100.0,4.77,4.77,4.77,4.77
09-07-2016 12:12:00,100.0,4.77,4.77,4.77,4.77
09-07-2016 12:13:00,500.0,4.77,4.77,4.77,4.77
09-07-2016 12:19:00,100.0,4.76,4.76,4.76,4.76
09-07-2016 12:20:00,100.0,4.76,4.76,4.76,4.76
09-07-2016 12:24:00,100.0,4.76,4.76,4.76,4.76
09-07-2016 12:25:00,300.0,4.76,4.76,4.76,4.76
09-07-2016 12:26:00,100.0,4.76,4.76,4.76,4.76
09-07-2016 12:30:00,200.0,4.7729,4.7729,4.7729,4.7729
09-07-2016 12:31:00,100.0,4.76,4.76,4.76,4.76
09-07-2016 12:32:00,200.0,4.77,4.77,4.77,4.77
09-07-2016 12:33:00,200.0,4.78,4.78,4.78,4.78
09-07-2016 12:36:00,100.0,4.77,4.77,4.77,4.77
09-07-2016 12:37:00,200.0,4.77,4.77,4.77,4.77
09-07-2016 12:42:00,100.0,4.77,4.77,4.77,4.77
09-07-2016 12:43:00,200.0,4.77,4.77,4.77,4.77
09-07-2016 12:44:00,100.0,4.77,4.77,4.77,4.77
09-07-2016 12:45:00,100.0,4.7742,4.7742,4.7742,4.7742
09-07-2016 12:46:00,300.0,4.78,4.78,4.77,4.77
09-07-2016 12:49:00,100.0,4.77,4.77,4.77,4.77
09-07-2016 12:50:00,300.0,4.77,4.77,4.77,4.77
09-07-2016 12:51:00,900.0,4.77,4.77,4.77,4.77
09-07-2016 12:55:00,400.0,4.77,4.77,4.77,4.77
09-07-2016 13:05:00,100.0,4.76,4.76,4.76,4.76
09-07-2016 13:06:00,100.0,4.76,4.76,4.76,4.76
09-07-2016 13:09:00,100.0,4.76,4.76,4.76,4.76
09-07-2016 13:10:00,2800.0,4.765,4.765,4.73,4.73
09-07-2016 13:15:00,225.0,4.7401,4.7401,4.7401,4.7401
09-07-2016 13:16:00,1501.0,4.745,4.79,4.745,4.79
09-07-2016 13:22:00,100.0,4.78,4.78,4.78,4.78
09-07-2016 13:37:00,221.0,4.778,4.778,4.778,4.778
09-07-2016 13:48:00,100.0,4.77,4.77,4.77,4.77
09-07-2016 13:52:00,400.0,4.77,4.79,4.77,4.78
09-07-2016 13:53:00,200.0,4.77,4.78,4.77,4.78
09-07-2016 13:54:00,750.0,4.772,4.772,4.772,4.772
09-07-2016 14:01:00,100.0,4.77,4.77,4.77,4.77
09-07-2016 14:02:00,100.0,4.77,4.77,4.77,4.77
09-07-2016 14:05:00,200.0,4.77,4.78,4.77,4.78
09-07-2016 14:10:00,100.0,4.77,4.77,4.77,4.77
09-07-2016 14:11:00,100.0,4.77,4.77,4.77,4.77
09-07-2016 14:12:00,100.0,4.77,4.77,4.77,4.77
09-07-2016 14:14:00,100.0,4.77,4.77,4.77,4.77
09-07-2016 14:16:00,100.0,4.77,4.77,4.77,4.77
09-07-2016 14:19:00,100.0,4.77,4.77,4.77,4.77
09-07-2016 14:20:00,200.0,4.77,4.77,4.77,4.77
09-07-2016 14:22:00,1300.0,4.781,4.79,4.77,4.78
09-07-2016 14:24:00,200.0,4.77,4.77,4.77,4.77
09-07-2016 14:27:00,100.0,4.76,4.76,4.76,4.76
09-07-2016 14:28:00,100.0,4.76,4.76,4.76,4.76
09-07-2016 14:30:00,1000.0,4.7746,4.7746,4.7746,4.7746
09-07-2016 14:31:00,100.0,4.76,4.76,4.76,4.76
09-07-2016 14:32:00,100.0,4.76,4.76,4.76,4.76
09-07-2016 14:33:00,1500.0,4.76,4.765,4.75,4.765
09-07-2016 14:34:00,100.0,4.76,4.76,4.76,4.76
09-07-2016 14:35:00,1200.0,4.77,4.78,4.77,4.7799
09-07-2016 14:38:00,100.0,4.76,4.76,4.76,4.76
09-07-2016 14:41:00,200.0,4.76,4.76,4.76,4.76
09-07-2016 14:42:00,3800.0,4.77,4.78,4.77,4.78
09-07-2016 14:44:00,100.0,4.79,4.79,4.79,4.79
09-07-2016 14:47:00,1800.0,4.78,4.8,4.78,4.8
09-07-2016 14:48:00,100.0,4.8,4.8,4.8,4.8
09-07-2016 14:49:00,100.0,4.8,4.8,4.8,4.8
09-07-2016 14:51:00,100.0,4.8,4.8,4.8,4.8
09-07-2016 14:52:00,300.0,4.8,4.8,4.8,4.8
09-07-2016 14:53:00,400.0,4.8,4.8,4.8,4.8
09-07-2016 14:54:00,100.0,4.8,4.8,4.8,4.8
09-07-2016 14:55:00,200.0,4.8,4.8,4.8,4.8
09-07-2016 14:56:00,200.0,4.8,4.8,4.8,4.8
09-07-2016 14:57:00,300.0,4.8,4.8,4.8,4.8
09-07-2016 14:58:00,400.0,4.8,4.8,4.8,4.8
09-07-2016 15:00:00,1669.0,4.8,4.8,4.8,4.8
09-08-2016 08:35:00,1300.0,4.83,4.93,4.83,4.92
09-08-2016 08:40:00,300.0,4.81,4.81,4.8,4.8
09-08-2016 08:42:00,200.0,4.8,4.8,4.8,4.8
09-08-2016 08:43:00,400.0,4.8,4.8,4.8,4.8
09-08-2016 08:46:00,200.0,4.8,4.81,4.8,4.81
09-08-2016 08:48:00,200.0,4.77,4.77,4.77,4.77
09-08-2016 08:49:00,200.0,4.76,4.785,4.76,4.785
09-08-2016 08:50:00,100.0,4.785,4.785,4.785,4.785
09-08-2016 08:51:00,500.0,4.79,4.8,4.785,4.8
09-08-2016 08:59:00,102.0,4.78,4.78,4.78,4.78
09-08-2016 09:00:00,300.0,4.78,4.78,4.78,4.78
09-08-2016 09:04:00,100.0,4.78,4.78,4.78,4.78
09-08-2016 09:05:00,100.0,4.79,4.79,4.79,4.79
09-08-2016 09:06:00,200.0,4.78,4.78,4.78,4.78
09-08-2016 09:08:00,100.0,4.78,4.78,4.78,4.78
09-08-2016 09:12:00,200.0,4.8,4.8,4.78,4.78
09-08-2016 09:14:00,100.0,4.79,4.79,4.79,4.79
09-08-2016 09:17:00,100.0,4.79,4.79,4.79,4.79
09-08-2016 09:22:00,100.0,4.79,4.79,4.79,4.79
09-08-2016 09:23:00,100.0,4.79,4.79,4.79,4.79
09-08-2016 09:24:00,500.0,4.79,4.81,4.79,4.81
09-08-2016 09:28:00,200.0,4.82,4.84,4.82,4.84
09-08-2016 09:30:00,100.0,4.825,4.825,4.825,4.825
09-08-2016 09:33:00,100.0,4.84,4.84,4.84,4.84
09-08-2016 09:36:00,100.0,4.83,4.83,4.83,4.83
09-08-2016 09:43:00,100.0,4.82,4.82,4.82,4.82
09-08-2016 09:45:00,200.0,4.81,4.81,4.81,4.81
09-08-2016 09:50:00,200.0,4.805,4.81,4.805,4.81
09-08-2016 09:55:00,400.0,4.805,4.805,4.8,4.805
09-08-2016 09:57:00,2600.0,4.8046,4.82,4.795,4.795
09-08-2016 10:02:00,100.0,4.805,4.805,4.805,4.805
09-08-2016 10:03:00,100.0,4.805,4.805,4.805,4.805
09-08-2016 10:04:00,100.0,4.8,4.8,4.8,4.8
09-08-2016 10:08:00,500.0,4.8,4.8,4.79,4.79
09-08-2016 10:11:00,300.0,4.78,4.78,4.78,4.78
09-08-2016 10:19:00,200.0,4.81,4.819,4.81,4.819
09-08-2016 10:22:00,100.0,4.82,4.82,4.82,4.82
09-08-2016 10:26:00,100.0,4.8,4.8,4.8,4.8
09-08-2016 10:27:00,500.0,4.81,4.82,4.81,4.82
09-08-2016 10:32:00,100.0,4.81,4.81,4.81,4.81
09-08-2016 10:37:00,100.0,4.81,4.81,4.81,4.81
09-08-2016 10:39:00,600.0,4.81,4.81,4.81,4.81
09-08-2016 10:43:00,100.0,4.8199,4.8199,4.8199,4.8199
09-08-2016 10:45:00,100.0,4.79,4.79,4.79,4.79
09-08-2016 10:49:00,100.0,4.8199,4.8199,4.8199,4.8199
09-08-2016 10:50:00,100.0,4.79,4.79,4.79,4.79
09-08-2016 10:54:00,100.0,4.81,4.81,4.81,4.81
09-08-2016 10:55:00,200.0,4.815,4.82,4.815,4.82
09-08-2016 10:58:00,100.0,4.82,4.82,4.82,4.82
09-08-2016 11:02:00,400.0,4.82,4.82,4.82,4.82
09-08-2016 11:03:00,100.0,4.81,4.81,4.81,4.81
09-08-2016 11:04:00,100.0,4.81,4.81,4.81,4.81
09-08-2016 11:05:00,100.0,4.8199,4.8199,4.8199,4.8199
09-08-2016 11:09:00,100.0,4.81,4.81,4.81,4.81
09-08-2016 11:11:00,100.0,4.8199,4.8199,4.8199,4.8199
09-08-2016 11:15:00,200.0,4.81,4.81,4.81,4.81
09-08-2016 11:17:00,100.0,4.8199,4.8199,4.8199,4.8199
09-08-2016 11:18:00,300.0,4.82,4.82,4.815,4.815
09-08-2016 11:23:00,200.0,4.815,4.8199,4.815,4.8199
09-08-2016 11:25:00,889.0,4.815,4.82,4.815,4.82
09-08-2016 11:26:00,100.0,4.82,4.82,4.82,4.82
09-08-2016 11:30:00,100.0,4.84,4.84,4.84,4.84
09-08-2016 11:38:00,100.0,4.83,4.83,4.83,4.83
09-08-2016 11:43:00,200.0,4.83,4.83,4.83,4.83
09-08-2016 11:50:00,700.0,4.8401,4.8401,4.82,4.82
09-08-2016 11:51:00,100.0,4.8599,4.8599,4.8599,4.8599
09-08-2016 11:56:00,500.0,4.85,4.85,4.85,4.85
09-08-2016 12:00:00,100.0,4.87,4.87,4.87,4.87
09-08-2016 12:07:00,100.0,4.865,4.865,4.865,4.865
09-08-2016 12:12:00,100.0,4.86,4.86,4.86,4.86
09-08-2016 12:16:00,100.0,4.85,4.85,4.85,4.85
09-08-2016 12:18:00,100.0,4.855,4.855,4.855,4.855
09-08-2016 12:24:00,1000.0,4.854,4.854,4.854,4.854
09-08-2016 12:26:00,100.0,4.86,4.86,4.86,4.86
09-08-2016 12:33:00,200.0,4.8599,4.8599,4.855,4.855
09-08-2016 12:39:00,100.0,4.8599,4.8599,4.8599,4.8599
09-08-2016 12:41:00,100.0,4.85,4.85,4.85,4.85
09-08-2016 12:45:00,200.0,4.85,4.85,4.85,4.85
09-08-2016 12:46:00,100.0,4.86,4.86,4.86,4.86
09-08-2016 12:48:00,100.0,4.83,4.83,4.83,4.83
09-08-2016 12:51:00,100.0,4.83,4.83,4.83,4.83
09-08-2016 12:52:00,100.0,4.8399,4.8399,4.8399,4.8399
09-08-2016 12:54:00,100.0,4.81,4.81,4.81,4.81
09-08-2016 12:55:00,100.0,4.81,4.81,4.81,4.81
09-08-2016 12:59:00,100.0,4.83,4.83,4.83,4.83
09-08-2016 13:01:00,100.0,4.81,4.81,4.81,4.81
09-08-2016 13:02:00,100.0,4.81,4.81,4.81,4.81
09-08-2016 13:04:00,300.0,4.83,4.84,4.83,4.84
09-08-2016 13:07:00,100.0,4.835,4.835,4.835,4.835
09-08-2016 13:08:00,300.0,4.835,4.84,4.835,4.835
09-08-2016 13:13:00,100.0,4.825,4.825,4.825,4.825
09-08-2016 13:19:00,100.0,4.825,4.825,4.825,4.825
09-08-2016 13:25:00,100.0,4.84,4.84,4.84,4.84
09-08-2016 13:27:00,100.0,4.81,4.81,4.81,4.81
09-08-2016 13:31:00,100.0,4.83,4.83,4.83,4.83
09-08-2016 13:33:00,100.0,4.81,4.81,4.81,4.81
09-08-2016 13:37:00,300.0,4.84,4.84,4.835,4.835
09-08-2016 13:38:00,600.0,4.83,4.83,4.79,4.79
09-08-2016 13:41:00,100.0,4.8299,4.8299,4.8299,4.8299
09-08-2016 13:44:00,100.0,4.79,4.79,4.79,4.79
09-08-2016 13:48:00,100.0,4.79,4.79,4.79,4.79
09-08-2016 13:49:00,100.0,4.79,4.79,4.79,4.79
09-08-2016 13:50:00,1300.0,4.818,4.818,4.8,4.8
09-08-2016 13:52:00,1300.0,4.8,4.82,4.8,4.82
09-08-2016 13:53:00,600.0,4.79,4.82,4.78,4.78
09-08-2016 14:01:00,100.0,4.82,4.82,4.82,4.82
09-08-2016 14:03:00,200.0,4.82,4.82,4.82,4.82
09-08-2016 14:06:00,100.0,4.81,4.81,4.81,4.81
09-08-2016 14:11:00,200.0,4.82,4.82,4.81,4.81
09-08-2016 14:15:00,200.0,4.81,4.81,4.8,4.8
09-08-2016 14:16:00,100.0,4.815,4.815,4.815,4.815
09-08-2016 14:20:00,200.0,4.825,4.83,4.825,4.83
09-08-2016 14:22:00,300.0,4.825,4.83,4.825,4.8299
09-08-2016 14:25:00,100.0,4.8299,4.8299,4.8299,4.8299
09-08-2016 14:28:00,100.0,4.8299,4.8299,4.8299,4.8299
09-08-2016 14:31:00,400.0,4.83,4.83,4.82,4.83
09-08-2016 14:37:00,100.0,4.82,4.82,4.82,4.82
09-08-2016 14:39:00,100.0,4.8499,4.8499,4.8499,4.8499
09-08-2016 14:40:00,100.0,4.82,4.82,4.82,4.82
09-08-2016 14:42:00,100.0,4.82,4.82,4.82,4.82
09-08-2016 14:43:00,100.0,4.82,4.82,4.82,4.82
09-08-2016 14:44:00,100.0,4.83,4.83,4.83,4.83
09-08-2016 14:46:00,200.0,4.82,4.82,4.82,4.82
09-08-2016 14:47:00,100.0,4.82,4.82,4.82,4.82
09-08-2016 14:48:00,1500.0,4.82,4.835,4.82,4.82
09-08-2016 14:49:00,100.0,4.82,4.82,4.82,4.82
09-08-2016 14:50:00,200.0,4.8499,4.8499,4.8499,4.8499
09-08-2016 14:51:00,200.0,4.82,4.82,4.82,4.82
09-08-2016 14:52:00,100.0,4.82,4.82,4.82,4.82
09-08-2016 14:53:00,200.0,4.84,4.84,4.82,4.82
09-08-2016 14:54:00,100.0,4.82,4.82,4.82,4.82
09-08-2016 14:55:00,400.0,4.82,4.8399,4.82,4.83
09-08-2016 14:56:00,100.0,4.82,4.82,4.82,4.82
09-08-2016 14:57:00,100.0,4.83,4.83,4.83,4.83
09-08-2016 14:58:00,700.0,4.83,4.8499,4.83,4.8499
09-08-2016 14:59:00,500.0,4.8499,4.85,4.8499,4.85
09-08-2016 15:00:00,1092.0,4.85,4.85,4.82,4.85
09-09-2016 08:30:00,10000.0,4.93,4.93,4.93,4.93
09-09-2016 08:33:00,2100.0,4.818,4.905,4.818,4.905
09-09-2016 08:35:00,100.0,4.75,4.75,4.75,4.75
09-09-2016 08:36:00,700.0,4.8499,4.8499,4.8,4.84
09-09-2016 08:39:00,1000.0,4.814,4.814,4.814,4.814
09-09-2016 08:41:00,100.0,4.815,4.815,4.815,4.815
09-09-2016 08:44:00,100.0,4.81,4.81,4.81,4.81
09-09-2016 08:45:00,100.0,4.8,4.8,4.8,4.8
09-09-2016 08:46:00,100.0,4.85,4.85,4.85,4.85
09-09-2016 08:48:00,600.0,4.8,4.8299,4.8,4.8299
09-09-2016 08:51:00,100.0,4.79,4.79,4.79,4.79
09-09-2016 08:54:00,800.0,4.805,4.82,4.795,4.8
09-09-2016 08:55:00,778.0,4.8,4.86,4.8,4.86
09-09-2016 09:01:00,100.0,4.81,4.81,4.81,4.81
09-09-2016 09:02:00,100.0,4.8,4.8,4.8,4.8
09-09-2016 09:03:00,100.0,4.8,4.8,4.8,4.8
09-09-2016 09:07:00,700.0,4.785,4.8,4.78,4.8
09-09-2016 09:08:00,545.0,4.8,4.84,4.8,4.84
09-09-2016 09:17:00,200.0,4.805,4.805,4.805,4.805
09-09-2016 09:18:00,200.0,4.8,4.81,4.8,4.81
09-09-2016 09:19:00,300.0,4.815,4.82,4.815,4.82
09-09-2016 09:27:00,200.0,4.82,4.82,4.82,4.82
09-09-2016 09:30:00,200.0,4.83,4.83,4.82,4.82
09-09-2016 09:32:00,300.0,4.82,4.82,4.82,4.82
09-09-2016 09:35:00,1100.0,4.8205,4.83,4.8205,4.83
09-09-2016 09:47:00,5296.0,4.811,4.821,4.8,4.8
09-09-2016 09:51:00,900.0,4.79,4.8,4.78,4.8
09-09-2016 09:52:00,700.0,4.8,4.8,4.785,4.8
09-09-2016 10:02:00,1700.0,4.8,4.8025,4.76,4.79
09-09-2016 10:05:00,100.0,4.77,4.77,4.77,4.77
09-09-2016 10:06:00,400.0,4.785,4.8,4.785,4.8
09-09-2016 10:07:00,1270.0,4.8,4.81,4.8,4.81
09-09-2016 10:17:00,200.0,4.805,4.805,4.805,4.805
09-09-2016 10:21:00,400.0,4.8,4.8,4.8,4.8
09-09-2016 10:23:00,100.0,4.805,4.805,4.805,4.805
09-09-2016 10:28:00,100.0,4.8,4.8,4.8,4.8
09-09-2016 10:31:00,300.0,4.805,4.81,4.805,4.81
09-09-2016 10:32:00,200.0,4.805,4.805,4.805,4.805
09-09-2016 10:35:00,100.0,4.8,4.8,4.8,4.8
09-09-2016 10:36:00,800.0,4.795,4.8,4.795,4.8
09-09-2016 10:37:00,1300.0,4.8,4.8,4.8,4.8
09-09-2016 10:47:00,300.0,4.805,4.805,4.805,4.805
09-09-2016 10:51:00,300.0,4.8,4.805,4.8,4.805
09-09-2016 10:55:00,400.0,4.8,4.8,4.8,4.8
09-09-2016 11:01:00,101.0,4.8002,4.8002,4.8002,4.8002
09-09-2016 11:02:00,200.0,4.8,4.8,4.8,4.8
09-09-2016 11:18:00,200.0,4.795,4.795,4.795,4.795
09-09-2016 11:30:00,200.0,4.79,4.79,4.79,4.79
09-09-2016 11:32:00,200.0,4.785,4.785,4.785,4.785
09-09-2016 11:42:00,3500.0,4.78,4.78,4.775,4.78
09-09-2016 11:43:00,500.0,4.775,4.78,4.775,4.78
09-09-2016 11:56:00,100.0,4.8,4.8,4.8,4.8
09-09-2016 11:57:00,200.0,4.8,4.8,4.785,4.785
09-09-2016 12:00:00,200.0,4.79,4.79,4.79,4.79
09-09-2016 12:01:00,100.0,4.79,4.79,4.79,4.79
09-09-2016 12:06:00,1000.0,4.798,4.7999,4.798,4.7999
09-09-2016 12:07:00,100.0,4.79,4.79,4.79,4.79
09-09-2016 12:11:00,100.0,4.78,4.78,4.78,4.78
09-09-2016 12:12:00,100.0,4.79,4.79,4.79,4.79
09-09-2016 12:17:00,200.0,4.79,4.79,4.79,4.79
09-09-2016 12:20:00,300.0,4.78,4.78,4.78,4.78
09-09-2016 12:21:00,100.0,4.78,4.78,4.78,4.78
09-09-2016 12:22:00,200.0,4.78,4.78,4.78,4.78
09-09-2016 12:32:00,200.0,4.785,4.785,4.785,4.785
09-09-2016 12:35:00,1290.0,4.785,4.79,4.785,4.79
09-09-2016 12:41:00,1000.0,4.79,4.7901,4.78,4.78
09-09-2016 12:45:00,3700.0,4.77,4.7702,4.76,4.76
09-09-2016 12:46:00,500.0,4.74,4.74,4.71,4.71
09-09-2016 12:47:00,200.0,4.73,4.73,4.73,4.73
09-09-2016 12:48:00,4323.0,4.71,4.71,4.7,4.7
09-09-2016 12:51:00,1100.0,4.7001,4.71,4.7,4.7008
09-09-2016 12:52:00,600.0,4.7,4.7,4.7,4.7
09-09-2016 13:03:00,100.0,4.72,4.72,4.72,4.72
09-09-2016 13:07:00,500.0,4.71,4.715,4.71,4.715
09-09-2016 13:08:00,2970.0,4.7027,4.72,4.7,4.72
09-09-2016 13:13:00,100.0,4.7,4.7,4.7,4.7
09-09-2016 13:16:00,2600.0,4.71,4.71,4.705,4.71
09-09-2016 13:17:00,100.0,4.71,4.71,4.71,4.71
09-09-2016 13:20:00,500.0,4.712,4.712,4.712,4.712
09-09-2016 13:24:00,100.0,4.71,4.71,4.71,4.71
09-09-2016 13:27:00,1900.0,4.715,4.75,4.715,4.75
09-09-2016 13:28:00,100.0,4.75,4.75,4.75,4.75
09-09-2016 13:30:00,100.0,4.75,4.75,4.75,4.75
09-09-2016 13:43:00,200.0,4.76,4.76,4.76,4.76
09-09-2016 13:47:00,100.0,4.765,4.765,4.765,4.765
09-09-2016 13:53:00,100.0,4.78,4.78,4.78,4.78
09-09-2016 13:58:00,200.0,4.765,4.765,4.765,4.765
09-09-2016 14:02:00,100.0,4.765,4.765,4.765,4.765
09-09-2016 14:06:00,100.0,4.78,4.78,4.78,4.78
09-09-2016 14:08:00,100.0,4.765,4.765,4.765,4.765
09-09-2016 14:13:00,300.0,4.76,4.77,4.76,4.77
09-09-2016 14:14:00,600.0,4.76,4.79,4.76,4.79
09-09-2016 14:18:00,100.0,4.79,4.79,4.79,4.79
09-09-2016 14:19:00,300.0,4.8,4.8,4.77,4.77
09-09-2016 14:26:00,100.0,4.78,4.78,4.78,4.78
09-09-2016 14:27:00,200.0,4.78,4.78,4.77,4.77
09-09-2016 14:30:00,200.0,4.785,4.785,4.77,4.77
09-09-2016 14:31:00,100.0,4.79,4.79,4.79,4.79
09-09-2016 14:35:00,600.0,4.805,4.84,4.805,4.84
09-09-2016 14:39:00,300.0,4.83,4.83,4.83,4.83
09-09-2016 14:40:00,1200.0,4.82,4.82,4.82,4.82
09-09-2016 14:43:00,500.0,4.82,4.82,4.82,4.82
09-09-2016 14:45:00,100.0,4.82,4.82,4.82,4.82
09-09-2016 14:46:00,100.0,4.81,4.81,4.81,4.81
09-09-2016 14:48:00,200.0,4.81,4.82,4.81,4.82
09-09-2016 14:49:00,400.0,4.815,4.82,4.815,4.82
09-09-2016 14:51:00,1300.0,4.82,4.82,4.82,4.82
09-09-2016 14:52:00,300.0,4.82,4.83,4.82,4.83
09-09-2016 14:53:00,300.0,4.8202,4.83,4.8202,4.83
09-09-2016 14:54:00,200.0,4.82,4.83,4.82,4.83
09-09-2016 14:55:00,400.0,4.82,4.82,4.82,4.82
09-09-2016 14:56:00,200.0,4.8205,4.83,4.8205,4.83
09-09-2016 14:57:00,300.0,4.8205,4.83,4.8205,4.83
09-09-2016 14:58:00,100.0,4.82,4.82,4.82,4.82
09-09-2016 14:59:00,1000.0,4.83,4.83,4.82,4.82
09-09-2016 15:00:00,1619.0,4.82,4.83,4.82,4.82
09-09-2016 15:39:00,1950.0,4.82,4.82,4.82,4.82
09-12-2016 08:30:00,5092.0,4.64,4.64,4.64,4.64
09-12-2016 08:31:00,2786.0,4.61,4.6999,4.5,4.6105
09-12-2016 08:32:00,200.0,4.63,4.63,4.61,4.61
09-12-2016 08:33:00,100.0,4.6001,4.6001,4.6001,4.6001
09-12-2016 08:37:00,1500.0,4.58,4.643,4.58,4.643
09-12-2016 08:38:00,200.0,4.6,4.6,4.6,4.6
09-12-2016 08:39:00,200.0,4.6,4.6,4.6,4.6
09-12-2016 08:40:00,500.0,4.6,4.6,4.6,4.6
09-12-2016 08:42:00,100.0,4.6,4.6,4.6,4.6
09-12-2016 08:43:00,200.0,4.6,4.6,4.6,4.6
09-12-2016 08:44:00,300.0,4.632,4.632,4.632,4.632
09-12-2016 08:45:00,100.0,4.6,4.6,4.6,4.6
09-12-2016 08:46:00,100.0,4.6,4.6,4.6,4.6
09-12-2016 08:47:00,1550.0,4.56,4.57,4.51,4.57
09-12-2016 08:49:00,100.0,4.51,4.51,4.51,4.51
09-12-2016 08:50:00,500.0,4.55,4.55,4.5,4.5
09-12-2016 08:51:00,3750.0,4.54,4.57,4.53,4.5494
09-12-2016 08:53:00,100.0,4.52,4.52,4.52,4.52
09-12-2016 08:55:00,2100.0,4.535,4.6,4.53,4.6
09-12-2016 09:00:00,100.0,4.55,4.55,4.55,4.55
09-12-2016 09:01:00,300.0,4.555,4.555,4.55,4.55
09-12-2016 09:02:00,600.0,4.55,4.56,4.55,4.56
09-12-2016 09:06:00,100.0,4.54,4.54,4.54,4.54
09-12-2016 09:07:00,100.0,4.54,4.54,4.54,4.54
09-12-2016 09:10:00,1214.0,4.56,4.6,4.55,4.6
09-12-2016 09:11:00,2402.0,4.595,4.63,4.595,4.63
09-12-2016 09:15:00,114.0,4.6101,4.6101,4.6101,4.6101
09-12-2016 09:18:00,300.0,4.61,4.61,4.61,4.61
09-12-2016 09:22:00,100.0,4.585,4.585,4.585,4.585
09-12-2016 09:23:00,300.0,4.56,4.57,4.55,4.55
09-12-2016 09:24:00,200.0,4.555,4.56,4.555,4.56
09-12-2016 09:31:00,100.0,4.55,4.55,4.55,4.55
09-12-2016 09:32:00,100.0,4.55,4.55,4.55,4.55
09-12-2016 09:36:00,100.0,4.55,4.55,4.55,4.55
09-12-2016 09:37:00,1722.0,4.56,4.56,4.53,4.54
09-12-2016 09:38:00,690.0,4.52,4.52,4.5,4.5
09-12-2016 09:39:00,400.0,4.5,4.5,4.5,4.5
09-12-2016 09:40:00,2915.0,4.5,4.51,4.45,4.45
09-12-2016 09:41:00,600.0,4.45,4.48,4.45,4.45
09-12-2016 09:42:00,600.0,4.45,4.45,4.45,4.45
09-12-2016 09:43:00,300.0,4.45,4.45,4.45,4.45
09-12-2016 09:44:00,3282.0,4.46,4.46,4.45,4.4576
09-12-2016 09:45:00,300.0,4.45,4.45,4.45,4.45
09-12-2016 09:46:00,100.0,4.45,4.45,4.45,4.45
09-12-2016 09:47:00,200.0,4.45,4.45,4.45,4.45
09-12-2016 09:48:00,200.0,4.45,4.45,4.45,4.45
09-12-2016 09:49:00,100.0,4.45,4.45,4.45,4.45
09-12-2016 09:50:00,100.0,4.45,4.45,4.45,4.45
09-12-2016 09:51:00,1200.0,4.45,4.45,4.41,4.41
09-12-2016 09:54:00,1950.0,4.41,4.42,4.41,4.41
09-12-2016 09:55:00,1500.0,4.4,4.41,4.4,4.41
09-12-2016 09:56:00,100.0,4.41,4.41,4.41,4.41
09-12-2016 09:57:00,500.0,4.4,4.4093,4.4,4.4093
09-12-2016 09:58:00,1000.0,4.4,4.42,4.4,4.42
09-12-2016 09:59:00,100.0,4.42,4.42,4.42,4.42
09-12-2016 10:00:00,300.0,4.42,4.43,4.42,4.43
09-12-2016 10:01:00,100.0,4.43,4.43,4.43,4.43
09-12-2016 10:03:00,100.0,4.42,4.42,4.42,4.42
09-12-2016 10:04:00,500.0,4.4299,4.4299,4.4299,4.4299
09-12-2016 10:05:00,200.0,4.4293,4.4293,4.4293,4.4293
09-12-2016 10:06:00,2550.0,4.42,4.43,4.42,4.421
09-12-2016 10:07:00,2500.0,4.426,4.46,4.426,4.46
09-12-2016 10:09:00,8750.0,4.434,4.48,4.434,4.47
09-12-2016 10:11:00,1600.0,4.4367,4.44,4.4367,4.44
09-12-2016 10:12:00,800.0,4.435,4.48,4.435,4.48
09-12-2016 10:13:00,608.0,4.45,4.48,4.4447,4.4447
09-12-2016 10:15:00,200.0,4.45,4.45,4.44,4.44
09-12-2016 10:16:00,2500.0,4.445,4.4499,4.445,4.4499
09-12-2016 10:17:00,100.0,4.445,4.445,4.445,4.445
09-12-2016 10:18:00,200.0,4.44,4.44,4.43,4.43
09-12-2016 10:19:00,180.0,4.43,4.43,4.43,4.43
09-12-2016 10:20:00,600.0,4.43,4.44,4.43,4.44
09-12-2016 10:21:00,1200.0,4.43,4.4332,4.43,4.43
09-12-2016 10:22:00,1600.0,4.43,4.439,4.43,4.43
09-12-2016 10:23:00,200.0,4.435,4.435,4.43,4.43
09-12-2016 10:24:00,200.0,4.43,4.43,4.43,4.43
09-12-2016 10:25:00,1400.0,4.43,4.44,4.43,4.43
09-12-2016 10:26:00,100.0,4.44,4.44,4.44,4.44
09-12-2016 10:28:00,200.0,4.43,4.43,4.43,4.43
09-12-2016 10:29:00,400.0,4.43,4.43,4.43,4.43
09-12-2016 10:30:00,1300.0,4.4371,4.4371,4.42,4.42
09-12-2016 10:31:00,700.0,4.4324,4.4324,4.42,4.42
09-12-2016 10:32:00,200.0,4.43,4.43,4.43,4.43
09-12-2016 10:33:00,600.0,4.43,4.43,4.43,4.43
09-12-2016 10:34:00,200.0,4.43,4.43,4.43,4.43
09-12-2016 10:35:00,637.0,4.435,4.435,4.43,4.43
09-12-2016 10:37:00,200.0,4.44,4.44,4.44,4.44
09-12-2016 10:40:00,3200.0,4.43,4.43,4.42,4.42
09-12-2016 10:41:00,100.0,4.42,4.42,4.42,4.42
09-12-2016 10:43:00,200.0,4.4258,4.4258,4.4258,4.4258
09-12-2016 10:47:00,100.0,4.43,4.43,4.43,4.43
09-12-2016 10:50:00,1000.0,4.42,4.42,4.42,4.42
09-12-2016 10:51:00,300.0,4.42,4.42,4.42,4.42
09-12-2016 10:52:00,100.0,4.42,4.42,4.42,4.42
09-12-2016 10:53:00,6100.0,4.425,4.47,4.425,4.457
09-12-2016 10:55:00,448.0,4.4699,4.4699,4.4699,4.4699
09-12-2016 10:56:00,200.0,4.4679,4.4679,4.4679,4.4679
09-12-2016 10:58:00,200.0,4.47,4.47,4.46,4.46
09-12-2016 11:13:00,100.0,4.465,4.465,4.465,4.465
09-12-2016 11:16:00,1095.0,4.45,4.45,4.45,4.45
09-12-2016 11:19:00,1600.0,4.45,4.45,4.45,4.45
09-12-2016 11:21:00,600.0,4.445,4.445,4.44,4.44
09-12-2016 11:22:00,1000.0,4.44,4.44,4.44,4.44
09-12-2016 11:23:00,100.0,4.44,4.44,4.44,4.44
09-12-2016 11:30:00,100.0,4.44,4.44,4.44,4.44
09-12-2016 11:32:00,1300.0,4.4408,4.4408,4.4408,4.4408
09-12-2016 11:36:00,100.0,4.44,4.44,4.44,4.44
09-12-2016 11:37:00,800.0,4.43,4.45,4.43,4.45
09-12-2016 11:44:00,100.0,4.44,4.44,4.44,4.44
09-12-2016 11:46:00,2045.0,4.45,4.49,4.45,4.49
09-12-2016 11:47:00,700.0,4.49,4.51,4.49,4.51
09-12-2016 11:55:00,1200.0,4.4901,4.5,4.4901,4.5
09-12-2016 11:58:00,200.0,4.5,4.5,4.5,4.5
09-12-2016 12:03:00,100.0,4.5,4.5,4.5,4.5
09-12-2016 12:04:00,200.0,4.49,4.5,4.49,4.5
09-12-2016 12:06:00,1700.0,4.4901,4.5,4.4901,4.5
09-12-2016 12:08:00,200.0,4.49,4.49,4.49,4.49
09-12-2016 12:12:00,1100.0,4.51,4.52,4.5,4.52
09-12-2016 12:15:00,800.0,4.51,4.51,4.5002,4.5008
09-12-2016 12:16:00,500.0,4.51,4.54,4.51,4.54
09-12-2016 12:25:00,100.0,4.51,4.51,4.51,4.51
09-12-2016 12:26:00,500.0,4.51,4.515,4.51,4.515
09-12-2016 12:29:00,100.0,4.515,4.515,4.515,4.515
09-12-2016 12:32:00,1400.0,4.51,4.5125,4.5,4.5125
09-12-2016 12:35:00,1400.0,4.51,4.52,4.51,4.52
09-12-2016 12:36:00,100.0,4.51,4.51,4.51,4.51
09-12-2016 12:37:00,1389.0,4.505,4.51,4.49,4.5
09-12-2016 12:43:00,1700.0,4.495,4.53,4.495,4.53
09-12-2016 12:50:00,100.0,4.525,4.525,4.525,4.525
09-12-2016 12:54:00,100.0,4.525,4.525,4.525,4.525
09-12-2016 12:57:00,500.0,4.5223,4.5223,4.5223,4.5223
09-12-2016 13:00:00,200.0,4.525,4.525,4.525,4.525
09-12-2016 13:07:00,100.0,4.525,4.525,4.525,4.525
09-12-2016 13:08:00,300.0,4.51,4.52,4.51,4.52
09-12-2016 13:14:00,200.0,4.52,4.52,4.52,4.52
09-12-2016 13:15:00,1592.0,4.53,4.55,4.53,4.55
09-12-2016 13:17:00,200.0,4.5525,4.5525,4.55,4.55
09-12-2016 13:22:00,100.0,4.55,4.55,4.55,4.55
09-12-2016 13:23:00,500.0,4.58,4.58,4.55,4.55
09-12-2016 13:33:00,200.0,4.5674,4.5674,4.5674,4.5674
09-12-2016 13:34:00,3000.0,4.5751,4.5751,4.5751,4.5751
09-12-2016 13:37:00,1000.0,4.565,4.565,4.565,4.565
09-12-2016 13:39:00,2500.0,4.58,4.6,4.565,4.585
09-12-2016 13:40:00,100.0,4.6,4.6,4.6,4.6
09-12-2016 13:42:00,500.0,4.6179,4.6179,4.6179,4.6179
09-12-2016 13:45:00,2100.0,4.6179,4.6179,4.5901,4.5901
09-12-2016 13:46:00,100.0,4.605,4.605,4.605,4.605
09-12-2016 13:50:00,100.0,4.62,4.62,4.62,4.62
09-12-2016 13:52:00,800.0,4.6,4.61,4.6,4.6
09-12-2016 13:59:00,100.0,4.57,4.57,4.57,4.57
09-12-2016 14:00:00,100.0,4.57,4.57,4.57,4.57
09-12-2016 14:04:00,200.0,4.565,4.565,4.565,4.565
09-12-2016 14:06:00,1400.0,4.58,4.59,4.58,4.59
09-12-2016 14:08:00,1200.0,4.5691,4.5691,4.5691,4.5691
09-12-2016 14:12:00,300.0,4.58,4.58,4.58,4.58
09-12-2016 14:13:00,100.0,4.575,4.575,4.575,4.575
09-12-2016 14:17:00,500.0,4.57,4.58,4.57,4.58
09-12-2016 14:18:00,2000.0,4.571,4.571,4.571,4.571
09-12-2016 14:19:00,200.0,4.575,4.575,4.575,4.575
09-12-2016 14:21:00,100.0,4.5793,4.5793,4.5793,4.5793
09-12-2016 14:23:00,100.0,4.575,4.575,4.575,4.575
09-12-2016 14:25:00,700.0,4.57,4.57,4.57,4.57
09-12-2016 14:28:00,1937.0,4.57,4.59,4.57,4.59
09-12-2016 14:29:00,200.0,4.59,4.6,4.59,4.6
09-12-2016 14:30:00,3600.0,4.6,4.62,4.6,4.62
09-12-2016 14:31:00,600.0,4.61,4.62,4.61,4.62
09-12-2016 14:32:00,500.0,4.63,4.63,4.63,4.63
09-12-2016 14:35:00,500.0,4.6389,4.64,4.637,4.64
09-12-2016 14:36:00,108.0,4.6399,4.6399,4.6399,4.6399
09-12-2016 14:37:00,255.0,4.625,4.6399,4.625,4.6399
09-12-2016 14:38:00,1200.0,4.625,4.639,4.61,4.62
09-12-2016 14:39:00,421.0,4.64,4.6499,4.64,4.645
09-12-2016 14:40:00,6235.0,4.645,4.68,4.645,4.651
09-12-2016 14:41:00,200.0,4.69,4.69,4.69,4.69
09-12-2016 14:42:00,203.0,4.7,4.7,4.7,4.7
09-12-2016 14:43:00,1000.0,4.6507,4.6507,4.6507,4.6507
09-12-2016 14:44:00,300.0,4.6899,4.69,4.6872,4.6872
09-12-2016 14:45:00,100.0,4.7,4.7,4.7,4.7
09-12-2016 14:47:00,723.0,4.65,4.69,4.65,4.69
09-12-2016 14:48:00,200.0,4.65,4.65,4.65,4.65
09-12-2016 14:49:00,1089.0,4.67,4.69,4.67,4.69
09-12-2016 14:50:00,1900.0,4.68,4.7,4.68,4.7
09-12-2016 14:51:00,3650.0,4.69,4.7,4.69,4.7
09-12-2016 14:53:00,600.0,4.71,4.7199,4.71,4.71
09-12-2016 14:54:00,3918.0,4.7199,4.72,4.71,4.71
09-12-2016 14:55:00,2814.0,4.71,4.74,4.71,4.74
09-12-2016 14:56:00,2335.0,4.74,4.74,4.7399,4.74
09-12-2016 14:57:00,750.0,4.7399,4.74,4.73,4.7399
09-12-2016 14:58:00,300.0,4.735,4.74,4.735,4.74
09-12-2016 14:59:00,6107.0,4.74,4.74,4.73,4.74
09-12-2016 15:00:00,6234.0,4.74,4.74,4.71,4.74
09-12-2016 15:33:00,970.0,4.74,4.74,4.74,4.74
09-13-2016 08:30:00,1100.0,4.65,4.65,4.65,4.65
09-13-2016 08:32:00,500.0,4.53,4.53,4.52,4.52
09-13-2016 08:33:00,100.0,4.51,4.51,4.51,4.51
09-13-2016 08:36:00,2918.0,4.505,4.61,4.505,4.61
09-13-2016 08:37:00,1100.0,4.51,4.525,4.51,4.525
09-13-2016 08:46:00,10000.0,4.615,4.615,4.53,4.53
09-13-2016 08:48:00,100.0,4.55,4.55,4.55,4.55
09-13-2016 08:53:00,100.0,4.54,4.54,4.54,4.54
09-13-2016 08:54:00,300.0,4.54,4.55,4.54,4.55
09-13-2016 08:55:00,100.0,4.55,4.55,4.55,4.55
09-13-2016 08:57:00,500.0,4.57,4.57,4.56,4.56
09-13-2016 08:58:00,500.0,4.55,4.55,4.55,4.55
09-13-2016 08:59:00,1400.0,4.55,4.57,4.55,4.57
09-13-2016 09:00:00,1120.0,4.5999,4.5999,4.5999,4.5999
09-13-2016 09:02:00,540.0,4.59,4.61,4.59,4.6
09-13-2016 09:03:00,3000.0,4.5967,4.5967,4.5967,4.5967
09-13-2016 09:05:00,1000.0,4.61,4.63,4.61,4.63
09-13-2016 09:07:00,2750.0,4.618,4.618,4.61,4.61
09-13-2016 09:08:00,1559.0,4.61,4.62,4.6,4.6
09-13-2016 09:10:00,1390.0,4.62,4.65,4.62,4.65
09-13-2016 09:11:00,295.0,4.65,4.65,4.64,4.64
09-13-2016 09:12:00,600.0,4.64,4.66,4.64,4.66
09-13-2016 09:13:00,100.0,4.68,4.68,4.68,4.68
09-13-2016 09:19:00,1500.0,4.68,4.69,4.68,4.68
09-13-2016 09:21:00,300.0,4.69,4.69,4.69,4.69
09-13-2016 09:22:00,405.0,4.69,4.69,4.69,4.69
09-13-2016 09:23:00,300.0,4.69,4.69,4.69,4.69
09-13-2016 09:24:00,600.0,4.69,4.69,4.6801,4.6801
09-13-2016 09:29:00,800.0,4.68,4.68,4.68,4.68
09-13-2016 09:33:00,300.0,4.68,4.68,4.68,4.68
09-13-2016 09:34:00,100.0,4.6662,4.6662,4.6662,4.6662
09-13-2016 09:40:00,100.0,4.64,4.64,4.64,4.64
09-13-2016 09:49:00,1600.0,4.64,4.6411,4.64,4.6407
09-13-2016 09:50:00,800.0,4.64,4.64,4.64,4.64
09-13-2016 09:51:00,500.0,4.64,4.64,4.64,4.64
09-13-2016 09:55:00,100.0,4.63,4.63,4.63,4.63
09-13-2016 10:00:00,200.0,4.63,4.63,4.63,4.63
09-13-2016 10:04:00,100.0,4.63,4.63,4.63,4.63
09-13-2016 10:08:00,1500.0,4.63,4.63,4.625,4.625
09-13-2016 10:11:00,750.0,4.62,4.6238,4.62,4.6238
09-13-2016 10:13:00,200.0,4.62,4.625,4.62,4.625
09-13-2016 10:17:00,700.0,4.62,4.62,4.62,4.62
09-13-2016 10:18:00,100.0,4.61,4.61,4.61,4.61
09-13-2016 10:22:00,1500.0,4.61,4.615,4.6,4.6
09-13-2016 10:26:00,1000.0,4.6,4.6,4.6,4.6
09-13-2016 10:29:00,600.0,4.6,4.605,4.6,4.605
09-13-2016 10:30:00,649.0,4.6,4.6,4.6,4.6
09-13-2016 10:31:00,1400.0,4.59,4.6,4.59,4.59
09-13-2016 10:35:00,1000.0,4.6,4.605,4.6,4.6
09-13-2016 10:37:00,200.0,4.6,4.6,4.59,4.59
09-13-2016 10:40:00,100.0,4.59,4.59,4.59,4.59
09-13-2016 10:45:00,1300.0,4.594,4.595,4.59,4.59
09-13-2016 10:47:00,900.0,4.59,4.59,4.59,4.59
09-13-2016 10:49:00,200.0,4.58,4.58,4.58,4.58
09-13-2016 10:50:00,800.0,4.58,4.585,4.58,4.58
09-13-2016 10:51:00,2167.0,4.58,4.58,4.57,4.57
09-13-2016 10:52:00,1000.0,4.55,4.55,4.55,4.55
09-13-2016 10:53:00,100.0,4.55,4.55,4.55,4.55
09-13-2016 10:55:00,400.0,4.555,4.555,4.55,4.55
09-13-2016 10:56:00,1435.0,4.55,4.555,4.55,4.555
09-13-2016 11:04:00,100.0,4.555,4.555,4.555,4.555
09-13-2016 11:07:00,890.0,4.55,4.55,4.55,4.55
09-13-2016 11:09:00,115.0,4.5584,4.5584,4.5584,4.5584
09-13-2016 11:10:00,240.0,4.5507,4.5507,4.5507,4.5507
09-13-2016 11:11:00,300.0,4.55,4.55,4.55,4.55
09-13-2016 11:22:00,900.0,4.55,4.55,4.55,4.55
09-13-2016 11:26:00,100.0,4.55,4.55,4.55,4.55
09-13-2016 11:29:00,500.0,4.56,4.56,4.56,4.56
09-13-2016 11:30:00,100.0,4.555,4.555,4.555,4.555
09-13-2016 11:34:00,400.0,4.555,4.555,4.55,4.55
09-13-2016 11:37:00,400.0,4.55,4.55,4.55,4.55
09-13-2016 11:40:00,400.0,4.55,4.55,4.55,4.55
09-13-2016 11:42:00,100.0,4.55,4.55,4.55,4.55
09-13-2016 11:43:00,380.0,4.55,4.558,4.55,4.55
09-13-2016 11:46:00,300.0,4.55,4.55,4.55,4.55
09-13-2016 11:50:00,100.0,4.55,4.55,4.55,4.55
09-13-2016 11:51:00,500.0,4.55,4.55,4.55,4.55
09-13-2016 11:52:00,6200.0,4.55,4.55,4.53,4.55
09-13-2016 11:53:00,900.0,4.54,4.545,4.54,4.545
09-13-2016 11:56:00,100.0,4.54,4.54,4.54,4.54
09-13-2016 11:57:00,280.0,4.545,4.55,4.545,4.55
09-13-2016 12:02:00,1200.0,4.55,4.58,4.55,4.58
09-13-2016 12:05:00,400.0,4.57,4.59,4.57,4.59
09-13-2016 12:06:00,600.0,4.59,4.6,4.59,4.6
09-13-2016 12:07:00,300.0,4.6,4.6,4.6,4.6
09-13-2016 12:08:00,100.0,4.6,4.6,4.6,4.6
09-13-2016 12:09:00,4000.0,4.591,4.602,4.591,4.602
09-13-2016 12:10:00,100.0,4.6,4.6,4.6,4.6
09-13-2016 12:13:00,200.0,4.59,4.59,4.59,4.59
09-13-2016 12:15:00,1110.0,4.59,4.59,4.55,4.55
09-13-2016 12:16:00,1900.0,4.54,4.56,4.54,4.56
09-13-2016 12:17:00,200.0,4.58,4.58,4.58,4.58
09-13-2016 12:18:00,589.0,4.57,4.57,4.57,4.57
09-13-2016 12:23:00,100.0,4.58,4.58,4.58,4.58
09-13-2016 12:29:00,500.0,4.59,4.59,4.59,4.59
09-13-2016 12:30:00,1000.0,4.59,4.63,4.58,4.63
09-13-2016 12:31:00,100.0,4.64,4.64,4.64,4.64
09-13-2016 12:32:00,490.0,4.62,4.62,4.62,4.62
09-13-2016 12:39:00,600.0,4.6,4.6,4.59,4.59
09-13-2016 12:40:00,300.0,4.59,4.59,4.59,4.59
09-13-2016 12:43:00,200.0,4.6,4.6,4.6,4.6
09-13-2016 12:54:00,215.0,4.6047,4.6047,4.6,4.6
09-13-2016 13:09:00,100.0,4.63,4.63,4.63,4.63
09-13-2016 13:16:00,300.0,4.61,4.61,4.61,4.61
09-13-2016 13:17:00,100.0,4.6,4.6,4.6,4.6
09-13-2016 13:23:00,200.0,4.61,4.61,4.61,4.61
09-13-2016 13:27:00,100.0,4.6,4.6,4.6,4.6
09-13-2016 13:29:00,1964.0,4.6,4.6,4.59,4.59
09-13-2016 13:30:00,1300.0,4.59,4.59,4.59,4.59
09-13-2016 13:32:00,690.0,4.585,4.5898,4.58,4.58
09-13-2016 13:34:00,100.0,4.58,4.58,4.58,4.58
09-13-2016 13:36:00,700.0,4.58,4.58,4.58,4.58
09-13-2016 13:37:00,100.0,4.58,4.58,4.58,4.58
09-13-2016 13:38:00,400.0,4.58,4.58,4.58,4.58
09-13-2016 13:39:00,2700.0,4.56,4.56,4.55,4.55
09-13-2016 13:41:00,1200.0,4.555,4.56,4.555,4.56
09-13-2016 13:44:00,400.0,4.56,4.56,4.555,4.555
09-13-2016 13:46:00,400.0,4.56,4.56,4.55,4.55
09-13-2016 13:47:00,100.0,4.55,4.55,4.55,4.55
09-13-2016 13:49:00,600.0,4.55,4.55,4.55,4.55
09-13-2016 13:53:00,200.0,4.55,4.55,4.55,4.55
09-13-2016 13:55:00,100.0,4.55,4.55,4.55,4.55
09-13-2016 14:00:00,1427.0,4.555,4.57,4.55,4.57
09-13-2016 14:01:00,300.0,4.58,4.58,4.58,4.58
09-13-2016 14:06:00,600.0,4.56,4.565,4.56,4.565
09-13-2016 14:07:00,400.0,4.56,4.56,4.56,4.56
09-13-2016 14:21:00,100.0,4.55,4.55,4.55,4.55
09-13-2016 14:25:00,100.0,4.555,4.555,4.555,4.555
09-13-2016 14:26:00,600.0,4.56,4.56,4.56,4.56
09-13-2016 14:36:00,2100.0,4.57,4.57,4.57,4.57
09-13-2016 14:37:00,700.0,4.56,4.57,4.56,4.57
09-13-2016 14:39:00,3200.0,4.57,4.59,4.57,4.59
09-13-2016 14:40:00,500.0,4.59,4.6,4.59,4.6
09-13-2016 14:42:00,1700.0,4.6,4.6,4.6,4.6
09-13-2016 14:43:00,300.0,4.6,4.6,4.6,4.6
09-13-2016 14:44:00,200.0,4.6,4.6,4.6,4.6
09-13-2016 14:45:00,100.0,4.6,4.6,4.6,4.6
09-13-2016 14:46:00,300.0,4.6,4.6,4.6,4.6
09-13-2016 14:48:00,100.0,4.6,4.6,4.6,4.6
09-13-2016 14:49:00,1900.0,4.6,4.6041,4.6,4.6
09-13-2016 14:50:00,100.0,4.6,4.6,4.6,4.6
09-13-2016 14:51:00,300.0,4.6,4.6,4.6,4.6
09-13-2016 14:53:00,200.0,4.6,4.6,4.6,4.6
09-13-2016 14:55:00,100.0,4.6,4.6,4.6,4.6
09-13-2016 14:56:00,200.0,4.6,4.6,4.6,4.6
09-13-2016 14:57:00,200.0,4.6,4.6,4.6,4.6
09-13-2016 14:58:00,800.0,4.6001,4.6001,4.6,4.6
09-13-2016 14:59:00,400.0,4.6,4.6,4.6,4.6
09-13-2016 15:00:00,2265.0,4.6,4.61,4.6,4.61
09-13-2016 15:39:00,592.0,4.61,4.61,4.61,4.61
09-14-2016 08:32:00,4000.0,4.7625,4.7625,4.7625,4.7625
09-14-2016 08:34:00,200.0,4.74,4.74,4.72,4.72
09-14-2016 08:35:00,500.0,4.684,4.684,4.684,4.684
09-14-2016 08:36:00,500.0,4.66,4.68,4.66,4.68
09-14-2016 08:46:00,200.0,4.63,4.63,4.6,4.6
09-14-2016 08:48:00,100.0,4.61,4.61,4.61,4.61
09-14-2016 08:49:00,500.0,4.6138,4.6138,4.6138,4.6138
09-14-2016 08:51:00,500.0,4.61,4.61,4.6,4.6
09-14-2016 08:52:00,3900.0,4.6,4.6,4.6,4.6
09-14-2016 08:55:00,599.0,4.59,4.6,4.59,4.6
09-14-2016 08:59:00,100.0,4.6,4.6,4.6,4.6
09-14-2016 09:00:00,700.0,4.6,4.61,4.59,4.59
09-14-2016 09:03:00,100.0,4.6,4.6,4.6,4.6
09-14-2016 09:04:00,100.0,4.61,4.61,4.61,4.61
09-14-2016 09:06:00,400.0,4.61,4.61,4.61,4.61
09-14-2016 09:07:00,300.0,4.61,4.61,4.61,4.61
09-14-2016 09:10:00,4000.0,4.61,4.625,4.6083,4.625
09-14-2016 09:11:00,200.0,4.62,4.62,4.62,4.62
09-14-2016 09:12:00,1000.0,4.6,4.615,4.6,4.603
09-14-2016 09:16:00,100.0,4.61,4.61,4.61,4.61
09-14-2016 09:19:00,1400.0,4.6,4.6,4.6,4.6
09-14-2016 09:20:00,1400.0,4.6,4.6,4.6,4.6
09-14-2016 09:21:00,100.0,4.61,4.61,4.61,4.61
09-14-2016 09:22:00,3353.0,4.6001,4.605,4.58,4.6
09-14-2016 09:23:00,1200.0,4.56,4.56,4.56,4.56
09-14-2016 09:24:00,1400.0,4.56,4.57,4.56,4.57
09-14-2016 09:25:00,1100.0,4.57,4.6,4.565,4.6
09-14-2016 09:28:00,100.0,4.5999,4.5999,4.5999,4.5999
09-14-2016 09:33:00,1100.0,4.59,4.59,4.59,4.59
09-14-2016 09:34:00,3800.0,4.5914,4.5914,4.59,4.59
09-14-2016 09:37:00,100.0,4.6,4.6,4.6,4.6
09-14-2016 09:38:00,1200.0,4.6,4.6,4.6,4.6
09-14-2016 09:39:00,1647.0,4.6,4.61,4.6,4.61
09-14-2016 09:42:00,1100.0,4.6299,4.63,4.6299,4.63
09-14-2016 09:44:00,600.0,4.63,4.64,4.63,4.64
09-14-2016 09:45:00,100.0,4.65,4.65,4.65,4.65
09-14-2016 09:49:00,1500.0,4.6487,4.66,4.6487,4.66
09-14-2016 09:50:00,300.0,4.65,4.68,4.65,4.68
09-14-2016 09:53:00,677.0,4.66,4.66,4.64,4.64
09-14-2016 09:57:00,500.0,4.64,4.64,4.62,4.62
09-14-2016 10:01:00,600.0,4.64,4.66,4.64,4.66
09-14-2016 10:03:00,100.0,4.67,4.67,4.67,4.67
09-14-2016 10:06:00,400.0,4.6699,4.67,4.6699,4.67
09-14-2016 10:08:00,427.0,4.66,4.66,4.66,4.66
09-14-2016 10:09:00,3000.0,4.66,4.66,4.65,4.65
09-14-2016 10:10:00,400.0,4.65,4.65,4.62,4.62
09-14-2016 10:14:00,100.0,4.6399,4.6399,4.6399,4.6399
09-14-2016 10:15:00,100.0,4.64,4.64,4.64,4.64
09-14-2016 10:19:00,100.0,4.65,4.65,4.65,4.65
09-14-2016 10:20:00,100.0,4.65,4.65,4.65,4.65
09-14-2016 10:21:00,100.0,4.65,4.65,4.65,4.65
09-14-2016 10:26:00,100.0,4.65,4.65,4.65,4.65
09-14-2016 10:27:00,100.0,4.6499,4.6499,4.6499,4.6499
09-14-2016 10:29:00,350.0,4.6499,4.6499,4.6448,4.6448
09-14-2016 10:33:00,1000.0,4.6408,4.6408,4.64,4.64
09-14-2016 10:35:00,100.0,4.62,4.62,4.62,4.62
09-14-2016 10:36:00,3200.0,4.62,4.62,4.61,4.61
09-14-2016 10:37:00,2100.0,4.61,4.61,4.59,4.6
09-14-2016 10:38:00,200.0,4.6,4.6,4.6,4.6
09-14-2016 10:39:00,100.0,4.595,4.595,4.595,4.595
09-14-2016 10:41:00,1000.0,4.6,4.6,4.5999,4.6
09-14-2016 10:44:00,1000.0,4.6,4.61,4.6,4.6
09-14-2016 10:48:00,1500.0,4.61,4.61,4.6001,4.6001
09-14-2016 10:50:00,100.0,4.6299,4.6299,4.6299,4.6299
09-14-2016 10:54:00,100.0,4.62,4.62,4.62,4.62
09-14-2016 10:56:00,300.0,4.61,4.61,4.6,4.6
09-14-2016 11:01:00,100.0,4.62,4.62,4.62,4.62
09-14-2016 11:03:00,200.0,4.62,4.62,4.6,4.6
09-14-2016 11:07:00,100.0,4.61,4.61,4.61,4.61
09-14-2016 11:08:00,100.0,4.6,4.6,4.6,4.6
09-14-2016 11:09:00,100.0,4.6,4.6,4.6,4.6
09-14-2016 11:10:00,100.0,4.61,4.61,4.61,4.61
09-14-2016 11:14:00,200.0,4.6,4.6,4.6,4.6
09-14-2016 11:15:00,100.0,4.61,4.61,4.61,4.61
09-14-2016 11:19:00,200.0,4.61,4.61,4.6,4.6
09-14-2016 11:20:00,100.0,4.61,4.61,4.61,4.61
09-14-2016 11:26:00,200.0,4.605,4.61,4.605,4.61
09-14-2016 11:32:00,300.0,4.6099,4.6099,4.6,4.6
09-14-2016 11:35:00,200.0,4.59,4.59,4.59,4.59
09-14-2016 11:36:00,100.0,4.59,4.59,4.59,4.59
09-14-2016 11:37:00,1000.0,4.58,4.59,4.58,4.59
09-14-2016 11:38:00,3000.0,4.58,4.59,4.58,4.59
09-14-2016 11:42:00,200.0,4.5702,4.575,4.5702,4.575
09-14-2016 11:43:00,400.0,4.5799,4.58,4.575,4.5792
09-14-2016 11:44:00,100.0,4.57,4.57,4.57,4.57
09-14-2016 11:46:00,300.0,4.58,4.58,4.58,4.58
09-14-2016 11:50:00,100.0,4.58,4.58,4.58,4.58
09-14-2016 11:51:00,100.0,4.57,4.57,4.57,4.57
09-14-2016 11:52:00,100.0,4.5799,4.5799,4.5799,4.5799
09-14-2016 11:53:00,100.0,4.58,4.58,4.58,4.58
09-14-2016 11:58:00,100.0,4.58,4.58,4.58,4.58
09-14-2016 11:59:00,100.0,4.575,4.575,4.575,4.575
09-14-2016 12:03:00,100.0,4.5799,4.5799,4.5799,4.5799
09-14-2016 12:04:00,100.0,4.575,4.575,4.575,4.575
09-14-2016 12:05:00,100.0,4.57,4.57,4.57,4.57
09-14-2016 12:06:00,400.0,4.57,4.58,4.57,4.58
09-14-2016 12:07:00,1200.0,4.57,4.58,4.55,4.55
09-14-2016 12:08:00,600.0,4.55,4.55,4.55,4.55
09-14-2016 12:09:00,100.0,4.55,4.55,4.55,4.55
09-14-2016 12:10:00,100.0,4.56,4.56,4.56,4.56
09-14-2016 12:13:00,100.0,4.555,4.555,4.555,4.555
09-14-2016 12:14:00,100.0,4.5599,4.5599,4.5599,4.5599
09-14-2016 12:20:00,100.0,4.55,4.55,4.55,4.55
09-14-2016 12:21:00,100.0,4.555,4.555,4.555,4.555
09-14-2016 12:25:00,100.0,4.5599,4.5599,4.5599,4.5599
09-14-2016 12:26:00,100.0,4.56,4.56,4.56,4.56
09-14-2016 12:27:00,100.0,4.55,4.55,4.55,4.55
09-14-2016 12:30:00,100.0,4.555,4.555,4.555,4.555
09-14-2016 12:35:00,200.0,4.56,4.56,4.555,4.555
09-14-2016 12:36:00,500.0,4.56,4.56,4.55,4.56
09-14-2016 12:37:00,1200.0,4.55,4.55,4.55,4.55
09-14-2016 12:38:00,1200.0,4.5582,4.56,4.5582,4.56
09-14-2016 12:39:00,900.0,4.56,4.57,4.56,4.57
09-14-2016 12:40:00,400.0,4.58,4.59,4.58,4.59
09-14-2016 12:41:00,500.0,4.59,4.6,4.59,4.6
09-14-2016 12:42:00,500.0,4.59,4.59,4.59,4.59
09-14-2016 12:45:00,200.0,4.6099,4.61,4.6099,4.61
09-14-2016 12:55:00,100.0,4.595,4.595,4.595,4.595
09-14-2016 12:57:00,200.0,4.5999,4.5999,4.5999,4.5999
09-14-2016 13:00:00,2400.0,4.591,4.6,4.59,4.6
09-14-2016 13:01:00,100.0,4.595,4.595,4.595,4.595
09-14-2016 13:04:00,400.0,4.59,4.6,4.59,4.595
09-14-2016 13:05:00,100.0,4.595,4.595,4.595,4.595
09-14-2016 13:08:00,200.0,4.6,4.6,4.595,4.595
09-14-2016 13:09:00,100.0,4.6,4.6,4.6,4.6
09-14-2016 13:10:00,600.0,4.59,4.6,4.585,4.585
09-14-2016 13:11:00,5600.0,4.5913,4.5913,4.5801,4.59
09-14-2016 13:12:00,500.0,4.5801,4.5801,4.5801,4.5801
09-14-2016 13:14:00,200.0,4.5899,4.59,4.5899,4.59
09-14-2016 13:17:00,1800.0,4.58,4.59,4.57,4.59
09-14-2016 13:18:00,400.0,4.58,4.58,4.58,4.58
09-14-2016 13:20:00,100.0,4.58,4.58,4.58,4.58
09-14-2016 13:23:00,200.0,4.58,4.58,4.58,4.58
09-14-2016 13:24:00,100.0,4.57,4.57,4.57,4.57
09-14-2016 13:26:00,100.0,4.58,4.58,4.58,4.58
09-14-2016 13:29:00,100.0,4.575,4.575,4.575,4.575
09-14-2016 13:32:00,200.0,4.5799,4.5799,4.575,4.575
09-14-2016 13:33:00,100.0,4.5799,4.5799,4.5799,4.5799
09-14-2016 13:34:00,200.0,4.57,4.58,4.57,4.58
09-14-2016 13:36:00,100.0,4.58,4.58,4.58,4.58
09-14-2016 13:41:00,200.0,4.5799,4.5799,4.575,4.575
09-14-2016 13:43:00,200.0,4.58,4.58,4.575,4.575
09-14-2016 13:44:00,200.0,4.57,4.57,4.57,4.57
09-14-2016 13:46:00,200.0,4.58,4.58,4.58,4.58
09-14-2016 13:50:00,100.0,4.5799,4.5799,4.5799,4.5799
09-14-2016 13:53:00,800.0,4.5777,4.58,4.575,4.58
09-14-2016 13:55:00,1300.0,4.58,4.59,4.58,4.59
09-14-2016 13:56:00,400.0,4.59,4.6,4.59,4.6
09-14-2016 13:57:00,100.0,4.6,4.6,4.6,4.6
09-14-2016 13:58:00,100.0,4.6,4.6,4.6,4.6
09-14-2016 14:00:00,1100.0,4.595,4.6,4.595,4.6
09-14-2016 14:01:00,300.0,4.6,4.6,4.6,4.6
09-14-2016 14:02:00,3600.0,4.59,4.6,4.59,4.6
09-14-2016 14:03:00,1700.0,4.5999,4.61,4.5999,4.61
09-14-2016 14:06:00,2258.0,4.62,4.62,4.6,4.6
09-14-2016 14:08:00,325.0,4.5915,4.5915,4.5915,4.5915
09-14-2016 14:12:00,3700.0,4.59,4.605,4.59,4.6
09-14-2016 14:13:00,1100.0,4.6001,4.6001,4.58,4.59
09-14-2016 14:16:00,100.0,4.59,4.59,4.59,4.59
09-14-2016 14:23:00,100.0,4.59,4.59,4.59,4.59
09-14-2016 14:24:00,100.0,4.59,4.59,4.59,4.59
09-14-2016 14:25:00,100.0,4.58,4.58,4.58,4.58
09-14-2016 14:27:00,100.0,4.59,4.59,4.59,4.59
09-14-2016 14:30:00,600.0,4.5899,4.59,4.58,4.585
09-14-2016 14:32:00,100.0,4.59,4.59,4.59,4.59
09-14-2016 14:33:00,100.0,4.58,4.58,4.58,4.58
09-14-2016 14:34:00,100.0,4.58,4.58,4.58,4.58
09-14-2016 14:36:00,300.0,4.585,4.59,4.585,4.59
09-14-2016 14:37:00,100.0,4.59,4.59,4.59,4.59
09-14-2016 14:38:00,1900.0,4.59,4.6,4.59,4.6
09-14-2016 14:39:00,100.0,4.6,4.6,4.6,4.6
09-14-2016 14:40:00,200.0,4.6,4.61,4.6,4.61
09-14-2016 14:41:00,100.0,4.61,4.61,4.61,4.61
09-14-2016 14:43:00,569.0,4.6,4.6,4.6,4.6
09-14-2016 14:44:00,200.0,4.6,4.6099,4.6,4.6099
09-14-2016 14:45:00,5000.0,4.61,4.61,4.58,4.59
09-14-2016 14:47:00,1200.0,4.6,4.6,4.6,4.6
09-14-2016 14:50:00,100.0,4.61,4.61,4.61,4.61
09-14-2016 14:51:00,200.0,4.6,4.61,4.6,4.61
09-14-2016 14:52:00,200.0,4.61,4.61,4.6,4.6
09-14-2016 14:53:00,300.0,4.6,4.6099,4.6,4.6099
09-14-2016 14:55:00,400.0,4.6,4.6,4.59,4.6
09-14-2016 14:56:00,600.0,4.6099,4.61,4.6,4.61
09-14-2016 14:57:00,300.0,4.6099,4.61,4.6,4.6
09-14-2016 14:58:00,1400.0,4.6,4.61,4.6,4.61
09-14-2016 14:59:00,1200.0,4.61,4.61,4.61,4.61
09-14-2016 15:00:00,934.0,4.61,4.61,4.61,4.61
09-15-2016 08:30:00,1390.0,4.56,4.56,4.56,4.56
09-15-2016 08:38:00,100.0,4.585,4.585,4.585,4.585
09-15-2016 08:40:00,1203.0,4.6095,4.6095,4.6,4.6
09-15-2016 08:44:00,100.0,4.575,4.575,4.575,4.575
09-15-2016 08:46:00,800.0,4.58,4.6,4.58,4.6
09-15-2016 08:48:00,2641.0,4.5979,4.6,4.59,4.6
09-15-2016 08:53:00,100.0,4.575,4.575,4.575,4.575
09-15-2016 08:54:00,1100.0,4.59,4.6,4.59,4.6
09-15-2016 08:56:00,100.0,4.59,4.59,4.59,4.59
09-15-2016 09:00:00,100.0,4.58,4.58,4.58,4.58
09-15-2016 09:01:00,100.0,4.6,4.6,4.6,4.6
09-15-2016 09:03:00,100.0,4.59,4.59,4.59,4.59
09-15-2016 09:06:00,659.0,4.6,4.6,4.6,4.6
09-15-2016 09:10:00,100.0,4.59,4.59,4.59,4.59
09-15-2016 09:15:00,200.0,4.6,4.6,4.59,4.59
09-15-2016 09:16:00,900.0,4.5999,4.6,4.59,4.59
09-15-2016 09:17:00,1200.0,4.6,4.6,4.59,4.6
09-15-2016 09:20:00,600.0,4.592,4.595,4.592,4.595
09-15-2016 09:23:00,400.0,4.5901,4.6,4.59,4.6
09-15-2016 09:30:00,300.0,4.5901,4.595,4.59,4.595
09-15-2016 09:32:00,100.0,4.6,4.6,4.6,4.6
09-15-2016 09:33:00,1575.0,4.585,4.6,4.5809,4.6
09-15-2016 09:36:00,100.0,4.57,4.57,4.57,4.57
09-15-2016 09:37:00,300.0,4.57,4.58,4.57,4.58
09-15-2016 09:39:00,100.0,4.575,4.575,4.575,4.575
09-15-2016 09:41:00,100.0,4.5701,4.5701,4.5701,4.5701
09-15-2016 09:42:00,400.0,4.57,4.58,4.57,4.58
09-15-2016 09:44:00,100.0,4.565,4.565,4.565,4.565
09-15-2016 09:45:00,900.0,4.565,4.57,4.565,4.57
09-15-2016 09:49:00,2933.0,4.5601,4.57,4.53,4.545
09-15-2016 09:56:00,100.0,4.52,4.52,4.52,4.52
09-15-2016 09:58:00,700.0,4.52,4.545,4.52,4.53
09-15-2016 09:59:00,100.0,4.5201,4.5201,4.5201,4.5201
09-15-2016 10:00:00,115.0,4.5499,4.5499,4.5499,4.5499
09-15-2016 10:01:00,1600.0,4.532,4.545,4.52,4.52
09-15-2016 10:02:00,2100.0,4.52,4.53,4.52,4.52
09-15-2016 10:03:00,800.0,4.52,4.53,4.52,4.53
09-15-2016 10:04:00,2240.0,4.5,4.51,4.48,4.48
09-15-2016 10:05:00,1600.0,4.49,4.51,4.48,4.48
09-15-2016 10:07:00,1600.0,4.5,4.51,4.495,4.505
09-15-2016 10:08:00,100.0,4.4801,4.4801,4.4801,4.4801
09-15-2016 10:11:00,2800.0,4.4968,4.5,4.49,4.5
09-15-2016 10:13:00,100.0,4.48,4.48,4.48,4.48
09-15-2016 10:17:00,100.0,4.49,4.49,4.49,4.49
09-15-2016 10:19:00,300.0,4.48,4.5,4.48,4.5
09-15-2016 10:24:00,2800.0,4.49,4.53,4.49,4.53
09-15-2016 10:26:00,3200.0,4.5,4.57,4.5,4.54
09-15-2016 10:27:00,2200.0,4.5,4.53,4.5,4.53
09-15-2016 10:31:00,1600.0,4.53,4.55,4.5125,4.55
09-15-2016 10:35:00,620.0,4.55,4.55,4.55,4.55
09-15-2016 10:43:00,200.0,4.5501,4.56,4.5501,4.56
09-15-2016 10:48:00,200.0,4.55,4.5501,4.55,4.5501
09-15-2016 10:51:00,800.0,4.56,4.56,4.56,4.56
09-15-2016 10:52:00,100.0,4.55,4.55,4.55,4.55
09-15-2016 10:56:00,400.0,4.5501,4.56,4.5501,4.56
09-15-2016 10:58:00,900.0,4.56,4.59,4.56,4.56
09-15-2016 11:01:00,100.0,4.59,4.59,4.59,4.59
09-15-2016 11:08:00,300.0,4.56,4.59,4.56,4.59
09-15-2016 11:09:00,10500.0,4.56,4.57,4.55,4.55
09-15-2016 11:19:00,200.0,4.55,4.55,4.55,4.55
09-15-2016 11:20:00,400.0,4.56,4.56,4.56,4.56
09-15-2016 11:22:00,300.0,4.565,4.565,4.565,4.565
09-15-2016 11:26:00,100.0,4.56,4.56,4.56,4.56
09-15-2016 11:36:00,100.0,4.5501,4.5501,4.5501,4.5501
09-15-2016 11:37:00,1220.0,4.55,4.55,4.53,4.53
09-15-2016 11:38:00,200.0,4.53,4.53,4.53,4.53
09-15-2016 11:40:00,100.0,4.53,4.53,4.53,4.53
09-15-2016 11:47:00,1000.0,4.53,4.53,4.53,4.53
09-15-2016 11:50:00,300.0,4.52,4.52,4.52,4.52
09-15-2016 11:52:00,1700.0,4.53,4.54,4.52,4.52
09-15-2016 11:57:00,800.0,4.52,4.52,4.51,4.51
09-15-2016 11:58:00,2500.0,4.5,4.5,4.5,4.5
09-15-2016 12:00:00,100.0,4.5,4.5,4.5,4.5
09-15-2016 12:01:00,100.0,4.5,4.5,4.5,4.5
09-15-2016 12:03:00,100.0,4.5,4.5,4.5,4.5
09-15-2016 12:12:00,500.0,4.5,4.5085,4.5,4.5085
09-15-2016 12:16:00,100.0,4.505,4.505,4.505,4.505
09-15-2016 12:18:00,500.0,4.5,4.5,4.5,4.5
09-15-2016 12:20:00,400.0,4.51,4.51,4.505,4.51
09-15-2016 12:21:00,800.0,4.5,4.5,4.5,4.5
09-15-2016 12:22:00,100.0,4.5,4.5,4.5,4.5
09-15-2016 12:28:00,382.0,4.5,4.5,4.5,4.5
09-15-2016 12:32:00,200.0,4.49,4.49,4.49,4.49
09-15-2016 12:33:00,100.0,4.49,4.49,4.49,4.49
09-15-2016 12:37:00,300.0,4.48,4.48,4.47,4.47
09-15-2016 12:42:00,100.0,4.47,4.47,4.47,4.47
09-15-2016 12:44:00,1000.0,4.4899,4.49,4.48,4.4886
09-15-2016 12:46:00,600.0,4.47,4.47,4.47,4.47
09-15-2016 12:53:00,1500.0,4.4601,4.4601,4.46,4.4601
09-15-2016 12:59:00,100.0,4.46,4.46,4.46,4.46
09-15-2016 13:01:00,100.0,4.46,4.46,4.46,4.46
09-15-2016 13:03:00,250.0,4.4711,4.4711,4.4711,4.4711
09-15-2016 13:08:00,200.0,4.48,4.48,4.47,4.47
09-15-2016 13:12:00,600.0,4.476,4.476,4.47,4.47
09-15-2016 13:16:00,1400.0,4.4701,4.4701,4.47,4.47
09-15-2016 13:17:00,100.0,4.46,4.46,4.46,4.46
09-15-2016 13:18:00,2100.0,4.46,4.46,4.45,4.45
09-15-2016 13:19:00,500.0,4.4537,4.4537,4.4537,4.4537
09-15-2016 13:20:00,490.0,4.4537,4.4537,4.4537,4.4537
09-15-2016 13:21:00,100.0,4.45,4.45,4.45,4.45
09-15-2016 13:22:00,100.0,4.45,4.45,4.45,4.45
09-15-2016 13:23:00,3600.0,4.45,4.4501,4.44,4.44
09-15-2016 13:24:00,1400.0,4.435,4.439,4.43,4.43
09-15-2016 13:26:00,100.0,4.44,4.44,4.44,4.44
09-15-2016 13:28:00,1976.0,4.43,4.43,4.41,4.415
09-15-2016 13:31:00,400.0,4.42,4.42,4.42,4.42
09-15-2016 13:34:00,7748.0,4.4189,4.42,4.41,4.42
09-15-2016 13:35:00,700.0,4.43,4.46,4.43,4.46
09-15-2016 13:38:00,600.0,4.47,4.47,4.47,4.47
09-15-2016 13:39:00,100.0,4.48,4.48,4.48,4.48
09-15-2016 13:40:00,4100.0,4.46,4.46,4.44,4.44
09-15-2016 13:44:00,900.0,4.43,4.4399,4.43,4.4399
09-15-2016 13:46:00,4190.0,4.43,4.43,4.42,4.43
09-15-2016 13:47:00,100.0,4.42,4.42,4.42,4.42
09-15-2016 13:49:00,3100.0,4.42,4.42,4.4,4.415
09-15-2016 13:50:00,100.0,4.41,4.41,4.41,4.41
09-15-2016 13:51:00,100.0,4.42,4.42,4.42,4.42
09-15-2016 13:54:00,2100.0,4.4227,4.4227,4.41,4.415
09-15-2016 13:55:00,200.0,4.415,4.4192,4.415,4.4192
09-15-2016 13:56:00,100.0,4.415,4.415,4.415,4.415
09-15-2016 13:58:00,100.0,4.4101,4.4101,4.4101,4.4101
09-15-2016 14:03:00,2500.0,4.4187,4.43,4.41,4.41
09-15-2016 14:04:00,500.0,4.43,4.43,4.43,4.43
09-15-2016 14:07:00,200.0,4.44,4.44,4.44,4.44
09-15-2016 14:08:00,1000.0,4.44,4.44,4.44,4.44
09-15-2016 14:10:00,100.0,4.4601,4.4601,4.4601,4.4601
09-15-2016 14:11:00,600.0,4.47,4.47,4.46,4.46
09-15-2016 14:15:00,950.0,4.4699,4.4699,4.465,4.465
09-15-2016 14:17:00,1210.0,4.46,4.46,4.45,4.45
09-15-2016 14:18:00,800.0,4.45,4.45,4.45,4.45
09-15-2016 14:19:00,400.0,4.45,4.46,4.45,4.46
09-15-2016 14:21:00,600.0,4.44,4.44,4.44,4.44
09-15-2016 14:26:00,500.0,4.45,4.45,4.45,4.45
09-15-2016 14:27:00,500.0,4.48,4.48,4.48,4.48
09-15-2016 14:29:00,300.0,4.47,4.47,4.47,4.47
09-15-2016 14:30:00,100.0,4.48,4.48,4.48,4.48
09-15-2016 14:31:00,1021.0,4.4737,4.4737,4.46,4.46
09-15-2016 14:35:00,342.0,4.45,4.4599,4.45,4.4599
09-15-2016 14:38:00,503.0,4.4599,4.46,4.4599,4.46
09-15-2016 14:42:00,300.0,4.45,4.45,4.4401,4.45
09-15-2016 14:45:00,100.0,4.44,4.44,4.44,4.44
09-15-2016 14:46:00,100.0,4.44,4.44,4.44,4.44
09-15-2016 14:49:00,100.0,4.44,4.44,4.44,4.44
09-15-2016 14:50:00,398.0,4.445,4.45,4.445,4.4499
09-15-2016 14:52:00,100.0,4.44,4.44,4.44,4.44
09-15-2016 14:53:00,458.0,4.4499,4.4499,4.4401,4.4401
09-15-2016 14:55:00,1000.0,4.44,4.445,4.44,4.44
09-15-2016 14:56:00,400.0,4.4401,4.4401,4.44,4.44
09-15-2016 14:57:00,200.0,4.44,4.44,4.44,4.44
09-15-2016 14:58:00,909.0,4.44,4.45,4.44,4.45
09-15-2016 14:59:00,904.0,4.45,4.45,4.44,4.44
09-15-2016 15:00:00,3567.0,4.44,4.45,4.44,4.45
09-15-2016 15:02:00,20.0,4.42,4.42,4.42,4.42
09-15-2016 16:29:00,719.0,4.45,4.45,4.45,4.45
09-16-2016 08:30:00,1233.0,4.42,4.42,4.42,4.42
09-16-2016 08:32:00,100.0,4.48,4.48,4.48,4.48
09-16-2016 08:40:00,200.0,4.38,4.38,4.38,4.38
09-16-2016 08:41:00,1900.0,4.39,4.43,4.38,4.38
09-16-2016 08:46:00,200.0,4.46,4.46,4.45,4.45
09-16-2016 08:47:00,100.0,4.45,4.45,4.45,4.45
09-16-2016 08:52:00,300.0,4.45,4.45,4.45,4.45
09-16-2016 08:57:00,100.0,4.48,4.48,4.48,4.48
09-16-2016 08:58:00,100.0,4.48,4.48,4.48,4.48
09-16-2016 09:04:00,100.0,4.5,4.5,4.5,4.5
09-16-2016 09:05:00,100.0,4.49,4.49,4.49,4.49
09-16-2016 09:06:00,1872.0,4.49,4.49,4.47,4.47
09-16-2016 09:07:00,300.0,4.47,4.48,4.47,4.48
09-16-2016 09:08:00,400.0,4.48,4.48,4.48,4.48
09-16-2016 09:25:00,200.0,4.49,4.49,4.49,4.49
09-16-2016 09:34:00,100.0,4.5,4.5,4.5,4.5
09-16-2016 09:42:00,200.0,4.485,4.485,4.47,4.47
09-16-2016 09:45:00,600.0,4.47,4.48,4.47,4.47
09-16-2016 09:46:00,600.0,4.49,4.49,4.47,4.47
09-16-2016 09:47:00,200.0,4.48,4.48,4.48,4.48
09-16-2016 09:48:00,300.0,4.48,4.48,4.48,4.48
09-16-2016 09:49:00,200.0,4.48,4.48,4.48,4.48
09-16-2016 09:52:00,300.0,4.5,4.5,4.48,4.48
09-16-2016 09:53:00,100.0,4.48,4.48,4.48,4.48
09-16-2016 09:57:00,100.0,4.48,4.48,4.48,4.48
09-16-2016 10:02:00,200.0,4.49,4.49,4.49,4.49
09-16-2016 10:22:00,200.0,4.49,4.49,4.49,4.49
09-16-2016 10:24:00,722.0,4.47,4.48,4.44,4.44
09-16-2016 10:26:00,200.0,4.44,4.44,4.44,4.44
09-16-2016 10:27:00,400.0,4.44,4.44,4.44,4.44
09-16-2016 10:28:00,200.0,4.43,4.44,4.43,4.44
09-16-2016 10:29:00,700.0,4.44,4.45,4.44,4.45
09-16-2016 10:30:00,100.0,4.44,4.44,4.44,4.44
09-16-2016 10:31:00,400.0,4.465,4.465,4.465,4.465
09-16-2016 10:32:00,4848.0,4.44,4.465,4.44,4.445
09-16-2016 10:33:00,700.0,4.445,4.445,4.445,4.445
09-16-2016 10:35:00,700.0,4.445,4.445,4.44,4.44
09-16-2016 10:38:00,400.0,4.44,4.44,4.44,4.44
09-16-2016 10:40:00,100.0,4.44,4.44,4.44,4.44
09-16-2016 10:42:00,225.0,4.4424,4.4424,4.4424,4.4424
09-16-2016 10:45:00,100.0,4.44,4.44,4.44,4.44
09-16-2016 10:46:00,100.0,4.45,4.45,4.45,4.45
09-16-2016 10:50:00,100.0,4.44,4.44,4.44,4.44
09-16-2016 10:54:00,100.0,4.45,4.45,4.45,4.45
09-16-2016 10:55:00,100.0,4.45,4.45,4.45,4.45
09-16-2016 10:57:00,800.0,4.45,4.47,4.45,4.47
09-16-2016 11:00:00,100.0,4.49,4.49,4.49,4.49
09-16-2016 11:03:00,200.0,4.49,4.49,4.48,4.48
09-16-2016 11:19:00,300.0,4.49,4.49,4.49,4.49
09-16-2016 11:26:00,200.0,4.48,4.485,4.48,4.485
09-16-2016 11:27:00,300.0,4.49,4.49,4.49,4.49
09-16-2016 11:32:00,1200.0,4.4876,4.4876,4.4876,4.4876
09-16-2016 11:41:00,200.0,4.485,4.485,4.48,4.48
09-16-2016 11:46:00,100.0,4.485,4.485,4.485,4.485
09-16-2016 11:59:00,100.0,4.48,4.48,4.48,4.48
09-16-2016 12:00:00,100.0,4.49,4.49,4.49,4.49
09-16-2016 12:12:00,100.0,4.49,4.49,4.49,4.49
09-16-2016 12:14:00,100.0,4.48,4.48,4.48,4.48
09-16-2016 12:19:00,100.0,4.48,4.48,4.48,4.48
09-16-2016 12:26:00,100.0,4.49,4.49,4.49,4.49
09-16-2016 12:30:00,100.0,4.485,4.485,4.485,4.485
09-16-2016 12:34:00,100.0,4.485,4.485,4.485,4.485
09-16-2016 12:37:00,100.0,4.48,4.48,4.48,4.48
09-16-2016 12:39:00,100.0,4.49,4.49,4.49,4.49
09-16-2016 12:42:00,100.0,4.49,4.49,4.49,4.49
09-16-2016 12:43:00,7631.0,4.49,4.55,4.49,4.515
09-16-2016 12:50:00,300.0,4.48,4.5,4.48,4.5
09-16-2016 12:52:00,100.0,4.5,4.5,4.5,4.5
09-16-2016 12:54:00,100.0,4.5,4.5,4.5,4.5
09-16-2016 13:02:00,100.0,4.5,4.5,4.5,4.5
09-16-2016 13:12:00,100.0,4.49,4.49,4.49,4.49
09-16-2016 13:15:00,200.0,4.49,4.49,4.49,4.49
09-16-2016 13:29:00,100.0,4.5,4.5,4.5,4.5
09-16-2016 13:42:00,200.0,4.48,4.48,4.48,4.48
09-16-2016 13:44:00,100.0,4.48,4.48,4.48,4.48
09-16-2016 13:59:00,700.0,4.48,4.49,4.48,4.49
09-16-2016 14:06:00,200.0,4.5,4.5,4.5,4.5
09-16-2016 14:07:00,100.0,4.51,4.51,4.51,4.51
09-16-2016 14:21:00,1200.0,4.5099,4.5099,4.48,4.48
09-16-2016 14:22:00,100.0,4.5,4.5,4.5,4.5
09-16-2016 14:28:00,100.0,4.48,4.48,4.48,4.48
09-16-2016 14:38:00,2700.0,4.4896,4.49,4.48,4.48
09-16-2016 14:42:00,100.0,4.48,4.48,4.48,4.48
09-16-2016 14:43:00,100.0,4.51,4.51,4.51,4.51
09-16-2016 14:44:00,200.0,4.51,4.51,4.48,4.48
09-16-2016 14:50:00,2632.0,4.51,4.51,4.48,4.51
09-16-2016 14:51:00,1000.0,4.495,4.5,4.49,4.5
09-16-2016 14:52:00,500.0,4.5,4.51,4.5,4.51
09-16-2016 14:54:00,100.0,4.52,4.52,4.52,4.52
09-16-2016 14:55:00,1518.0,4.49,4.5,4.49,4.5
09-16-2016 14:56:00,3058.0,4.5,4.5099,4.49,4.5099
09-16-2016 14:57:00,2200.0,4.5,4.52,4.5,4.51
09-16-2016 14:58:00,100.0,4.51,4.51,4.51,4.51
09-16-2016 14:59:00,369.0,4.52,4.5299,4.52,4.5299
09-16-2016 15:00:00,4832.0,4.5299,4.53,4.51,4.53
09-16-2016 15:01:00,125.0,4.53,4.53,4.53,4.53
09-19-2016 08:30:00,5163.0,4.5,4.5,4.5,4.5
09-19-2016 08:33:00,107.0,4.46,4.46,4.46,4.46
09-19-2016 08:36:00,1500.0,4.4517,4.49,4.4517,4.46
09-19-2016 08:37:00,300.0,4.48,4.48,4.48,4.48
09-19-2016 08:38:00,100.0,4.47,4.47,4.47,4.47
09-19-2016 08:46:00,100.0,4.46,4.46,4.46,4.46
09-19-2016 08:47:00,400.0,4.47,4.47,4.46,4.47
09-19-2016 08:49:00,700.0,4.47,4.48,4.47,4.48
09-19-2016 08:52:00,2996.0,4.5,4.5,4.5,4.5
09-19-2016 08:54:00,100.0,4.5151,4.5151,4.5151,4.5151
09-19-2016 08:57:00,100.0,4.52,4.52,4.52,4.52
09-19-2016 08:59:00,300.0,4.5,4.5,4.5,4.5
09-19-2016 09:09:00,2006.0,4.4901,4.5,4.48,4.49
09-19-2016 09:16:00,112.0,4.4999,4.4999,4.4999,4.4999
09-19-2016 09:17:00,800.0,4.495,4.5,4.49,4.49
09-19-2016 09:18:00,600.0,4.49,4.5,4.49,4.5
09-19-2016 09:31:00,100.0,4.5,4.5,4.5,4.5
09-19-2016 09:36:00,100.0,4.49,4.49,4.49,4.49
09-19-2016 09:40:00,445.0,4.49,4.49,4.49,4.49
09-19-2016 09:43:00,300.0,4.48,4.49,4.48,4.49
09-19-2016 09:49:00,200.0,4.47,4.47,4.47,4.47
09-19-2016 09:51:00,3100.0,4.49,4.49,4.47,4.47
09-19-2016 09:52:00,100.0,4.48,4.48,4.48,4.48
09-19-2016 09:53:00,500.0,4.47,4.49,4.47,4.49
09-19-2016 09:54:00,700.0,4.49,4.49,4.49,4.49
09-19-2016 09:55:00,300.0,4.475,4.49,4.475,4.49
09-19-2016 09:57:00,200.0,4.49,4.49,4.49,4.49
09-19-2016 09:58:00,400.0,4.49,4.49,4.46,4.46
09-19-2016 09:59:00,600.0,4.49,4.49,4.48,4.48
09-19-2016 10:00:00,1200.0,4.46,4.47,4.46,4.47
09-19-2016 10:01:00,300.0,4.48,4.48,4.48,4.48
09-19-2016 10:02:00,400.0,4.48,4.49,4.48,4.49
09-19-2016 10:03:00,600.0,4.49,4.49,4.49,4.49
09-19-2016 10:15:00,700.0,4.5,4.5,4.5,4.5
09-19-2016 10:16:00,500.0,4.5,4.5,4.5,4.5
09-19-2016 10:24:00,100.0,4.49,4.49,4.49,4.49
09-19-2016 10:26:00,608.0,4.49,4.49,4.48,4.48
09-19-2016 10:27:00,200.0,4.49,4.49,4.49,4.49
09-19-2016 10:34:00,400.0,4.5,4.5,4.5,4.5
09-19-2016 10:38:00,1100.0,4.51,4.53,4.51,4.53
09-19-2016 10:39:00,2200.0,4.52,4.54,4.5,4.52
09-19-2016 10:41:00,250.0,4.52,4.52,4.52,4.52
09-19-2016 10:47:00,300.0,4.53,4.54,4.52,4.54
09-19-2016 10:53:00,5400.0,4.55,4.55,4.54,4.55
09-19-2016 10:57:00,400.0,4.56,4.56,4.56,4.56
09-19-2016 10:59:00,100.0,4.545,4.545,4.545,4.545
09-19-2016 11:01:00,100.0,4.55,4.55,4.55,4.55
09-19-2016 11:09:00,300.0,4.56,4.56,4.56,4.56
09-19-2016 11:11:00,100.0,4.545,4.545,4.545,4.545
09-19-2016 11:16:00,100.0,4.55,4.55,4.55,4.55
09-19-2016 11:19:00,200.0,4.54,4.54,4.54,4.54
09-19-2016 11:20:00,6787.0,4.55,4.55,4.53,4.53
09-19-2016 11:21:00,600.0,4.55,4.56,4.55,4.56
09-19-2016 11:26:00,400.0,4.54,4.55,4.54,4.55
09-19-2016 11:30:00,100.0,4.54,4.54,4.54,4.54
09-19-2016 11:35:00,200.0,4.55,4.55,4.55,4.55
09-19-2016 11:36:00,990.0,4.55,4.56,4.54,4.56
09-19-2016 11:38:00,200.0,4.545,4.55,4.545,4.55
09-19-2016 11:39:00,1500.0,4.56,4.59,4.55,4.564
09-19-2016 11:41:00,400.0,4.57,4.57,4.57,4.57
09-19-2016 11:46:00,100.0,4.57,4.57,4.57,4.57
09-19-2016 11:51:00,700.0,4.56,4.58,4.56,4.58
09-19-2016 11:54:00,100.0,4.58,4.58,4.58,4.58
09-19-2016 11:56:00,1400.0,4.5618,4.57,4.5618,4.57
09-19-2016 11:59:00,400.0,4.56,4.57,4.56,4.57
09-19-2016 12:05:00,100.0,4.55,4.55,4.55,4.55
09-19-2016 12:07:00,500.0,4.55,4.55,4.55,4.55
09-19-2016 12:09:00,200.0,4.565,4.565,4.565,4.565
09-19-2016 12:10:00,100.0,4.565,4.565,4.565,4.565
09-19-2016 12:18:00,100.0,4.55,4.55,4.55,4.55
09-19-2016 12:20:00,100.0,4.55,4.55,4.55,4.55
09-19-2016 12:24:00,100.0,4.55,4.55,4.55,4.55
09-19-2016 12:29:00,200.0,4.555,4.555,4.55,4.55
09-19-2016 12:31:00,200.0,4.55,4.555,4.55,4.555
09-19-2016 12:32:00,3900.0,4.55,4.56,4.55,4.56
09-19-2016 12:51:00,100.0,4.55,4.55,4.55,4.55
09-19-2016 12:57:00,451.0,4.555,4.565,4.555,4.565
09-19-2016 13:07:00,200.0,4.555,4.555,4.55,4.55
09-19-2016 13:08:00,100.0,4.55,4.55,4.55,4.55
09-19-2016 13:09:00,100.0,4.55,4.55,4.55,4.55
09-19-2016 13:10:00,700.0,4.55,4.55,4.55,4.55
09-19-2016 13:11:00,100.0,4.55,4.55,4.55,4.55
09-19-2016 13:19:00,100.0,4.55,4.55,4.55,4.55
09-19-2016 13:24:00,100.0,4.54,4.54,4.54,4.54
09-19-2016 13:27:00,200.0,4.55,4.55,4.54,4.54
09-19-2016 13:30:00,400.0,4.55,4.56,4.55,4.55
09-19-2016 13:31:00,200.0,4.55,4.55,4.54,4.54
09-19-2016 13:34:00,100.0,4.54,4.54,4.54,4.54
09-19-2016 13:38:00,100.0,4.54,4.54,4.54,4.54
09-19-2016 13:39:00,2000.0,4.545,4.56,4.54,4.54
09-19-2016 13:41:00,100.0,4.54,4.54,4.54,4.54
09-19-2016 13:44:00,100.0,4.54,4.54,4.54,4.54
09-19-2016 13:45:00,100.0,4.55,4.55,4.55,4.55
09-19-2016 13:48:00,400.0,4.55,4.56,4.55,4.56
09-19-2016 13:50:00,100.0,4.54,4.54,4.54,4.54
09-19-2016 13:56:00,200.0,4.56,4.56,4.56,4.56
09-19-2016 14:00:00,100.0,4.54,4.54,4.54,4.54
09-19-2016 14:06:00,200.0,4.545,4.545,4.545,4.545
09-19-2016 14:07:00,1300.0,4.55,4.565,4.55,4.565
09-19-2016 14:11:00,200.0,4.57,4.57,4.55,4.55
09-19-2016 14:19:00,100.0,4.56,4.56,4.56,4.56
09-19-2016 14:23:00,100.0,4.56,4.56,4.56,4.56
09-19-2016 14:24:00,100.0,4.55,4.55,4.55,4.55
09-19-2016 14:26:00,600.0,4.56,4.56,4.55,4.55
09-19-2016 14:27:00,100.0,4.5599,4.5599,4.5599,4.5599
09-19-2016 14:28:00,300.0,4.54,4.56,4.54,4.56
09-19-2016 14:29:00,200.0,4.54,4.55,4.54,4.55
09-19-2016 14:30:00,300.0,4.55,4.55,4.54,4.55
09-19-2016 14:31:00,300.0,4.55,4.55,4.55,4.55
09-19-2016 14:32:00,400.0,4.54,4.54,4.53,4.53
09-19-2016 14:33:00,2900.0,4.53,4.56,4.53,4.56
09-19-2016 14:35:00,100.0,4.56,4.56,4.56,4.56
09-19-2016 14:36:00,200.0,4.55,4.55,4.55,4.55
09-19-2016 14:37:00,700.0,4.555,4.555,4.55,4.55
09-19-2016 14:38:00,100.0,4.56,4.56,4.56,4.56
09-19-2016 14:39:00,800.0,4.56,4.56,4.555,4.555
09-19-2016 14:40:00,100.0,4.56,4.56,4.56,4.56
09-19-2016 14:41:00,100.0,4.6,4.6,4.6,4.6
09-19-2016 14:42:00,300.0,4.58,4.58,4.57,4.57
09-19-2016 14:44:00,3425.0,4.57,4.59,4.55,4.58
09-19-2016 14:45:00,200.0,4.58,4.59,4.58,4.59
09-19-2016 14:46:00,5200.0,4.58,4.6,4.58,4.6
09-19-2016 14:47:00,200.0,4.6,4.6,4.6,4.6
09-19-2016 14:48:00,200.0,4.6,4.6,4.6,4.6
09-19-2016 14:49:00,550.0,4.6001,4.6001,4.6001,4.6001
09-19-2016 14:52:00,1200.0,4.6,4.6,4.59,4.595
09-19-2016 14:53:00,1000.0,4.595,4.6,4.58,4.6
09-19-2016 14:54:00,100.0,4.6,4.6,4.6,4.6
09-19-2016 14:56:00,100.0,4.59,4.59,4.59,4.59
09-19-2016 14:57:00,400.0,4.57,4.58,4.57,4.58
09-19-2016 14:58:00,500.0,4.57,4.58,4.57,4.58
09-19-2016 14:59:00,869.0,4.58,4.58,4.56,4.58
09-19-2016 15:00:00,827.0,4.56,4.57,4.55,4.55
09-19-2016 15:01:00,2000.0,4.55,4.55,4.55,4.55
09-19-2016 15:09:00,119.0,4.55,4.55,4.55,4.55
09-20-2016 08:30:00,271.0,4.57,4.57,4.57,4.57
09-20-2016 08:35:00,100.0,4.6,4.6,4.6,4.6
09-20-2016 08:36:00,400.0,4.68,4.68,4.6,4.6
09-20-2016 08:37:00,700.0,4.67,4.69,4.64,4.69
09-20-2016 08:42:00,100.0,4.61,4.61,4.61,4.61
09-20-2016 08:44:00,849.0,4.62,4.66,4.61,4.66
09-20-2016 08:45:00,100.0,4.62,4.62,4.62,4.62
09-20-2016 08:46:00,100.0,4.61,4.61,4.61,4.61
09-20-2016 08:47:00,100.0,4.71,4.71,4.71,4.71
09-20-2016 08:48:00,100.0,4.6,4.6,4.6,4.6
09-20-2016 08:51:00,100.0,4.61,4.61,4.61,4.61
09-20-2016 08:52:00,11092.0,4.61,4.6397,4.54,4.58
09-20-2016 08:54:00,500.0,4.55,4.585,4.55,4.585
09-20-2016 08:56:00,200.0,4.565,4.565,4.56,4.56
09-20-2016 08:57:00,1600.0,4.56,4.57,4.535,4.54
09-20-2016 08:58:00,800.0,4.54,4.55,4.53,4.53
09-20-2016 08:59:00,1200.0,4.53,4.56,4.53,4.55
09-20-2016 09:00:00,600.0,4.54,4.57,4.54,4.57
09-20-2016 09:01:00,100.0,4.55,4.55,4.55,4.55
09-20-2016 09:02:00,1600.0,4.58,4.59,4.5799,4.59
09-20-2016 09:04:00,2000.0,4.5567,4.5567,4.5567,4.5567
09-20-2016 09:07:00,900.0,4.57,4.6,4.57,4.6
09-20-2016 09:08:00,1762.0,4.6,4.61,4.6,4.61
09-20-2016 09:10:00,2100.0,4.59,4.6,4.56,4.5908
09-20-2016 09:19:00,100.0,4.57,4.57,4.57,4.57
09-20-2016 09:22:00,100.0,4.6,4.6,4.6,4.6
09-20-2016 09:23:00,125.0,4.5849,4.5849,4.5849,4.5849
09-20-2016 09:24:00,100.0,4.57,4.57,4.57,4.57
09-20-2016 09:26:00,100.0,4.595,4.595,4.595,4.595
09-20-2016 09:28:00,5200.0,4.56,4.61,4.56,4.58
09-20-2016 09:36:00,200.0,4.63,4.63,4.63,4.63
09-20-2016 09:37:00,200.0,4.63,4.63,4.63,4.63
09-20-2016 09:38:00,100.0,4.63,4.63,4.63,4.63
09-20-2016 09:39:00,1295.0,4.63,4.65,4.63,4.65
09-20-2016 09:49:00,100.0,4.67,4.67,4.67,4.67
09-20-2016 09:51:00,500.0,4.67,4.675,4.67,4.675
09-20-2016 09:55:00,513.0,4.729,4.729,4.729,4.729
09-20-2016 09:56:00,600.0,4.7,4.71,4.7,4.71
09-20-2016 10:00:00,2700.0,4.72,4.72,4.67,4.67
09-20-2016 10:05:00,100.0,4.685,4.685,4.685,4.685
09-20-2016 10:09:00,100.0,4.69,4.69,4.69,4.69
09-20-2016 10:11:00,100.0,4.685,4.685,4.685,4.685
09-20-2016 10:13:00,3200.0,4.67,4.68,4.64,4.64
09-20-2016 10:14:00,1300.0,4.655,4.67,4.655,4.67
09-20-2016 10:15:00,200.0,4.655,4.6598,4.655,4.6598
09-20-2016 10:16:00,1300.0,4.66,4.67,4.66,4.67
09-20-2016 10:17:00,100.0,4.685,4.685,4.685,4.685
09-20-2016 10:18:00,100.0,4.67,4.67,4.67,4.67
09-20-2016 10:22:00,100.0,4.685,4.685,4.685,4.685
09-20-2016 10:26:00,800.0,4.7,4.7,4.67,4.67
09-20-2016 10:31:00,100.0,4.7,4.7,4.7,4.7
09-20-2016 10:33:00,600.0,4.675,4.68,4.675,4.675
09-20-2016 10:35:00,200.0,4.67,4.68,4.67,4.68
09-20-2016 10:36:00,900.0,4.68,4.69,4.66,4.67
09-20-2016 10:39:00,100.0,4.67,4.67,4.67,4.67
09-20-2016 10:44:00,100.0,4.67,4.67,4.67,4.67
09-20-2016 10:45:00,100.0,4.67,4.67,4.67,4.67
09-20-2016 10:50:00,300.0,4.67,4.67,4.67,4.67
09-20-2016 10:51:00,400.0,4.67,4.67,4.67,4.67
09-20-2016 10:52:00,1200.0,4.67,4.67,4.66,4.66
09-20-2016 10:53:00,400.0,4.66,4.66,4.65,4.66
09-20-2016 10:56:00,100.0,4.65,4.65,4.65,4.65
09-20-2016 11:14:00,1200.0,4.6599,4.6599,4.65,4.65
09-20-2016 11:16:00,1300.0,4.65,4.6599,4.64,4.6599
09-20-2016 11:18:00,300.0,4.645,4.645,4.63,4.645
09-20-2016 11:20:00,300.0,4.645,4.66,4.645,4.66
09-20-2016 11:21:00,100.0,4.66,4.66,4.66,4.66
09-20-2016 11:24:00,200.0,4.66,4.66,4.66,4.66
09-20-2016 11:36:00,600.0,4.64,4.65,4.64,4.65
09-20-2016 11:37:00,600.0,4.63,4.64,4.62,4.64
09-20-2016 11:38:00,1500.0,4.62,4.62,4.61,4.61
09-20-2016 11:39:00,100.0,4.615,4.615,4.615,4.615
09-20-2016 11:40:00,100.0,4.615,4.615,4.615,4.615
09-20-2016 11:43:00,100.0,4.63,4.63,4.63,4.63
09-20-2016 11:45:00,100.0,4.63,4.63,4.63,4.63
09-20-2016 11:47:00,100.0,4.61,4.61,4.61,4.61
09-20-2016 11:48:00,100.0,4.62,4.62,4.62,4.62
09-20-2016 11:49:00,500.0,4.61,4.61,4.61,4.61
09-20-2016 11:50:00,6462.0,4.61,4.61,4.6,4.6
09-20-2016 11:51:00,100.0,4.6,4.6,4.6,4.6
09-20-2016 11:52:00,3400.0,4.6,4.6134,4.6,4.6
09-20-2016 12:03:00,100.0,4.605,4.605,4.605,4.605
09-20-2016 12:05:00,200.0,4.6,4.6,4.6,4.6
09-20-2016 12:12:00,200.0,4.605,4.605,4.6002,4.6002
09-20-2016 12:18:00,100.0,4.605,4.605,4.605,4.605
09-20-2016 12:21:00,100.0,4.61,4.61,4.61,4.61
09-20-2016 12:24:00,100.0,4.605,4.605,4.605,4.605
09-20-2016 12:25:00,100.0,4.605,4.605,4.605,4.605
09-20-2016 12:32:00,200.0,4.605,4.605,4.6002,4.6002
09-20-2016 12:33:00,2000.0,4.61,4.61,4.61,4.61
09-20-2016 12:38:00,100.0,4.6,4.6,4.6,4.6
09-20-2016 12:39:00,1300.0,4.61,4.61,4.605,4.605
09-20-2016 12:46:00,1400.0,4.605,4.605,4.6,4.6
09-20-2016 12:49:00,300.0,4.6,4.605,4.6,4.6
09-20-2016 12:57:00,100.0,4.6,4.6,4.6,4.6
09-20-2016 13:02:00,2500.0,4.605,4.615,4.6,4.615
09-20-2016 13:05:00,500.0,4.61,4.615,4.61,4.6102
09-20-2016 13:07:00,100.0,4.62,4.62,4.62,4.62
09-20-2016 13:09:00,400.0,4.61,4.61,4.61,4.61
09-20-2016 13:10:00,100.0,4.62,4.62,4.62,4.62
09-20-2016 13:15:00,100.0,4.615,4.615,4.615,4.615
09-20-2016 13:23:00,400.0,4.61,4.61,4.6,4.6
09-20-2016 13:26:00,100.0,4.61,4.61,4.61,4.61
09-20-2016 13:32:00,100.0,4.61,4.61,4.61,4.61
09-20-2016 13:34:00,200.0,4.605,4.605,4.605,4.605
09-20-2016 13:35:00,600.0,4.61,4.61,4.605,4.61
09-20-2016 13:38:00,100.0,4.605,4.605,4.605,4.605
09-20-2016 13:41:00,100.0,4.605,4.605,4.605,4.605
09-20-2016 13:43:00,100.0,4.605,4.605,4.605,4.605
09-20-2016 13:44:00,100.0,4.605,4.605,4.605,4.605
09-20-2016 13:45:00,200.0,4.6,4.6,4.6,4.6
09-20-2016 13:47:00,100.0,4.6,4.6,4.6,4.6
09-20-2016 13:48:00,300.0,4.6,4.605,4.6,4.605
09-20-2016 13:49:00,100.0,4.6,4.6,4.6,4.6
09-20-2016 13:50:00,200.0,4.6,4.6,4.6,4.6
09-20-2016 13:51:00,200.0,4.6,4.6,4.6,4.6
09-20-2016 13:52:00,100.0,4.6,4.6,4.6,4.6
09-20-2016 13:53:00,300.0,4.6,4.6,4.6,4.6
09-20-2016 13:54:00,100.0,4.6,4.6,4.6,4.6
09-20-2016 13:55:00,100.0,4.605,4.605,4.605,4.605
09-20-2016 13:56:00,200.0,4.61,4.61,4.605,4.605
09-20-2016 13:57:00,400.0,4.6,4.6025,4.6,4.6025
09-20-2016 13:58:00,600.0,4.61,4.61,4.6,4.6
09-20-2016 13:59:00,100.0,4.605,4.605,4.605,4.605
09-20-2016 14:00:00,100.0,4.6,4.6,4.6,4.6
09-20-2016 14:01:00,100.0,4.6,4.6,4.6,4.6
09-20-2016 14:02:00,200.0,4.6,4.6,4.6,4.6
09-20-2016 14:03:00,900.0,4.61,4.61,4.6,4.6
09-20-2016 14:04:00,14372.0,4.6,4.6,4.555,4.57
09-20-2016 14:05:00,600.0,4.56,4.57,4.56,4.56
09-20-2016 14:06:00,400.0,4.56,4.56,4.56,4.56
09-20-2016 14:08:00,300.0,4.57,4.57,4.57,4.57
09-20-2016 14:09:00,1400.0,4.57,4.58,4.57,4.58
09-20-2016 14:10:00,800.0,4.58,4.59,4.58,4.58
09-20-2016 14:11:00,4700.0,4.59,4.6,4.59,4.6
09-20-2016 14:12:00,300.0,4.6,4.6,4.6,4.6
09-20-2016 14:13:00,500.0,4.59,4.6,4.58,4.59
09-20-2016 14:14:00,200.0,4.59,4.59,4.59,4.59
09-20-2016 14:15:00,300.0,4.59,4.59,4.59,4.59
09-20-2016 14:16:00,200.0,4.59,4.59,4.59,4.59
09-20-2016 14:17:00,100.0,4.59,4.59,4.59,4.59
09-20-2016 14:19:00,600.0,4.59,4.6,4.59,4.59
09-20-2016 14:20:00,200.0,4.59,4.59,4.59,4.59
09-20-2016 14:21:00,400.0,4.59,4.59,4.5805,4.59
09-20-2016 14:23:00,100.0,4.59,4.59,4.59,4.59
09-20-2016 14:26:00,200.0,4.59,4.59,4.59,4.59
09-20-2016 14:27:00,200.0,4.59,4.59,4.59,4.59
09-20-2016 14:28:00,200.0,4.59,4.59,4.59,4.59
09-20-2016 14:29:00,1000.0,4.59,4.6,4.59,4.59
09-20-2016 14:30:00,200.0,4.59,4.59,4.59,4.59
09-20-2016 14:31:00,200.0,4.59,4.59,4.59,4.59
09-20-2016 14:32:00,100.0,4.58,4.58,4.58,4.58
09-20-2016 14:33:00,500.0,4.6,4.6,4.59,4.6
09-20-2016 14:34:00,800.0,4.59,4.6,4.59,4.6
09-20-2016 14:35:00,100.0,4.59,4.59,4.59,4.59
09-20-2016 14:36:00,100.0,4.58,4.58,4.58,4.58
09-20-2016 14:38:00,100.0,4.6,4.6,4.6,4.6
09-20-2016 14:39:00,100.0,4.58,4.58,4.58,4.58
09-20-2016 14:40:00,1300.0,4.59,4.6,4.59,4.6
09-20-2016 14:41:00,200.0,4.6,4.6,4.59,4.59
09-20-2016 14:42:00,100.0,4.59,4.59,4.59,4.59
09-20-2016 14:43:00,1100.0,4.59,4.59,4.59,4.59
09-20-2016 14:44:00,5200.0,4.6,4.6,4.58,4.6
09-20-2016 14:45:00,800.0,4.58,4.58,4.58,4.58
09-20-2016 14:46:00,100.0,4.58,4.58,4.58,4.58
09-20-2016 14:48:00,100.0,4.58,4.58,4.58,4.58
09-20-2016 14:49:00,200.0,4.59,4.59,4.59,4.59
09-20-2016 14:50:00,500.0,4.58,4.59,4.58,4.59
09-20-2016 14:51:00,800.0,4.59,4.59,4.58,4.59
09-20-2016 14:53:00,200.0,4.573,4.573,4.573,4.573
09-20-2016 14:54:00,200.0,4.58,4.58,4.57,4.57
09-20-2016 14:55:00,200.0,4.58,4.58,4.575,4.575
09-20-2016 14:56:00,400.0,4.57,4.58,4.57,4.58
09-20-2016 14:57:00,300.0,4.575,4.58,4.575,4.575
09-20-2016 14:58:00,1300.0,4.58,4.58,4.57,4.57
09-20-2016 14:59:00,1200.0,4.57,4.59,4.57,4.59
09-20-2016 15:00:00,5184.0,4.6,4.61,4.59,4.61
09-21-2016 08:30:00,1441.0,4.58,4.58,4.58,4.58
09-21-2016 08:37:00,100.0,4.58,4.58,4.58,4.58
09-21-2016 08:40:00,600.0,4.59,4.6,4.59,4.6
09-21-2016 08:42:00,300.0,4.58,4.58,4.58,4.58
09-21-2016 08:44:00,100.0,4.59,4.59,4.59,4.59
09-21-2016 08:46:00,100.0,4.59,4.59,4.59,4.59
09-21-2016 08:48:00,300.0,4.62,4.62,4.62,4.62
09-21-2016 08:52:00,100.0,4.62,4.62,4.62,4.62
09-21-2016 08:58:00,100.0,4.61,4.61,4.61,4.61
09-21-2016 08:59:00,300.0,4.61,4.63,4.6,4.63
09-21-2016 09:03:00,100.0,4.6,4.6,4.6,4.6
09-21-2016 09:06:00,100.0,4.63,4.63,4.63,4.63
09-21-2016 09:08:00,100.0,4.6,4.6,4.6,4.6
09-21-2016 09:12:00,100.0,4.6,4.6,4.6,4.6
09-21-2016 09:14:00,100.0,4.63,4.63,4.63,4.63
09-21-2016 09:17:00,100.0,4.6,4.6,4.6,4.6
09-21-2016 09:24:00,600.0,4.6,4.62,4.6,4.62
09-21-2016 09:30:00,100.0,4.6,4.6,4.6,4.6
09-21-2016 09:34:00,100.0,4.6199,4.6199,4.6199,4.6199
09-21-2016 09:37:00,100.0,4.6,4.6,4.6,4.6
09-21-2016 09:41:00,200.0,4.6,4.63,4.6,4.63
09-21-2016 09:45:00,100.0,4.6,4.6,4.6,4.6
09-21-2016 09:46:00,200.0,4.605,4.61,4.605,4.61
09-21-2016 09:47:00,4700.0,4.605,4.63,4.605,4.63
09-21-2016 10:05:00,100.0,4.615,4.615,4.615,4.615
09-21-2016 10:06:00,1023.0,4.63,4.63,4.62,4.62
09-21-2016 10:23:00,100.0,4.6,4.6,4.6,4.6
09-21-2016 10:28:00,100.0,4.6,4.6,4.6,4.6
09-21-2016 10:33:00,100.0,4.6,4.6,4.6,4.6
09-21-2016 10:36:00,300.0,4.6,4.63,4.6,4.63
09-21-2016 10:38:00,100.0,4.6,4.6,4.6,4.6
09-21-2016 10:43:00,100.0,4.6,4.6,4.6,4.6
09-21-2016 10:49:00,100.0,4.6,4.6,4.6,4.6
09-21-2016 10:57:00,1700.0,4.6,4.62,4.6,4.61
09-21-2016 10:58:00,1500.0,4.6,4.605,4.6,4.6
09-21-2016 11:01:00,100.0,4.6,4.6,4.6,4.6
09-21-2016 11:09:00,200.0,4.6,4.6,4.6,4.6
09-21-2016 11:14:00,1900.0,4.6,4.6,4.57,4.57
09-21-2016 11:24:00,100.0,4.56,4.56,4.56,4.56
09-21-2016 11:30:00,200.0,4.56,4.56,4.56,4.56
09-21-2016 11:32:00,100.0,4.56,4.56,4.56,4.56
09-21-2016 11:38:00,200.0,4.56,4.57,4.56,4.57
09-21-2016 11:40:00,100.0,4.56,4.56,4.56,4.56
09-21-2016 11:48:00,100.0,4.56,4.56,4.56,4.56
09-21-2016 11:56:00,100.0,4.575,4.575,4.575,4.575
09-21-2016 11:59:00,2200.0,4.58,4.58,4.57,4.57
09-21-2016 12:01:00,100.0,4.57,4.57,4.57,4.57
09-21-2016 12:05:00,629.0,4.58,4.58,4.575,4.58
09-21-2016 12:07:00,4144.0,4.59,4.62,4.59,4.62
09-21-2016 12:26:00,100.0,4.61,4.61,4.61,4.61
09-21-2016 12:48:00,100.0,4.61,4.61,4.61,4.61
09-21-2016 12:49:00,100.0,4.61,4.61,4.61,4.61
09-21-2016 12:50:00,100.0,4.61,4.61,4.61,4.61
09-21-2016 12:58:00,100.0,4.61,4.61,4.61,4.61
09-21-2016 12:59:00,100.0,4.61,4.61,4.61,4.61
09-21-2016 13:00:00,100.0,4.63,4.63,4.63,4.63
09-21-2016 13:06:00,300.0,4.64,4.65,4.64,4.64
09-21-2016 13:07:00,300.0,4.64,4.65,4.63,4.63
09-21-2016 13:09:00,400.0,4.645,4.66,4.645,4.66
09-21-2016 13:10:00,100.0,4.675,4.675,4.675,4.675
09-21-2016 13:13:00,700.0,4.6899,4.6899,4.6899,4.6899
09-21-2016 13:16:00,200.0,4.67,4.67,4.64,4.64
09-21-2016 13:28:00,100.0,4.62,4.62,4.62,4.62
09-21-2016 13:32:00,100.0,4.62,4.62,4.62,4.62
09-21-2016 13:37:00,100.0,4.62,4.62,4.62,4.62
09-21-2016 13:38:00,100.0,4.66,4.66,4.66,4.66
09-21-2016 13:41:00,200.0,4.62,4.64,4.62,4.64
09-21-2016 13:43:00,100.0,4.63,4.63,4.63,4.63
09-21-2016 13:45:00,100.0,4.63,4.63,4.63,4.63
09-21-2016 13:47:00,531.0,4.645,4.66,4.6301,4.6301
09-21-2016 13:49:00,100.0,4.66,4.66,4.66,4.66
09-21-2016 13:51:00,200.0,4.645,4.645,4.645,4.645
09-21-2016 13:58:00,500.0,4.66,4.66,4.645,4.66
09-21-2016 14:13:00,100.0,4.64,4.64,4.64,4.64
09-21-2016 14:14:00,300.0,4.68,4.68,4.66,4.67
09-21-2016 14:17:00,400.0,4.68,4.68,4.665,4.665
09-21-2016 14:19:00,100.0,4.65,4.65,4.65,4.65
09-21-2016 14:20:00,500.0,4.68,4.68,4.665,4.68
09-21-2016 14:26:00,1000.0,4.68,4.72,4.68,4.71
09-21-2016 14:31:00,100.0,4.69,4.69,4.69,4.69
09-21-2016 14:34:00,100.0,4.7,4.7,4.7,4.7
09-21-2016 14:37:00,100.0,4.7,4.7,4.7,4.7
09-21-2016 14:39:00,500.0,4.73,4.75,4.73,4.73
09-21-2016 14:42:00,100.0,4.735,4.735,4.735,4.735
09-21-2016 14:43:00,100.0,4.74,4.74,4.74,4.74
09-21-2016 14:44:00,100.0,4.735,4.735,4.735,4.735
09-21-2016 14:45:00,100.0,4.73,4.73,4.73,4.73
09-21-2016 14:47:00,300.0,4.73,4.74,4.73,4.74
09-21-2016 14:50:00,200.0,4.72,4.72,4.72,4.72
09-21-2016 14:51:00,800.0,4.72,4.73,4.72,4.73
09-21-2016 14:53:00,200.0,4.72,4.74,4.72,4.74
09-21-2016 14:54:00,100.0,4.71,4.71,4.71,4.71
09-21-2016 14:55:00,100.0,4.71,4.71,4.71,4.71
09-21-2016 14:56:00,100.0,4.72,4.72,4.72,4.72
09-21-2016 14:57:00,300.0,4.72,4.72,4.71,4.71
09-21-2016 14:58:00,100.0,4.72,4.72,4.72,4.72
09-21-2016 14:59:00,200.0,4.72,4.72,4.7,4.7
09-21-2016 15:00:00,1092.0,4.7,4.72,4.69,4.72
09-22-2016 08:30:00,5206.0,4.79,4.79,4.79,4.79
09-22-2016 08:36:00,100.0,4.76,4.76,4.76,4.76
09-22-2016 08:39:00,200.0,4.775,4.775,4.7607,4.7607
09-22-2016 08:41:00,800.0,4.7601,4.7601,4.73,4.73
09-22-2016 08:44:00,200.0,4.72,4.72,4.72,4.72
09-22-2016 08:46:00,200.0,4.69,4.69,4.69,4.69
09-22-2016 08:49:00,200.0,4.745,4.745,4.7307,4.7307
09-22-2016 08:50:00,100.0,4.73,4.73,4.73,4.73
09-22-2016 08:55:00,100.0,4.71,4.71,4.71,4.71
09-22-2016 08:56:00,100.0,4.725,4.725,4.725,4.725
09-22-2016 09:02:00,100.0,4.71,4.71,4.71,4.71
09-22-2016 09:03:00,100.0,4.725,4.725,4.725,4.725
09-22-2016 09:09:00,100.0,4.71,4.71,4.71,4.71
09-22-2016 09:13:00,100.0,4.73,4.73,4.73,4.73
09-22-2016 09:17:00,100.0,4.73,4.73,4.73,4.73
09-22-2016 09:18:00,200.0,4.74,4.74,4.735,4.735
09-22-2016 09:19:00,100.0,4.74,4.74,4.74,4.74
09-22-2016 09:23:00,100.0,4.74,4.74,4.74,4.74
09-22-2016 09:24:00,100.0,4.75,4.75,4.75,4.75
09-22-2016 09:25:00,100.0,4.75,4.75,4.75,4.75
09-22-2016 09:28:00,100.0,4.76,4.76,4.76,4.76
09-22-2016 09:31:00,100.0,4.76,4.76,4.76,4.76
09-22-2016 09:34:00,300.0,4.75,4.75,4.735,4.735
09-22-2016 09:35:00,700.0,4.711,4.711,4.711,4.711
09-22-2016 09:37:00,100.0,4.71,4.71,4.71,4.71
09-22-2016 09:46:00,1900.0,4.7292,4.7292,4.72,4.72
09-22-2016 09:47:00,200.0,4.73,4.73,4.73,4.73
09-22-2016 09:49:00,200.0,4.72,4.72,4.72,4.72
09-22-2016 09:53:00,100.0,4.7,4.7,4.7,4.7
09-22-2016 09:54:00,600.0,4.7,4.7,4.67,4.67
09-22-2016 09:57:00,100.0,4.67,4.67,4.67,4.67
09-22-2016 09:59:00,2056.0,4.68,4.6899,4.65,4.6899
09-22-2016 10:02:00,100.0,4.65,4.65,4.65,4.65
09-22-2016 10:03:00,100.0,4.665,4.665,4.665,4.665
09-22-2016 10:04:00,550.0,4.6665,4.6665,4.65,4.66
09-22-2016 10:05:00,400.0,4.66,4.67,4.66,4.67
09-22-2016 10:06:00,300.0,4.68,4.68,4.67,4.67
09-22-2016 10:07:00,856.0,4.68,4.68,4.68,4.68
09-22-2016 10:11:00,100.0,4.67,4.67,4.67,4.67
09-22-2016 10:20:00,300.0,4.68,4.68,4.68,4.68
09-22-2016 10:21:00,1000.0,4.68,4.68,4.68,4.68
09-22-2016 10:22:00,200.0,4.7,4.7,4.7,4.7
09-22-2016 10:24:00,600.0,4.7,4.71,4.7,4.7001
09-22-2016 10:26:00,1000.0,4.72,4.72,4.7001,4.7001
09-22-2016 10:27:00,1500.0,4.7,4.7,4.69,4.6901
09-22-2016 10:34:00,100.0,4.705,4.705,4.705,4.705
09-22-2016 10:38:00,100.0,4.705,4.705,4.705,4.705
09-22-2016 10:46:00,200.0,4.69,4.705,4.69,4.705
09-22-2016 10:50:00,100.0,4.705,4.705,4.705,4.705
09-22-2016 10:53:00,2100.0,4.69,4.7075,4.69,4.7075
09-22-2016 10:58:00,200.0,4.71,4.71,4.7,4.7
09-22-2016 11:01:00,100.0,4.7,4.7,4.7,4.7
09-22-2016 11:03:00,100.0,4.7,4.7,4.7,4.7
09-22-2016 11:05:00,100.0,4.69,4.69,4.69,4.69
09-22-2016 11:10:00,100.0,4.69,4.69,4.69,4.69
09-22-2016 11:18:00,100.0,4.695,4.695,4.695,4.695
09-22-2016 11:31:00,100.0,4.68,4.68,4.68,4.68
09-22-2016 11:34:00,100.0,4.695,4.695,4.695,4.695
09-22-2016 11:39:00,200.0,4.7,4.7,4.7,4.7
09-22-2016 11:40:00,1000.0,4.7,4.7,4.7,4.7
09-22-2016 11:46:00,400.0,4.705,4.705,4.695,4.695
09-22-2016 11:47:00,100.0,4.7,4.7,4.7,4.7
09-22-2016 11:48:00,1300.0,4.695,4.7,4.695,4.7
09-22-2016 11:50:00,1200.0,4.7,4.7,4.695,4.7
09-22-2016 12:04:00,200.0,4.7,4.7,4.7,4.7
09-22-2016 12:06:00,600.0,4.7,4.71,4.7,4.7
09-22-2016 12:07:00,500.0,4.71,4.71,4.7,4.7
09-22-2016 12:09:00,100.0,4.7,4.7,4.7,4.7
09-22-2016 12:18:00,100.0,4.69,4.69,4.69,4.69
09-22-2016 12:19:00,100.0,4.69,4.69,4.69,4.69
09-22-2016 12:28:00,200.0,4.69,4.6921,4.69,4.6921
09-22-2016 12:33:00,200.0,4.695,4.695,4.695,4.695
09-22-2016 12:36:00,400.0,4.7,4.7,4.7,4.7
09-22-2016 12:41:00,200.0,4.705,4.705,4.705,4.705
09-22-2016 12:48:00,200.0,4.7,4.71,4.7,4.71
09-22-2016 13:03:00,100.0,4.7,4.7,4.7,4.7
09-22-2016 13:05:00,100.0,4.69,4.69,4.69,4.69
09-22-2016 13:09:00,100.0,4.69,4.69,4.69,4.69
09-22-2016 13:13:00,400.0,4.69,4.7,4.69,4.695
09-22-2016 13:17:00,500.0,4.7,4.7,4.695,4.7
09-22-2016 13:18:00,200.0,4.7,4.7,4.7,4.7
09-22-2016 13:28:00,100.0,4.69,4.69,4.69,4.69
09-22-2016 13:32:00,100.0,4.7,4.7,4.7,4.7
09-22-2016 13:34:00,100.0,4.69,4.69,4.69,4.69
09-22-2016 13:35:00,100.0,4.69,4.69,4.69,4.69
09-22-2016 13:37:00,300.0,4.7,4.7,4.7,4.7
09-22-2016 13:39:00,200.0,4.69,4.69,4.69,4.69
09-22-2016 13:42:00,100.0,4.69,4.69,4.69,4.69
09-22-2016 13:44:00,100.0,4.69,4.69,4.69,4.69
09-22-2016 13:47:00,100.0,4.7,4.7,4.7,4.7
09-22-2016 13:48:00,600.0,4.71,4.71,4.69,4.69
09-22-2016 13:50:00,100.0,4.695,4.695,4.695,4.695
09-22-2016 13:53:00,100.0,4.695,4.695,4.695,4.695
09-22-2016 13:54:00,200.0,4.7,4.7,4.7,4.7
09-22-2016 13:55:00,1100.0,4.695,4.7,4.695,4.7
09-22-2016 13:57:00,300.0,4.695,4.695,4.69,4.69
09-22-2016 14:01:00,1900.0,4.695,4.695,4.68,4.68
09-22-2016 14:04:00,100.0,4.685,4.685,4.685,4.685
09-22-2016 14:05:00,200.0,4.685,4.685,4.685,4.685
09-22-2016 14:13:00,300.0,4.685,4.685,4.685,4.685
09-22-2016 14:14:00,600.0,4.69,4.69,4.685,4.69
09-22-2016 14:15:00,100.0,4.69,4.69,4.69,4.69
09-22-2016 14:17:00,100.0,4.69,4.69,4.69,4.69
09-22-2016 14:20:00,300.0,4.6885,4.695,4.68,4.695
09-22-2016 14:24:00,100.0,4.68,4.68,4.68,4.68
09-22-2016 14:26:00,200.0,4.6917,4.6917,4.6917,4.6917
09-22-2016 14:28:00,100.0,4.68,4.68,4.68,4.68
09-22-2016 14:29:00,1460.0,4.69,4.7,4.68,4.68
09-22-2016 14:30:00,200.0,4.69,4.69,4.69,4.69
09-22-2016 14:32:00,300.0,4.6875,4.6875,4.6875,4.6875
09-22-2016 14:33:00,1731.0,4.69,4.7,4.68,4.7
09-22-2016 14:34:00,500.0,4.69,4.69,4.69,4.69
09-22-2016 14:37:00,400.0,4.69,4.7,4.69,4.7
09-22-2016 14:38:00,300.0,4.7,4.7,4.7,4.7
09-22-2016 14:39:00,600.0,4.69,4.69,4.69,4.69
09-22-2016 14:46:00,100.0,4.7,4.7,4.7,4.7
09-22-2016 14:47:00,200.0,4.69,4.69,4.69,4.69
09-22-2016 14:49:00,300.0,4.69,4.69,4.69,4.69
09-22-2016 14:50:00,100.0,4.69,4.69,4.69,4.69
09-22-2016 14:51:00,100.0,4.7,4.7,4.7,4.7
09-22-2016 14:52:00,100.0,4.69,4.69,4.69,4.69
09-22-2016 14:53:00,100.0,4.69,4.69,4.69,4.69
09-22-2016 14:55:00,100.0,4.69,4.69,4.69,4.69
09-22-2016 14:56:00,2523.0,4.69,4.7,4.68,4.68
09-22-2016 14:57:00,100.0,4.68,4.68,4.68,4.68
09-22-2016 14:58:00,675.0,4.68,4.68,4.68,4.68
09-22-2016 14:59:00,1500.0,4.68,4.693,4.68,4.69
09-22-2016 15:00:00,3357.0,4.69,4.7,4.68,4.7
09-23-2016 08:36:00,600.0,4.7,4.7,4.7,4.7
09-23-2016 08:38:00,100.0,4.685,4.685,4.685,4.685
09-23-2016 08:40:00,100.0,4.66,4.66,4.66,4.66
09-23-2016 08:43:00,300.0,4.685,4.69,4.685,4.69
09-23-2016 08:46:00,600.0,4.61,4.616,4.61,4.612
09-23-2016 08:48:00,100.0,4.64,4.64,4.64,4.64
09-23-2016 08:51:00,100.0,4.68,4.68,4.68,4.68
09-23-2016 08:54:00,100.0,4.64,4.64,4.64,4.64
09-23-2016 08:57:00,100.0,4.65,4.65,4.65,4.65
09-23-2016 09:00:00,100.0,4.65,4.65,4.65,4.65
09-23-2016 09:04:00,100.0,4.66,4.66,4.66,4.66
09-23-2016 09:07:00,100.0,4.69,4.69,4.69,4.69
09-23-2016 09:08:00,100.0,4.66,4.66,4.66,4.66
09-23-2016 09:11:00,100.0,4.68,4.68,4.68,4.68
09-23-2016 09:14:00,100.0,4.71,4.71,4.71,4.71
09-23-2016 09:20:00,100.0,4.7,4.7,4.7,4.7
09-23-2016 09:28:00,100.0,4.7,4.7,4.7,4.7
09-23-2016 09:33:00,100.0,4.7,4.7,4.7,4.7
09-23-2016 09:36:00,200.0,4.71,4.715,4.71,4.715
09-23-2016 09:38:00,550.0,4.71,4.71,4.71,4.71
09-23-2016 09:42:00,100.0,4.71,4.71,4.71,4.71
09-23-2016 09:44:00,1150.0,4.715,4.72,4.71,4.71
09-23-2016 10:05:00,100.0,4.7,4.7,4.7,4.7
09-23-2016 10:07:00,200.0,4.705,4.71,4.705,4.71
09-23-2016 10:08:00,100.0,4.7,4.7,4.7,4.7
09-23-2016 10:13:00,2700.0,4.7099,4.7099,4.69,4.7
09-23-2016 10:14:00,100.0,4.69,4.69,4.69,4.69
09-23-2016 10:15:00,200.0,4.69,4.69,4.69,4.69
09-23-2016 10:20:00,100.0,4.69,4.69,4.69,4.69
09-23-2016 10:25:00,200.0,4.69,4.69,4.69,4.69
09-23-2016 10:29:00,100.0,4.7,4.7,4.7,4.7
09-23-2016 10:32:00,100.0,4.7,4.7,4.7,4.7
09-23-2016 10:35:00,100.0,4.7,4.7,4.7,4.7
09-23-2016 10:40:00,100.0,4.7,4.7,4.7,4.7
09-23-2016 10:45:00,100.0,4.7,4.7,4.7,4.7
09-23-2016 10:48:00,300.0,4.705,4.71,4.705,4.71
09-23-2016 10:51:00,100.0,4.7,4.7,4.7,4.7
09-23-2016 11:02:00,100.0,4.7,4.7,4.7,4.7
09-23-2016 11:04:00,100.0,4.7,4.7,4.7,4.7
09-23-2016 11:05:00,400.0,4.7,4.7,4.7,4.7
09-23-2016 11:06:00,200.0,4.69,4.69,4.69,4.69
09-23-2016 11:08:00,200.0,4.69,4.69,4.69,4.69
09-23-2016 11:14:00,100.0,4.69,4.69,4.69,4.69
09-23-2016 11:20:00,200.0,4.69,4.69,4.69,4.69
09-23-2016 11:26:00,300.0,4.696,4.696,4.696,4.696
09-23-2016 11:27:00,100.0,4.69,4.69,4.69,4.69
09-23-2016 11:33:00,200.0,4.69,4.69,4.69,4.69
09-23-2016 11:35:00,200.0,4.6974,4.6974,4.6974,4.6974
09-23-2016 11:39:00,500.0,4.69,4.69,4.69,4.69
09-23-2016 11:46:00,100.0,4.68,4.68,4.68,4.68
09-23-2016 11:51:00,100.0,4.68,4.68,4.68,4.68
09-23-2016 11:52:00,100.0,4.67,4.67,4.67,4.67
09-23-2016 11:58:00,100.0,4.67,4.67,4.67,4.67
09-23-2016 12:05:00,100.0,4.67,4.67,4.67,4.67
09-23-2016 12:12:00,100.0,4.67,4.67,4.67,4.67
09-23-2016 12:18:00,200.0,4.67,4.67,4.67,4.67
09-23-2016 12:25:00,100.0,4.67,4.67,4.67,4.67
09-23-2016 12:31:00,400.0,4.6833,4.6833,4.6833,4.6833
09-23-2016 12:32:00,100.0,4.67,4.67,4.67,4.67
09-23-2016 12:36:00,100.0,4.67,4.67,4.67,4.67
09-23-2016 12:38:00,100.0,4.67,4.67,4.67,4.67
09-23-2016 12:39:00,100.0,4.67,4.67,4.67,4.67
09-23-2016 12:43:00,300.0,4.67,4.67,4.67,4.67
09-23-2016 12:50:00,100.0,4.67,4.67,4.67,4.67
09-23-2016 12:51:00,300.0,4.67,4.67,4.67,4.67
09-23-2016 12:52:00,100.0,4.67,4.67,4.67,4.67
09-23-2016 12:56:00,100.0,4.67,4.67,4.67,4.67
09-23-2016 13:02:00,100.0,4.67,4.67,4.67,4.67
09-23-2016 13:07:00,100.0,4.67,4.67,4.67,4.67
09-23-2016 13:13:00,100.0,4.68,4.68,4.68,4.68
09-23-2016 13:17:00,100.0,4.66,4.66,4.66,4.66
09-23-2016 13:19:00,500.0,4.6601,4.6601,4.6601,4.6601
09-23-2016 13:22:00,200.0,4.66,4.69,4.66,4.69
09-23-2016 13:26:00,100.0,4.66,4.66,4.66,4.66
09-23-2016 13:27:00,100.0,4.65,4.65,4.65,4.65
09-23-2016 13:31:00,400.0,4.66,4.67,4.66,4.67
09-23-2016 13:34:00,200.0,4.675,4.675,4.675,4.675
09-23-2016 13:41:00,100.0,4.66,4.66,4.66,4.66
09-23-2016 13:48:00,100.0,4.66,4.66,4.66,4.66
09-23-2016 13:49:00,200.0,4.69,4.69,4.67,4.67
09-23-2016 13:51:00,100.0,4.67,4.67,4.67,4.67
09-23-2016 13:52:00,100.0,4.67,4.67,4.67,4.67
09-23-2016 13:57:00,100.0,4.67,4.67,4.67,4.67
09-23-2016 14:01:00,100.0,4.67,4.67,4.67,4.67
09-23-2016 14:03:00,1500.0,4.68,4.69,4.67,4.69
09-23-2016 14:07:00,100.0,4.67,4.67,4.67,4.67
09-23-2016 14:08:00,200.0,4.68,4.68,4.68,4.68
09-23-2016 14:09:00,100.0,4.68,4.68,4.68,4.68
09-23-2016 14:17:00,702.0,4.68,4.7,4.66,4.6868
09-23-2016 14:22:00,100.0,4.67,4.67,4.67,4.67
09-23-2016 14:26:00,100.0,4.68,4.68,4.68,4.68
09-23-2016 14:27:00,100.0,4.68,4.68,4.68,4.68
09-23-2016 14:30:00,1000.0,4.67,4.6899,4.66,4.6899
09-23-2016 14:31:00,300.0,4.67,4.67,4.67,4.67
09-23-2016 14:32:00,200.0,4.67,4.67,4.67,4.67
09-23-2016 14:33:00,500.0,4.66,4.66,4.66,4.66
09-23-2016 14:34:00,200.0,4.67,4.67,4.66,4.66
09-23-2016 14:36:00,200.0,4.66,4.67,4.66,4.67
09-23-2016 14:39:00,100.0,4.66,4.66,4.66,4.66
09-23-2016 14:40:00,100.0,4.66,4.66,4.66,4.66
09-23-2016 14:42:00,100.0,4.66,4.66,4.66,4.66
09-23-2016 14:45:00,300.0,4.66,4.66,4.66,4.66
09-23-2016 14:46:00,300.0,4.66,4.66,4.66,4.66
09-23-2016 14:47:00,314.0,4.6666,4.6666,4.66,4.66
09-23-2016 14:48:00,200.0,4.66,4.67,4.66,4.67
09-23-2016 14:49:00,100.0,4.66,4.66,4.66,4.66
09-23-2016 14:51:00,200.0,4.66,4.665,4.66,4.665
09-23-2016 14:52:00,100.0,4.66,4.66,4.66,4.66
09-23-2016 14:53:00,100.0,4.66,4.66,4.66,4.66
09-23-2016 14:55:00,200.0,4.66,4.67,4.66,4.67
09-23-2016 14:56:00,1000.0,4.66,4.67,4.66,4.665
09-23-2016 14:57:00,300.0,4.66,4.67,4.66,4.66
09-23-2016 14:58:00,800.0,4.66,4.66,4.66,4.66
09-23-2016 14:59:00,400.0,4.66,4.66,4.65,4.65
09-23-2016 15:00:00,4675.0,4.64,4.67,4.64,4.65
09-26-2016 08:30:00,100.0,4.65,4.65,4.65,4.65
09-26-2016 08:35:00,200.0,4.66,4.66,4.66,4.66
09-26-2016 08:38:00,200.0,4.65,4.65,4.65,4.65
09-26-2016 08:41:00,100.0,4.65,4.65,4.65,4.65
09-26-2016 08:43:00,100.0,4.65,4.65,4.65,4.65
09-26-2016 08:46:00,4021.0,4.65,4.69,4.65,4.69
09-26-2016 08:49:00,100.0,4.59,4.59,4.59,4.59
09-26-2016 08:52:00,100.0,4.59,4.59,4.59,4.59
09-26-2016 08:53:00,1000.0,4.6551,4.6551,4.6551,4.6551
09-26-2016 08:55:00,100.0,4.61,4.61,4.61,4.61
09-26-2016 08:57:00,100.0,4.67,4.67,4.67,4.67
09-26-2016 08:58:00,100.0,4.61,4.61,4.61,4.61
09-26-2016 09:01:00,100.0,4.6,4.6,4.6,4.6
09-26-2016 09:09:00,100.0,4.56,4.56,4.56,4.56
09-26-2016 09:13:00,100.0,4.57,4.57,4.57,4.57
09-26-2016 09:17:00,100.0,4.58,4.58,4.58,4.58
09-26-2016 09:19:00,100.0,4.625,4.625,4.625,4.625
09-26-2016 09:26:00,100.0,4.59,4.59,4.59,4.59
09-26-2016 09:31:00,100.0,4.56,4.56,4.56,4.56
09-26-2016 09:36:00,100.0,4.57,4.57,4.57,4.57
09-26-2016 09:37:00,100.0,4.59,4.59,4.59,4.59
09-26-2016 09:41:00,500.0,4.6199,4.6199,4.6199,4.6199
09-26-2016 09:45:00,100.0,4.58,4.58,4.58,4.58
09-26-2016 09:49:00,500.0,4.6,4.6,4.6,4.6
09-26-2016 09:50:00,100.0,4.58,4.58,4.58,4.58
09-26-2016 09:53:00,100.0,4.6,4.6,4.6,4.6
09-26-2016 09:54:00,350.0,4.6144,4.6144,4.6144,4.6144
09-26-2016 09:58:00,1500.0,4.6,4.6,4.58,4.584
09-26-2016 09:59:00,100.0,4.58,4.58,4.58,4.58
09-26-2016 10:03:00,100.0,4.58,4.58,4.58,4.58
09-26-2016 10:05:00,200.0,4.6,4.62,4.6,4.62
09-26-2016 10:18:00,100.0,4.6,4.6,4.6,4.6
09-26-2016 10:23:00,100.0,4.6,4.6,4.6,4.6
09-26-2016 10:28:00,100.0,4.6,4.6,4.6,4.6
09-26-2016 10:29:00,100.0,4.6,4.6,4.6,4.6
09-26-2016 10:33:00,100.0,4.59,4.59,4.59,4.59
09-26-2016 10:38:00,100.0,4.6,4.6,4.6,4.6
09-26-2016 10:43:00,634.0,4.63,4.63,4.6191,4.6191
09-26-2016 10:44:00,200.0,4.6,4.63,4.6,4.63
09-26-2016 10:49:00,100.0,4.6,4.6,4.6,4.6
09-26-2016 10:55:00,100.0,4.6,4.6,4.6,4.6
09-26-2016 10:57:00,100.0,4.61,4.61,4.61,4.61
09-26-2016 11:01:00,100.0,4.61,4.61,4.61,4.61
09-26-2016 11:07:00,100.0,4.6,4.6,4.6,4.6
09-26-2016 11:14:00,100.0,4.6,4.6,4.6,4.6
09-26-2016 11:17:00,200.0,4.62,4.63,4.62,4.63
09-26-2016 11:19:00,100.0,4.63,4.63,4.63,4.63
09-26-2016 11:20:00,100.0,4.61,4.61,4.61,4.61
09-26-2016 11:26:00,100.0,4.61,4.61,4.61,4.61
09-26-2016 11:33:00,100.0,4.61,4.61,4.61,4.61
09-26-2016 11:39:00,100.0,4.61,4.61,4.61,4.61
09-26-2016 11:46:00,100.0,4.61,4.61,4.61,4.61
09-26-2016 11:52:00,100.0,4.61,4.61,4.61,4.61
09-26-2016 11:58:00,100.0,4.61,4.61,4.61,4.61
09-26-2016 12:12:00,100.0,4.61,4.61,4.61,4.61
09-26-2016 12:15:00,400.0,4.61,4.61,4.6,4.6
09-26-2016 12:18:00,100.0,4.58,4.58,4.58,4.58
09-26-2016 12:19:00,100.0,4.605,4.605,4.605,4.605
09-26-2016 12:25:00,100.0,4.58,4.58,4.58,4.58
09-26-2016 12:32:00,100.0,4.58,4.58,4.58,4.58
09-26-2016 12:38:00,100.0,4.59,4.59,4.59,4.59
09-26-2016 12:44:00,100.0,4.6,4.6,4.6,4.6
09-26-2016 12:50:00,100.0,4.6,4.6,4.6,4.6
09-26-2016 12:56:00,100.0,4.59,4.59,4.59,4.59
09-26-2016 13:02:00,100.0,4.59,4.59,4.59,4.59
09-26-2016 13:07:00,100.0,4.59,4.59,4.59,4.59
09-26-2016 13:10:00,100.0,4.61,4.61,4.61,4.61
09-26-2016 13:12:00,100.0,4.6,4.6,4.6,4.6
09-26-2016 13:17:00,100.0,4.6,4.6,4.6,4.6
09-26-2016 13:22:00,1200.0,4.62,4.62,4.61,4.61
09-26-2016 13:25:00,200.0,4.62,4.62,4.62,4.62
09-26-2016 13:32:00,2000.0,4.62,4.62,4.62,4.62
09-26-2016 13:33:00,100.0,4.62,4.62,4.62,4.62
09-26-2016 13:45:00,100.0,4.62,4.62,4.62,4.62
09-26-2016 13:53:00,100.0,4.61,4.61,4.61,4.61
09-26-2016 13:56:00,100.0,4.62,4.62,4.62,4.62
09-26-2016 13:57:00,100.0,4.61,4.61,4.61,4.61
09-26-2016 14:02:00,100.0,4.61,4.61,4.61,4.61
09-26-2016 14:03:00,2800.0,4.61,4.6101,4.59,4.59
09-26-2016 14:06:00,100.0,4.58,4.58,4.58,4.58
09-26-2016 14:10:00,100.0,4.595,4.595,4.595,4.595
09-26-2016 14:13:00,1316.0,4.6,4.6,4.58,4.58
09-26-2016 14:14:00,300.0,4.6,4.6,4.595,4.595
09-26-2016 14:19:00,100.0,4.58,4.58,4.58,4.58
09-26-2016 14:22:00,3100.0,4.58,4.595,4.58,4.595
09-26-2016 14:23:00,100.0,4.6,4.6,4.6,4.6
09-26-2016 14:26:00,100.0,4.61,4.61,4.61,4.61
09-26-2016 14:27:00,100.0,4.6,4.6,4.6,4.6
09-26-2016 14:31:00,1200.0,4.6,4.61,4.6,4.61
09-26-2016 14:37:00,1300.0,4.62,4.62,4.59,4.59
09-26-2016 14:40:00,100.0,4.58,4.58,4.58,4.58
09-26-2016 14:41:00,100.0,4.6,4.6,4.6,4.6
09-26-2016 14:44:00,100.0,4.58,4.58,4.58,4.58
09-26-2016 14:45:00,100.0,4.59,4.59,4.59,4.59
09-26-2016 14:46:00,100.0,4.605,4.605,4.605,4.605
09-26-2016 14:47:00,100.0,4.58,4.58,4.58,4.58
09-26-2016 14:48:00,300.0,4.6,4.6,4.58,4.6
09-26-2016 14:49:00,400.0,4.62,4.62,4.59,4.59
09-26-2016 14:51:00,100.0,4.61,4.61,4.61,4.61
09-26-2016 14:52:00,6400.0,4.58,4.65,4.58,4.62
09-26-2016 14:54:00,100.0,4.64,4.64,4.64,4.64
09-26-2016 14:55:00,100.0,4.62,4.62,4.62,4.62
09-26-2016 14:56:00,100.0,4.65,4.65,4.65,4.65
09-26-2016 14:57:00,300.0,4.62,4.64,4.62,4.64
09-26-2016 14:58:00,300.0,4.62,4.62,4.61,4.61
09-26-2016 14:59:00,2000.0,4.6,4.6,4.59,4.59
09-26-2016 15:00:00,2398.0,4.59,4.59,4.58,4.59
09-27-2016 08:36:00,100.0,4.59,4.59,4.59,4.59
09-27-2016 08:37:00,700.0,4.6,4.66,4.6,4.6
09-27-2016 08:39:00,100.0,4.6,4.6,4.6,4.6
09-27-2016 08:41:00,700.0,4.6,4.62,4.58,4.62
09-27-2016 08:43:00,700.0,4.62,4.62,4.61,4.6101
09-27-2016 08:45:00,100.0,4.61,4.61,4.61,4.61
09-27-2016 08:46:00,100.0,4.61,4.61,4.61,4.61
09-27-2016 08:47:00,700.0,4.61,4.61,4.61,4.61
09-27-2016 08:49:00,100.0,4.62,4.62,4.62,4.62
09-27-2016 08:51:00,100.0,4.61,4.61,4.61,4.61
09-27-2016 08:52:00,100.0,4.61,4.61,4.61,4.61
09-27-2016 08:53:00,100.0,4.61,4.61,4.61,4.61
09-27-2016 08:54:00,200.0,4.61,4.61,4.61,4.61
09-27-2016 08:55:00,100.0,4.61,4.61,4.61,4.61
09-27-2016 08:56:00,3152.0,4.61,4.61,4.61,4.61
09-27-2016 08:59:00,100.0,4.55,4.55,4.55,4.55
09-27-2016 09:02:00,100.0,4.56,4.56,4.56,4.56
09-27-2016 09:04:00,100.0,4.56,4.56,4.56,4.56
09-27-2016 09:06:00,100.0,4.57,4.57,4.57,4.57
09-27-2016 09:10:00,600.0,4.57,4.64,4.57,4.64
09-27-2016 09:11:00,100.0,4.64,4.64,4.64,4.64
09-27-2016 09:12:00,100.0,4.6,4.6,4.6,4.6
09-27-2016 09:16:00,200.0,4.63,4.63,4.63,4.63
09-27-2016 09:17:00,400.0,4.61,4.61,4.61,4.61
09-27-2016 09:24:00,1220.0,4.56,4.56,4.55,4.55
09-27-2016 09:26:00,100.0,4.56,4.56,4.56,4.56
09-27-2016 09:27:00,400.0,4.57,4.57,4.56,4.57
09-27-2016 09:42:00,100.0,4.57,4.57,4.57,4.57
09-27-2016 09:43:00,100.0,4.57,4.57,4.57,4.57
09-27-2016 09:44:00,5900.0,4.5828,4.5867,4.53,4.53
09-27-2016 09:48:00,100.0,4.53,4.53,4.53,4.53
09-27-2016 09:51:00,100.0,4.58,4.58,4.58,4.58
09-27-2016 09:53:00,200.0,4.55,4.55,4.55,4.55
09-27-2016 09:57:00,200.0,4.59,4.59,4.56,4.56
09-27-2016 10:01:00,100.0,4.56,4.56,4.56,4.56
09-27-2016 10:06:00,300.0,4.56,4.57,4.56,4.57
09-27-2016 10:11:00,100.0,4.56,4.56,4.56,4.56
09-27-2016 10:16:00,100.0,4.56,4.56,4.56,4.56
09-27-2016 10:21:00,100.0,4.56,4.56,4.56,4.56
09-27-2016 10:22:00,300.0,4.56,4.56,4.56,4.56
09-27-2016 10:26:00,100.0,4.55,4.55,4.55,4.55
09-27-2016 10:27:00,1000.0,4.56,4.5685,4.54,4.54
09-27-2016 10:30:00,100.0,4.56,4.56,4.56,4.56
09-27-2016 10:31:00,200.0,4.56,4.56,4.56,4.56
09-27-2016 10:37:00,100.0,4.55,4.55,4.55,4.55
09-27-2016 10:46:00,100.0,4.56,4.56,4.56,4.56
09-27-2016 10:51:00,100.0,4.55,4.55,4.55,4.55
09-27-2016 10:52:00,700.0,4.55,4.56,4.55,4.55
09-27-2016 10:55:00,100.0,4.57,4.57,4.57,4.57
09-27-2016 10:59:00,100.0,4.55,4.55,4.55,4.55
09-27-2016 11:05:00,100.0,4.55,4.55,4.55,4.55
09-27-2016 11:07:00,200.0,4.55,4.55,4.55,4.55
09-27-2016 11:08:00,200.0,4.55,4.55,4.55,4.55
09-27-2016 11:11:00,200.0,4.56,4.56,4.55,4.55
09-27-2016 11:18:00,100.0,4.55,4.55,4.55,4.55
09-27-2016 11:24:00,100.0,4.55,4.55,4.55,4.55
09-27-2016 11:29:00,100.0,4.55,4.55,4.55,4.55
09-27-2016 11:31:00,100.0,4.55,4.55,4.55,4.55
09-27-2016 11:39:00,100.0,4.55,4.55,4.55,4.55
09-27-2016 11:45:00,200.0,4.56,4.56,4.55,4.55
09-27-2016 11:49:00,6114.0,4.56,4.58,4.56,4.58
09-27-2016 11:56:00,100.0,4.57,4.57,4.57,4.57
09-27-2016 12:02:00,100.0,4.57,4.57,4.57,4.57
09-27-2016 12:13:00,200.0,4.56,4.57,4.56,4.57
09-27-2016 12:31:00,200.0,4.57,4.58,4.57,4.58
09-27-2016 12:34:00,100.0,4.56,4.56,4.56,4.56
09-27-2016 12:51:00,100.0,4.56,4.56,4.56,4.56
09-27-2016 12:57:00,200.0,4.56,4.57,4.56,4.57
09-27-2016 13:04:00,100.0,4.57,4.57,4.57,4.57
09-27-2016 13:06:00,100.0,4.57,4.57,4.57,4.57
09-27-2016 13:10:00,656.0,4.5623,4.5623,4.5623,4.5623
09-27-2016 13:11:00,100.0,4.58,4.58,4.58,4.58
09-27-2016 13:12:00,100.0,4.57,4.57,4.57,4.57
09-27-2016 13:16:00,200.0,4.56,4.57,4.56,4.57
09-27-2016 13:17:00,1000.0,4.5735,4.5735,4.5735,4.5735
09-27-2016 13:22:00,100.0,4.56,4.56,4.56,4.56
09-27-2016 13:24:00,100.0,4.57,4.57,4.57,4.57
09-27-2016 13:28:00,100.0,4.56,4.56,4.56,4.56
09-27-2016 13:33:00,100.0,4.57,4.57,4.57,4.57
09-27-2016 13:35:00,300.0,4.57,4.57,4.56,4.57
09-27-2016 13:36:00,7136.0,4.5602,4.57,4.55,4.56
09-27-2016 13:37:00,200.0,4.57,4.57,4.57,4.57
09-27-2016 13:38:00,100.0,4.56,4.56,4.56,4.56
09-27-2016 13:44:00,500.0,4.5579,4.5579,4.5579,4.5579
09-27-2016 14:04:00,100.0,4.56,4.56,4.56,4.56
09-27-2016 14:06:00,100.0,4.55,4.55,4.55,4.55
09-27-2016 14:07:00,100.0,4.56,4.56,4.56,4.56
09-27-2016 14:09:00,100.0,4.57,4.57,4.57,4.57
09-27-2016 14:14:00,100.0,4.56,4.56,4.56,4.56
09-27-2016 14:15:00,100.0,4.56,4.56,4.56,4.56
09-27-2016 14:21:00,200.0,4.56,4.56,4.56,4.56
09-27-2016 14:26:00,600.0,4.55,4.565,4.55,4.565
09-27-2016 14:30:00,100.0,4.55,4.55,4.55,4.55
09-27-2016 14:33:00,1500.0,4.5502,4.57,4.55,4.57
09-27-2016 14:36:00,100.0,4.56,4.56,4.56,4.56
09-27-2016 14:37:00,100.0,4.57,4.57,4.57,4.57
09-27-2016 14:40:00,400.0,4.565,4.57,4.565,4.57
09-27-2016 14:42:00,100.0,4.565,4.565,4.565,4.565
09-27-2016 14:43:00,100.0,4.56,4.56,4.56,4.56
09-27-2016 14:46:00,100.0,4.56,4.56,4.56,4.56
09-27-2016 14:47:00,100.0,4.56,4.56,4.56,4.56
09-27-2016 14:50:00,966.0,4.55,4.58,4.55,4.58
09-27-2016 14:52:00,200.0,4.6,4.6,4.6,4.6
09-27-2016 14:54:00,200.0,4.56,4.58,4.56,4.58
09-27-2016 14:55:00,383.0,4.58,4.6,4.58,4.6
09-27-2016 14:56:00,100.0,4.59,4.59,4.59,4.59
09-27-2016 14:57:00,100.0,4.59,4.59,4.59,4.59
09-27-2016 14:58:00,100.0,4.59,4.59,4.59,4.59
09-27-2016 14:59:00,200.0,4.6,4.6,4.6,4.6
09-27-2016 15:00:00,9867.0,4.6,4.61,4.59,4.61
09-27-2016 15:01:00,400.0,4.61,4.61,4.61,4.61
09-27-2016 16:59:00,48.0,4.61,4.61,4.61,4.61
