09-07-2016 07:28:00,100.0,35.46,35.46,35.46,35.46
09-07-2016 07:29:00,100.0,35.47,35.47,35.47,35.47
09-07-2016 08:12:00,100.0,35.47,35.47,35.47,35.47
09-07-2016 08:16:00,400.0,35.43,35.43,35.43,35.43
09-07-2016 08:17:00,200.0,35.44,35.44,35.44,35.44
09-07-2016 08:18:00,300.0,35.45,35.45,35.44,35.44
09-07-2016 08:20:00,100.0,35.45,35.45,35.45,35.45
09-07-2016 08:28:00,700.0,35.47,35.48,35.47,35.48
09-07-2016 08:29:00,200.0,35.49,35.49,35.49,35.49
09-07-2016 08:30:00,173.0,35.51,35.51,35.51,35.51
09-07-2016 08:31:00,400.0,35.51,35.52,35.51,35.52
09-07-2016 08:32:00,2900.0,35.52,35.53,35.45,35.47
09-07-2016 08:33:00,1454.0,35.45,35.45,35.45,35.45
09-07-2016 08:35:00,100.0,35.41,35.41,35.41,35.41
09-07-2016 08:36:00,100.0,35.4,35.4,35.4,35.4
09-07-2016 08:38:00,500.0,35.5,35.5,35.48,35.48
09-07-2016 08:43:00,100.0,35.49,35.49,35.49,35.49
09-07-2016 08:46:00,100.0,35.5,35.5,35.5,35.5
09-07-2016 08:49:00,100.0,35.48,35.48,35.48,35.48
09-07-2016 08:52:00,587.0,35.51,35.53,35.51,35.53
09-07-2016 08:53:00,900.0,35.52,35.52,35.52,35.52
09-07-2016 08:54:00,100.0,35.51,35.51,35.51,35.51
09-07-2016 08:55:00,800.0,35.5,35.51,35.5,35.51
09-07-2016 09:01:00,1300.0,35.435,35.52,35.43,35.52
09-07-2016 09:02:00,100.0,35.44,35.44,35.44,35.44
09-07-2016 09:03:00,300.0,35.445,35.46,35.44,35.46
09-07-2016 09:04:00,100.0,35.44,35.44,35.44,35.44
09-07-2016 09:05:00,200.0,35.47,35.475,35.47,35.475
09-07-2016 09:15:00,100.0,35.52,35.52,35.52,35.52
09-07-2016 09:19:00,400.0,35.54,35.54,35.53,35.54
09-07-2016 09:23:00,400.0,35.52,35.52,35.51,35.51
09-07-2016 09:24:00,300.0,35.51,35.51,35.51,35.51
09-07-2016 09:25:00,100.0,35.5,35.5,35.5,35.5
09-07-2016 09:26:00,200.0,35.48,35.51,35.48,35.51
09-07-2016 09:27:00,700.0,35.5,35.5,35.5,35.5
09-07-2016 09:28:00,300.0,35.5,35.5,35.48,35.48
09-07-2016 09:29:00,400.0,35.5,35.51,35.5,35.51
09-07-2016 09:30:00,1800.0,35.5,35.52,35.49,35.49
09-07-2016 09:32:00,300.0,35.46,35.46,35.45,35.46
09-07-2016 09:33:00,100.0,35.49,35.49,35.49,35.49
09-07-2016 09:34:00,100.0,35.5,35.5,35.5,35.5
09-07-2016 09:35:00,900.0,35.5,35.51,35.485,35.5
09-07-2016 09:36:00,1000.0,35.51,35.51,35.48,35.48
09-07-2016 09:37:00,900.0,35.5,35.52,35.5,35.52
09-07-2016 09:40:00,400.0,35.52,35.52,35.5,35.5
09-07-2016 09:44:00,400.0,35.5,35.5,35.47,35.47
09-07-2016 09:45:00,200.0,35.51,35.52,35.51,35.52
09-07-2016 09:46:00,200.0,35.52,35.53,35.52,35.53
09-07-2016 09:48:00,500.0,35.5,35.52,35.5,35.52
09-07-2016 09:49:00,800.0,35.52,35.52,35.51,35.51
09-07-2016 09:51:00,400.0,35.52,35.52,35.5,35.5
09-07-2016 09:52:00,500.0,35.5,35.53,35.5,35.53
09-07-2016 09:55:00,500.0,35.55,35.55,35.55,35.55
09-07-2016 09:56:00,300.0,35.58,35.58,35.58,35.58
09-07-2016 09:58:00,600.0,35.55,35.55,35.53,35.54
09-07-2016 09:59:00,400.0,35.58,35.58,35.58,35.58
09-07-2016 10:00:00,400.0,35.55,35.56,35.54,35.54
09-07-2016 10:02:00,300.0,35.55,35.58,35.55,35.57
09-07-2016 10:03:00,300.0,35.57,35.57,35.57,35.57
09-07-2016 10:04:00,300.0,35.55,35.55,35.53,35.53
09-07-2016 10:05:00,300.0,35.55,35.55,35.55,35.55
09-07-2016 10:06:00,500.0,35.57,35.58,35.56,35.58
09-07-2016 10:07:00,705.0,35.55,35.58,35.55,35.56
09-07-2016 10:08:00,600.0,35.59,35.59,35.57,35.57
09-07-2016 10:10:00,300.0,35.6,35.6,35.6,35.6
09-07-2016 10:11:00,200.0,35.59,35.62,35.59,35.62
09-07-2016 10:18:00,200.0,35.6,35.6,35.6,35.6
09-07-2016 10:22:00,100.0,35.59,35.59,35.59,35.59
09-07-2016 10:25:00,100.0,35.63,35.63,35.63,35.63
09-07-2016 10:29:00,100.0,35.61,35.61,35.61,35.61
09-07-2016 10:34:00,100.0,35.61,35.61,35.61,35.61
09-07-2016 10:35:00,300.0,35.63,35.65,35.63,35.65
09-07-2016 10:36:00,300.0,35.6,35.6,35.6,35.6
09-07-2016 10:49:00,100.0,35.66,35.66,35.66,35.66
09-07-2016 10:54:00,300.0,35.68,35.68,35.65,35.65
09-07-2016 10:55:00,100.0,35.65,35.65,35.65,35.65
09-07-2016 11:03:00,100.0,35.65,35.65,35.65,35.65
09-07-2016 11:10:00,100.0,35.65,35.65,35.65,35.65
09-07-2016 11:11:00,100.0,35.6501,35.6501,35.6501,35.6501
09-07-2016 11:17:00,800.0,35.65,35.65,35.65,35.65
09-07-2016 11:24:00,100.0,35.65,35.65,35.65,35.65
09-07-2016 11:25:00,200.0,35.65,35.65,35.65,35.65
09-07-2016 11:28:00,100.0,35.65,35.65,35.65,35.65
09-07-2016 11:32:00,1900.0,35.65,35.65,35.59,35.65
09-07-2016 11:33:00,1300.0,35.625,35.69,35.625,35.65
09-07-2016 11:34:00,300.0,35.67,35.68,35.67,35.67
09-07-2016 11:35:00,100.0,35.68,35.68,35.68,35.68
09-07-2016 11:39:00,200.0,35.69,35.69,35.69,35.69
09-07-2016 11:45:00,200.0,35.66,35.66,35.66,35.66
09-07-2016 11:47:00,200.0,35.68,35.68,35.68,35.68
09-07-2016 11:53:00,100.0,35.66,35.66,35.66,35.66
09-07-2016 11:58:00,100.0,35.65,35.65,35.65,35.65
09-07-2016 12:01:00,500.0,35.65,35.65,35.65,35.65
09-07-2016 12:02:00,800.0,35.64,35.65,35.59,35.65
09-07-2016 12:03:00,100.0,35.63,35.63,35.63,35.63
09-07-2016 12:04:00,200.0,35.65,35.65,35.65,35.65
09-07-2016 12:05:00,200.0,35.65,35.65,35.65,35.65
09-07-2016 12:07:00,100.0,35.65,35.65,35.65,35.65
09-07-2016 12:08:00,200.0,35.65,35.65,35.65,35.65
09-07-2016 12:11:00,200.0,35.67,35.67,35.67,35.67
09-07-2016 12:15:00,200.0,35.67,35.69,35.67,35.69
09-07-2016 12:21:00,200.0,35.69,35.69,35.69,35.69
09-07-2016 12:25:00,100.0,35.6779,35.6779,35.6779,35.6779
09-07-2016 12:27:00,550.0,35.65,35.65,35.63,35.63
09-07-2016 12:28:00,700.0,35.625,35.69,35.625,35.65
09-07-2016 12:33:00,800.0,35.69,35.69,35.69,35.69
09-07-2016 12:34:00,300.0,35.7,35.7,35.7,35.7
09-07-2016 12:36:00,1400.0,35.66,35.67,35.63,35.67
09-07-2016 12:37:00,200.0,35.69,35.69,35.69,35.69
09-07-2016 12:39:00,800.0,35.68,35.68,35.68,35.68
09-07-2016 12:43:00,300.0,35.67,35.67,35.67,35.67
09-07-2016 12:47:00,500.0,35.6711,35.6711,35.6711,35.6711
09-07-2016 12:51:00,100.0,35.6779,35.6779,35.6779,35.6779
09-07-2016 12:57:00,200.0,35.65,35.65,35.65,35.65
09-07-2016 12:58:00,600.0,35.65,35.67,35.65,35.67
09-07-2016 13:12:00,100.0,35.68,35.68,35.68,35.68
09-07-2016 13:15:00,400.0,35.68,35.68,35.68,35.68
09-07-2016 13:18:00,100.0,35.66,35.66,35.66,35.66
09-07-2016 13:21:00,100.0,35.65,35.65,35.65,35.65
09-07-2016 13:30:00,300.0,35.65,35.65,35.65,35.65
09-07-2016 13:32:00,900.0,35.65,35.67,35.62,35.67
09-07-2016 13:33:00,300.0,35.67,35.7,35.67,35.7
09-07-2016 13:38:00,200.0,35.65,35.65,35.65,35.65
09-07-2016 13:41:00,800.0,35.65,35.68,35.65,35.66
09-07-2016 13:46:00,600.0,35.69,35.71,35.69,35.71
09-07-2016 13:47:00,200.0,35.71,35.71,35.71,35.71
09-07-2016 13:50:00,100.0,35.69,35.69,35.69,35.69
09-07-2016 13:51:00,800.0,35.69,35.69,35.67,35.67
09-07-2016 13:52:00,800.0,35.67,35.7,35.67,35.67
09-07-2016 13:53:00,1800.0,35.67,35.75,35.67,35.67
09-07-2016 13:54:00,700.0,35.72,35.72,35.67,35.67
09-07-2016 13:55:00,800.0,35.67,35.75,35.67,35.75
09-07-2016 13:56:00,200.0,35.73,35.75,35.73,35.75
09-07-2016 13:57:00,100.0,35.75,35.75,35.75,35.75
09-07-2016 14:00:00,100.0,35.75,35.75,35.75,35.75
09-07-2016 14:05:00,200.0,35.735,35.735,35.735,35.735
09-07-2016 14:06:00,300.0,35.75,35.75,35.75,35.75
09-07-2016 14:17:00,100.0,35.73,35.73,35.73,35.73
09-07-2016 14:21:00,100.0,35.74,35.74,35.74,35.74
09-07-2016 14:23:00,400.0,35.73,35.75,35.73,35.73
09-07-2016 14:25:00,200.0,35.75,35.75,35.75,35.75
09-07-2016 14:27:00,100.0,35.75,35.75,35.75,35.75
09-07-2016 14:28:00,100.0,35.75,35.75,35.75,35.75
09-07-2016 14:29:00,100.0,35.75,35.75,35.75,35.75
09-07-2016 14:33:00,100.0,35.73,35.73,35.73,35.73
09-07-2016 14:34:00,200.0,35.71,35.73,35.71,35.73
09-07-2016 14:38:00,100.0,35.73,35.73,35.73,35.73
09-07-2016 14:39:00,100.0,35.71,35.71,35.71,35.71
09-07-2016 14:40:00,100.0,35.75,35.75,35.75,35.75
09-07-2016 14:41:00,500.0,35.75,35.75,35.75,35.75
09-07-2016 14:42:00,500.0,35.74,35.75,35.74,35.75
09-07-2016 14:49:00,100.0,35.77,35.77,35.77,35.77
09-07-2016 14:50:00,1400.0,35.81,35.86,35.78,35.855
09-07-2016 14:51:00,4569.0,35.91,35.97,35.9,35.97
09-07-2016 14:52:00,3300.0,35.91,36.01,35.91,35.98
09-07-2016 14:53:00,3300.0,35.96,36.0,35.96,36.0
09-07-2016 14:54:00,400.0,36.01,36.02,36.01,36.01
09-07-2016 14:55:00,1100.0,36.0,36.04,36.0,36.02
09-07-2016 14:56:00,100.0,36.03,36.03,36.03,36.03
09-07-2016 14:57:00,1350.0,36.0,36.01,36.0,36.01
09-07-2016 14:58:00,1900.0,36.0,36.01,36.0,36.01
09-07-2016 14:59:00,100.0,36.01,36.01,36.01,36.01
09-07-2016 15:00:00,2413.0,36.04,36.05,36.0,36.0
09-07-2016 15:02:00,36.0,36.0,36.0,36.0,36.0
09-07-2016 16:17:00,13586.0,35.5658,35.5658,35.5658,35.5658
09-08-2016 08:22:00,200.0,35.56,35.56,35.56,35.56
09-08-2016 08:24:00,600.0,35.57,35.57,35.57,35.57
09-08-2016 08:25:00,300.0,35.56,35.56,35.54,35.54
09-08-2016 08:28:00,500.0,35.48,35.52,35.48,35.52
09-08-2016 08:30:00,219.0,35.56,35.56,35.56,35.56
09-08-2016 08:31:00,400.0,35.56,35.6,35.56,35.6
09-08-2016 08:32:00,300.0,35.62,35.62,35.51,35.59
09-08-2016 08:33:00,400.0,35.58,35.62,35.5,35.5
09-08-2016 08:34:00,1100.0,35.62,35.71,35.55,35.55
09-08-2016 08:35:00,700.0,35.71,35.74,35.71,35.73
09-08-2016 08:36:00,300.0,35.74,35.76,35.64,35.76
09-08-2016 08:37:00,100.0,35.87,35.87,35.87,35.87
09-08-2016 08:38:00,200.0,35.84,35.86,35.84,35.86
09-08-2016 08:39:00,200.0,35.85,35.85,35.84,35.84
09-08-2016 08:40:00,200.0,35.85,35.88,35.85,35.88
09-08-2016 08:41:00,1100.0,35.9,35.92,35.85,35.85
09-08-2016 08:42:00,1300.0,35.86,35.93,35.82,35.93
09-08-2016 08:43:00,300.0,35.9,35.9199,35.9,35.9
09-08-2016 08:44:00,200.0,35.91,35.91,35.9,35.9
09-08-2016 08:47:00,300.0,35.77,35.865,35.76,35.76
09-08-2016 08:48:00,100.0,35.75,35.75,35.75,35.75
09-08-2016 08:49:00,100.0,35.74,35.74,35.74,35.74
09-08-2016 08:50:00,600.0,35.81,35.83,35.74,35.83
09-08-2016 08:51:00,300.0,35.81,35.82,35.81,35.82
09-08-2016 08:53:00,300.0,35.79,35.79,35.77,35.77
09-08-2016 08:55:00,200.0,35.78,35.78,35.75,35.75
09-08-2016 08:56:00,500.0,35.75,35.75,35.73,35.74
09-08-2016 08:57:00,200.0,35.74,35.75,35.74,35.75
09-08-2016 08:58:00,300.0,35.74,35.75,35.74,35.75
09-08-2016 08:59:00,900.0,35.77,35.79,35.77,35.79
09-08-2016 09:00:00,200.0,35.8,35.82,35.8,35.82
09-08-2016 09:01:00,900.0,35.74,35.74,35.74,35.74
09-08-2016 09:04:00,100.0,35.84,35.84,35.84,35.84
09-08-2016 09:06:00,400.0,35.82,35.82,35.81,35.81
09-08-2016 09:07:00,300.0,35.81,35.81,35.79,35.79
09-08-2016 09:10:00,100.0,35.8,35.8,35.8,35.8
09-08-2016 09:11:00,500.0,35.78,35.78,35.74,35.74
09-08-2016 09:12:00,981.0,35.75,35.77,35.75,35.76
09-08-2016 09:13:00,100.0,35.77,35.77,35.77,35.77
09-08-2016 09:15:00,100.0,35.79,35.79,35.79,35.79
09-08-2016 09:18:00,100.0,35.77,35.77,35.77,35.77
09-08-2016 09:19:00,100.0,35.77,35.77,35.77,35.77
09-08-2016 09:26:00,100.0,35.75,35.75,35.75,35.75
09-08-2016 09:28:00,100.0,35.76,35.76,35.76,35.76
09-08-2016 09:30:00,100.0,35.75,35.75,35.75,35.75
09-08-2016 09:32:00,100.0,35.75,35.75,35.75,35.75
09-08-2016 09:33:00,300.0,35.75,35.75,35.67,35.72
09-08-2016 09:34:00,100.0,35.72,35.72,35.72,35.72
09-08-2016 09:35:00,600.0,35.74,35.76,35.74,35.76
09-08-2016 09:37:00,100.0,35.81,35.81,35.81,35.81
09-08-2016 09:42:00,200.0,35.79,35.79,35.78,35.78
09-08-2016 09:45:00,300.0,35.77,35.77,35.77,35.77
09-08-2016 09:46:00,400.0,35.77,35.77,35.75,35.75
09-08-2016 09:48:00,100.0,35.75,35.75,35.75,35.75
09-08-2016 09:50:00,200.0,35.75,35.75,35.75,35.75
09-08-2016 09:51:00,300.0,35.75,35.75,35.75,35.75
09-08-2016 09:57:00,300.0,35.75,35.75,35.75,35.75
09-08-2016 09:58:00,100.0,35.75,35.75,35.75,35.75
09-08-2016 10:00:00,100.0,35.71,35.71,35.71,35.71
09-08-2016 10:04:00,100.0,35.77,35.77,35.77,35.77
09-08-2016 10:05:00,200.0,35.77,35.77,35.77,35.77
09-08-2016 10:06:00,200.0,35.77,35.78,35.77,35.78
09-08-2016 10:07:00,300.0,35.78,35.78,35.78,35.78
09-08-2016 10:08:00,100.0,35.78,35.78,35.78,35.78
09-08-2016 10:09:00,100.0,35.78,35.78,35.78,35.78
09-08-2016 10:10:00,100.0,35.78,35.78,35.78,35.78
09-08-2016 10:12:00,100.0,35.78,35.78,35.78,35.78
09-08-2016 10:13:00,100.0,35.78,35.78,35.78,35.78
09-08-2016 10:21:00,100.0,35.73,35.73,35.73,35.73
09-08-2016 10:29:00,100.0,35.77,35.77,35.77,35.77
09-08-2016 10:32:00,100.0,35.77,35.77,35.77,35.77
09-08-2016 10:35:00,100.0,35.76,35.76,35.76,35.76
09-08-2016 10:39:00,100.0,35.76,35.76,35.76,35.76
09-08-2016 10:40:00,700.0,35.64,35.73,35.64,35.7001
09-08-2016 10:42:00,300.0,35.72,35.72,35.66,35.66
09-08-2016 10:46:00,200.0,35.72,35.72,35.72,35.72
09-08-2016 10:47:00,200.0,35.72,35.73,35.72,35.73
09-08-2016 10:48:00,200.0,35.72,35.72,35.72,35.72
09-08-2016 10:55:00,100.0,35.79,35.79,35.79,35.79
09-08-2016 10:56:00,100.0,35.73,35.73,35.73,35.73
09-08-2016 10:58:00,100.0,35.75,35.75,35.75,35.75
09-08-2016 10:59:00,100.0,35.79,35.79,35.79,35.79
09-08-2016 11:01:00,400.0,35.8,35.82,35.8,35.8
09-08-2016 11:02:00,400.0,35.83,35.88,35.83,35.88
09-08-2016 11:03:00,300.0,35.9,35.91,35.9,35.91
09-08-2016 11:04:00,200.0,35.92,35.92,35.91,35.91
09-08-2016 11:05:00,300.0,35.9,35.9,35.9,35.9
09-08-2016 11:07:00,100.0,35.9,35.9,35.9,35.9
09-08-2016 11:08:00,200.0,35.87,35.87,35.8501,35.8501
09-08-2016 11:09:00,200.0,35.8301,35.84,35.8301,35.84
09-08-2016 11:13:00,300.0,35.8,35.8,35.8,35.8
09-08-2016 11:14:00,704.0,35.82,35.82,35.78,35.78
09-08-2016 11:17:00,400.0,35.8,35.8,35.79,35.79
09-08-2016 11:18:00,576.0,35.8,35.8,35.8,35.8
09-08-2016 11:25:00,100.0,35.81,35.81,35.81,35.81
09-08-2016 11:26:00,800.0,35.81,35.85,35.8,35.8
09-08-2016 11:32:00,600.0,35.8,35.8,35.8,35.8
09-08-2016 11:41:00,100.0,35.9,35.9,35.9,35.9
09-08-2016 11:44:00,100.0,35.89,35.89,35.89,35.89
09-08-2016 11:46:00,100.0,35.9,35.9,35.9,35.9
09-08-2016 11:50:00,100.0,35.91,35.91,35.91,35.91
09-08-2016 11:54:00,600.0,35.9,35.92,35.9,35.92
09-08-2016 11:55:00,400.0,35.92,35.94,35.92,35.94
09-08-2016 11:56:00,100.0,35.91,35.91,35.91,35.91
09-08-2016 11:59:00,100.0,35.91,35.91,35.91,35.91
09-08-2016 12:00:00,100.0,35.95,35.95,35.95,35.95
09-08-2016 12:02:00,800.0,35.93,35.98,35.93,35.98
09-08-2016 12:04:00,600.0,35.96,35.96,35.94,35.94
09-08-2016 12:06:00,300.0,35.905,35.92,35.905,35.92
09-08-2016 12:07:00,200.0,35.91,35.91,35.9,35.9
09-08-2016 12:08:00,200.0,35.9,35.9,35.9,35.9
09-08-2016 12:09:00,400.0,35.91,35.91,35.9,35.9
09-08-2016 12:10:00,200.0,35.9,35.9,35.9,35.9
09-08-2016 12:11:00,100.0,35.86,35.86,35.86,35.86
09-08-2016 12:12:00,1300.0,35.9,35.9,35.86,35.86
09-08-2016 12:13:00,400.0,35.9,35.91,35.9,35.91
09-08-2016 12:14:00,200.0,35.89,35.89,35.89,35.89
09-08-2016 12:16:00,300.0,35.9,35.9,35.9,35.9
09-08-2016 12:18:00,100.0,36.02,36.02,36.02,36.02
09-08-2016 12:19:00,200.0,35.985,35.985,35.985,35.985
09-08-2016 12:27:00,100.0,35.99,35.99,35.99,35.99
09-08-2016 12:31:00,200.0,35.94,35.97,35.94,35.97
09-08-2016 12:32:00,500.0,35.98,35.98,35.98,35.98
09-08-2016 12:39:00,257.0,35.94,35.94,35.91,35.91
09-08-2016 12:42:00,400.0,35.94,35.94,35.94,35.94
09-08-2016 12:46:00,200.0,35.92,35.92,35.865,35.865
09-08-2016 12:54:00,100.0,35.845,35.845,35.845,35.845
09-08-2016 13:02:00,100.0,35.98,35.98,35.98,35.98
09-08-2016 13:06:00,600.0,35.98,36.0,35.98,35.98
09-08-2016 13:07:00,100.0,35.96,35.96,35.96,35.96
09-08-2016 13:09:00,100.0,36.0,36.0,36.0,36.0
09-08-2016 13:13:00,100.0,36.0,36.0,36.0,36.0
09-08-2016 13:18:00,400.0,35.95,35.97,35.95,35.97
09-08-2016 13:19:00,400.0,35.99,35.99,35.99,35.99
09-08-2016 13:20:00,700.0,36.0,36.03,36.0,36.005
09-08-2016 13:21:00,100.0,36.04,36.04,36.04,36.04
09-08-2016 13:28:00,200.0,36.04,36.07,36.04,36.07
09-08-2016 13:31:00,100.0,36.02,36.02,36.02,36.02
09-08-2016 13:32:00,100.0,36.025,36.025,36.025,36.025
09-08-2016 13:36:00,100.0,36.07,36.07,36.07,36.07
09-08-2016 13:40:00,3122.0,36.06,36.26,36.06,36.26
09-08-2016 13:41:00,400.0,36.28,36.29,36.28,36.28
09-08-2016 13:56:00,300.0,36.11,36.11,36.11,36.11
09-08-2016 13:57:00,100.0,36.165,36.165,36.165,36.165
09-08-2016 13:58:00,100.0,36.05,36.05,36.05,36.05
09-08-2016 14:02:00,100.0,36.2,36.2,36.2,36.2
09-08-2016 14:06:00,200.0,36.2,36.2,36.2,36.2
09-08-2016 14:08:00,100.0,36.15,36.15,36.15,36.15
09-08-2016 14:11:00,100.0,36.145,36.145,36.145,36.145
09-08-2016 14:14:00,100.0,36.145,36.145,36.145,36.145
09-08-2016 14:16:00,750.0,36.1891,36.19,36.11,36.11
09-08-2016 14:17:00,100.0,36.16,36.16,36.16,36.16
09-08-2016 14:21:00,100.0,36.125,36.125,36.125,36.125
09-08-2016 14:24:00,800.0,36.13,36.13,36.1,36.11
09-08-2016 14:25:00,800.0,36.11,36.15,36.11,36.1101
09-08-2016 14:26:00,300.0,36.12,36.15,36.12,36.15
09-08-2016 14:30:00,900.0,36.15,36.17,36.15,36.17
09-08-2016 14:33:00,100.0,36.15,36.15,36.15,36.15
09-08-2016 14:34:00,200.0,36.15,36.15,36.15,36.15
09-08-2016 14:35:00,100.0,36.15,36.15,36.15,36.15
09-08-2016 14:36:00,2300.0,36.05,36.15,36.03,36.15
09-08-2016 14:37:00,200.0,36.15,36.15,36.15,36.15
09-08-2016 14:39:00,200.0,36.16,36.16,36.15,36.15
09-08-2016 14:45:00,100.0,36.1599,36.1599,36.1599,36.1599
09-08-2016 14:46:00,100.0,36.16,36.16,36.16,36.16
09-08-2016 14:48:00,100.0,36.16,36.16,36.16,36.16
09-08-2016 14:49:00,3337.0,36.15,36.16,36.08,36.16
09-08-2016 14:50:00,2160.0,36.15,36.18,36.14,36.18
09-08-2016 14:51:00,900.0,36.24,36.24,36.19,36.21
09-08-2016 14:53:00,100.0,36.21,36.21,36.21,36.21
09-08-2016 14:54:00,1000.0,36.21,36.25,36.21,36.25
09-08-2016 14:56:00,4426.0,36.25,36.32,36.25,36.29
09-08-2016 14:57:00,1321.0,36.3,36.35,36.3,36.35
09-08-2016 14:58:00,1315.0,36.3,36.36,36.3,36.36
09-08-2016 14:59:00,3204.0,36.35,36.435,36.35,36.435
09-08-2016 15:00:00,4113.0,36.43,36.435,36.3,36.3
09-08-2016 15:01:00,21.0,36.3,36.3,36.3,36.3
09-08-2016 16:17:00,11734.0,35.7608,35.7608,35.7608,35.7608
09-09-2016 07:12:00,600.0,35.84,35.84,35.84,35.84
09-09-2016 07:20:00,400.0,35.79,35.79,35.79,35.79
09-09-2016 07:23:00,500.0,35.77,35.8,35.77,35.78
09-09-2016 07:24:00,600.0,35.79,35.82,35.79,35.82
09-09-2016 07:25:00,100.0,35.81,35.81,35.81,35.81
09-09-2016 07:29:00,100.0,35.87,35.87,35.87,35.87
09-09-2016 07:31:00,200.0,35.87,35.87,35.86,35.86
09-09-2016 07:32:00,200.0,35.86,35.86,35.86,35.86
09-09-2016 07:33:00,600.0,35.85,35.85,35.85,35.85
09-09-2016 07:37:00,100.0,35.84,35.84,35.84,35.84
09-09-2016 07:46:00,100.0,35.85,35.85,35.85,35.85
09-09-2016 07:55:00,100.0,35.83,35.83,35.83,35.83
09-09-2016 07:56:00,200.0,35.83,35.83,35.83,35.83
09-09-2016 07:57:00,500.0,35.83,35.83,35.82,35.83
09-09-2016 07:58:00,300.0,35.82,35.83,35.82,35.83
09-09-2016 07:59:00,200.0,35.82,35.83,35.82,35.83
09-09-2016 08:01:00,300.0,35.81,35.81,35.8,35.8
09-09-2016 08:04:00,100.0,35.8,35.8,35.8,35.8
09-09-2016 08:05:00,300.0,35.81,35.81,35.8,35.8
09-09-2016 08:09:00,100.0,35.8,35.8,35.8,35.8
09-09-2016 08:12:00,200.0,35.79,35.79,35.79,35.79
09-09-2016 08:13:00,200.0,35.8,35.8,35.8,35.8
09-09-2016 08:15:00,800.0,35.82,35.82,35.82,35.82
09-09-2016 08:16:00,100.0,35.82,35.82,35.82,35.82
09-09-2016 08:18:00,700.0,35.82,35.83,35.82,35.83
09-09-2016 08:22:00,100.0,35.8,35.8,35.8,35.8
09-09-2016 08:26:00,200.0,35.82,35.82,35.82,35.82
09-09-2016 08:30:00,234.0,35.78,35.78,35.78,35.78
09-09-2016 08:31:00,300.0,35.79,35.8,35.79,35.8
09-09-2016 08:32:00,800.0,35.8,35.83,35.78,35.81
09-09-2016 08:33:00,100.0,35.8,35.8,35.8,35.8
09-09-2016 08:34:00,800.0,35.8,35.83,35.8,35.81
09-09-2016 08:35:00,100.0,35.81,35.81,35.81,35.81
09-09-2016 08:37:00,200.0,35.81,35.81,35.81,35.81
09-09-2016 08:38:00,200.0,35.81,35.81,35.81,35.81
09-09-2016 08:39:00,300.0,35.81,35.81,35.8,35.81
09-09-2016 08:40:00,200.0,35.81,35.81,35.8,35.8
09-09-2016 08:41:00,300.0,35.79,35.79,35.79,35.79
09-09-2016 08:42:00,200.0,35.79,35.81,35.79,35.81
09-09-2016 08:43:00,200.0,35.8,35.8,35.8,35.8
09-09-2016 08:44:00,300.0,35.81,35.81,35.8,35.8
09-09-2016 08:45:00,200.0,35.8,35.8,35.79,35.79
09-09-2016 08:46:00,200.0,35.8,35.8,35.74,35.74
09-09-2016 08:50:00,995.0,35.77,35.78,35.77,35.78
09-09-2016 08:51:00,1410.0,35.745,35.79,35.745,35.78
09-09-2016 08:53:00,200.0,35.78,35.78,35.78,35.78
09-09-2016 08:54:00,100.0,35.78,35.78,35.78,35.78
09-09-2016 08:55:00,300.0,35.77,35.77,35.6839,35.6839
09-09-2016 08:56:00,1900.0,35.7,35.7,35.65,35.675
09-09-2016 08:57:00,1200.0,35.675,35.7,35.65,35.685
09-09-2016 08:58:00,500.0,35.68,35.7,35.68,35.6901
09-09-2016 09:00:00,590.0,35.7,35.72,35.7,35.72
09-09-2016 09:01:00,1000.0,35.745,35.77,35.74,35.77
09-09-2016 09:03:00,500.0,35.77,35.77,35.77,35.77
09-09-2016 09:04:00,300.0,35.76,35.77,35.76,35.77
09-09-2016 09:06:00,300.0,35.77,35.7799,35.77,35.7799
09-09-2016 09:07:00,1660.0,35.76,35.8,35.75,35.8
09-09-2016 09:08:00,300.0,35.8,35.8,35.8,35.8
09-09-2016 09:09:00,800.0,35.8,35.835,35.79,35.79
09-09-2016 09:11:00,200.0,35.8,35.8,35.79,35.79
09-09-2016 09:20:00,100.0,35.82,35.82,35.82,35.82
09-09-2016 09:22:00,100.0,35.82,35.82,35.82,35.82
09-09-2016 09:24:00,300.0,35.82,35.82,35.8,35.8
09-09-2016 09:25:00,200.0,35.82,35.82,35.79,35.79
09-09-2016 09:26:00,300.0,35.81,35.81,35.81,35.81
09-09-2016 09:27:00,100.0,35.795,35.795,35.795,35.795
09-09-2016 09:39:00,100.0,35.67,35.67,35.67,35.67
09-09-2016 09:40:00,800.0,35.67,35.73,35.67,35.73
09-09-2016 09:41:00,200.0,35.71,35.71,35.7,35.7
09-09-2016 09:42:00,100.0,35.71,35.71,35.71,35.71
09-09-2016 09:44:00,100.0,35.665,35.665,35.665,35.665
09-09-2016 09:48:00,300.0,35.71,35.74,35.7099,35.74
09-09-2016 09:49:00,6800.0,35.73,35.75,35.71,35.73
09-09-2016 09:50:00,1100.0,35.74,35.75,35.73,35.73
09-09-2016 09:52:00,200.0,35.725,35.725,35.72,35.72
09-09-2016 09:53:00,200.0,35.73,35.73,35.73,35.73
09-09-2016 09:56:00,200.0,35.71,35.71,35.71,35.71
09-09-2016 09:59:00,500.0,35.715,35.73,35.715,35.73
09-09-2016 10:00:00,400.0,35.74,35.74,35.74,35.74
09-09-2016 10:01:00,100.0,35.74,35.74,35.74,35.74
09-09-2016 10:02:00,200.0,35.75,35.75,35.74,35.74
09-09-2016 10:03:00,100.0,35.75,35.75,35.75,35.75
09-09-2016 10:09:00,100.0,35.78,35.78,35.78,35.78
09-09-2016 10:10:00,2920.0,35.79,35.8,35.77,35.77
09-09-2016 10:11:00,400.0,35.78,35.79,35.78,35.79
09-09-2016 10:12:00,100.0,35.8,35.8,35.8,35.8
09-09-2016 10:14:00,500.0,35.81,35.81,35.81,35.81
09-09-2016 10:15:00,100.0,35.8,35.8,35.8,35.8
09-09-2016 10:17:00,700.0,35.81,35.81,35.78,35.78
09-09-2016 10:18:00,200.0,35.8,35.8,35.8,35.8
09-09-2016 10:20:00,200.0,35.78,35.78,35.78,35.78
09-09-2016 10:27:00,400.0,35.79,35.79,35.77,35.77
09-09-2016 10:30:00,200.0,35.78,35.79,35.78,35.79
09-09-2016 10:32:00,3000.0,35.9,35.9,35.84,35.84
09-09-2016 10:33:00,300.0,35.82,35.83,35.8101,35.8101
09-09-2016 10:34:00,200.0,35.85,35.85,35.8,35.8
09-09-2016 10:35:00,200.0,35.85,35.85,35.8101,35.8101
09-09-2016 10:36:00,300.0,35.79,35.79,35.79,35.79
09-09-2016 10:43:00,200.0,35.92,35.92,35.89,35.89
09-09-2016 10:47:00,100.0,35.83,35.83,35.83,35.83
09-09-2016 10:51:00,100.0,35.9,35.9,35.9,35.9
09-09-2016 10:52:00,200.0,35.79,35.8565,35.79,35.8565
09-09-2016 10:54:00,500.0,35.83,35.83,35.83,35.83
09-09-2016 10:59:00,300.0,35.85,35.8599,35.85,35.8599
09-09-2016 11:00:00,100.0,35.86,35.86,35.86,35.86
09-09-2016 11:02:00,200.0,35.86,35.86,35.85,35.85
09-09-2016 11:03:00,100.0,35.84,35.84,35.84,35.84
09-09-2016 11:04:00,500.0,35.84,35.85,35.83,35.83
09-09-2016 11:05:00,300.0,35.8558,35.8558,35.84,35.84
09-09-2016 11:07:00,100.0,35.8,35.8,35.8,35.8
09-09-2016 11:08:00,200.0,35.83,35.83,35.82,35.82
09-09-2016 11:09:00,100.0,35.78,35.78,35.78,35.78
09-09-2016 11:10:00,300.0,35.75,35.77,35.75,35.77
09-09-2016 11:11:00,100.0,35.77,35.77,35.77,35.77
09-09-2016 11:17:00,100.0,35.76,35.76,35.76,35.76
09-09-2016 11:22:00,300.0,35.67,35.68,35.67,35.68
09-09-2016 11:24:00,100.0,35.72,35.72,35.72,35.72
09-09-2016 11:25:00,850.0,35.68,35.68,35.6701,35.6701
09-09-2016 11:28:00,100.0,35.74,35.74,35.74,35.74
09-09-2016 11:31:00,200.0,35.695,35.695,35.69,35.69
09-09-2016 11:33:00,100.0,35.695,35.695,35.695,35.695
09-09-2016 11:35:00,300.0,35.67,35.67,35.65,35.65
09-09-2016 11:36:00,300.0,35.61,35.61,35.58,35.595
09-09-2016 11:37:00,1200.0,35.56,35.57,35.48,35.57
09-09-2016 11:40:00,500.0,35.48,35.48,35.48,35.48
09-09-2016 11:43:00,153.0,35.51,35.51,35.51,35.51
09-09-2016 11:48:00,400.0,35.61,35.61,35.61,35.61
09-09-2016 11:49:00,300.0,35.61,35.61,35.57,35.57
09-09-2016 11:50:00,1900.0,35.53,35.55,35.52,35.55
09-09-2016 11:57:00,200.0,35.54,35.54,35.54,35.54
09-09-2016 11:59:00,100.0,35.63,35.63,35.63,35.63
09-09-2016 12:00:00,100.0,35.64,35.64,35.64,35.64
09-09-2016 12:01:00,300.0,35.51,35.52,35.51,35.51
09-09-2016 12:11:00,100.0,35.6,35.6,35.6,35.6
09-09-2016 12:16:00,200.0,35.58,35.615,35.58,35.615
09-09-2016 12:22:00,100.0,35.69,35.69,35.69,35.69
09-09-2016 12:23:00,200.0,35.59,35.59,35.57,35.57
09-09-2016 12:27:00,100.0,35.4901,35.4901,35.4901,35.4901
09-09-2016 12:32:00,100.0,35.55,35.55,35.55,35.55
09-09-2016 12:39:00,500.0,35.44,35.45,35.29,35.29
09-09-2016 12:40:00,500.0,35.27,35.27,35.27,35.27
09-09-2016 12:41:00,500.0,35.25,35.25,35.24,35.24
09-09-2016 12:42:00,1600.0,35.21,35.21,35.2,35.2
09-09-2016 12:45:00,750.0,35.2003,35.2003,35.2003,35.2003
09-09-2016 12:48:00,200.0,35.16,35.16,35.16,35.16
09-09-2016 12:54:00,200.0,35.21,35.21,35.17,35.17
09-09-2016 12:58:00,100.0,35.13,35.13,35.13,35.13
09-09-2016 13:01:00,100.0,35.1301,35.1301,35.1301,35.1301
09-09-2016 13:03:00,700.0,35.13,35.18,35.13,35.18
09-09-2016 13:04:00,200.0,35.14,35.14,35.13,35.13
09-09-2016 13:06:00,100.0,35.13,35.13,35.13,35.13
09-09-2016 13:10:00,300.0,35.13,35.13,35.12,35.12
09-09-2016 13:11:00,1200.0,35.05,35.05,35.05,35.05
09-09-2016 13:13:00,200.0,35.05,35.08,35.05,35.08
09-09-2016 13:14:00,500.0,35.09,35.09,35.03,35.09
09-09-2016 13:16:00,100.0,35.09,35.09,35.09,35.09
09-09-2016 13:17:00,200.0,35.1,35.1,35.1,35.1
09-09-2016 13:23:00,100.0,35.12,35.12,35.12,35.12
09-09-2016 13:25:00,200.0,35.12,35.12,35.12,35.12
09-09-2016 13:28:00,100.0,35.16,35.16,35.16,35.16
09-09-2016 13:31:00,200.0,35.13,35.208,35.13,35.208
09-09-2016 13:33:00,100.0,35.21,35.21,35.21,35.21
09-09-2016 13:35:00,100.0,35.165,35.165,35.165,35.165
09-09-2016 13:37:00,200.0,35.2,35.2,35.2,35.2
09-09-2016 13:41:00,100.0,35.34,35.34,35.34,35.34
09-09-2016 13:46:00,200.0,35.24,35.24,35.24,35.24
09-09-2016 13:48:00,100.0,35.23,35.23,35.23,35.23
09-09-2016 13:51:00,100.0,35.19,35.19,35.19,35.19
09-09-2016 13:53:00,300.0,35.15,35.16,35.15,35.16
09-09-2016 13:54:00,100.0,35.08,35.08,35.08,35.08
09-09-2016 13:56:00,500.0,35.14,35.15,35.095,35.15
09-09-2016 13:57:00,400.0,35.15,35.17,35.06,35.17
09-09-2016 13:58:00,100.0,35.17,35.17,35.17,35.17
09-09-2016 13:59:00,300.0,35.1,35.17,35.1,35.17
09-09-2016 14:00:00,100.0,35.18,35.18,35.18,35.18
09-09-2016 14:01:00,100.0,35.16,35.16,35.16,35.16
09-09-2016 14:02:00,300.0,35.16,35.19,35.16,35.19
09-09-2016 14:03:00,100.0,35.12,35.12,35.12,35.12
09-09-2016 14:04:00,100.0,35.15,35.15,35.15,35.15
09-09-2016 14:06:00,100.0,35.15,35.15,35.15,35.15
09-09-2016 14:07:00,1094.0,35.19,35.19,35.1,35.1
09-09-2016 14:09:00,543.0,35.1,35.12,35.1,35.12
09-09-2016 14:10:00,200.0,35.12,35.12,35.04,35.04
09-09-2016 14:11:00,100.0,35.04,35.04,35.04,35.04
09-09-2016 14:12:00,300.0,35.02,35.1,35.02,35.1
09-09-2016 14:13:00,400.0,35.11,35.11,35.04,35.11
09-09-2016 14:14:00,100.0,35.04,35.04,35.04,35.04
09-09-2016 14:15:00,300.0,35.0,35.09,35.0,35.09
09-09-2016 14:16:00,200.0,35.1,35.1,35.04,35.04
09-09-2016 14:18:00,200.0,35.07,35.07,35.06,35.06
09-09-2016 14:20:00,100.0,35.04,35.04,35.04,35.04
09-09-2016 14:21:00,100.0,35.04,35.04,35.04,35.04
09-09-2016 14:22:00,200.0,35.04,35.14,35.04,35.14
09-09-2016 14:23:00,200.0,35.06,35.06,35.06,35.06
09-09-2016 14:24:00,200.0,35.04,35.11,35.04,35.11
09-09-2016 14:25:00,200.0,35.04,35.12,35.04,35.12
09-09-2016 14:26:00,400.0,35.04,35.14,35.04,35.14
09-09-2016 14:27:00,600.0,35.15,35.19,35.06,35.19
09-09-2016 14:28:00,200.0,35.13,35.13,35.08,35.08
09-09-2016 14:29:00,100.0,35.08,35.08,35.08,35.08
09-09-2016 14:30:00,200.0,35.07,35.07,35.05,35.05
09-09-2016 14:31:00,100.0,35.05,35.05,35.05,35.05
09-09-2016 14:32:00,200.0,35.04,35.04,35.03,35.03
09-09-2016 14:33:00,300.0,35.04,35.04,35.0201,35.0201
09-09-2016 14:34:00,400.0,35.02,35.05,35.02,35.04
09-09-2016 14:35:00,300.0,35.04,35.06,35.04,35.04
09-09-2016 14:36:00,600.0,35.04,35.09,35.04,35.09
09-09-2016 14:37:00,600.0,35.04,35.04,35.03,35.03
09-09-2016 14:39:00,300.0,34.99,35.0,34.96,34.96
09-09-2016 14:40:00,200.0,34.95,34.95,34.95,34.95
09-09-2016 14:41:00,700.0,34.95,34.95,34.92,34.92
09-09-2016 14:42:00,100.0,34.92,34.92,34.92,34.92
09-09-2016 14:43:00,600.0,34.9,35.01,34.9,35.01
09-09-2016 14:44:00,200.0,34.99,34.99,34.98,34.98
09-09-2016 14:45:00,500.0,34.95,35.02,34.95,34.99
09-09-2016 14:46:00,500.0,34.96,35.045,34.96,34.99
09-09-2016 14:47:00,200.0,34.96,34.96,34.96,34.96
09-09-2016 14:48:00,300.0,34.95,34.96,34.95,34.96
09-09-2016 14:49:00,100.0,34.96,34.96,34.96,34.96
09-09-2016 14:50:00,900.0,35.0,35.0,34.97,34.975
09-09-2016 14:51:00,400.0,34.95,34.97,34.91,34.91
09-09-2016 14:52:00,500.0,34.91,34.91,34.91,34.91
09-09-2016 14:53:00,2209.0,34.91,34.95,34.91,34.92
09-09-2016 14:54:00,200.0,34.88,34.88,34.88,34.88
09-09-2016 14:55:00,800.0,34.88,34.88,34.8,34.865
09-09-2016 14:56:00,200.0,34.865,34.865,34.84,34.84
09-09-2016 14:57:00,3000.0,34.84,34.99,34.84,34.99
09-09-2016 14:58:00,500.0,34.95,34.95,34.945,34.945
09-09-2016 14:59:00,500.0,34.98,34.98,34.79,34.8
09-09-2016 15:00:00,3096.0,34.805,35.06,34.8,34.82
09-09-2016 15:39:00,1657.0,34.82,34.82,34.82,34.82
09-09-2016 16:17:00,21460.0,35.8101,35.8101,35.8101,35.8101
09-12-2016 08:08:00,700.0,34.45,34.46,34.45,34.46
09-12-2016 08:28:00,500.0,34.43,34.43,34.43,34.43
09-12-2016 08:29:00,1200.0,34.43,34.43,34.43,34.43
09-12-2016 08:30:00,634.0,34.45,34.45,34.45,34.45
09-12-2016 08:31:00,1280.0,34.3,34.44,34.3,34.44
09-12-2016 08:35:00,200.0,34.43,34.43,34.43,34.43
09-12-2016 08:36:00,200.0,34.43,34.43,34.43,34.43
09-12-2016 08:37:00,500.0,34.385,34.49,34.385,34.49
09-12-2016 08:39:00,2500.0,34.55,34.57,34.54,34.55
09-12-2016 08:40:00,200.0,34.67,34.69,34.67,34.69
09-12-2016 08:41:00,600.0,34.69,34.69,34.608,34.655
09-12-2016 08:45:00,100.0,34.63,34.63,34.63,34.63
09-12-2016 08:46:00,100.0,34.72,34.72,34.72,34.72
09-12-2016 08:47:00,400.0,34.6934,34.6934,34.6934,34.6934
09-12-2016 08:48:00,300.0,34.581,34.581,34.58,34.58
09-12-2016 08:49:00,100.0,34.58,34.58,34.58,34.58
09-12-2016 09:04:00,200.0,34.59,34.6,34.59,34.6
09-12-2016 09:07:00,100.0,34.59,34.59,34.59,34.59
09-12-2016 09:09:00,100.0,34.535,34.535,34.535,34.535
09-12-2016 09:10:00,100.0,34.51,34.51,34.51,34.51
09-12-2016 09:13:00,600.0,34.55,34.64,34.55,34.64
09-12-2016 09:15:00,500.0,34.61,34.61,34.61,34.61
09-12-2016 09:30:00,200.0,34.61,34.61,34.61,34.61
09-12-2016 09:32:00,200.0,34.59,34.59,34.59,34.59
09-12-2016 09:37:00,500.0,34.58,34.58,34.54,34.56
09-12-2016 09:38:00,400.0,34.54,34.54,34.53,34.53
09-12-2016 09:46:00,300.0,34.52,34.52,34.49,34.52
09-12-2016 09:47:00,100.0,34.5,34.5,34.5,34.5
09-12-2016 09:49:00,100.0,34.48,34.48,34.48,34.48
09-12-2016 09:50:00,200.0,34.46,34.46,34.46,34.46
09-12-2016 09:57:00,100.0,34.44,34.44,34.44,34.44
09-12-2016 09:58:00,1500.0,34.45,34.45,34.45,34.45
09-12-2016 09:59:00,200.0,34.48,34.49,34.48,34.49
09-12-2016 10:00:00,400.0,34.47,34.47,34.46,34.46
09-12-2016 10:01:00,200.0,34.46,34.46,34.46,34.46
09-12-2016 10:05:00,200.0,34.51,34.51,34.51,34.51
09-12-2016 10:10:00,1302.0,34.59,34.59,34.58,34.58
09-12-2016 10:18:00,200.0,34.57,34.57,34.56,34.56
09-12-2016 10:19:00,100.0,34.54,34.54,34.54,34.54
09-12-2016 10:20:00,200.0,34.54,34.54,34.54,34.54
09-12-2016 10:22:00,100.0,34.53,34.53,34.53,34.53
09-12-2016 10:23:00,100.0,34.53,34.53,34.53,34.53
09-12-2016 10:24:00,200.0,34.53,34.54,34.53,34.54
09-12-2016 10:37:00,300.0,34.75,34.75,34.75,34.75
09-12-2016 10:38:00,500.0,34.82,34.86,34.82,34.84
09-12-2016 10:41:00,1000.0,34.91,35.02,34.91,35.02
09-12-2016 10:42:00,900.0,35.02,35.02,34.97,34.98
09-12-2016 10:43:00,706.0,34.98,35.025,34.98,34.9801
09-12-2016 10:44:00,612.0,34.99,34.99,34.98,34.98
09-12-2016 10:45:00,1000.0,35.06,35.09,35.06,35.09
09-12-2016 10:48:00,200.0,35.01,35.01,35.01,35.01
09-12-2016 10:50:00,200.0,35.04,35.04,35.04,35.04
09-12-2016 10:52:00,200.0,34.98,34.98,34.98,34.98
09-12-2016 10:53:00,400.0,34.99,34.99,34.97,34.97
09-12-2016 10:54:00,200.0,35.01,35.01,35.01,35.01
09-12-2016 10:55:00,100.0,34.95,34.95,34.95,34.95
09-12-2016 10:56:00,700.0,34.98,34.98,34.96,34.96
09-12-2016 10:58:00,200.0,34.96,34.97,34.96,34.97
09-12-2016 11:01:00,290.0,35.02,35.02,35.02,35.02
09-12-2016 11:13:00,200.0,34.88,34.88,34.88,34.88
09-12-2016 11:20:00,100.0,34.9,34.9,34.9,34.9
09-12-2016 11:24:00,100.0,34.89,34.89,34.89,34.89
09-12-2016 11:34:00,300.0,34.85,34.85,34.85,34.85
09-12-2016 11:43:00,10729.0,34.94,35.26,34.94,35.22
09-12-2016 11:47:00,900.0,35.19,35.19,35.19,35.19
09-12-2016 11:50:00,100.0,35.13,35.13,35.13,35.13
09-12-2016 11:52:00,200.0,35.17,35.17,35.15,35.15
09-12-2016 11:55:00,1200.0,35.12,35.17,35.11,35.11
09-12-2016 11:59:00,200.0,35.1,35.1,35.1,35.1
09-12-2016 12:10:00,300.0,35.11,35.11,35.1,35.1
09-12-2016 12:13:00,200.0,35.07,35.07,35.06,35.06
09-12-2016 12:14:00,100.0,34.97,34.97,34.97,34.97
09-12-2016 12:18:00,1600.0,35.1,35.29,35.1,35.11
09-12-2016 12:21:00,200.0,35.05,35.07,35.05,35.07
09-12-2016 12:22:00,100.0,35.11,35.11,35.11,35.11
09-12-2016 12:25:00,100.0,34.99,34.99,34.99,34.99
09-12-2016 12:34:00,100.0,34.8601,34.8601,34.8601,34.8601
09-12-2016 12:39:00,100.0,34.9754,34.9754,34.9754,34.9754
09-12-2016 12:43:00,300.0,35.03,35.03,34.98,34.98
09-12-2016 12:48:00,500.0,35.08,35.11,35.06,35.09
09-12-2016 13:00:00,400.0,35.15,35.16,35.13,35.13
09-12-2016 13:08:00,100.0,35.22,35.22,35.22,35.22
09-12-2016 13:14:00,200.0,35.23,35.23,35.23,35.23
09-12-2016 13:15:00,100.0,35.23,35.23,35.23,35.23
09-12-2016 13:21:00,200.0,35.21,35.21,35.2,35.2
09-12-2016 13:25:00,100.0,35.21,35.21,35.21,35.21
09-12-2016 13:30:00,100.0,35.2,35.2,35.2,35.2
09-12-2016 13:36:00,200.0,35.19,35.19,35.19,35.19
09-12-2016 13:39:00,200.0,35.19,35.19,35.19,35.19
09-12-2016 13:40:00,500.0,35.2,35.215,35.17,35.18
09-12-2016 13:41:00,100.0,35.1501,35.1501,35.1501,35.1501
09-12-2016 13:42:00,100.0,35.25,35.25,35.25,35.25
09-12-2016 13:51:00,200.0,35.25,35.25,35.185,35.185
09-12-2016 14:21:00,100.0,35.23,35.23,35.23,35.23
09-12-2016 14:22:00,100.0,35.235,35.235,35.235,35.235
09-12-2016 14:24:00,2500.0,35.25,35.25,35.2275,35.23
09-12-2016 14:30:00,100.0,35.245,35.245,35.245,35.245
09-12-2016 14:31:00,200.0,35.22,35.22,35.22,35.22
09-12-2016 14:36:00,200.0,35.27,35.27,35.27,35.27
09-12-2016 14:38:00,400.0,35.235,35.27,35.235,35.27
09-12-2016 14:40:00,100.0,35.23,35.23,35.23,35.23
09-12-2016 14:42:00,600.0,35.24,35.27,35.24,35.27
09-12-2016 14:43:00,1200.0,35.29,35.29,35.26,35.265
09-12-2016 14:45:00,300.0,35.2775,35.2775,35.265,35.265
09-12-2016 14:46:00,900.0,35.265,35.265,35.2,35.22
09-12-2016 14:47:00,100.0,35.185,35.185,35.185,35.185
09-12-2016 14:49:00,200.0,35.23,35.23,35.19,35.19
09-12-2016 14:50:00,200.0,35.22,35.22,35.22,35.22
09-12-2016 14:51:00,300.0,35.22,35.245,35.22,35.245
09-12-2016 14:52:00,300.0,35.21,35.2475,35.21,35.2475
09-12-2016 14:53:00,200.0,35.22,35.225,35.22,35.225
09-12-2016 14:54:00,1200.0,35.26,35.26,35.2,35.2
09-12-2016 14:55:00,1535.0,35.2,35.27,35.2,35.27
09-12-2016 14:56:00,740.0,35.27,35.27,35.24,35.24
09-12-2016 14:57:00,683.0,35.23,35.23,35.18,35.18
09-12-2016 14:58:00,2587.0,35.15,35.19,35.15,35.18
09-12-2016 14:59:00,700.0,35.2075,35.22,35.2,35.22
09-12-2016 15:00:00,3121.0,35.22,35.26,35.205,35.24
09-12-2016 15:01:00,21.0,35.24,35.24,35.24,35.24
09-12-2016 15:33:00,824.0,35.24,35.24,35.24,35.24
09-12-2016 16:17:00,9630.0,34.6144,34.6144,34.6144,34.6144
09-13-2016 08:30:00,358.0,35.12,35.12,35.12,35.12
09-13-2016 08:31:00,300.0,35.29,35.29,35.29,35.29
09-13-2016 08:32:00,300.0,35.29,35.29,35.29,35.29
09-13-2016 08:36:00,100.0,35.17,35.17,35.17,35.17
09-13-2016 08:42:00,296.0,35.18,35.18,35.17,35.17
09-13-2016 08:46:00,100.0,35.15,35.15,35.15,35.15
09-13-2016 08:57:00,682.0,35.05,35.05,35.05,35.05
09-13-2016 08:58:00,200.0,34.94,34.94,34.94,34.94
09-13-2016 09:11:00,100.0,35.02,35.02,35.02,35.02
09-13-2016 09:19:00,400.0,34.99,34.99,34.91,34.91
09-13-2016 09:20:00,200.0,34.9,34.9001,34.9,34.9001
09-13-2016 09:21:00,100.0,34.96,34.96,34.96,34.96
09-13-2016 09:22:00,200.0,35.0,35.01,35.0,35.01
09-13-2016 09:31:00,200.0,35.11,35.11,35.11,35.11
09-13-2016 09:40:00,100.0,35.0122,35.0122,35.0122,35.0122
09-13-2016 09:49:00,161.0,35.1174,35.1174,35.1174,35.1174
09-13-2016 09:59:00,100.0,35.1,35.1,35.1,35.1
09-13-2016 10:05:00,100.0,35.04,35.04,35.04,35.04
09-13-2016 10:08:00,100.0,34.97,34.97,34.97,34.97
09-13-2016 10:23:00,600.0,34.92,34.92,34.9,34.91
09-13-2016 10:24:00,1737.0,34.94,35.02,34.94,35.02
09-13-2016 10:25:00,700.0,34.99,35.0,34.98,34.98
09-13-2016 10:26:00,500.0,34.98,34.98,34.94,34.94
09-13-2016 10:45:00,100.0,34.86,34.86,34.86,34.86
09-13-2016 10:56:00,300.0,34.86,34.86,34.86,34.86
09-13-2016 11:21:00,100.0,34.91,34.91,34.91,34.91
09-13-2016 11:25:00,100.0,34.8501,34.8501,34.8501,34.8501
09-13-2016 11:28:00,100.0,34.9,34.9,34.9,34.9
09-13-2016 11:37:00,2362.0,34.86,34.95,34.86,34.87
09-13-2016 11:38:00,1100.0,34.86,34.99,34.86,34.87
09-13-2016 11:39:00,600.0,34.87,34.87,34.86,34.86
09-13-2016 11:52:00,100.0,34.77,34.77,34.77,34.77
09-13-2016 11:53:00,200.0,34.77,34.77,34.77,34.77
09-13-2016 11:55:00,100.0,34.77,34.77,34.77,34.77
09-13-2016 11:56:00,300.0,34.77,34.77,34.77,34.77
09-13-2016 11:57:00,300.0,34.77,34.77,34.77,34.77
09-13-2016 11:58:00,2600.0,34.77,34.79,34.77,34.77
09-13-2016 11:59:00,783.0,34.77,34.77,34.75,34.77
09-13-2016 12:00:00,700.0,34.745,34.745,34.68,34.68
09-13-2016 12:02:00,1600.0,34.65,34.69,34.65,34.65
09-13-2016 12:03:00,2402.0,34.59,34.63,34.52,34.58
09-13-2016 12:04:00,100.0,34.58,34.58,34.58,34.58
09-13-2016 12:09:00,100.0,34.58,34.58,34.58,34.58
09-13-2016 12:10:00,2441.0,34.56,34.61,34.53,34.54
09-13-2016 12:11:00,200.0,34.54,34.54,34.49,34.49
09-13-2016 12:15:00,100.0,34.53,34.53,34.53,34.53
09-13-2016 12:16:00,300.0,34.54,34.58,34.54,34.58
09-13-2016 12:20:00,1100.0,34.65,34.65,34.65,34.65
09-13-2016 12:21:00,200.0,34.65,34.65,34.65,34.65
09-13-2016 12:22:00,200.0,34.65,34.67,34.65,34.67
09-13-2016 12:23:00,100.0,34.655,34.655,34.655,34.655
09-13-2016 12:26:00,800.0,34.62,34.63,34.62,34.62
09-13-2016 12:28:00,1800.0,34.63,34.68,34.63,34.64
09-13-2016 12:30:00,900.0,34.7,34.7,34.7,34.7
09-13-2016 12:31:00,1600.0,34.7,34.71,34.65,34.7
09-13-2016 12:33:00,200.0,34.7,34.7,34.7,34.7
09-13-2016 12:37:00,500.0,34.82,34.82,34.7,34.7
09-13-2016 12:39:00,1700.0,34.7,34.7,34.63,34.63
09-13-2016 12:46:00,300.0,34.61,34.61,34.61,34.61
09-13-2016 12:53:00,200.0,34.55,34.55,34.55,34.55
09-13-2016 13:00:00,100.0,34.56,34.56,34.56,34.56
09-13-2016 13:11:00,300.0,34.6,34.6,34.6,34.6
09-13-2016 13:13:00,200.0,34.5,34.6,34.5,34.6
09-13-2016 13:15:00,300.0,34.57,34.57,34.57,34.57
09-13-2016 13:16:00,100.0,34.53,34.53,34.53,34.53
09-13-2016 13:17:00,800.0,34.62,34.71,34.62,34.7
09-13-2016 13:18:00,100.0,34.7,34.7,34.7,34.7
09-13-2016 13:21:00,100.0,34.88,34.88,34.88,34.88
09-13-2016 13:22:00,200.0,34.72,34.72,34.71,34.71
09-13-2016 13:28:00,300.0,34.62,34.62,34.62,34.62
09-13-2016 13:31:00,100.0,34.55,34.55,34.55,34.55
09-13-2016 13:37:00,200.0,34.68,34.69,34.68,34.69
09-13-2016 13:43:00,100.0,34.525,34.525,34.525,34.525
09-13-2016 13:45:00,200.0,34.59,34.62,34.59,34.62
09-13-2016 13:50:00,300.0,34.73,34.73,34.73,34.73
09-13-2016 13:51:00,300.0,34.7,34.7,34.7,34.7
09-13-2016 13:53:00,100.0,34.76,34.76,34.76,34.76
09-13-2016 13:54:00,100.0,34.78,34.78,34.78,34.78
09-13-2016 13:56:00,300.0,34.7,34.7,34.7,34.7
09-13-2016 13:58:00,100.0,34.7,34.7,34.7,34.7
09-13-2016 14:01:00,300.0,34.68,34.68,34.68,34.68
09-13-2016 14:04:00,200.0,34.69,34.69,34.68,34.68
09-13-2016 14:07:00,200.0,34.7,34.7,34.68,34.68
09-13-2016 14:09:00,400.0,34.68,34.7,34.68,34.7
09-13-2016 14:13:00,200.0,34.68,34.68,34.68,34.68
09-13-2016 14:16:00,200.0,34.7,34.7,34.7,34.7
09-13-2016 14:17:00,600.0,34.7,34.7,34.7,34.7
09-13-2016 14:19:00,500.0,34.681,34.682,34.681,34.682
09-13-2016 14:20:00,200.0,34.7,34.7,34.7,34.7
09-13-2016 14:21:00,500.0,34.7,34.7,34.7,34.7
09-13-2016 14:22:00,200.0,34.7,34.7,34.7,34.7
09-13-2016 14:23:00,100.0,34.7,34.7,34.7,34.7
09-13-2016 14:25:00,100.0,34.7,34.7,34.7,34.7
09-13-2016 14:26:00,100.0,34.7,34.7,34.7,34.7
09-13-2016 14:28:00,500.0,34.7,34.7,34.68,34.68
09-13-2016 14:29:00,300.0,34.7,34.7,34.7,34.7
09-13-2016 14:30:00,500.0,34.7,34.7,34.7,34.7
09-13-2016 14:31:00,200.0,34.7,34.7,34.7,34.7
09-13-2016 14:33:00,100.0,34.88,34.88,34.88,34.88
09-13-2016 14:41:00,100.0,34.82,34.82,34.82,34.82
09-13-2016 14:42:00,100.0,34.82,34.82,34.82,34.82
09-13-2016 14:44:00,100.0,34.76,34.76,34.76,34.76
09-13-2016 14:51:00,200.0,34.75,34.83,34.75,34.83
09-13-2016 14:52:00,100.0,34.725,34.725,34.725,34.725
09-13-2016 14:55:00,100.0,34.735,34.735,34.735,34.735
09-13-2016 14:56:00,100.0,34.745,34.745,34.745,34.745
09-13-2016 14:57:00,100.0,34.76,34.76,34.76,34.76
09-13-2016 14:58:00,100.0,34.73,34.73,34.73,34.73
09-13-2016 14:59:00,600.0,34.75,34.75,34.72,34.72
09-13-2016 15:00:00,2401.0,34.73,34.8,34.72,34.72
09-13-2016 15:40:00,503.0,34.72,34.72,34.72,34.72
09-13-2016 16:17:00,1718.0,35.125,35.125,35.125,35.125
09-14-2016 08:30:00,200.0,34.76,34.76,34.76,34.76
09-14-2016 08:37:00,1300.0,34.809,34.92,34.809,34.92
09-14-2016 08:38:00,300.0,34.99,35.01,34.99,35.01
09-14-2016 08:47:00,300.0,34.98,34.98,34.98,34.98
09-14-2016 08:48:00,100.0,34.99,34.99,34.99,34.99
09-14-2016 08:58:00,100.0,35.02,35.02,35.02,35.02
09-14-2016 08:59:00,200.0,35.02,35.03,35.02,35.03
09-14-2016 09:00:00,950.0,35.05,35.05,35.05,35.05
09-14-2016 09:06:00,700.0,35.02,35.02,35.02,35.02
09-14-2016 09:07:00,200.0,35.06,35.09,35.06,35.09
09-14-2016 09:08:00,100.0,35.12,35.12,35.12,35.12
09-14-2016 09:09:00,100.0,35.13,35.13,35.13,35.13
09-14-2016 09:10:00,100.0,35.13,35.13,35.13,35.13
09-14-2016 09:11:00,600.0,35.16,35.16,35.16,35.16
09-14-2016 09:18:00,200.0,35.17,35.17,35.17,35.17
09-14-2016 09:25:00,100.0,35.1,35.1,35.1,35.1
09-14-2016 09:27:00,100.0,35.06,35.06,35.06,35.06
09-14-2016 09:37:00,300.0,35.08,35.12,35.08,35.12
09-14-2016 09:42:00,200.0,35.1,35.1,35.081,35.081
09-14-2016 09:46:00,100.0,35.06,35.06,35.06,35.06
09-14-2016 09:50:00,100.0,35.06,35.06,35.06,35.06
09-14-2016 09:56:00,100.0,35.065,35.065,35.065,35.065
09-14-2016 09:59:00,390.0,35.0278,35.0278,35.0278,35.0278
09-14-2016 10:08:00,100.0,35.1899,35.1899,35.1899,35.1899
09-14-2016 10:13:00,100.0,35.065,35.065,35.065,35.065
09-14-2016 10:14:00,200.0,35.055,35.055,35.02,35.02
09-14-2016 10:19:00,100.0,35.09,35.09,35.09,35.09
09-14-2016 10:21:00,300.0,35.13,35.17,35.13,35.17
09-14-2016 10:22:00,1000.0,35.25,35.29,35.25,35.29
09-14-2016 10:25:00,100.0,35.33,35.33,35.33,35.33
09-14-2016 10:54:00,200.0,35.23,35.23,35.23,35.23
09-14-2016 11:00:00,1000.0,35.0801,35.0801,35.0801,35.0801
09-14-2016 11:15:00,200.0,35.172,35.172,35.172,35.172
09-14-2016 11:34:00,440.0,35.206,35.206,35.206,35.206
09-14-2016 11:47:00,500.0,35.24,35.24,35.24,35.24
09-14-2016 11:55:00,100.0,35.25,35.25,35.25,35.25
09-14-2016 12:00:00,100.0,35.24,35.24,35.24,35.24
09-14-2016 12:01:00,160.0,35.2596,35.2596,35.2596,35.2596
09-14-2016 12:02:00,100.0,35.14,35.14,35.14,35.14
09-14-2016 12:05:00,100.0,35.2,35.2,35.2,35.2
09-14-2016 12:16:00,300.0,35.1,35.12,35.0801,35.12
09-14-2016 12:17:00,400.0,35.13,35.13,35.12,35.13
09-14-2016 12:55:00,200.0,35.24,35.24,35.23,35.23
09-14-2016 13:07:00,100.0,35.145,35.145,35.145,35.145
09-14-2016 13:17:00,300.0,35.0,35.02,35.0,35.02
09-14-2016 13:19:00,100.0,35.05,35.05,35.05,35.05
09-14-2016 13:20:00,200.0,35.15,35.15,35.15,35.15
09-14-2016 13:21:00,100.0,35.18,35.18,35.18,35.18
09-14-2016 13:23:00,200.0,35.34,35.34,35.3,35.3
09-14-2016 13:24:00,100.0,35.31,35.31,35.31,35.31
09-14-2016 13:28:00,300.0,35.28,35.28,35.28,35.28
09-14-2016 13:32:00,100.0,35.28,35.28,35.28,35.28
09-14-2016 14:04:00,300.0,35.33,35.33,35.33,35.33
09-14-2016 14:18:00,100.0,35.28,35.28,35.28,35.28
09-14-2016 14:24:00,100.0,35.38,35.38,35.38,35.38
09-14-2016 14:29:00,1400.0,35.41,35.41,35.36,35.36
09-14-2016 14:30:00,100.0,35.34,35.34,35.34,35.34
09-14-2016 14:41:00,800.0,35.305,35.37,35.305,35.305
09-14-2016 14:42:00,100.0,35.255,35.255,35.255,35.255
09-14-2016 14:43:00,100.0,35.275,35.275,35.275,35.275
09-14-2016 14:45:00,100.0,35.215,35.215,35.215,35.215
09-14-2016 14:46:00,100.0,35.22,35.22,35.22,35.22
09-14-2016 14:47:00,100.0,35.24,35.24,35.24,35.24
09-14-2016 14:49:00,100.0,35.24,35.24,35.24,35.24
09-14-2016 14:50:00,200.0,35.22,35.22,35.15,35.15
09-14-2016 14:51:00,400.0,35.16,35.17,35.15,35.15
09-14-2016 14:52:00,200.0,35.17,35.26,35.17,35.26
09-14-2016 14:53:00,200.0,35.165,35.165,35.145,35.145
09-14-2016 14:55:00,200.0,35.18,35.18,35.17,35.17
09-14-2016 14:56:00,300.0,35.175,35.26,35.16,35.16
09-14-2016 14:57:00,200.0,35.155,35.17,35.155,35.17
09-14-2016 14:58:00,1200.0,35.17,35.23,35.075,35.075
09-14-2016 14:59:00,500.0,35.075,35.175,35.075,35.13
09-14-2016 15:00:00,1612.0,35.09,35.18,35.085,35.16
09-14-2016 16:17:00,5018.0,35.0767,35.0767,35.0767,35.0767
09-15-2016 07:59:00,600.0,35.47,35.47,35.47,35.47
09-15-2016 08:00:00,600.0,35.6,35.6,35.6,35.6
09-15-2016 08:10:00,200.0,35.55,35.55,35.55,35.55
09-15-2016 08:14:00,800.0,35.55,35.55,35.55,35.55
09-15-2016 08:25:00,100.0,35.365,35.365,35.365,35.365
09-15-2016 08:32:00,200.0,35.5,35.5,35.45,35.45
09-15-2016 08:33:00,300.0,35.44,35.44,35.41,35.41
09-15-2016 08:34:00,100.0,35.52,35.52,35.52,35.52
09-15-2016 08:35:00,100.0,35.445,35.445,35.445,35.445
09-15-2016 08:47:00,100.0,35.46,35.46,35.46,35.46
09-15-2016 08:52:00,200.0,35.5,35.5099,35.5,35.5099
09-15-2016 08:56:00,100.0,35.3,35.3,35.3,35.3
09-15-2016 09:05:00,500.0,35.2889,35.2889,35.2889,35.2889
09-15-2016 09:06:00,100.0,35.34,35.34,35.34,35.34
09-15-2016 09:41:00,100.0,35.185,35.185,35.185,35.185
09-15-2016 09:47:00,200.0,35.23,35.23,35.23,35.23
09-15-2016 09:48:00,250.0,35.1916,35.1916,35.1916,35.1916
09-15-2016 09:54:00,100.0,35.26,35.26,35.26,35.26
09-15-2016 10:01:00,200.0,35.305,35.305,35.3025,35.3025
09-15-2016 10:08:00,493.0,35.295,35.31,35.2701,35.31
09-15-2016 10:10:00,150.0,35.2997,35.2997,35.2997,35.2997
09-15-2016 10:12:00,1000.0,35.295,35.295,35.2882,35.2882
09-15-2016 10:13:00,200.0,35.31,35.31,35.31,35.31
09-15-2016 10:18:00,150.0,35.282,35.282,35.282,35.282
09-15-2016 10:19:00,400.0,35.295,35.295,35.2925,35.2925
09-15-2016 10:20:00,100.0,35.31,35.31,35.31,35.31
09-15-2016 10:22:00,200.0,35.31,35.32,35.31,35.32
09-15-2016 10:27:00,600.0,35.3801,35.42,35.3801,35.41
09-15-2016 10:31:00,150.0,35.3801,35.3801,35.3801,35.3801
09-15-2016 10:36:00,100.0,35.45,35.45,35.45,35.45
09-15-2016 10:44:00,400.0,35.46,35.46,35.41,35.41
09-15-2016 10:48:00,100.0,35.4,35.4,35.4,35.4
09-15-2016 10:51:00,100.0,35.5,35.5,35.5,35.5
09-15-2016 10:53:00,200.0,35.5,35.5,35.5,35.5
09-15-2016 10:55:00,100.0,35.48,35.48,35.48,35.48
09-15-2016 11:12:00,200.0,35.48,35.48,35.48,35.48
09-15-2016 11:26:00,485.0,35.56,35.6,35.56,35.6
09-15-2016 11:27:00,1000.0,35.68,35.69,35.68,35.69
09-15-2016 11:28:00,100.0,35.67,35.67,35.67,35.67
09-15-2016 11:37:00,100.0,35.6,35.6,35.6,35.6
09-15-2016 11:58:00,100.0,35.61,35.61,35.61,35.61
09-15-2016 12:01:00,1287.0,35.55,35.55,35.4925,35.5
09-15-2016 12:34:00,100.0,35.53,35.53,35.53,35.53
09-15-2016 12:35:00,300.0,35.53,35.55,35.53,35.55
09-15-2016 12:36:00,100.0,35.55,35.55,35.55,35.55
09-15-2016 12:37:00,300.0,35.53,35.55,35.53,35.53
09-15-2016 12:41:00,200.0,35.55,35.55,35.55,35.55
09-15-2016 12:44:00,400.0,35.53,35.55,35.53,35.55
09-15-2016 12:51:00,200.0,35.61,35.61,35.61,35.61
09-15-2016 13:01:00,500.0,35.61,35.61,35.565,35.565
09-15-2016 13:06:00,190.0,35.5617,35.5617,35.5617,35.5617
09-15-2016 13:13:00,300.0,35.61,35.61,35.4901,35.55
09-15-2016 13:14:00,100.0,35.49,35.49,35.49,35.49
09-15-2016 13:15:00,159.0,35.49,35.49,35.49,35.49
09-15-2016 13:20:00,100.0,35.6,35.6,35.6,35.6
09-15-2016 13:21:00,400.0,35.61,35.61,35.61,35.61
09-15-2016 13:22:00,100.0,35.61,35.61,35.61,35.61
09-15-2016 13:33:00,400.0,35.46,35.51,35.46,35.51
09-15-2016 13:45:00,100.0,35.51,35.51,35.51,35.51
09-15-2016 13:49:00,600.0,35.4,35.41,35.4,35.4
09-15-2016 13:50:00,100.0,35.46,35.46,35.46,35.46
09-15-2016 13:54:00,728.0,35.59,35.61,35.58,35.61
09-15-2016 14:08:00,200.0,35.53,35.53,35.52,35.52
09-15-2016 14:20:00,100.0,35.46,35.46,35.46,35.46
09-15-2016 14:47:00,1600.0,35.55,35.61,35.55,35.61
09-15-2016 14:50:00,300.0,35.61,35.61,35.61,35.61
09-15-2016 14:51:00,4700.0,35.72,35.75,35.7,35.75
09-15-2016 14:53:00,500.0,35.76,35.76,35.65,35.65
09-15-2016 14:57:00,100.0,35.74,35.74,35.74,35.74
09-15-2016 14:58:00,400.0,35.67,35.67,35.64,35.64
09-15-2016 14:59:00,1300.0,35.69,35.7,35.62,35.7
09-15-2016 15:00:00,1741.0,35.69,35.74,35.69,35.74
09-15-2016 15:01:00,91.0,35.74,35.74,35.74,35.74
09-15-2016 16:17:00,4146.0,35.4882,35.4882,35.4882,35.4882
09-16-2016 07:58:00,700.0,35.17,35.19,35.17,35.19
09-16-2016 08:01:00,200.0,35.16,35.16,35.16,35.16
09-16-2016 08:02:00,100.0,35.16,35.16,35.16,35.16
09-16-2016 08:03:00,100.0,35.16,35.16,35.16,35.16
09-16-2016 08:06:00,200.0,35.17,35.17,35.17,35.17
09-16-2016 08:07:00,300.0,35.18,35.18,35.18,35.18
09-16-2016 08:08:00,200.0,35.22,35.22,35.22,35.22
09-16-2016 08:11:00,200.0,35.21,35.21,35.21,35.21
09-16-2016 08:14:00,100.0,35.27,35.27,35.27,35.27
09-16-2016 08:15:00,700.0,35.26,35.26,35.26,35.26
09-16-2016 08:19:00,1100.0,35.27,35.28,35.27,35.27
09-16-2016 08:20:00,300.0,35.3,35.3,35.3,35.3
09-16-2016 08:27:00,200.0,35.12,35.12,35.11,35.11
09-16-2016 08:28:00,500.0,35.12,35.12,35.12,35.12
09-16-2016 08:29:00,800.0,35.15,35.15,35.12,35.12
09-16-2016 08:30:00,2868.0,35.17,35.17,35.17,35.17
09-16-2016 08:31:00,400.0,35.18,35.19,35.18,35.19
09-16-2016 08:34:00,100.0,35.18,35.18,35.18,35.18
09-16-2016 08:36:00,100.0,35.18,35.18,35.18,35.18
09-16-2016 08:37:00,775.0,35.18,35.18,35.1081,35.18
09-16-2016 08:38:00,200.0,35.17,35.18,35.17,35.18
09-16-2016 08:40:00,1396.0,35.17,35.18,35.16,35.16
09-16-2016 08:41:00,100.0,35.16,35.16,35.16,35.16
09-16-2016 08:44:00,300.0,35.01,35.01,34.94,34.94
09-16-2016 08:46:00,2800.0,34.97,35.03,34.97,35.0
09-16-2016 08:47:00,500.0,35.02,35.205,35.01,35.2
09-16-2016 08:48:00,200.0,35.2,35.2,35.2,35.2
09-16-2016 08:49:00,600.0,35.15,35.15,35.14,35.1401
09-16-2016 08:50:00,2800.0,35.15,35.3,35.15,35.3
09-16-2016 08:51:00,200.0,35.2301,35.24,35.2301,35.24
09-16-2016 08:52:00,100.0,35.29,35.29,35.29,35.29
09-16-2016 08:53:00,100.0,35.29,35.29,35.29,35.29
09-16-2016 08:54:00,2100.0,35.26,35.27,35.22,35.26
09-16-2016 08:55:00,845.0,35.27,35.32,35.27,35.32
09-16-2016 08:57:00,100.0,35.38,35.38,35.38,35.38
09-16-2016 09:00:00,100.0,35.39,35.39,35.39,35.39
09-16-2016 09:03:00,200.0,35.31,35.31,35.3,35.3
09-16-2016 09:04:00,200.0,35.3,35.3,35.3,35.3
09-16-2016 09:05:00,200.0,35.3,35.3,35.3,35.3
09-16-2016 09:06:00,600.0,35.35,35.36,35.35,35.3592
09-16-2016 09:08:00,100.0,35.3,35.3,35.3,35.3
09-16-2016 09:11:00,500.0,35.32,35.32,35.32,35.32
09-16-2016 09:12:00,200.0,35.295,35.295,35.28,35.28
09-16-2016 09:14:00,400.0,35.3,35.31,35.3,35.31
09-16-2016 09:15:00,300.0,35.285,35.29,35.285,35.29
09-16-2016 09:17:00,2308.0,35.3,35.35,35.3,35.3
09-16-2016 09:18:00,300.0,35.35,35.35,35.35,35.35
09-16-2016 09:19:00,300.0,35.34,35.34,35.34,35.34
09-16-2016 09:20:00,200.0,35.35,35.35,35.35,35.35
09-16-2016 09:21:00,300.0,35.3,35.3,35.3,35.3
09-16-2016 09:22:00,500.0,35.34,35.36,35.34,35.36
09-16-2016 09:30:00,300.0,35.33,35.33,35.33,35.33
09-16-2016 09:31:00,100.0,35.33,35.33,35.33,35.33
09-16-2016 09:32:00,300.0,35.34,35.34,35.34,35.34
09-16-2016 09:34:00,500.0,35.34,35.35,35.34,35.35
09-16-2016 09:37:00,200.0,35.34,35.34,35.34,35.34
09-16-2016 09:40:00,300.0,35.35,35.35,35.35,35.35
09-16-2016 09:42:00,100.0,35.35,35.35,35.35,35.35
09-16-2016 09:48:00,100.0,35.36,35.36,35.36,35.36
09-16-2016 09:49:00,200.0,35.36,35.36,35.36,35.36
09-16-2016 09:50:00,900.0,35.35,35.37,35.35,35.36
09-16-2016 09:51:00,100.0,35.33,35.33,35.33,35.33
09-16-2016 09:52:00,300.0,35.28,35.28,35.28,35.28
09-16-2016 09:53:00,200.0,35.295,35.295,35.28,35.28
09-16-2016 09:57:00,100.0,35.29,35.29,35.29,35.29
09-16-2016 09:58:00,800.0,35.3,35.3,35.3,35.3
09-16-2016 09:59:00,800.0,35.3,35.3,35.19,35.25
09-16-2016 10:05:00,400.0,35.21,35.21,35.11,35.11
09-16-2016 10:11:00,400.0,35.1,35.115,35.1,35.1001
09-16-2016 10:12:00,100.0,35.13,35.13,35.13,35.13
09-16-2016 10:15:00,200.0,35.1,35.1,35.1,35.1
09-16-2016 10:17:00,100.0,35.1,35.1,35.1,35.1
09-16-2016 10:18:00,1300.0,35.13,35.13,35.12,35.12
09-16-2016 10:19:00,600.0,35.12,35.12,35.11,35.11
09-16-2016 10:20:00,500.0,35.12,35.12,35.12,35.12
09-16-2016 10:21:00,100.0,35.12,35.12,35.12,35.12
09-16-2016 10:22:00,100.0,35.13,35.13,35.13,35.13
09-16-2016 10:23:00,2400.0,35.12,35.15,35.12,35.15
09-16-2016 10:24:00,500.0,35.15,35.15,35.145,35.15
09-16-2016 10:25:00,200.0,35.13,35.14,35.13,35.14
09-16-2016 10:26:00,1100.0,35.12,35.14,35.12,35.14
09-16-2016 10:27:00,200.0,35.15,35.15,35.15,35.15
09-16-2016 10:28:00,700.0,35.15,35.15,35.11,35.11
09-16-2016 10:33:00,3500.0,35.01,35.15,35.0,35.12
09-16-2016 10:34:00,1600.0,35.03,35.09,35.01,35.09
09-16-2016 10:35:00,200.0,35.09,35.09,35.09,35.09
09-16-2016 10:36:00,1000.0,35.09,35.14,35.09,35.14
09-16-2016 10:43:00,100.0,35.13,35.13,35.13,35.13
09-16-2016 10:52:00,100.0,35.41,35.41,35.41,35.41
09-16-2016 10:59:00,600.0,35.35,35.35,35.34,35.34
09-16-2016 11:11:00,900.0,35.41,35.41,35.4,35.4
09-16-2016 11:15:00,700.0,35.39,35.4,35.39,35.39
09-16-2016 11:24:00,600.0,35.36,35.36,35.35,35.35
09-16-2016 11:30:00,200.0,35.4,35.4,35.4,35.4
09-16-2016 11:31:00,100.0,35.4,35.4,35.4,35.4
09-16-2016 11:32:00,200.0,35.38,35.39,35.38,35.39
09-16-2016 11:35:00,200.0,35.32,35.32,35.32,35.32
09-16-2016 11:36:00,100.0,35.31,35.31,35.31,35.31
09-16-2016 11:45:00,200.0,35.3,35.3,35.3,35.3
09-16-2016 11:47:00,600.0,35.3,35.33,35.3,35.33
09-16-2016 11:49:00,100.0,35.32,35.32,35.32,35.32
09-16-2016 11:52:00,200.0,35.32,35.32,35.32,35.32
09-16-2016 11:54:00,300.0,35.34,35.34,35.32,35.32
09-16-2016 11:56:00,300.0,35.32,35.32,35.32,35.32
09-16-2016 11:59:00,400.0,35.36,35.4,35.36,35.4
09-16-2016 12:00:00,300.0,35.39,35.41,35.39,35.41
09-16-2016 12:01:00,100.0,35.38,35.38,35.38,35.38
09-16-2016 12:06:00,400.0,35.33,35.33,35.32,35.32
09-16-2016 12:07:00,100.0,35.35,35.35,35.35,35.35
09-16-2016 12:10:00,100.0,35.3,35.3,35.3,35.3
09-16-2016 12:12:00,100.0,35.3,35.3,35.3,35.3
09-16-2016 12:13:00,200.0,35.3,35.3,35.3,35.3
09-16-2016 12:14:00,100.0,35.3,35.3,35.3,35.3
09-16-2016 12:26:00,200.0,35.28,35.29,35.28,35.29
09-16-2016 12:35:00,800.0,35.32,35.37,35.32,35.37
09-16-2016 12:42:00,100.0,35.365,35.365,35.365,35.365
09-16-2016 12:43:00,100.0,35.37,35.37,35.37,35.37
09-16-2016 12:46:00,100.0,35.3,35.3,35.3,35.3
09-16-2016 12:47:00,2100.0,35.31,35.31,35.3,35.3
09-16-2016 13:08:00,300.0,35.32,35.35,35.32,35.35
09-16-2016 13:10:00,100.0,35.39,35.39,35.39,35.39
09-16-2016 13:13:00,100.0,35.38,35.38,35.38,35.38
09-16-2016 13:14:00,400.0,35.38,35.4199,35.38,35.4199
09-16-2016 13:17:00,300.0,35.41,35.41,35.41,35.41
09-16-2016 13:23:00,100.0,35.39,35.39,35.39,35.39
09-16-2016 13:24:00,560.0,35.32,35.32,35.32,35.32
09-16-2016 13:42:00,400.0,35.3,35.3,35.3,35.3
09-16-2016 13:44:00,700.0,35.34,35.36,35.32,35.32
09-16-2016 13:47:00,1302.0,35.37,35.42,35.37,35.4099
09-16-2016 13:48:00,200.0,35.37,35.37,35.37,35.37
09-16-2016 13:52:00,800.0,35.35,35.37,35.35,35.37
09-16-2016 13:54:00,200.0,35.35,35.35,35.35,35.35
09-16-2016 13:56:00,400.0,35.38,35.39,35.38,35.39
09-16-2016 13:59:00,300.0,35.4,35.4,35.35,35.35
09-16-2016 14:05:00,200.0,35.37,35.37,35.37,35.37
09-16-2016 14:06:00,600.0,35.36,35.36,35.34,35.34
09-16-2016 14:08:00,200.0,35.33,35.33,35.33,35.33
09-16-2016 14:13:00,400.0,35.34,35.34,35.34,35.34
09-16-2016 14:15:00,200.0,35.36,35.36,35.36,35.36
09-16-2016 14:16:00,9400.0,35.351,35.351,35.12,35.15
09-16-2016 14:17:00,5000.0,35.09,35.25,35.02,35.25
09-16-2016 14:22:00,100.0,35.22,35.22,35.22,35.22
09-16-2016 14:24:00,1781.0,35.34,35.34,35.33,35.34
09-16-2016 14:27:00,200.0,35.26,35.26,35.26,35.26
09-16-2016 14:28:00,300.0,35.315,35.33,35.315,35.33
09-16-2016 14:29:00,300.0,35.345,35.345,35.345,35.345
09-16-2016 14:30:00,300.0,35.345,35.345,35.345,35.345
09-16-2016 14:31:00,500.0,35.355,35.355,35.32,35.355
09-16-2016 14:32:00,300.0,35.355,35.355,35.355,35.355
09-16-2016 14:33:00,400.0,35.355,35.38,35.355,35.355
09-16-2016 14:34:00,300.0,35.355,35.355,35.32,35.32
09-16-2016 14:35:00,700.0,35.355,35.355,35.32,35.32
09-16-2016 14:36:00,600.0,35.355,35.38,35.32,35.32
09-16-2016 14:37:00,800.0,35.355,35.39,35.32,35.39
09-16-2016 14:38:00,400.0,35.35,35.35,35.33,35.35
09-16-2016 14:39:00,300.0,35.35,35.35,35.34,35.34
09-16-2016 14:40:00,1000.0,35.37,35.37,35.34,35.35
09-16-2016 14:41:00,700.0,35.37,35.37,35.34,35.37
09-16-2016 14:42:00,2000.0,35.37,35.37,35.32,35.33
09-16-2016 14:43:00,1300.0,35.33,35.35,35.3205,35.33
09-16-2016 14:44:00,700.0,35.33,35.38,35.33,35.33
09-16-2016 14:45:00,1100.0,35.33,35.33,35.265,35.265
09-16-2016 14:46:00,700.0,35.31,35.31,35.24,35.24
09-16-2016 14:47:00,500.0,35.19,35.3,35.19,35.26
09-16-2016 14:48:00,300.0,35.24,35.24,35.2,35.2
09-16-2016 14:49:00,700.0,35.245,35.25,35.19,35.19
09-16-2016 14:50:00,700.0,35.18,35.23,35.18,35.2
09-16-2016 14:51:00,500.0,35.19,35.2,35.17,35.17
09-16-2016 14:52:00,400.0,35.22,35.22,35.17,35.17
09-16-2016 14:53:00,800.0,35.2,35.21,35.17,35.17
09-16-2016 14:54:00,800.0,35.18,35.21,35.16,35.16
09-16-2016 14:55:00,500.0,35.16,35.18,35.16,35.16
09-16-2016 14:56:00,600.0,35.16,35.18,35.15,35.15
09-16-2016 14:57:00,800.0,35.16,35.17,35.16,35.17
09-16-2016 14:58:00,1072.0,35.17,35.17,35.14,35.15
09-16-2016 14:59:00,1860.0,35.14,35.26,35.14,35.2
09-16-2016 15:00:00,6965.0,35.18,35.32,35.14,35.2
09-16-2016 15:06:00,11.0,35.2,35.2,35.2,35.2
09-16-2016 16:17:00,21206.0,35.2372,35.2372,35.2372,35.2372
09-19-2016 07:39:00,1000.0,35.56,35.56,35.56,35.56
09-19-2016 08:27:00,1400.0,35.5,35.53,35.5,35.52
09-19-2016 08:29:00,100.0,35.52,35.52,35.52,35.52
09-19-2016 08:30:00,101.0,35.52,35.53,35.52,35.53
09-19-2016 08:31:00,700.0,35.52,35.52,35.52,35.52
09-19-2016 08:34:00,1200.0,35.4695,35.54,35.4695,35.52
09-19-2016 08:46:00,100.0,35.47,35.47,35.47,35.47
09-19-2016 08:47:00,200.0,35.47,35.47,35.47,35.47
09-19-2016 08:52:00,200.0,35.52,35.52,35.51,35.51
09-19-2016 08:57:00,200.0,35.51,35.51,35.48,35.48
09-19-2016 08:58:00,2700.0,35.52,35.55,35.52,35.52
09-19-2016 08:59:00,700.0,35.52,35.55,35.52,35.53
09-19-2016 09:00:00,700.0,35.52,35.54,35.52,35.54
09-19-2016 09:08:00,2000.0,35.49,35.51,35.48,35.5
09-19-2016 09:13:00,200.0,35.55,35.55,35.55,35.55
09-19-2016 09:15:00,700.0,35.5,35.55,35.5,35.55
09-19-2016 09:16:00,300.0,35.55,35.58,35.55,35.58
09-19-2016 09:17:00,400.0,35.58,35.58,35.545,35.58
09-19-2016 09:18:00,100.0,35.58,35.58,35.58,35.58
09-19-2016 09:25:00,500.0,35.5,35.54,35.5,35.54
09-19-2016 09:27:00,100.0,35.55,35.55,35.55,35.55
09-19-2016 09:33:00,200.0,35.49,35.52,35.49,35.52
09-19-2016 09:34:00,100.0,35.5,35.5,35.5,35.5
09-19-2016 09:35:00,100.0,35.5,35.5,35.5,35.5
09-19-2016 09:36:00,100.0,35.47,35.47,35.47,35.47
09-19-2016 09:38:00,1666.0,35.46,35.52,35.46,35.52
09-19-2016 09:39:00,200.0,35.48,35.48,35.47,35.47
09-19-2016 09:40:00,400.0,35.5,35.55,35.5,35.55
09-19-2016 09:41:00,200.0,35.5,35.5,35.5,35.5
09-19-2016 09:42:00,100.0,35.5,35.5,35.5,35.5
09-19-2016 09:43:00,400.0,35.49,35.53,35.49,35.53
09-19-2016 09:44:00,100.0,35.54,35.54,35.54,35.54
09-19-2016 09:45:00,300.0,35.5,35.5,35.5,35.5
09-19-2016 09:46:00,200.0,35.54,35.54,35.5,35.5
09-19-2016 09:47:00,500.0,35.5,35.5,35.5,35.5
09-19-2016 09:48:00,400.0,35.51,35.51,35.5,35.5
09-19-2016 09:49:00,1250.0,35.5,35.5001,35.5,35.5001
09-19-2016 10:03:00,100.0,35.48,35.48,35.48,35.48
09-19-2016 10:05:00,200.0,35.53,35.54,35.53,35.54
09-19-2016 10:20:00,400.0,35.53,35.53,35.52,35.52
09-19-2016 10:23:00,100.0,35.54,35.54,35.54,35.54
09-19-2016 10:26:00,400.0,35.51,35.51,35.49,35.49
09-19-2016 10:28:00,700.0,35.5,35.5,35.47,35.5
09-19-2016 10:29:00,100.0,35.53,35.53,35.53,35.53
09-19-2016 10:35:00,6770.0,35.75,35.805,35.71,35.73
09-19-2016 10:36:00,2300.0,35.73,35.83,35.68,35.83
09-19-2016 10:37:00,1600.0,35.8,35.82,35.73,35.8
09-19-2016 10:38:00,4210.0,35.74,35.8,35.62,35.67
09-19-2016 10:39:00,400.0,35.71,35.71,35.7,35.7
09-19-2016 10:43:00,100.0,35.64,35.64,35.64,35.64
09-19-2016 10:48:00,100.0,35.7,35.7,35.7,35.7
09-19-2016 10:50:00,200.0,35.6788,35.6788,35.6788,35.6788
09-19-2016 10:53:00,600.0,35.69,35.71,35.69,35.7
09-19-2016 11:04:00,1300.0,35.71,35.71,35.7,35.71
09-19-2016 11:06:00,200.0,35.77,35.77,35.77,35.77
09-19-2016 11:07:00,300.0,35.77,35.79,35.77,35.79
09-19-2016 11:08:00,100.0,35.81,35.81,35.81,35.81
09-19-2016 11:11:00,200.0,35.76,35.81,35.76,35.81
09-19-2016 11:13:00,200.0,35.73,35.73,35.73,35.73
09-19-2016 11:15:00,100.0,35.7,35.7,35.7,35.7
09-19-2016 11:19:00,100.0,35.64,35.64,35.64,35.64
09-19-2016 11:21:00,766.0,35.71,35.71,35.67,35.67
09-19-2016 11:22:00,200.0,35.67,35.67,35.67,35.67
09-19-2016 11:42:00,200.0,35.69,35.69,35.67,35.67
09-19-2016 11:43:00,500.0,35.69,35.73,35.66,35.73
09-19-2016 12:01:00,600.0,35.67,35.67,35.62,35.65
09-19-2016 12:06:00,1000.0,35.64,35.64,35.64,35.64
09-19-2016 12:07:00,1700.0,35.64,35.76,35.53,35.53
09-19-2016 12:11:00,300.0,35.7,35.73,35.62,35.73
09-19-2016 12:15:00,200.0,35.66,35.74,35.66,35.74
09-19-2016 12:25:00,100.0,35.74,35.74,35.74,35.74
09-19-2016 12:33:00,100.0,35.68,35.68,35.68,35.68
09-19-2016 12:35:00,200.0,35.65,35.68,35.65,35.68
09-19-2016 12:37:00,1700.0,35.68,35.68,35.68,35.68
09-19-2016 12:38:00,1300.0,35.67,35.72,35.67,35.71
09-19-2016 12:42:00,1000.0,35.65,35.65,35.6,35.6
09-19-2016 12:43:00,1300.0,35.6,35.61,35.54,35.54
09-19-2016 12:44:00,300.0,35.6,35.6,35.53,35.53
09-19-2016 12:45:00,200.0,35.52,35.52,35.52,35.52
09-19-2016 12:46:00,500.0,35.51,35.52,35.5,35.5
09-19-2016 12:47:00,300.0,35.51,35.51,35.51,35.51
09-19-2016 12:56:00,300.0,35.6,35.72,35.6,35.72
09-19-2016 13:00:00,300.0,35.64,35.72,35.63,35.72
09-19-2016 13:01:00,800.0,35.63,35.7,35.58,35.7
09-19-2016 13:03:00,500.0,35.61,35.66,35.6,35.6
09-19-2016 13:04:00,100.0,35.58,35.58,35.58,35.58
09-19-2016 13:13:00,142.0,35.5574,35.5574,35.5574,35.5574
09-19-2016 13:17:00,2400.0,35.63,35.67,35.56,35.67
09-19-2016 13:18:00,1300.0,35.65,35.7,35.62,35.62
09-19-2016 13:19:00,400.0,35.63,35.68,35.63,35.68
09-19-2016 13:20:00,1300.0,35.65,35.7,35.63,35.695
09-19-2016 13:22:00,200.0,35.7,35.7,35.68,35.68
09-19-2016 13:25:00,200.0,35.69,35.69,35.69,35.69
09-19-2016 13:34:00,200.0,35.79,35.79,35.785,35.785
09-19-2016 13:41:00,100.0,35.73,35.73,35.73,35.73
09-19-2016 13:43:00,100.0,35.79,35.79,35.79,35.79
09-19-2016 13:46:00,200.0,35.72,35.72,35.72,35.72
09-19-2016 13:52:00,200.0,35.79,35.79,35.79,35.79
09-19-2016 13:53:00,300.0,35.79,35.81,35.79,35.81
09-19-2016 14:01:00,100.0,35.83,35.83,35.83,35.83
09-19-2016 14:04:00,300.0,35.75,35.82,35.75,35.82
09-19-2016 14:05:00,300.0,35.75,35.75,35.75,35.75
09-19-2016 14:06:00,100.0,35.75,35.75,35.75,35.75
09-19-2016 14:07:00,300.0,35.74,35.82,35.74,35.82
09-19-2016 14:08:00,100.0,35.7,35.7,35.7,35.7
09-19-2016 14:09:00,200.0,35.7,35.7,35.67,35.67
09-19-2016 14:11:00,200.0,35.64,35.64,35.64,35.64
09-19-2016 14:14:00,4200.0,35.67,35.78,35.58,35.58
09-19-2016 14:15:00,300.0,35.61,35.75,35.61,35.75
09-19-2016 14:16:00,300.0,35.65,35.65,35.6,35.6
09-19-2016 14:24:00,400.0,35.7,35.7,35.6,35.61
09-19-2016 14:31:00,3800.0,35.68,35.74,35.6,35.73
09-19-2016 14:32:00,467.0,35.785,35.79,35.78,35.79
09-19-2016 14:35:00,1900.0,35.66,35.66,35.6,35.64
09-19-2016 14:36:00,200.0,35.61,35.72,35.61,35.72
09-19-2016 14:38:00,500.0,35.73,35.73,35.62,35.62
09-19-2016 14:42:00,300.0,35.75,35.75,35.74,35.75
09-19-2016 14:43:00,2000.0,35.69,35.69,35.61,35.61
09-19-2016 14:44:00,2200.0,35.67,35.68,35.6,35.66
09-19-2016 14:45:00,2100.0,35.67,35.75,35.615,35.75
09-19-2016 14:46:00,100.0,35.76,35.76,35.76,35.76
09-19-2016 14:49:00,980.0,35.69,35.69,35.67,35.67
09-19-2016 14:50:00,1800.0,35.63,35.66,35.61,35.66
09-19-2016 14:51:00,900.0,35.61,35.7,35.61,35.62
09-19-2016 14:52:00,700.0,35.61,35.61,35.57,35.6
09-19-2016 14:53:00,900.0,35.57,35.6,35.57,35.59
09-19-2016 14:54:00,800.0,35.58,35.69,35.58,35.58
09-19-2016 14:55:00,800.0,35.58,35.6,35.55,35.55
09-19-2016 14:56:00,700.0,35.6,35.6,35.57,35.57
09-19-2016 14:57:00,1000.0,35.57,35.58,35.53,35.55
09-19-2016 14:58:00,3200.0,35.56,35.56,35.5,35.55
09-19-2016 14:59:00,1200.0,35.53,35.615,35.53,35.615
09-19-2016 15:00:00,2190.0,35.55,35.6,35.55,35.6
09-19-2016 15:01:00,24.0,35.55,35.55,35.55,35.55
09-19-2016 16:17:00,6206.0,35.5093,35.5093,35.5093,35.5093
09-20-2016 08:27:00,100.0,35.76,35.76,35.76,35.76
09-20-2016 08:28:00,200.0,35.77,35.77,35.77,35.77
09-20-2016 08:30:00,601.0,35.79,35.79,35.79,35.79
09-20-2016 08:34:00,200.0,35.76,35.76,35.76,35.76
09-20-2016 08:36:00,300.0,35.78,35.78,35.73,35.78
09-20-2016 08:37:00,401.0,35.78,35.78,35.735,35.77
09-20-2016 08:44:00,500.0,35.79,35.84,35.79,35.84
09-20-2016 08:45:00,100.0,35.85,35.85,35.85,35.85
09-20-2016 08:46:00,100.0,35.83,35.83,35.83,35.83
09-20-2016 08:51:00,300.0,35.84,35.84,35.79,35.84
09-20-2016 08:52:00,100.0,35.85,35.85,35.85,35.85
09-20-2016 08:54:00,400.0,35.83,35.83,35.83,35.83
09-20-2016 08:55:00,3900.0,35.83,35.85,35.77,35.83
09-20-2016 08:56:00,100.0,35.83,35.83,35.83,35.83
09-20-2016 08:59:00,388.0,35.83,35.83,35.83,35.83
09-20-2016 09:00:00,300.0,35.85,35.85,35.85,35.85
09-20-2016 09:01:00,100.0,35.8,35.8,35.8,35.8
09-20-2016 09:10:00,200.0,35.79,35.79,35.78,35.78
09-20-2016 09:15:00,200.0,35.83,35.83,35.83,35.83
09-20-2016 09:36:00,1962.0,35.78,35.8,35.71,35.8
09-20-2016 09:37:00,300.0,35.79,35.8,35.71,35.71
09-20-2016 09:39:00,3100.0,35.8,35.81,35.72,35.72
09-20-2016 09:41:00,500.0,35.79,35.83,35.79,35.83
09-20-2016 09:50:00,300.0,35.83,35.84,35.8,35.8
09-20-2016 09:51:00,200.0,35.83,35.83,35.83,35.83
09-20-2016 09:52:00,100.0,35.83,35.83,35.83,35.83
09-20-2016 09:54:00,263.0,35.8238,35.8238,35.82,35.82
09-20-2016 10:00:00,1900.0,35.8,35.8,35.71,35.8
09-20-2016 10:01:00,100.0,35.8,35.8,35.8,35.8
09-20-2016 10:06:00,200.0,35.81,35.81,35.81,35.81
09-20-2016 10:07:00,120.0,35.7796,35.7796,35.7796,35.7796
09-20-2016 10:08:00,200.0,35.8,35.8,35.8,35.8
09-20-2016 10:10:00,400.0,35.82,35.82,35.82,35.82
09-20-2016 10:11:00,1000.0,35.82,35.83,35.8,35.8
09-20-2016 10:12:00,1200.0,35.8,35.8,35.8,35.8
09-20-2016 10:13:00,100.0,35.8,35.8,35.8,35.8
09-20-2016 10:15:00,100.0,35.8,35.8,35.8,35.8
09-20-2016 10:16:00,700.0,35.8,35.8,35.79,35.8
09-20-2016 10:17:00,700.0,35.8,35.8,35.8,35.8
09-20-2016 10:18:00,100.0,35.8,35.8,35.8,35.8
09-20-2016 10:19:00,200.0,35.8,35.8,35.8,35.8
09-20-2016 10:23:00,1700.0,35.8,35.83,35.8,35.81
09-20-2016 10:24:00,100.0,35.8,35.8,35.8,35.8
09-20-2016 10:25:00,100.0,35.8,35.8,35.8,35.8
09-20-2016 10:30:00,100.0,35.77,35.77,35.77,35.77
09-20-2016 10:32:00,200.0,35.8,35.8,35.8,35.8
09-20-2016 10:35:00,200.0,35.78,35.78,35.78,35.78
09-20-2016 10:37:00,200.0,35.74,35.77,35.74,35.77
09-20-2016 10:50:00,4599.0,35.68,35.79,35.68,35.69
09-20-2016 10:51:00,900.0,35.78,35.8,35.78,35.8
09-20-2016 10:52:00,200.0,35.8,35.8,35.8,35.8
09-20-2016 11:10:00,100.0,35.87,35.87,35.87,35.87
09-20-2016 11:19:00,100.0,35.96,35.96,35.96,35.96
09-20-2016 11:23:00,200.0,35.96,35.96,35.92,35.92
09-20-2016 11:28:00,100.0,35.96,35.96,35.96,35.96
09-20-2016 11:45:00,500.0,35.925,35.93,35.895,35.93
09-20-2016 11:48:00,100.0,35.92,35.92,35.92,35.92
09-20-2016 12:01:00,300.0,35.88,35.88,35.88,35.88
09-20-2016 12:02:00,100.0,35.88,35.88,35.88,35.88
09-20-2016 12:08:00,400.0,35.85,35.85,35.83,35.84
09-20-2016 12:09:00,1263.0,35.84,35.9,35.8,35.82
09-20-2016 12:10:00,260.0,35.85,35.85,35.85,35.85
09-20-2016 12:25:00,200.0,35.85,35.85,35.85,35.85
09-20-2016 12:30:00,100.0,35.9,35.9,35.9,35.9
09-20-2016 12:39:00,100.0,35.89,35.89,35.89,35.89
09-20-2016 12:41:00,200.0,35.89,35.8999,35.89,35.8999
09-20-2016 12:45:00,300.0,35.87,35.87,35.87,35.87
09-20-2016 12:50:00,100.0,35.83,35.83,35.83,35.83
09-20-2016 12:58:00,600.0,35.82,35.85,35.8013,35.8013
09-20-2016 13:10:00,100.0,35.84,35.84,35.84,35.84
09-20-2016 13:21:00,100.0,35.8025,35.8025,35.8025,35.8025
09-20-2016 13:27:00,500.0,35.73,35.8,35.7,35.7
09-20-2016 13:28:00,200.0,35.8,35.8,35.69,35.69
09-20-2016 13:29:00,500.0,35.68,35.81,35.68,35.8
09-20-2016 13:30:00,459.0,35.81,35.81,35.81,35.81
09-20-2016 13:43:00,200.0,35.91,35.91,35.84,35.84
09-20-2016 13:47:00,300.0,35.91,35.91,35.89,35.91
09-20-2016 13:57:00,200.0,35.9,35.9,35.9,35.9
09-20-2016 13:58:00,100.0,35.91,35.91,35.91,35.91
09-20-2016 14:04:00,100.0,35.93,35.93,35.93,35.93
09-20-2016 14:10:00,300.0,35.87,35.87,35.81,35.81
09-20-2016 14:13:00,2800.0,35.88,35.95,35.85,35.89
09-20-2016 14:14:00,1300.0,35.87,35.9,35.84,35.84
09-20-2016 14:15:00,600.0,35.82,35.89,35.81,35.89
09-20-2016 14:16:00,200.0,35.81,35.81,35.79,35.79
09-20-2016 14:17:00,300.0,35.78,35.78,35.78,35.78
09-20-2016 14:18:00,200.0,35.78,35.78,35.78,35.78
09-20-2016 14:20:00,100.0,35.74,35.74,35.74,35.74
09-20-2016 14:21:00,300.0,35.72,35.8,35.72,35.8
09-20-2016 14:22:00,1000.0,35.8,35.93,35.72,35.8
09-20-2016 14:27:00,100.0,35.845,35.845,35.845,35.845
09-20-2016 14:34:00,100.0,35.92,35.92,35.92,35.92
09-20-2016 14:36:00,1000.0,35.915,35.96,35.915,35.96
09-20-2016 14:37:00,1100.0,35.94,35.945,35.93,35.93
09-20-2016 14:41:00,3205.0,35.93,35.97,35.93,35.94
09-20-2016 14:44:00,100.0,35.98,35.98,35.98,35.98
09-20-2016 14:47:00,120.0,35.91,35.91,35.91,35.91
09-20-2016 14:49:00,1143.0,35.91,35.97,35.91,35.97
09-20-2016 14:50:00,900.0,35.98,36.02,35.96,35.99
09-20-2016 14:52:00,2400.0,36.06,36.07,36.05,36.06
09-20-2016 14:53:00,1295.0,36.06,36.13,35.95,36.13
09-20-2016 14:54:00,800.0,35.97,35.97,35.96,35.96
09-20-2016 14:55:00,100.0,35.97,35.97,35.97,35.97
09-20-2016 14:56:00,500.0,36.07,36.07,35.97,35.97
09-20-2016 14:57:00,100.0,36.0,36.0,36.0,36.0
09-20-2016 14:58:00,581.0,36.0,36.01,35.95,35.95
09-20-2016 14:59:00,625.0,35.96,35.96,35.94,35.94
09-20-2016 15:00:00,5470.0,35.94,36.02,35.94,35.96
09-20-2016 16:17:00,11104.0,35.8077,35.8077,35.8077,35.8077
09-21-2016 08:30:00,430.0,36.83,36.83,36.83,36.83
09-21-2016 08:31:00,4000.0,36.96,36.97,36.84,36.87
09-21-2016 08:32:00,1000.0,36.87,36.87,36.85,36.86
09-21-2016 08:33:00,600.0,36.85,36.87,36.85,36.86
09-21-2016 08:34:00,700.0,36.85,36.87,36.85,36.87
09-21-2016 08:36:00,100.0,36.87,36.87,36.87,36.87
09-21-2016 08:37:00,300.0,36.87,36.89,36.87,36.89
09-21-2016 08:39:00,1000.0,36.8868,36.8868,36.8868,36.8868
09-21-2016 08:42:00,100.0,36.92,36.92,36.92,36.92
09-21-2016 08:43:00,200.0,36.82,36.82,36.82,36.82
09-21-2016 08:48:00,400.0,36.74,36.74,36.74,36.74
09-21-2016 08:52:00,800.0,36.7883,36.86,36.7883,36.86
09-21-2016 08:54:00,100.0,36.8791,36.8791,36.8791,36.8791
09-21-2016 08:59:00,100.0,36.92,36.92,36.92,36.92
09-21-2016 09:11:00,112.0,36.8999,36.8999,36.8999,36.8999
09-21-2016 09:14:00,100.0,36.92,36.92,36.92,36.92
09-21-2016 09:15:00,500.0,36.92,36.92,36.92,36.92
09-21-2016 09:16:00,300.0,36.92,36.92,36.92,36.92
09-21-2016 09:19:00,100.0,36.88,36.88,36.88,36.88
09-21-2016 09:20:00,400.0,36.92,36.92,36.92,36.92
09-21-2016 09:21:00,100.0,36.88,36.88,36.88,36.88
09-21-2016 09:23:00,100.0,36.82,36.82,36.82,36.82
09-21-2016 09:29:00,100.0,36.79,36.79,36.79,36.79
09-21-2016 09:31:00,228.0,36.77,36.77,36.76,36.76
09-21-2016 09:36:00,1300.0,36.77,36.77,36.7669,36.7669
09-21-2016 09:37:00,100.0,36.77,36.77,36.77,36.77
09-21-2016 09:45:00,100.0,36.76,36.76,36.76,36.76
09-21-2016 09:48:00,1100.0,36.75,36.75,36.74,36.74
09-21-2016 09:55:00,300.0,36.7767,36.7767,36.7767,36.7767
09-21-2016 09:56:00,1440.0,36.73,36.73,36.65,36.65
09-21-2016 09:57:00,100.0,36.63,36.63,36.63,36.63
09-21-2016 09:58:00,100.0,36.59,36.59,36.59,36.59
09-21-2016 10:01:00,900.0,36.59,36.59,36.52,36.52
09-21-2016 10:02:00,400.0,36.51,36.52,36.51,36.51
09-21-2016 10:03:00,100.0,36.55,36.55,36.55,36.55
09-21-2016 10:04:00,600.0,36.56,36.56,36.56,36.56
09-21-2016 10:05:00,200.0,36.56,36.56,36.55,36.55
09-21-2016 10:06:00,500.0,36.55,36.55,36.55,36.55
09-21-2016 10:07:00,100.0,36.54,36.54,36.54,36.54
09-21-2016 10:14:00,100.0,36.47,36.47,36.47,36.47
09-21-2016 10:15:00,200.0,36.47,36.47,36.47,36.47
09-21-2016 10:16:00,300.0,36.45,36.45,36.43,36.43
09-21-2016 10:17:00,100.0,36.37,36.37,36.37,36.37
09-21-2016 10:18:00,100.0,36.31,36.31,36.31,36.31
09-21-2016 10:19:00,100.0,36.38,36.38,36.38,36.38
09-21-2016 10:24:00,100.0,36.41,36.41,36.41,36.41
09-21-2016 10:25:00,200.0,36.41,36.47,36.41,36.47
09-21-2016 10:28:00,100.0,36.49,36.49,36.49,36.49
09-21-2016 10:30:00,200.0,36.58,36.58,36.58,36.58
09-21-2016 10:48:00,200.0,36.46,36.46,36.46,36.46
09-21-2016 10:51:00,1070.0,36.425,36.47,36.34,36.34
09-21-2016 10:52:00,1390.0,36.45,36.46,36.45,36.46
09-21-2016 10:57:00,100.0,36.4999,36.4999,36.4999,36.4999
09-21-2016 10:58:00,200.0,36.5,36.5,36.47,36.47
09-21-2016 10:59:00,100.0,36.515,36.515,36.515,36.515
09-21-2016 11:10:00,400.0,36.56,36.59,36.55,36.55
09-21-2016 11:12:00,200.0,36.55,36.55,36.53,36.53
09-21-2016 11:13:00,200.0,36.55,36.55,36.55,36.55
09-21-2016 11:26:00,300.0,36.46,36.46,36.45,36.45
09-21-2016 11:28:00,100.0,36.4,36.4,36.4,36.4
09-21-2016 11:36:00,100.0,36.34,36.34,36.34,36.34
09-21-2016 11:37:00,100.0,36.33,36.33,36.33,36.33
09-21-2016 11:39:00,100.0,36.33,36.33,36.33,36.33
09-21-2016 11:42:00,100.0,36.45,36.45,36.45,36.45
09-21-2016 11:44:00,165.0,36.4008,36.4008,36.4008,36.4008
09-21-2016 11:45:00,579.0,36.3829,36.3829,36.3829,36.3829
09-21-2016 11:53:00,100.0,36.43,36.43,36.43,36.43
09-21-2016 12:02:00,100.0,36.58,36.58,36.58,36.58
09-21-2016 12:04:00,100.0,36.45,36.45,36.45,36.45
09-21-2016 12:15:00,100.0,36.57,36.57,36.57,36.57
09-21-2016 12:40:00,100.0,36.53,36.53,36.53,36.53
09-21-2016 12:47:00,100.0,36.55,36.55,36.55,36.55
09-21-2016 13:02:00,500.0,36.54,36.58,36.54,36.58
09-21-2016 13:15:00,100.0,36.95,36.95,36.95,36.95
09-21-2016 13:18:00,1265.0,36.945,36.96,36.9,36.9599
09-21-2016 13:19:00,100.0,36.89,36.89,36.89,36.89
09-21-2016 13:21:00,300.0,36.92,36.92,36.92,36.92
09-21-2016 13:22:00,300.0,36.82,36.82,36.78,36.78
09-21-2016 13:25:00,100.0,36.82,36.82,36.82,36.82
09-21-2016 13:36:00,1660.0,36.7958,36.9,36.7958,36.9
09-21-2016 13:39:00,200.0,36.91,36.955,36.91,36.955
09-21-2016 13:40:00,200.0,36.96,36.96,36.96,36.96
09-21-2016 13:41:00,300.0,36.88,36.89,36.88,36.88
09-21-2016 13:50:00,200.0,36.84,36.96,36.84,36.96
09-21-2016 13:51:00,142.0,36.8975,36.8975,36.8975,36.8975
09-21-2016 13:58:00,200.0,36.96,37.01,36.96,37.01
09-21-2016 14:00:00,100.0,37.1,37.1,37.1,37.1
09-21-2016 14:01:00,200.0,37.0,37.0,36.99,36.99
09-21-2016 14:03:00,300.0,37.02,37.11,37.02,37.11
09-21-2016 14:06:00,1186.0,37.1,37.16,37.095,37.095
09-21-2016 14:07:00,100.0,37.11,37.11,37.11,37.11
09-21-2016 14:08:00,600.0,37.09,37.1,37.09,37.1
09-21-2016 14:11:00,300.0,37.05,37.08,37.04,37.08
09-21-2016 14:13:00,2200.0,37.03,37.03,37.0,37.01
09-21-2016 14:15:00,500.0,37.0851,37.0851,37.0851,37.0851
09-21-2016 14:17:00,200.0,37.1,37.1,37.1,37.1
09-21-2016 14:23:00,100.0,37.1,37.1,37.1,37.1
09-21-2016 14:24:00,100.0,37.1,37.1,37.1,37.1
09-21-2016 14:25:00,300.0,37.1,37.1,37.1,37.1
09-21-2016 14:27:00,1100.0,37.1,37.29,37.1,37.29
09-21-2016 14:32:00,100.0,37.29,37.29,37.29,37.29
09-21-2016 14:35:00,400.0,37.18,37.18,37.16,37.16
09-21-2016 14:36:00,300.0,37.14,37.18,37.14,37.18
09-21-2016 14:37:00,425.0,37.1925,37.1925,37.1827,37.1827
09-21-2016 14:38:00,100.0,37.2,37.2,37.2,37.2
09-21-2016 14:40:00,200.0,37.21,37.22,37.21,37.22
09-21-2016 14:41:00,450.0,37.2241,37.2241,37.2241,37.2241
09-21-2016 14:42:00,100.0,37.25,37.25,37.25,37.25
09-21-2016 14:44:00,300.0,37.2472,37.2472,37.2472,37.2472
09-21-2016 14:46:00,700.0,37.21,37.21,37.16,37.16
09-21-2016 14:47:00,403.0,37.17,37.17,37.17,37.17
09-21-2016 14:48:00,100.0,37.19,37.19,37.19,37.19
09-21-2016 14:49:00,1702.0,37.19,37.29,37.19,37.29
09-21-2016 14:50:00,100.0,37.23,37.23,37.23,37.23
09-21-2016 14:51:00,276.0,37.28,37.29,37.28,37.29
09-21-2016 14:52:00,600.0,37.27,37.27,37.23,37.23
09-21-2016 14:56:00,300.0,37.21,37.21,37.16,37.16
09-21-2016 14:57:00,1000.0,37.15,37.15,37.1,37.1
09-21-2016 14:58:00,319.0,37.11,37.14,37.11,37.14
09-21-2016 14:59:00,100.0,37.16,37.16,37.16,37.16
09-21-2016 15:00:00,1397.0,37.21,37.22,37.2,37.22
09-21-2016 16:17:00,4840.0,36.6766,36.6766,36.6766,36.6766
09-22-2016 03:25:00,100.0,37.58,37.58,37.58,37.58
09-22-2016 06:56:00,1800.0,37.79,37.82,37.79,37.82
09-22-2016 06:57:00,1000.0,37.83,37.83,37.83,37.83
09-22-2016 06:58:00,300.0,37.85,37.95,37.85,37.95
09-22-2016 07:06:00,1000.0,37.8,37.8,37.8,37.8
09-22-2016 08:30:00,792.0,37.79,37.79,37.79,37.79
09-22-2016 08:32:00,400.0,37.9,37.92,37.9,37.92
09-22-2016 08:33:00,200.0,37.92,37.92,37.92,37.92
09-22-2016 08:34:00,800.0,37.87,37.94,37.87,37.93
09-22-2016 08:35:00,4002.0,37.93,37.95,37.93,37.95
09-22-2016 08:36:00,2978.0,37.95,37.95,37.94,37.94
09-22-2016 08:37:00,700.0,37.92,37.95,37.89,37.91
09-22-2016 08:38:00,400.0,37.95,37.95,37.93,37.94
09-22-2016 08:39:00,3645.0,37.94,37.95,37.9,37.95
09-22-2016 08:40:00,500.0,37.94,37.94,37.94,37.94
09-22-2016 08:41:00,6756.0,37.9,37.9,37.86,37.9
09-22-2016 08:43:00,100.0,37.92,37.92,37.92,37.92
09-22-2016 08:45:00,763.0,37.87,37.87,37.86,37.86
09-22-2016 08:46:00,100.0,37.86,37.86,37.86,37.86
09-22-2016 08:49:00,900.0,37.85,37.85,37.85,37.85
09-22-2016 08:51:00,100.0,37.82,37.82,37.82,37.82
09-22-2016 08:52:00,100.0,37.82,37.82,37.82,37.82
09-22-2016 08:53:00,100.0,37.8,37.8,37.8,37.8
09-22-2016 08:55:00,500.0,37.8049,37.8049,37.8049,37.8049
09-22-2016 08:57:00,3076.0,37.81,37.84,37.74,37.74
09-22-2016 08:58:00,1463.0,37.75,37.8,37.75,37.8
09-22-2016 09:00:00,2308.0,37.82,37.82,37.74,37.74
09-22-2016 09:05:00,100.0,37.71,37.71,37.71,37.71
09-22-2016 09:06:00,1600.0,37.71,37.71,37.7,37.7
09-22-2016 09:07:00,200.0,37.67,37.67,37.67,37.67
09-22-2016 09:08:00,200.0,37.62,37.62,37.62,37.62
09-22-2016 09:11:00,600.0,37.61,37.65,37.61,37.65
09-22-2016 09:12:00,100.0,37.64,37.64,37.64,37.64
09-22-2016 09:16:00,300.0,37.66,37.66,37.61,37.61
09-22-2016 09:17:00,100.0,37.61,37.61,37.61,37.61
09-22-2016 09:18:00,100.0,37.57,37.57,37.57,37.57
09-22-2016 09:19:00,100.0,37.57,37.57,37.57,37.57
09-22-2016 09:24:00,200.0,37.62,37.63,37.62,37.63
09-22-2016 09:25:00,700.0,37.62,37.7,37.62,37.7
09-22-2016 09:27:00,1000.0,37.7388,37.7388,37.7388,37.7388
09-22-2016 09:28:00,100.0,37.8306,37.8306,37.8306,37.8306
09-22-2016 09:35:00,200.0,37.9,37.9,37.9,37.9
09-22-2016 09:37:00,100.0,37.9,37.9,37.9,37.9
09-22-2016 09:41:00,300.0,37.94,37.95,37.94,37.95
09-22-2016 09:42:00,2600.0,37.9,37.9001,37.85,37.85
09-22-2016 09:43:00,100.0,37.89,37.89,37.89,37.89
09-22-2016 09:50:00,919.0,37.8,37.83,37.8,37.83
09-22-2016 09:52:00,100.0,37.88,37.88,37.88,37.88
09-22-2016 10:03:00,2282.0,37.86,37.86,37.77,37.77
09-22-2016 10:09:00,205.0,37.7299,37.7299,37.72,37.72
09-22-2016 10:15:00,200.0,37.78,37.79,37.78,37.79
09-22-2016 10:17:00,100.0,37.88,37.88,37.88,37.88
09-22-2016 10:20:00,791.0,37.81,37.81,37.81,37.81
09-22-2016 10:22:00,250.0,37.8672,37.8672,37.8672,37.8672
09-22-2016 10:28:00,100.0,37.82,37.82,37.82,37.82
09-22-2016 10:30:00,100.0,37.75,37.75,37.75,37.75
09-22-2016 10:40:00,1800.0,37.8,37.8,37.72,37.72
09-22-2016 10:46:00,300.0,37.76,37.76,37.76,37.76
09-22-2016 10:47:00,200.0,37.73,37.73,37.73,37.73
09-22-2016 10:49:00,100.0,37.72,37.72,37.72,37.72
09-22-2016 10:50:00,300.0,37.72,37.72,37.72,37.72
09-22-2016 10:51:00,100.0,37.72,37.72,37.72,37.72
09-22-2016 10:52:00,100.0,37.72,37.72,37.72,37.72
09-22-2016 10:53:00,300.0,37.72,37.73,37.72,37.73
09-22-2016 10:54:00,1300.0,37.78,37.78,37.72,37.74
09-22-2016 10:55:00,500.0,37.74,37.75,37.72,37.72
09-22-2016 10:56:00,300.0,37.72,37.72,37.72,37.72
09-22-2016 11:05:00,100.0,37.56,37.56,37.56,37.56
09-22-2016 11:09:00,100.0,37.59,37.59,37.59,37.59
09-22-2016 11:13:00,100.0,37.57,37.57,37.57,37.57
09-22-2016 11:15:00,1500.0,37.55,37.5912,37.54,37.5912
09-22-2016 11:17:00,200.0,37.67,37.67,37.67,37.67
09-22-2016 11:21:00,900.0,37.57,37.57,37.47,37.47
09-22-2016 11:22:00,300.0,37.46,37.47,37.46,37.47
09-22-2016 11:25:00,400.0,37.47,37.47,37.46,37.47
09-22-2016 11:27:00,400.0,37.5,37.52,37.46,37.46
09-22-2016 11:29:00,100.0,37.52,37.52,37.52,37.52
09-22-2016 11:39:00,300.0,37.54,37.54,37.53,37.53
09-22-2016 11:50:00,100.0,37.561,37.561,37.561,37.561
09-22-2016 11:52:00,400.0,37.592,37.592,37.56,37.56
09-22-2016 11:53:00,100.0,37.6,37.6,37.6,37.6
09-22-2016 12:03:00,987.0,37.6,37.6,37.6,37.6
09-22-2016 12:04:00,100.0,37.6,37.6,37.6,37.6
09-22-2016 12:06:00,500.0,37.6,37.6,37.6,37.6
09-22-2016 12:07:00,200.0,37.6,37.6,37.6,37.6
09-22-2016 12:08:00,843.0,37.6,37.6,37.59,37.59
09-22-2016 12:12:00,600.0,37.57,37.59,37.57,37.59
09-22-2016 12:17:00,1050.0,37.6,37.6,37.6,37.6
09-22-2016 12:18:00,600.0,37.59,37.59,37.58,37.59
09-22-2016 12:20:00,200.0,37.57,37.57,37.57,37.57
09-22-2016 12:22:00,100.0,37.6,37.6,37.6,37.6
09-22-2016 12:26:00,200.0,37.57,37.57,37.57,37.57
09-22-2016 12:36:00,310.0,37.4812,37.4812,37.4812,37.4812
09-22-2016 12:37:00,1300.0,37.59,37.59,37.59,37.59
09-22-2016 12:38:00,1786.0,37.58,37.6,37.58,37.6
09-22-2016 12:39:00,100.0,37.6,37.6,37.6,37.6
09-22-2016 13:04:00,300.0,37.55,37.55,37.55,37.55
09-22-2016 13:10:00,159.0,37.4863,37.4863,37.4863,37.4863
09-22-2016 13:14:00,500.0,37.53,37.53,37.52,37.52
09-22-2016 13:16:00,300.0,37.4182,37.47,37.4182,37.47
09-22-2016 13:17:00,100.0,37.43,37.43,37.43,37.43
09-22-2016 13:18:00,100.0,37.48,37.48,37.48,37.48
09-22-2016 13:27:00,300.0,37.48,37.48,37.48,37.48
09-22-2016 13:37:00,1392.0,37.4899,37.4899,37.4899,37.4899
09-22-2016 13:46:00,207.0,37.46,37.46,37.46,37.46
09-22-2016 13:56:00,100.0,37.48,37.48,37.48,37.48
09-22-2016 13:57:00,200.0,37.49,37.49,37.49,37.49
09-22-2016 14:00:00,400.0,37.5,37.5,37.5,37.5
09-22-2016 14:03:00,4900.0,37.5,37.51,37.5,37.51
09-22-2016 14:27:00,100.0,37.43,37.43,37.43,37.43
09-22-2016 14:31:00,300.0,37.44,37.48,37.44,37.48
09-22-2016 14:42:00,200.0,37.45,37.5,37.45,37.5
09-22-2016 14:46:00,200.0,37.46,37.47,37.46,37.47
09-22-2016 14:47:00,537.0,37.49,37.5,37.49,37.5
09-22-2016 14:48:00,300.0,37.48,37.48,37.48,37.48
09-22-2016 14:49:00,100.0,37.46,37.46,37.46,37.46
09-22-2016 14:52:00,100.0,37.49,37.49,37.49,37.49
09-22-2016 14:54:00,200.0,37.47,37.49,37.47,37.49
09-22-2016 14:55:00,400.0,37.49,37.49,37.48,37.48
09-22-2016 14:58:00,1829.0,37.48,37.5,37.48,37.49
09-22-2016 14:59:00,400.0,37.45,37.49,37.45,37.46
09-22-2016 15:00:00,2825.0,37.49,37.49,37.44,37.48
09-22-2016 15:01:00,33.0,37.48,37.48,37.48,37.48
09-22-2016 15:20:00,34.0,37.48,37.48,37.48,37.48
09-22-2016 16:17:00,486.0,30.7184,30.7184,30.7184,30.7184
09-23-2016 08:30:00,757.0,37.68,37.75,37.68,37.75
09-23-2016 08:31:00,2000.0,37.75,37.75,37.75,37.75
09-23-2016 08:32:00,100.0,37.73,37.73,37.73,37.73
09-23-2016 08:33:00,1695.0,37.75,37.75,37.73,37.75
09-23-2016 08:34:00,300.0,37.73,37.73,37.73,37.73
09-23-2016 08:39:00,2550.0,37.74,37.74,37.7,37.7
09-23-2016 08:40:00,1000.0,37.665,37.7,37.665,37.7
09-23-2016 08:41:00,100.0,37.69,37.69,37.69,37.69
09-23-2016 08:46:00,100.0,37.65,37.65,37.65,37.65
09-23-2016 08:53:00,100.0,37.72,37.72,37.72,37.72
09-23-2016 08:55:00,100.0,37.73,37.73,37.73,37.73
09-23-2016 09:02:00,300.0,37.73,37.74,37.73,37.74
09-23-2016 09:04:00,300.0,37.74,37.74,37.74,37.74
09-23-2016 09:05:00,1142.0,37.74,37.75,37.74,37.75
09-23-2016 09:08:00,300.0,37.76,37.76,37.76,37.76
09-23-2016 09:11:00,100.0,37.75,37.75,37.75,37.75
09-23-2016 09:13:00,100.0,37.77,37.77,37.77,37.77
09-23-2016 09:16:00,100.0,37.8,37.8,37.8,37.8
09-23-2016 09:17:00,100.0,37.8,37.8,37.8,37.8
09-23-2016 09:18:00,100.0,37.8,37.8,37.8,37.8
09-23-2016 09:19:00,1045.0,37.79,37.79,37.73,37.73
09-23-2016 09:28:00,100.0,37.79,37.79,37.79,37.79
09-23-2016 09:33:00,100.0,37.79,37.79,37.79,37.79
09-23-2016 09:35:00,474.0,37.78,37.78,37.78,37.78
09-23-2016 09:36:00,100.0,37.79,37.79,37.79,37.79
09-23-2016 09:40:00,200.0,37.77,37.77,37.77,37.77
09-23-2016 09:46:00,4500.0,37.77,37.77,37.74,37.75
09-23-2016 09:49:00,100.0,37.71,37.71,37.71,37.71
09-23-2016 09:51:00,100.0,37.71,37.71,37.71,37.71
09-23-2016 09:57:00,300.0,37.7,37.71,37.7,37.71
09-23-2016 09:58:00,400.0,37.72,37.73,37.72,37.73
09-23-2016 09:59:00,100.0,37.75,37.75,37.75,37.75
09-23-2016 10:01:00,100.0,37.75,37.75,37.75,37.75
09-23-2016 10:02:00,300.0,37.75,37.75,37.72,37.73
09-23-2016 10:05:00,100.0,37.75,37.75,37.75,37.75
09-23-2016 10:07:00,500.0,37.745,37.75,37.745,37.75
09-23-2016 10:08:00,1353.0,37.75,37.75,37.74,37.74
09-23-2016 10:09:00,320.0,37.7466,37.7499,37.745,37.745
09-23-2016 10:11:00,100.0,37.74,37.74,37.74,37.74
09-23-2016 10:14:00,200.0,37.75,37.75,37.75,37.75
09-23-2016 10:16:00,200.0,37.75,37.75,37.75,37.75
09-23-2016 10:18:00,100.0,37.74,37.74,37.74,37.74
09-23-2016 10:19:00,1100.0,37.74,37.75,37.74,37.75
09-23-2016 10:22:00,200.0,37.73,37.73,37.73,37.73
09-23-2016 10:44:00,184.0,37.62,37.62,37.62,37.62
09-23-2016 10:50:00,100.0,37.59,37.59,37.59,37.59
09-23-2016 10:51:00,100.0,37.5838,37.5838,37.5838,37.5838
09-23-2016 10:57:00,100.0,37.6,37.6,37.6,37.6
09-23-2016 11:05:00,667.0,37.5625,37.5625,37.5625,37.5625
09-23-2016 11:08:00,900.0,37.545,37.545,37.545,37.545
09-23-2016 11:16:00,200.0,37.6,37.6,37.6,37.6
09-23-2016 11:19:00,100.0,37.62,37.62,37.62,37.62
09-23-2016 11:20:00,100.0,37.61,37.61,37.61,37.61
09-23-2016 11:22:00,100.0,37.62,37.62,37.62,37.62
09-23-2016 11:23:00,600.0,37.645,37.645,37.645,37.645
09-23-2016 11:25:00,1100.0,37.65,37.65,37.65,37.65
09-23-2016 11:30:00,400.0,37.71,37.71,37.67,37.68
09-23-2016 11:37:00,100.0,37.68,37.68,37.68,37.68
09-23-2016 11:38:00,400.0,37.66,37.66,37.66,37.66
09-23-2016 12:22:00,100.0,37.72,37.72,37.72,37.72
09-23-2016 12:37:00,200.0,37.67,37.67,37.67,37.67
09-23-2016 12:43:00,100.0,37.65,37.65,37.65,37.65
09-23-2016 12:49:00,100.0,37.63,37.63,37.63,37.63
09-23-2016 12:51:00,100.0,37.61,37.61,37.61,37.61
09-23-2016 13:00:00,100.0,37.62,37.62,37.62,37.62
09-23-2016 13:05:00,100.0,37.6197,37.6197,37.6197,37.6197
09-23-2016 13:09:00,200.0,37.66,37.66,37.63,37.63
09-23-2016 13:13:00,100.0,37.68,37.68,37.68,37.68
09-23-2016 13:15:00,200.0,37.67,37.67,37.67,37.67
09-23-2016 13:19:00,500.0,37.68,37.68,37.66,37.67
09-23-2016 13:20:00,500.0,37.68,37.68,37.66,37.66
09-23-2016 13:24:00,100.0,37.66,37.66,37.66,37.66
09-23-2016 13:28:00,100.0,37.67,37.67,37.67,37.67
09-23-2016 13:29:00,400.0,37.69,37.7,37.69,37.69
09-23-2016 13:31:00,200.0,37.68,37.68,37.68,37.68
09-23-2016 13:34:00,200.0,37.7,37.7,37.7,37.7
09-23-2016 13:43:00,400.0,37.68,37.68,37.67,37.67
09-23-2016 13:45:00,300.0,37.69,37.7,37.69,37.7
09-23-2016 13:46:00,700.0,37.7,37.7,37.7,37.7
09-23-2016 13:47:00,800.0,37.7,37.75,37.7,37.75
09-23-2016 13:48:00,100.0,37.77,37.77,37.77,37.77
09-23-2016 13:49:00,5100.0,37.7,37.7075,37.67,37.7075
09-23-2016 13:52:00,100.0,37.67,37.67,37.67,37.67
09-23-2016 14:01:00,100.0,37.7,37.7,37.7,37.7
09-23-2016 14:22:00,1100.0,37.6238,37.64,37.6238,37.64
09-23-2016 14:33:00,400.0,37.6415,37.7,37.6415,37.7
09-23-2016 14:37:00,4200.0,37.7,37.7,37.55,37.6
09-23-2016 14:42:00,600.0,37.55,37.55,37.5,37.55
09-23-2016 14:44:00,600.0,37.51,37.55,37.51,37.54
09-23-2016 14:45:00,500.0,37.57,37.58,37.55,37.55
09-23-2016 14:46:00,100.0,37.55,37.55,37.55,37.55
09-23-2016 14:47:00,200.0,37.55,37.55,37.53,37.53
09-23-2016 14:48:00,100.0,37.55,37.55,37.55,37.55
09-23-2016 14:49:00,200.0,37.55,37.56,37.55,37.56
09-23-2016 14:50:00,100.0,37.57,37.57,37.57,37.57
09-23-2016 14:51:00,3799.0,37.6,37.65,37.56,37.65
09-23-2016 14:53:00,300.0,37.59,37.59,37.59,37.59
09-23-2016 14:57:00,200.0,37.53,37.58,37.53,37.58
09-23-2016 14:58:00,650.0,37.6,37.6,37.6,37.6
09-23-2016 14:59:00,500.0,37.59,37.59,37.52,37.52
09-23-2016 15:00:00,873.0,37.5,37.52,37.5,37.5
09-23-2016 15:01:00,18.0,37.5,37.5,37.5,37.5
09-23-2016 16:17:00,5858.0,37.7707,37.7707,37.7707,37.7707
09-26-2016 06:13:00,500.0,37.86,37.86,37.86,37.86
09-26-2016 08:30:00,1106.0,37.81,37.81,37.81,37.81
09-26-2016 08:31:00,200.0,37.76,37.76,37.76,37.76
09-26-2016 08:33:00,200.0,37.79,37.8,37.79,37.8
09-26-2016 08:36:00,267.0,37.8,37.8,37.8,37.8
09-26-2016 08:37:00,2040.0,37.76,37.76,37.62,37.62
09-26-2016 08:40:00,1500.0,37.52,37.52,37.51,37.51
09-26-2016 08:41:00,400.0,37.46,37.55,37.44,37.44
09-26-2016 09:04:00,100.0,37.495,37.495,37.495,37.495
09-26-2016 09:07:00,300.0,37.6,37.68,37.6,37.68
09-26-2016 09:11:00,100.0,37.67,37.67,37.67,37.67
09-26-2016 09:15:00,100.0,37.74,37.74,37.74,37.74
09-26-2016 09:28:00,132.0,37.6715,37.6715,37.6715,37.6715
09-26-2016 09:36:00,1700.0,37.67,37.67,37.64,37.64
09-26-2016 09:37:00,100.0,37.64,37.64,37.64,37.64
09-26-2016 09:40:00,100.0,37.72,37.72,37.72,37.72
09-26-2016 09:49:00,1964.0,37.73,37.84,37.73,37.84
09-26-2016 09:50:00,624.0,37.85,37.87,37.84,37.84
09-26-2016 09:52:00,100.0,37.78,37.78,37.78,37.78
09-26-2016 09:54:00,300.0,37.72,37.72,37.71,37.71
09-26-2016 09:58:00,100.0,37.68,37.68,37.68,37.68
09-26-2016 10:00:00,600.0,37.68,37.68,37.68,37.68
09-26-2016 10:01:00,800.0,37.64,37.64,37.6,37.6
09-26-2016 10:03:00,100.0,37.62,37.62,37.62,37.62
09-26-2016 10:09:00,1100.0,37.62,37.63,37.57,37.63
09-26-2016 10:23:00,200.0,37.67,37.71,37.67,37.71
09-26-2016 10:24:00,100.0,37.68,37.68,37.68,37.68
09-26-2016 10:30:00,300.0,37.7,37.7,37.7,37.7
09-26-2016 10:37:00,200.0,37.68,37.68,37.67,37.67
09-26-2016 10:48:00,120.0,37.7199,37.7199,37.7199,37.7199
09-26-2016 10:56:00,2500.0,37.66,37.66,37.55,37.55
09-26-2016 10:57:00,100.0,37.55,37.55,37.55,37.55
09-26-2016 11:00:00,300.0,37.41,37.41,37.41,37.41
09-26-2016 11:05:00,100.0,37.47,37.47,37.47,37.47
09-26-2016 11:14:00,100.0,37.51,37.51,37.51,37.51
09-26-2016 11:36:00,500.0,37.41,37.41,37.4,37.4
09-26-2016 11:57:00,1400.0,37.5682,37.63,37.545,37.63
09-26-2016 12:00:00,100.0,37.63,37.63,37.63,37.63
09-26-2016 12:07:00,100.0,37.64,37.64,37.64,37.64
09-26-2016 12:08:00,100.0,37.61,37.61,37.61,37.61
09-26-2016 12:09:00,100.0,37.48,37.48,37.48,37.48
09-26-2016 12:11:00,100.0,37.46,37.46,37.46,37.46
09-26-2016 12:52:00,1900.0,37.42,37.52,37.3901,37.3901
09-26-2016 13:02:00,500.0,37.48,37.56,37.48,37.56
09-26-2016 13:08:00,100.0,37.47,37.47,37.47,37.47
09-26-2016 13:11:00,100.0,37.51,37.51,37.51,37.51
09-26-2016 13:13:00,500.0,37.56,37.58,37.56,37.58
09-26-2016 13:16:00,200.0,37.47,37.47,37.47,37.47
09-26-2016 13:17:00,400.0,37.52,37.52,37.5,37.505
09-26-2016 14:18:00,100.0,37.45,37.45,37.45,37.45
09-26-2016 14:19:00,100.0,37.46,37.46,37.46,37.46
09-26-2016 14:27:00,100.0,37.47,37.47,37.47,37.47
09-26-2016 14:32:00,200.0,37.48,37.48,37.48,37.48
09-26-2016 14:36:00,100.0,37.51,37.51,37.51,37.51
09-26-2016 14:37:00,400.0,37.51,37.51,37.5,37.5
09-26-2016 14:38:00,400.0,37.5,37.51,37.5,37.51
09-26-2016 14:44:00,728.0,37.5,37.5,37.45,37.46
09-26-2016 14:49:00,200.0,37.49,37.49,37.46,37.46
09-26-2016 14:51:00,500.0,37.46,37.475,37.46,37.46
09-26-2016 14:52:00,400.0,37.47,37.47,37.46,37.46
09-26-2016 14:55:00,560.0,37.47,37.6,37.47,37.48
09-26-2016 14:56:00,200.0,37.47,37.47,37.47,37.47
09-26-2016 14:57:00,600.0,37.47,37.54,37.47,37.54
09-26-2016 14:58:00,600.0,37.46,37.46,37.45,37.45
09-26-2016 14:59:00,325.0,37.52,37.52,37.45,37.45
09-26-2016 15:00:00,2169.0,37.52,37.52,37.36,37.37
09-26-2016 15:35:00,11.0,37.37,37.37,37.37,37.37
09-27-2016 07:03:00,700.0,37.1,37.1,37.1,37.1
09-27-2016 07:35:00,300.0,36.82,36.82,36.82,36.82
09-27-2016 07:52:00,600.0,36.98,36.98,36.98,36.98
09-27-2016 08:07:00,100.0,36.94,36.94,36.94,36.94
09-27-2016 08:28:00,1000.0,36.98,36.99,36.98,36.99
09-27-2016 08:29:00,200.0,37.04,37.04,37.04,37.04
09-27-2016 08:30:00,108.0,37.07,37.07,37.07,37.07
09-27-2016 08:31:00,300.0,37.07,37.07,37.07,37.07
09-27-2016 08:32:00,200.0,37.12,37.18,37.12,37.18
09-27-2016 08:33:00,200.0,37.11,37.11,37.0,37.0
09-27-2016 08:34:00,500.0,37.0,37.0,36.84,36.84
09-27-2016 08:35:00,300.0,36.84,36.92,36.84,36.92
09-27-2016 08:37:00,200.0,36.98,37.02,36.98,37.02
09-27-2016 08:38:00,100.0,37.08,37.08,37.08,37.08
09-27-2016 08:48:00,100.0,37.12,37.12,37.12,37.12
09-27-2016 08:50:00,200.0,37.12,37.15,37.12,37.15
09-27-2016 08:54:00,500.0,37.09,37.2,37.09,37.2
09-27-2016 08:55:00,100.0,37.225,37.225,37.225,37.225
09-27-2016 09:00:00,100.0,37.21,37.21,37.21,37.21
09-27-2016 09:01:00,100.0,37.26,37.26,37.26,37.26
09-27-2016 09:02:00,200.0,37.36,37.37,37.36,37.37
09-27-2016 09:03:00,100.0,37.35,37.35,37.35,37.35
09-27-2016 09:09:00,1870.0,37.42,37.54,37.42,37.54
09-27-2016 09:10:00,400.0,37.54,37.56,37.54,37.56
09-27-2016 09:11:00,100.0,37.55,37.55,37.55,37.55
09-27-2016 09:12:00,435.0,37.5,37.5,37.48,37.48
09-27-2016 09:13:00,400.0,37.47,37.47,37.4,37.4
09-27-2016 09:14:00,769.0,37.37,37.37,37.335,37.335
09-27-2016 09:16:00,100.0,37.4329,37.4329,37.4329,37.4329
09-27-2016 09:21:00,100.0,37.5,37.5,37.5,37.5
09-27-2016 09:24:00,400.0,37.44,37.44,37.44,37.44
09-27-2016 09:27:00,700.0,37.43,37.455,37.43,37.43
09-27-2016 09:28:00,800.0,37.47,37.47,37.45,37.45
09-27-2016 09:29:00,1502.0,37.49,37.49,37.41,37.43
09-27-2016 09:30:00,100.0,37.4,37.4,37.4,37.4
09-27-2016 09:34:00,100.0,37.39,37.39,37.39,37.39
09-27-2016 09:37:00,100.0,37.33,37.33,37.33,37.33
09-27-2016 09:38:00,1093.0,37.3,37.3,37.28,37.28
09-27-2016 09:51:00,100.0,37.38,37.38,37.38,37.38
09-27-2016 09:55:00,100.0,37.4,37.4,37.4,37.4
09-27-2016 10:01:00,400.0,37.385,37.385,37.37,37.37
09-27-2016 10:07:00,100.0,37.41,37.41,37.41,37.41
09-27-2016 10:15:00,400.0,37.38,37.38,37.38,37.38
09-27-2016 10:21:00,300.0,37.38,37.38,37.38,37.38
09-27-2016 10:22:00,100.0,37.38,37.38,37.38,37.38
09-27-2016 10:25:00,200.0,37.38,37.38,37.38,37.38
09-27-2016 10:26:00,200.0,37.36,37.377,37.36,37.377
09-27-2016 10:27:00,100.0,37.36,37.36,37.36,37.36
09-27-2016 10:28:00,200.0,37.35,37.35,37.35,37.35
09-27-2016 10:29:00,100.0,37.37,37.37,37.37,37.37
09-27-2016 10:30:00,100.0,37.33,37.33,37.33,37.33
09-27-2016 10:36:00,500.0,37.32,37.32,37.32,37.32
09-27-2016 10:51:00,300.0,37.27,37.27,37.27,37.27
09-27-2016 10:52:00,200.0,37.22,37.22,37.21,37.21
09-27-2016 11:12:00,100.0,37.07,37.07,37.07,37.07
09-27-2016 11:14:00,100.0,37.09,37.09,37.09,37.09
09-27-2016 11:16:00,100.0,37.13,37.13,37.13,37.13
09-27-2016 11:20:00,100.0,37.13,37.13,37.13,37.13
09-27-2016 11:39:00,200.0,37.15,37.15,37.15,37.15
09-27-2016 11:48:00,100.0,37.11,37.11,37.11,37.11
09-27-2016 11:50:00,2200.0,37.11,37.13,37.0754,37.13
09-27-2016 12:15:00,200.0,37.1,37.1,37.1,37.1
09-27-2016 12:21:00,700.0,37.1,37.1,37.1,37.1
09-27-2016 12:22:00,100.0,37.1,37.1,37.1,37.1
09-27-2016 12:24:00,400.0,37.1,37.1,37.1,37.1
09-27-2016 12:26:00,200.0,37.1,37.1,37.1,37.1
09-27-2016 12:28:00,300.0,37.095,37.095,37.09,37.09
09-27-2016 12:31:00,400.0,37.09,37.1,37.09,37.1
09-27-2016 12:37:00,100.0,37.095,37.095,37.095,37.095
09-27-2016 12:41:00,100.0,37.09,37.09,37.09,37.09
09-27-2016 12:42:00,300.0,37.09,37.09,37.09,37.09
09-27-2016 12:46:00,200.0,37.1,37.1,37.1,37.1
09-27-2016 12:49:00,100.0,37.1,37.1,37.1,37.1
09-27-2016 12:52:00,100.0,37.1,37.1,37.1,37.1
09-27-2016 12:53:00,100.0,37.09,37.09,37.09,37.09
09-27-2016 12:55:00,400.0,37.09,37.09,37.0899,37.09
09-27-2016 12:57:00,631.0,37.09,37.1,37.09,37.1
09-27-2016 13:06:00,100.0,37.12,37.12,37.12,37.12
09-27-2016 13:07:00,100.0,37.13,37.13,37.13,37.13
09-27-2016 13:10:00,4400.0,37.1,37.1,37.1,37.1
09-27-2016 13:13:00,100.0,37.13,37.13,37.13,37.13
09-27-2016 13:33:00,100.0,37.15,37.15,37.15,37.15
09-27-2016 13:57:00,200.0,37.14,37.17,37.14,37.17
09-27-2016 13:59:00,100.0,37.19,37.19,37.19,37.19
09-27-2016 14:00:00,200.0,37.17,37.17,37.17,37.17
09-27-2016 14:08:00,100.0,37.15,37.15,37.15,37.15
09-27-2016 14:11:00,100.0,37.19,37.19,37.19,37.19
09-27-2016 14:15:00,100.0,37.2,37.2,37.2,37.2
09-27-2016 14:19:00,3474.0,37.2,37.2,37.2,37.2
09-27-2016 14:20:00,100.0,37.2,37.2,37.2,37.2
09-27-2016 14:24:00,300.0,37.19,37.19,37.18,37.18
09-27-2016 14:26:00,100.0,37.19,37.19,37.19,37.19
09-27-2016 14:29:00,100.0,37.18,37.18,37.18,37.18
09-27-2016 14:31:00,400.0,37.18,37.18,37.175,37.175
09-27-2016 14:33:00,200.0,37.18,37.18,37.18,37.18
09-27-2016 14:37:00,400.0,37.18,37.19,37.18,37.19
09-27-2016 14:38:00,100.0,37.19,37.19,37.19,37.19
09-27-2016 14:40:00,400.0,37.19,37.2,37.19,37.195
09-27-2016 14:42:00,1113.0,37.2,37.2,37.2,37.2
09-27-2016 14:43:00,400.0,37.2,37.2,37.2,37.2
09-27-2016 14:44:00,100.0,37.2,37.2,37.2,37.2
09-27-2016 14:46:00,351.0,37.2,37.2,37.2,37.2
09-27-2016 14:50:00,500.0,37.19,37.19,37.19,37.19
09-27-2016 14:52:00,200.0,37.17,37.17,37.17,37.17
09-27-2016 14:54:00,1244.0,37.18,37.2,37.18,37.2
09-27-2016 14:55:00,900.0,37.24,37.24,37.19,37.19
09-27-2016 14:56:00,100.0,37.19,37.19,37.19,37.19
09-27-2016 14:58:00,100.0,37.19,37.19,37.19,37.19
09-27-2016 14:59:00,2569.0,37.2,37.2,37.19,37.2
09-27-2016 15:00:00,9470.0,37.19,37.2,37.15,37.2
09-27-2016 16:17:00,1236.0,37.2027,37.2027,37.2027,37.2027
09-27-2016 17:32:00,530.0,37.2,37.2,37.2,37.2
